step,graph_idx,status,energy,fmax,temperature,pressure_eV_A3,volume_A3,density_g_cm3
0.0,0.0,0.0,-4199812.5,12.251091957092285,497.4545593261719,2.950197085738182e-05,81741.34375,1.0415465831756592
100.0,0.0,0.0,-4199809.5,11.699654579162598,497.74072265625,0.0016318147536367178,81746.9296875,1.0414752960205078
200.0,0.0,0.0,-4199801.0,14.00809097290039,497.01495361328125,0.0005923013668507338,81753.6875,1.0413892269134521
300.0,0.0,0.0,-4199805.0,12.098893165588379,505.8137512207031,-0.00037702382542192936,81759.7890625,1.041311502456665
400.0,0.0,0.0,-4199804.5,11.356081008911133,507.54669189453125,-0.0004976752679795027,81765.3125,1.0412412881851196
500.0,0.0,0.0,-4199806.0,12.820412635803223,506.36279296875,-0.0003467199858278036,81771.2734375,1.0411652326583862
600.0,0.0,0.0,-4199813.0,12.385201454162598,510.2106628417969,-0.0005061088595539331,81776.3671875,1.0411003828048706
700.0,0.0,0.0,-4199810.0,10.885417938232422,502.2545166015625,-6.414344534277916e-05,81778.8359375,1.0410689115524292
800.0,0.0,0.0,-4199810.5,14.099302291870117,499.6554260253906,0.00046710786409676075,81780.234375,1.0410511493682861
900.0,0.0,0.0,-4199813.5,11.50085163116455,501.58990478515625,0.00030849315226078033,81780.765625,1.0410444736480713
1000.0,0.0,0.0,-4199818.0,12.457273483276367,504.8225402832031,-0.0012815995141863823,81779.6171875,1.041059136390686
1100.0,0.0,0.0,-4199810.5,11.421834945678711,496.4608154296875,-0.0005329884588718414,81776.3359375,1.0411008596420288
1200.0,0.0,0.0,-4199809.5,12.66981029510498,496.2348327636719,-0.0004918600898236036,81771.6875,1.041159987449646
1300.0,0.0,0.0,-4199809.5,11.471261978149414,499.44720458984375,0.001220902195200324,81765.6953125,1.0412362813949585
1400.0,0.0,0.0,-4199806.0,10.057419776916504,502.814208984375,0.0008239226881414652,81759.515625,1.041314959526062
1500.0,0.0,0.0,-4199803.5,11.955026626586914,506.1025085449219,-0.0013610003516077995,81752.8671875,1.0413997173309326
1600.0,0.0,0.0,-4199798.5,13.774083137512207,501.78179931640625,-0.0010383222252130508,81744.6875,1.0415037870407104
1700.0,0.0,0.0,-4199798.5,11.13248348236084,499.65313720703125,-0.0008803161326795816,81736.1015625,1.041613221168518
1800.0,0.0,0.0,-4199799.0,12.487380981445312,496.294677734375,0.0019414948765188456,81727.875,1.0417181253433228
1900.0,0.0,0.0,-4199808.0,14.523502349853516,502.5679016113281,0.001172399614006281,81721.8359375,1.0417951345443726
2000.0,0.0,0.0,-4199808.5,10.142333030700684,501.0361328125,2.2387132048606873e-05,81717.2890625,1.0418530702590942
2100.0,0.0,0.0,-4199812.0,16.1121768951416,503.93115234375,-0.0011999474372714758,81713.5546875,1.041900634765625
2200.0,0.0,0.0,-4199804.5,11.04271411895752,495.3475341796875,-0.0007400712929666042,81710.515625,1.041939377784729
2300.0,0.0,0.0,-4199809.0,11.973319053649902,499.6639404296875,0.0012283108662813902,81708.421875,1.0419660806655884
2400.0,0.0,0.0,-4199808.5,12.599340438842773,499.39117431640625,0.00017811264842748642,81707.5859375,1.041976809501648
2500.0,0.0,0.0,-4199816.5,10.144472122192383,506.6148376464844,-0.0003251305315643549,81706.3046875,1.0419931411743164
2600.0,0.0,0.0,-4199813.5,10.698793411254883,502.39111328125,-0.00022037583403289318,81703.8984375,1.042023777961731
2700.0,0.0,0.0,-4199813.0,20.10215950012207,496.3099060058594,0.0002462812699377537,81699.390625,1.042081356048584
2800.0,0.0,0.0,-4199809.5,18.85764503479004,488.998291015625,-0.0002308124676346779,81694.0703125,1.042149305343628
2900.0,0.0,0.0,-4199814.5,15.213079452514648,496.10394287109375,-0.00025314907543361187,81689.4609375,1.042207956314087
3000.0,0.0,0.0,-4199811.0,10.75205135345459,501.76239013671875,8.961069397628307e-05,81685.6640625,1.0422563552856445
3100.0,0.0,0.0,-4199807.5,10.381402015686035,499.5633850097656,0.0005323311779648066,81680.890625,1.042317271232605
3200.0,0.0,0.0,-4199806.0,13.888406753540039,498.6164245605469,3.642123192548752e-05,81675.4609375,1.0423866510391235
3300.0,0.0,0.0,-4199815.0,11.367398262023926,507.63519287109375,-0.000768324127420783,81670.2265625,1.042453408241272
3400.0,0.0,0.0,-4199812.0,11.113028526306152,501.1856384277344,-0.0014890625607222319,81664.1171875,1.0425313711166382
3500.0,0.0,0.0,-4199817.0,10.55202865600586,502.4776916503906,0.0005571737419813871,81657.0,1.0426222085952759
3600.0,0.0,0.0,-4199818.5,12.407419204711914,498.5472412109375,0.0011154166422784328,81649.515625,1.0427178144454956
3700.0,0.0,0.0,-4199814.0,9.988598823547363,491.3036193847656,0.00032590655609965324,81641.8359375,1.042815923690796
3800.0,0.0,0.0,-4199823.5,9.876895904541016,500.88555908203125,-0.0009122586343437433,81633.3203125,1.0429247617721558
3900.0,0.0,0.0,-4199814.5,10.861344337463379,494.4132385253906,-0.000697932206094265,81623.59375,1.0430489778518677
4000.0,0.0,0.0,-4199814.5,13.708078384399414,500.3885803222656,8.628447540104389e-05,81612.28125,1.0431936979293823
4100.0,0.0,0.0,-4199804.5,14.015987396240234,497.04278564453125,0.000635392963886261,81600.59375,1.0433430671691895
4200.0,0.0,0.0,-4199808.0,12.065572738647461,504.2544250488281,0.0004373649135231972,81590.4921875,1.043472170829773
4300.0,0.0,0.0,-4199807.0,12.016190528869629,507.8758239746094,8.919695392251015e-05,81581.421875,1.0435881614685059
4400.0,0.0,0.0,-4199808.5,14.167118072509766,507.1211242675781,-0.00018345192074775696,81573.53125,1.0436891317367554
4500.0,0.0,0.0,-4199808.5,10.732904434204102,504.6256103515625,-0.0008460760582238436,81567.40625,1.0437674522399902
4600.0,0.0,0.0,-4199820.5,12.353426933288574,512.442138671875,-1.651933416724205e-06,81561.21875,1.043846607208252
4700.0,0.0,0.0,-4199816.0,11.185216903686523,505.9954833984375,0.0006241982337087393,81555.1640625,1.0439242124557495
4800.0,0.0,0.0,-4199813.5,11.803563117980957,500.25921630859375,0.0007016342133283615,81549.7734375,1.0439931154251099
4900.0,0.0,0.0,-4199802.5,11.088869094848633,489.9804382324219,-0.00012001884169876575,81544.6640625,1.0440586805343628
5000.0,0.0,0.0,-4199808.5,11.544050216674805,495.9369812011719,-0.0008943458087742329,81539.8984375,1.0441195964813232
5100.0,0.0,0.0,-4199805.0,9.033251762390137,490.8305969238281,4.133512265980244e-05,81534.21875,1.0441923141479492
5200.0,0.0,0.0,-4199813.0,12.146964073181152,498.2493591308594,-5.605840124189854e-05,81528.7890625,1.0442619323730469
5300.0,0.0,0.0,-4199817.0,10.736605644226074,502.7546691894531,0.0009743894916027784,81524.515625,1.0443167686462402
5400.0,0.0,0.0,-4199810.5,10.935548782348633,497.1285400390625,-0.0002800945658236742,81521.6015625,1.0443540811538696
5500.0,0.0,0.0,-4199803.5,13.197036743164062,489.3962097167969,0.0003553819842636585,81519.421875,1.044381856918335
5600.0,0.0,0.0,-4199810.0,12.696501731872559,496.1337585449219,-0.000869265990331769,81517.8359375,1.0444022417068481
5700.0,0.0,0.0,-4199813.0,12.196762084960938,499.3510437011719,-0.000417160103097558,81514.921875,1.044439673423767
5800.0,0.0,0.0,-4199810.0,12.54560375213623,497.77362060546875,1.721736043691635e-05,81510.8046875,1.0444923639297485
5900.0,0.0,0.0,-4199810.5,10.53847599029541,498.1101379394531,-0.0005884035490453243,81505.234375,1.0445636510849
6000.0,0.0,0.0,-4199806.5,11.589681625366211,494.16046142578125,0.0010275710374116898,81499.0625,1.0446428060531616
6100.0,0.0,0.0,-4199811.0,11.948831558227539,498.7298889160156,0.00010855519212782383,81493.1953125,1.0447180271148682
6200.0,0.0,0.0,-4199811.0,13.524060249328613,501.1419982910156,0.0004485994577407837,81486.984375,1.044797658920288
6300.0,0.0,0.0,-4199806.5,12.536005020141602,496.2456359863281,-0.0009266424458473921,81480.984375,1.0448745489120483
6400.0,0.0,0.0,-4199815.5,12.553303718566895,504.8027038574219,-0.0005656625144183636,81474.71875,1.0449548959732056
6500.0,0.0,0.0,-4199808.0,13.205384254455566,497.81097412109375,-0.00017053820192813873,81468.390625,1.0450361967086792
6600.0,0.0,0.0,-4199813.5,11.664673805236816,501.38018798828125,0.0005183243192732334,81462.0078125,1.045117974281311
6700.0,0.0,0.0,-4199815.0,10.534492492675781,502.1318664550781,0.002059057354927063,81455.8203125,1.0451973676681519
6800.0,0.0,0.0,-4199815.0,10.319772720336914,500.6248474121094,-0.0005891281180083752,81449.8046875,1.0452744960784912
6900.0,0.0,0.0,-4199810.5,12.059212684631348,493.9136962890625,-0.0007228055037558079,81442.9453125,1.0453625917434692
7000.0,0.0,0.0,-4199812.5,10.780876159667969,493.9031066894531,-0.0010332935489714146,81435.875,1.0454533100128174
7100.0,0.0,0.0,-4199813.0,12.703433990478516,494.27618408203125,-0.0006777162197977304,81427.7890625,1.0455572605133057
7200.0,0.0,0.0,-4199811.0,10.998992919921875,496.6629638671875,0.0006040944717824459,81418.203125,1.045680284500122
7300.0,0.0,0.0,-4199814.0,12.173645973205566,504.5201721191406,0.0010579563677310944,81408.1015625,1.0458099842071533
7400.0,0.0,0.0,-4199806.5,14.26606273651123,501.7625732421875,0.00045266118831932545,81397.4140625,1.0459474325180054
7500.0,0.0,0.0,-4199808.5,12.016106605529785,510.0177307128906,-0.0008317125029861927,81386.140625,1.0460922718048096
7600.0,0.0,0.0,-4199807.0,10.343476295471191,508.49847412109375,-0.0015365653671324253,81374.546875,1.046241283416748
7700.0,0.0,0.0,-4199805.5,13.650185585021973,503.9643249511719,-0.0005426425486803055,81362.5234375,1.0463958978652954
7800.0,0.0,0.0,-4199808.5,11.106526374816895,502.7582092285156,-0.0005814314354211092,81350.2578125,1.0465537309646606
7900.0,0.0,0.0,-4199814.0,12.734668731689453,504.7251281738281,0.0017851367592811584,81336.5,1.046730637550354
8000.0,0.0,0.0,-4199808.5,10.716299057006836,497.5518798828125,0.000586432171985507,81322.3671875,1.0469125509262085
8100.0,0.0,0.0,-4199807.5,12.096689224243164,498.4200439453125,0.0005140472203493118,81308.8984375,1.0470860004425049
8200.0,0.0,0.0,-4199806.5,13.162359237670898,496.4828796386719,-0.001282478217035532,81295.8203125,1.0472545623779297
8300.0,0.0,0.0,-4199806.5,9.244954109191895,494.168212890625,-0.000630395719781518,81281.5703125,1.047438144683838
8400.0,0.0,0.0,-4199816.5,10.629298210144043,504.2441101074219,0.0020413629245013,81265.703125,1.0476425886154175
8500.0,0.0,0.0,-4199816.5,9.836028099060059,501.3030090332031,-0.00038261013105511665,81250.0703125,1.0478440523147583
8600.0,0.0,0.0,-4199812.0,12.01418399810791,492.3756408691406,-0.0010671836789697409,81233.8671875,1.0480531454086304
8700.0,0.0,0.0,-4199824.0,13.230010032653809,500.6752014160156,-0.0013046562671661377,81217.40625,1.0482654571533203
8800.0,0.0,0.0,-4199816.5,11.218348503112793,493.47479248046875,0.000912439776584506,81199.9296875,1.04849112033844
8900.0,0.0,0.0,-4199816.0,11.163591384887695,494.96881103515625,0.00041507137939333916,81181.953125,1.0487233400344849
9000.0,0.0,0.0,-4199808.0,10.296175956726074,493.5802917480469,-4.690093919634819e-05,81163.359375,1.0489635467529297
9100.0,0.0,0.0,-4199803.5,13.772613525390625,496.1520690917969,1.7584767192602158e-05,81143.921875,1.0492148399353027
9200.0,0.0,0.0,-4199811.5,9.480849266052246,508.73828125,-0.0004896889440715313,81123.7265625,1.0494760274887085
9300.0,0.0,0.0,-4199808.0,10.063164710998535,504.94476318359375,0.0004753435496240854,81103.4609375,1.0497384071350098
9400.0,0.0,0.0,-4199804.5,12.691920280456543,499.5473327636719,-0.0008278754539787769,81084.5390625,1.049983263015747
9500.0,0.0,0.0,-4199815.5,11.905522346496582,509.3317565917969,0.0016075673047453165,81067.0390625,1.050209879875183
9600.0,0.0,0.0,-4199813.0,10.213839530944824,502.06964111328125,0.00033361464738845825,81051.3203125,1.0504136085510254
9700.0,0.0,0.0,-4199807.0,12.513411521911621,491.0160827636719,0.00022990279830992222,81037.8671875,1.0505878925323486
9800.0,0.0,0.0,-4199812.0,10.563240051269531,494.9445495605469,1.082010567188263e-05,81025.9921875,1.0507420301437378
9900.0,0.0,0.0,-4199810.5,12.680582046508789,495.1803283691406,-0.0005097971297800541,81014.734375,1.050887942314148
10000.0,0.0,0.0,-4199817.0,14.226863861083984,502.302490234375,0.0009674262255430222,81004.359375,1.0510226488113403
10100.0,0.0,0.0,-4199807.0,11.663281440734863,492.26800537109375,0.0007201838307082653,80995.171875,1.0511417388916016
10200.0,0.0,0.0,-4199812.0,10.74965763092041,500.94415283203125,2.3702392354607582e-05,80986.2578125,1.0512574911117554
10300.0,0.0,0.0,-4199807.5,11.239364624023438,497.10968017578125,-0.0006875344552099705,80977.953125,1.0513652563095093
10400.0,0.0,0.0,-4199816.0,11.55711555480957,506.4768981933594,-0.00031350692734122276,80970.0,1.0514684915542603
10500.0,0.0,0.0,-4199812.5,12.475957870483398,504.43634033203125,0.0005073586944490671,80962.8203125,1.051561713218689
10600.0,0.0,0.0,-4199807.5,9.246466636657715,499.3167724609375,0.0006724994163960218,80956.875,1.0516389608383179
10700.0,0.0,0.0,-4199809.5,10.103445053100586,501.3677062988281,0.00040208641439676285,80951.9375,1.0517030954360962
10800.0,0.0,0.0,-4199806.0,11.49479866027832,496.9291687011719,-0.0002245528157800436,80947.75,1.0517576932907104
10900.0,0.0,0.0,-4199809.0,16.377065658569336,499.99365234375,0.0004821287002414465,80944.9296875,1.0517942905426025
11000.0,0.0,0.0,-4199805.5,12.234981536865234,496.53485107421875,0.0004829876124858856,80943.9375,1.051807165145874
11100.0,0.0,0.0,-4199811.0,10.05218505859375,504.429931640625,0.0006447562482208014,80945.2265625,1.0517903566360474
11200.0,0.0,0.0,-4199806.5,11.97529411315918,499.0813903808594,0.00018049567006528378,80948.6484375,1.051745891571045
11300.0,0.0,0.0,-4199812.0,10.447541236877441,503.11383056640625,0.0005013125482946634,80952.828125,1.0516915321350098
11400.0,0.0,0.0,-4199809.0,10.588327407836914,500.2950439453125,-0.0012698874343186617,80959.1171875,1.0516098737716675
11500.0,0.0,0.0,-4199815.0,10.051027297973633,504.2967529296875,8.568912744522095e-05,80966.3125,1.0515164136886597
11600.0,0.0,0.0,-4199821.0,9.91953182220459,508.0377502441406,0.0004498714115470648,80975.0078125,1.051403522491455
11700.0,0.0,0.0,-4199811.5,13.903560638427734,498.4367370605469,0.0009468039497733116,80985.9921875,1.0512609481811523
11800.0,0.0,0.0,-4199816.0,10.07104206085205,506.60137939453125,-2.8475187718868256e-06,80999.140625,1.0510902404785156
11900.0,0.0,0.0,-4199807.0,11.340197563171387,497.24755859375,-0.000654119998216629,81013.3046875,1.0509065389633179
12000.0,0.0,0.0,-4199808.0,11.108366012573242,497.0346984863281,0.0004127349238842726,81027.34375,1.0507245063781738
12100.0,0.0,0.0,-4199814.0,13.241729736328125,502.3622741699219,0.00028742593713104725,81042.0625,1.0505337715148926
12200.0,0.0,0.0,-4199811.5,11.688448905944824,497.9371337890625,-0.0009548244997859001,81057.375,1.050335168838501
12300.0,0.0,0.0,-4199816.5,13.862327575683594,502.21185302734375,-0.00010900991037487984,81072.625,1.0501375198364258
12400.0,0.0,0.0,-4199816.0,16.24838638305664,499.95166015625,0.0014741786289960146,81087.421875,1.0499459505081177
12500.0,0.0,0.0,-4199818.0,11.710770606994629,501.7972412109375,0.0009614010341465473,81102.4453125,1.0497514009475708
12600.0,0.0,0.0,-4199808.0,13.021361351013184,491.5934753417969,-0.0008792765438556671,81117.1640625,1.0495609045028687
12700.0,0.0,0.0,-4199814.5,10.409960746765137,500.39013671875,-0.001279336167499423,81130.640625,1.0493866205215454
12800.0,0.0,0.0,-4199808.5,12.043891906738281,497.8713684082031,-0.0007931962609291077,81143.0234375,1.0492264032363892
12900.0,0.0,0.0,-4199812.0,10.928214073181152,506.455322265625,0.001190507085993886,81155.015625,1.0490715503692627
13000.0,0.0,0.0,-4199807.0,11.691372871398926,507.9466552734375,0.0005374420434236526,81168.3359375,1.0488992929458618
13100.0,0.0,0.0,-4199806.0,10.18292236328125,507.664306640625,-5.570612847805023e-05,81182.234375,1.0487196445465088
13200.0,0.0,0.0,-4199809.5,9.882436752319336,508.3250427246094,-0.00034412648528814316,81194.453125,1.0485618114471436
13300.0,0.0,0.0,-4199807.0,12.260400772094727,500.13470458984375,-0.0005899784155189991,81205.5625,1.048418402671814
13400.0,0.0,0.0,-4199814.5,13.323211669921875,504.78179931640625,0.00022618798539042473,81216.828125,1.048272967338562
13500.0,0.0,0.0,-4199809.5,11.356439590454102,498.4747314453125,-0.0003031643573194742,81228.140625,1.0481269359588623
13600.0,0.0,0.0,-4199805.5,11.571990013122559,495.8396301269531,0.000544804846867919,81239.625,1.0479788780212402
13700.0,0.0,0.0,-4199811.5,10.615962982177734,503.22247314453125,-0.0006204729434102774,81251.84375,1.0478211641311646
13800.0,0.0,0.0,-4199805.5,10.9530029296875,496.49224853515625,0.0002033852506428957,81263.734375,1.0476678609848022
13900.0,0.0,0.0,-4199815.5,13.046289443969727,505.6192626953125,-5.4224394261837006e-05,81275.75,1.0475128889083862
14000.0,0.0,0.0,-4199808.5,12.395684242248535,495.2886657714844,-0.00036986428312957287,81288.7890625,1.0473450422286987
14100.0,0.0,0.0,-4199812.0,13.418088912963867,494.3997802734375,-0.00010768324136734009,81300.765625,1.0471906661987305
14200.0,0.0,0.0,-4199817.5,11.230496406555176,496.10009765625,0.00039757206104695797,81311.4609375,1.0470529794692993
14300.0,0.0,0.0,-4199816.0,10.404620170593262,492.76141357421875,0.0008704208303242922,81322.4375,1.046911597251892
14400.0,0.0,0.0,-4199818.0,10.361842155456543,496.5427551269531,-0.0006746244616806507,81333.5234375,1.0467689037322998
14500.0,0.0,0.0,-4199810.5,11.16511058807373,495.929931640625,-0.0008007287979125977,81343.859375,1.0466359853744507
14600.0,0.0,0.0,-4199814.5,10.609722137451172,507.788330078125,-0.0006352269556373358,81353.5859375,1.0465106964111328
14700.0,0.0,0.0,-4199811.5,14.000297546386719,505.838623046875,0.0014094577636569738,81362.5546875,1.0463954210281372
14800.0,0.0,0.0,-4199809.5,9.210850715637207,503.2373962402344,-0.00030858535319566727,81371.6640625,1.0462783575057983
14900.0,0.0,0.0,-4199810.5,9.757164001464844,502.4290771484375,-0.00023362692445516586,81380.703125,1.0461621284484863
15000.0,0.0,0.0,-4199801.5,15.059629440307617,491.8578796386719,-0.0005503410939127207,81389.015625,1.0460551977157593
15100.0,0.0,0.0,-4199809.0,11.94760799407959,497.4947204589844,0.0003712777979671955,81397.5859375,1.0459450483322144
15200.0,0.0,0.0,-4199816.0,10.40609073638916,504.1354675292969,0.00130673055537045,81406.3515625,1.0458325147628784
15300.0,0.0,0.0,-4199811.5,11.1293363571167,498.5573425292969,-0.0004840290639549494,81414.9296875,1.045722246170044
15400.0,0.0,0.0,-4199807.0,13.463428497314453,491.9355163574219,-0.00029898062348365784,81422.046875,1.045630931854248
15500.0,0.0,0.0,-4199814.0,12.503159523010254,499.8006896972656,-0.001196108991280198,81427.9921875,1.045554518699646
15600.0,0.0,0.0,-4199812.5,14.857308387756348,499.5995178222656,0.00026918016374111176,81433.359375,1.0454856157302856
15700.0,0.0,0.0,-4199816.5,11.296215057373047,504.8328857421875,7.67663586884737e-05,81438.4140625,1.04542076587677
15800.0,0.0,0.0,-4199812.0,10.06986141204834,499.83697509765625,0.0006578036118298769,81442.5390625,1.0453678369522095
15900.0,0.0,0.0,-4199810.5,10.361285209655762,499.06646728515625,-0.0005766304675489664,81446.1328125,1.0453217029571533
16000.0,0.0,0.0,-4199813.5,11.259578704833984,501.7232666015625,-0.0009305693674832582,81448.359375,1.0452930927276611
16100.0,0.0,0.0,-4199811.5,9.940591812133789,500.74072265625,0.0005077449604868889,81449.0859375,1.0452837944030762
16200.0,0.0,0.0,-4199808.5,13.048160552978516,497.3320617675781,-0.00015507708303630352,81449.46875,1.045278787612915
16300.0,0.0,0.0,-4199809.5,9.87330436706543,497.1026916503906,-0.00014070095494389534,81448.484375,1.0452914237976074
16400.0,0.0,0.0,-4199814.5,11.12851619720459,500.8919677734375,-2.853572368621826e-06,81447.2265625,1.0453076362609863
16500.0,0.0,0.0,-4199807.0,11.37514591217041,490.2032165527344,0.00040638353675603867,81445.671875,1.0453276634216309
16600.0,0.0,0.0,-4199818.5,12.21450138092041,501.0613708496094,0.00016685924492776394,81444.453125,1.0453431606292725
16700.0,0.0,0.0,-4199815.0,10.154338836669922,498.20501708984375,-0.0010284136515110731,81443.3125,1.0453578233718872
16800.0,0.0,0.0,-4199804.0,14.101781845092773,490.14434814453125,-0.00011249678209424019,81441.578125,1.0453801155090332
16900.0,0.0,0.0,-4199811.5,13.173970222473145,504.9031066894531,0.0005205369088798761,81439.875,1.045401930809021
17000.0,0.0,0.0,-4199799.5,13.573359489440918,496.60205078125,0.0010254760272800922,81438.890625,1.045414686203003
17100.0,0.0,0.0,-4199805.0,10.10338306427002,505.213623046875,0.0002043270505964756,81439.390625,1.0454082489013672
17200.0,0.0,0.0,-4199798.5,10.471590042114258,499.3285217285156,-0.0006391482893377542,81440.4453125,1.0453946590423584
17300.0,0.0,0.0,-4199806.5,10.010701179504395,506.1591796875,-0.0007630130276083946,81440.984375,1.0453877449035645
17400.0,0.0,0.0,-4199803.5,13.335000038146973,498.430419921875,0.0008043376728892326,81440.4453125,1.0453946590423584
17500.0,0.0,0.0,-4199811.5,12.117481231689453,503.7645568847656,0.0011972782667726278,81440.2578125,1.0453970432281494
17600.0,0.0,0.0,-4199797.5,10.661301612854004,486.6203308105469,-0.000689441105350852,81440.03125,1.0454000234603882
17700.0,0.0,0.0,-4199814.5,14.171402931213379,505.3918762207031,-0.0012008692137897015,81438.90625,1.0454145669937134
17800.0,0.0,0.0,-4199808.5,14.911090850830078,502.5542297363281,7.027550600469112e-05,81436.109375,1.0454503297805786
17900.0,0.0,0.0,-4199806.0,11.853255271911621,498.4490051269531,0.0004038906190544367,81433.0,1.0454902648925781
18000.0,0.0,0.0,-4199818.0,10.567397117614746,508.559814453125,9.655021131038666e-05,81429.9296875,1.0455296039581299
18100.0,0.0,0.0,-4199805.5,11.849210739135742,493.91619873046875,-0.001277770148590207,81427.015625,1.0455671548843384
18200.0,0.0,0.0,-4199809.0,11.601544380187988,494.8309326171875,0.0001307884231209755,81423.984375,1.045606017112732
18300.0,0.0,0.0,-4199812.0,10.008121490478516,496.55218505859375,-0.00036063650622963905,81420.8671875,1.045646071434021
18400.0,0.0,0.0,-4199813.5,13.820125579833984,495.8870849609375,0.0002653819974511862,81416.6875,1.0456998348236084
18500.0,0.0,0.0,-4199817.5,12.912914276123047,498.30474853515625,0.0007683050353080034,81411.5234375,1.0457661151885986
18600.0,0.0,0.0,-4199810.0,15.70582103729248,490.4146423339844,-2.886238507926464e-05,81405.8046875,1.045839548110962
18700.0,0.0,0.0,-4199813.0,12.667379379272461,499.18426513671875,0.00025024707429111004,81400.453125,1.0459082126617432
18800.0,0.0,0.0,-4199808.5,10.82239055633545,502.36358642578125,-0.0005662182811647654,81395.59375,1.0459706783294678
18900.0,0.0,0.0,-4199804.0,12.051220893859863,505.79058837890625,-2.4865614250302315e-05,81389.578125,1.0460480451583862
19000.0,0.0,0.0,-4199801.0,11.175312995910645,503.3111267089844,-0.0007121232338249683,81382.96875,1.0461331605911255
19100.0,0.0,0.0,-4199804.5,14.185709953308105,504.5897216796875,-0.000302640488371253,81374.3359375,1.0462440252304077
19200.0,0.0,0.0,-4199812.5,11.781340599060059,510.41046142578125,0.0009286021813750267,81363.4140625,1.046384334564209
19300.0,0.0,0.0,-4199809.0,11.911649703979492,503.0506286621094,-0.0007742117159068584,81351.34375,1.0465396642684937
19400.0,0.0,0.0,-4199806.5,10.541877746582031,497.6795959472656,5.7783909142017365e-05,81337.3671875,1.0467195510864258
19500.0,0.0,0.0,-4199809.5,11.057332992553711,504.208740234375,-0.001448845025151968,81321.640625,1.0469218492507935
19600.0,0.0,0.0,-4199810.0,10.143383979797363,502.712890625,-0.00011099455878138542,81303.9921875,1.0471491813659668
19700.0,0.0,0.0,-4199806.5,14.684528350830078,497.1913757324219,-0.00015919329598546028,81286.1171875,1.047379493713379
19800.0,0.0,0.0,-4199811.0,10.301344871520996,501.1704406738281,-0.00015161046758294106,81268.03125,1.0476125478744507
19900.0,0.0,0.0,-4199812.0,11.757819175720215,501.18585205078125,0.0008216374553740025,81248.90625,1.0478591918945312
20000.0,0.0,0.0,-4199816.0,13.786890983581543,506.673583984375,-0.00026678130961954594,81228.46875,1.0481228828430176
20100.0,0.0,0.0,-4199807.5,10.625556945800781,491.0712585449219,0.0004966177511960268,81206.8515625,1.0484017133712769
20200.0,0.0,0.0,-4199824.5,10.990857124328613,502.4632263183594,-0.0005794132594019175,81184.2578125,1.0486935377120972
20300.0,0.0,0.0,-4199811.0,12.17525577545166,486.62060546875,-0.0008000298403203487,81160.4609375,1.0490009784698486
20400.0,0.0,0.0,-4199819.5,10.455728530883789,501.623046875,0.00036249379627406597,81136.421875,1.049311876296997
20500.0,0.0,0.0,-4199814.0,13.014322280883789,498.1796569824219,0.0011352237779647112,81112.5546875,1.0496206283569336
20600.0,0.0,0.0,-4199812.5,12.017247200012207,499.53887939453125,0.0005565646570175886,81088.5234375,1.0499316453933716
20700.0,0.0,0.0,-4199806.0,13.727712631225586,495.933837890625,-0.0010898045729845762,81062.96875,1.0502625703811646
20800.0,0.0,0.0,-4199813.5,11.334312438964844,505.1585998535156,-0.0006981724873185158,81034.8984375,1.0506263971328735
20900.0,0.0,0.0,-4199814.0,10.936362266540527,511.53045654296875,-0.0009825355373322964,81004.5546875,1.0510200262069702
21000.0,0.0,0.0,-4199810.0,13.330973625183105,501.2637939453125,0.0010106123518198729,80972.8359375,1.0514317750930786
21100.0,0.0,0.0,-4199822.0,10.202309608459473,506.6694641113281,0.0006401245482265949,80940.984375,1.0518454313278198
21200.0,0.0,0.0,-4199810.5,12.03203010559082,493.23565673828125,-0.0009383566211909056,80908.484375,1.0522679090499878
21300.0,0.0,0.0,-4199807.5,11.580842018127441,493.0838317871094,-0.0008692736737430096,80874.3359375,1.052712321281433
21400.0,0.0,0.0,-4199811.5,10.392635345458984,500.1672668457031,-4.174280911684036e-05,80838.34375,1.0531811714172363
21500.0,0.0,0.0,-4199812.0,13.213011741638184,501.0300598144531,0.0007102612871676683,80801.171875,1.0536655187606812
21600.0,0.0,0.0,-4199810.0,10.225713729858398,500.2950439453125,-0.0012548670638352633,80763.3359375,1.054159164428711
21700.0,0.0,0.0,-4199813.0,9.547903060913086,506.83489990234375,-0.0007312803063541651,80724.609375,1.0546648502349854
21800.0,0.0,0.0,-4199806.5,11.085391998291016,498.1446838378906,0.00016931025311350822,80685.59375,1.0551749467849731
21900.0,0.0,0.0,-4199813.5,10.14431095123291,501.5574951171875,0.0007117537315934896,80646.46875,1.0556867122650146
22000.0,0.0,0.0,-4199817.0,11.748340606689453,500.65924072265625,0.0005955593660473824,80606.515625,1.056209921836853
22100.0,0.0,0.0,-4199811.5,11.152350425720215,494.62176513671875,-0.0003930323291569948,80565.75,1.0567444562911987
22200.0,0.0,0.0,-4199815.0,10.86294174194336,496.9811706542969,4.0496233850717545e-06,80524.3125,1.0572881698608398
22300.0,0.0,0.0,-4199815.5,12.714842796325684,498.6481628417969,-0.0004051830619573593,80482.4453125,1.0578382015228271
22400.0,0.0,0.0,-4199808.0,11.876248359680176,499.1802978515625,-6.397510878741741e-05,80440.5234375,1.0583895444869995
22500.0,0.0,0.0,-4199811.5,12.471802711486816,504.1007995605469,-0.0010814694687724113,80398.5703125,1.0589418411254883
22600.0,0.0,0.0,-4199814.5,14.151224136352539,507.8879699707031,0.00015508057549595833,80356.2734375,1.0594991445541382
22700.0,0.0,0.0,-4199813.5,10.708121299743652,504.122314453125,0.0013106088154017925,80314.5703125,1.0600494146347046
22800.0,0.0,0.0,-4199807.0,13.22337532043457,493.6051025390625,0.0001499401405453682,80273.4296875,1.0605926513671875
22900.0,0.0,0.0,-4199818.5,10.977559089660645,502.5788269042969,0.00045900559052824974,80232.0,1.0611404180526733
23000.0,0.0,0.0,-4199809.0,13.22794246673584,491.75811767578125,-8.728634566068649e-05,80191.65625,1.0616741180419922
23100.0,0.0,0.0,-4199816.0,9.601106643676758,500.2601318359375,0.0004308291245251894,80152.578125,1.0621917247772217
23200.0,0.0,0.0,-4199812.0,14.544376373291016,501.6883239746094,-0.00036347308196127415,80115.015625,1.0626897811889648
23300.0,0.0,0.0,-4199813.0,10.531662940979004,502.6736755371094,-0.0016330464277416468,80078.3515625,1.0631763935089111
23400.0,0.0,0.0,-4199818.0,10.224469184875488,507.1738586425781,0.00017457781359553337,80041.9765625,1.063659429550171
23500.0,0.0,0.0,-4199812.0,13.263914108276367,498.599853515625,0.00036718929186463356,80006.0859375,1.0641366243362427
23600.0,0.0,0.0,-4199812.5,16.37643051147461,498.5810546875,0.0012106457725167274,79970.9140625,1.064604640007019
23700.0,0.0,0.0,-4199813.5,12.933960914611816,494.74688720703125,-0.0002914266660809517,79936.6015625,1.0650615692138672
23800.0,0.0,0.0,-4199820.5,11.289631843566895,500.1582946777344,0.000341994222253561,79902.828125,1.0655118227005005
23900.0,0.0,0.0,-4199817.0,9.29646110534668,496.5115661621094,-0.0007109162397682667,79870.0703125,1.0659488439559937
24000.0,0.0,0.0,-4199814.0,13.78354549407959,494.1711730957031,-0.0004859797190874815,79838.4609375,1.0663708448410034
24100.0,0.0,0.0,-4199817.5,13.862656593322754,501.0614929199219,-0.00024426309391856194,79807.671875,1.0667822360992432
24200.0,0.0,0.0,-4199817.0,14.358381271362305,504.03369140625,0.0006307824514806271,79777.96875,1.0671794414520264
24300.0,0.0,0.0,-4199811.5,12.305087089538574,499.7337341308594,0.0014985967427492142,79750.1796875,1.0675512552261353
24400.0,0.0,0.0,-4199805.0,10.325672149658203,495.8428955078125,-0.00047943019308149815,79724.5078125,1.0678950548171997
24500.0,0.0,0.0,-4199813.5,11.215683937072754,511.2770690917969,0.00040662987157702446,79699.7109375,1.0682272911071777
24600.0,0.0,0.0,-4199810.5,12.320744514465332,512.3368530273438,0.0006521781906485558,79676.1796875,1.068542718887329
24700.0,0.0,0.0,-4199801.5,12.660359382629395,503.0535888671875,0.00064132921397686,79655.65625,1.0688180923461914
24800.0,0.0,0.0,-4199805.5,11.422045707702637,503.61871337890625,-0.0007387027144432068,79638.7734375,1.0690447092056274
24900.0,0.0,0.0,-4199816.5,11.058645248413086,509.397705078125,-0.0006111557595431805,79623.8828125,1.069244623184204
25000.0,0.0,0.0,-4199808.0,12.799483299255371,496.8901062011719,0.0006595945451408625,79611.125,1.0694159269332886
25100.0,0.0,0.0,-4199819.5,14.040854454040527,506.7888488769531,0.0006532501429319382,79600.328125,1.0695611238479614
25200.0,0.0,0.0,-4199811.0,11.309584617614746,496.310302734375,0.0013489825651049614,79592.2109375,1.0696700811386108
25300.0,0.0,0.0,-4199812.0,12.345466613769531,497.2757263183594,-0.0006116265431046486,79586.4921875,1.069746971130371
25400.0,0.0,0.0,-4199810.5,10.569000244140625,495.3323059082031,-0.0004775943234562874,79580.7421875,1.06982421875
25500.0,0.0,0.0,-4199810.0,11.173797607421875,495.0196838378906,-0.0008804199751466513,79575.4921875,1.0698949098587036
25600.0,0.0,0.0,-4199824.0,11.6268310546875,509.1607971191406,0.0019223010167479515,79569.96875,1.0699690580368042
25700.0,0.0,0.0,-4199813.5,13.809184074401855,494.9400634765625,0.0006113806739449501,79565.3515625,1.0700311660766602
25800.0,0.0,0.0,-4199812.0,17.21520233154297,491.1204528808594,-0.00048054661601781845,79561.875,1.0700780153274536
25900.0,0.0,0.0,-4199819.5,14.96966552734375,499.1808776855469,-0.00043578026816248894,79559.0390625,1.0701160430908203
26000.0,0.0,0.0,-4199817.5,18.364017486572266,495.344482421875,-0.0006201751530170441,79555.3671875,1.0701655149459839
26100.0,0.0,0.0,-4199827.5,11.153176307678223,504.9493103027344,0.0004894468002021313,79551.3671875,1.0702192783355713
26200.0,0.0,0.0,-4199826.5,17.90471649169922,502.4598083496094,-0.00011200457811355591,79548.65625,1.0702557563781738
26300.0,0.0,0.0,-4199818.0,12.62370777130127,490.4306945800781,-0.00027149124071002007,79545.875,1.0702931880950928
26400.0,0.0,0.0,-4199823.0,15.548177719116211,492.1419982910156,-9.032478556036949e-05,79542.4921875,1.0703387260437012
26500.0,0.0,0.0,-4199818.5,14.547821998596191,486.864501953125,-0.0005351793952286243,79538.890625,1.0703872442245483
26600.0,0.0,0.0,-4199824.0,11.853246688842773,495.03759765625,0.0005875697825103998,79535.015625,1.070439338684082
26700.0,0.0,0.0,-4199821.0,11.541707038879395,499.209228515625,-0.0003681441303342581,79531.0703125,1.0704923868179321
26800.0,0.0,0.0,-4199820.0,11.701972007751465,503.8450012207031,-6.423518061637878e-05,79527.203125,1.0705446004867554
26900.0,0.0,0.0,-4199811.5,12.929601669311523,497.4275817871094,0.00024240324273705482,79524.125,1.0705859661102295
27000.0,0.0,0.0,-4199812.5,13.658073425292969,499.20574951171875,0.0002922017592936754,79521.625,1.0706195831298828
27100.0,0.0,0.0,-4199812.5,12.75588321685791,500.3128967285156,-0.00023210817016661167,79521.484375,1.0706214904785156
27200.0,0.0,0.0,-4199814.0,11.921512603759766,501.53033447265625,-0.0008327597752213478,79523.5625,1.0705934762954712
27300.0,0.0,0.0,-4199817.5,11.668554306030273,504.8553161621094,0.0013517970219254494,79526.7109375,1.0705510377883911
27400.0,0.0,0.0,-4199808.5,11.859051704406738,493.5969543457031,-0.00016273511573672295,79531.3046875,1.0704892873764038
27500.0,0.0,0.0,-4199826.5,12.119327545166016,508.0572204589844,0.0011085423175245523,79536.5625,1.0704184770584106
27600.0,0.0,0.0,-4199811.5,11.183952331542969,485.611572265625,-0.0005382341332733631,79543.0234375,1.0703315734863281
27700.0,0.0,0.0,-4199813.5,10.048929214477539,486.5035095214844,-0.0001569679006934166,79549.3125,1.070246934890747
27800.0,0.0,0.0,-4199820.5,11.465822219848633,493.9436340332031,-0.0004424771759659052,79555.8984375,1.0701583623886108
27900.0,0.0,0.0,-4199827.5,10.702890396118164,502.74554443359375,0.0008545191958546638,79562.734375,1.0700663328170776
28000.0,0.0,0.0,-4199815.0,9.48623275756836,500.2840270996094,0.0005101938731968403,79570.5390625,1.069961428642273
28100.0,0.0,0.0,-4199823.0,14.516997337341309,515.1668090820312,-0.00011243857443332672,79579.7578125,1.0698374509811401
28200.0,0.0,0.0,-4199810.0,11.68978214263916,504.1201171875,0.0005126064643263817,79589.4765625,1.0697067975997925
28300.0,0.0,0.0,-4199801.0,11.378931999206543,493.57818603515625,-0.0014532767236232758,79599.9453125,1.0695661306381226
28400.0,0.0,0.0,-4199811.5,13.630284309387207,504.15948486328125,0.0003032442182302475,79611.609375,1.0694094896316528
28500.0,0.0,0.0,-4199812.5,14.766975402832031,503.1484680175781,0.000296951737254858,79624.4609375,1.0692368745803833
28600.0,0.0,0.0,-4199821.5,13.73581314086914,509.64373779296875,0.0013011917471885681,79637.7109375,1.069058895111084
28700.0,0.0,0.0,-4199817.0,12.802872657775879,501.8106994628906,-2.532685175538063e-05,79651.0390625,1.0688800811767578
28800.0,0.0,0.0,-4199810.5,9.95704460144043,493.2675476074219,-0.0004744604229927063,79663.8984375,1.0687074661254883
28900.0,0.0,0.0,-4199817.0,11.3851900100708,498.9415283203125,-0.00029239500872790813,79677.15625,1.068529725074768
29000.0,0.0,0.0,-4199813.5,13.83509635925293,494.7903137207031,4.93174884468317e-05,79690.578125,1.0683497190475464
29100.0,0.0,0.0,-4199816.5,10.788908958435059,498.49652099609375,0.00043039978481829166,79703.890625,1.0681712627410889
29200.0,0.0,0.0,-4199815.5,11.349297523498535,498.76904296875,0.0006130195688456297,79716.828125,1.067997932434082
29300.0,0.0,0.0,-4199816.0,11.038182258605957,505.42266845703125,-0.0003024609759449959,79730.4296875,1.0678156614303589
29400.0,0.0,0.0,-4199802.0,13.01856803894043,500.0079040527344,-0.000655114185065031,79744.28125,1.0676302909851074
29500.0,0.0,0.0,-4199804.0,12.637887954711914,506.0340881347656,-0.0003721248358488083,79758.0234375,1.067446231842041
29600.0,0.0,0.0,-4199802.0,11.852413177490234,502.6976013183594,0.001405373914167285,79771.71875,1.0672630071640015
29700.0,0.0,0.0,-4199813.0,13.477526664733887,509.0572204589844,0.0004921758081763983,79786.484375,1.0670655965805054
29800.0,0.0,0.0,-4199809.5,13.120923042297363,500.78460693359375,0.00038692005909979343,79802.6640625,1.0668492317199707
29900.0,0.0,0.0,-4199819.5,10.551660537719727,507.58270263671875,-0.0003548562526702881,79819.59375,1.0666228532791138
30000.0,0.0,0.0,-4199817.0,14.794351577758789,501.0062561035156,0.00015504728071391582,79837.3203125,1.0663862228393555
30100.0,0.0,0.0,-4199816.5,14.135002136230469,499.0560302734375,5.485652945935726e-05,79856.78125,1.0661262273788452
30200.0,0.0,0.0,-4199817.0,16.235288619995117,497.3210144042969,0.0006570455152541399,79876.6484375,1.0658609867095947
30300.0,0.0,0.0,-4199822.5,12.509072303771973,502.163818359375,0.0008901173714548349,79897.140625,1.0655876398086548
30400.0,0.0,0.0,-4199817.0,14.930804252624512,496.460205078125,0.00024381955154240131,79918.6328125,1.0653010606765747
30500.0,0.0,0.0,-4199816.0,12.76176929473877,504.39617919921875,-0.0008337264880537987,79940.1875,1.0650138854980469
30600.0,0.0,0.0,-4199808.0,14.071818351745605,502.1319580078125,-0.0005764001980423927,79961.46875,1.0647304058074951
30700.0,0.0,0.0,-4199812.5,12.921488761901855,511.2638854980469,0.0004672096110880375,79982.9140625,1.064444899559021
30800.0,0.0,0.0,-4199802.0,11.68236255645752,500.77569580078125,0.0008561706636101007,80004.734375,1.0641546249389648
30900.0,0.0,0.0,-4199816.5,9.728653907775879,513.8419189453125,0.0008523119613528252,80027.390625,1.06385338306427
31000.0,0.0,0.0,-4199813.5,13.231226921081543,504.38604736328125,-9.867269545793533e-05,80051.2265625,1.063536524772644
31100.0,0.0,0.0,-4199814.5,13.381012916564941,500.62237548828125,-0.001841220073401928,80075.546875,1.063213586807251
31200.0,0.0,0.0,-4199814.5,12.000125885009766,498.9624328613281,0.0004670773632824421,80099.9765625,1.0628892183303833
31300.0,0.0,0.0,-4199819.5,11.037032127380371,502.84613037109375,-5.050329491496086e-05,80125.3125,1.0625531673431396
31400.0,0.0,0.0,-4199818.5,13.961710929870605,501.7109680175781,0.0003550059627741575,80150.6171875,1.0622177124023438
31500.0,0.0,0.0,-4199820.5,11.424813270568848,504.3636169433594,0.0004687337204813957,80176.1171875,1.0618799924850464
31600.0,0.0,0.0,-4199819.5,10.011091232299805,503.36834716796875,9.224284440279007e-06,80201.75,1.0615404844284058
31700.0,0.0,0.0,-4199805.0,13.226811408996582,488.61492919921875,-0.00011181388981640339,80226.984375,1.061206579208374
31800.0,0.0,0.0,-4199807.0,14.506644248962402,497.1775207519531,-0.0006015810649842024,80253.0546875,1.0608618259429932
31900.0,0.0,0.0,-4199809.5,13.09803295135498,504.93792724609375,0.00019920128397643566,80279.4296875,1.0605133771896362
32000.0,0.0,0.0,-4199808.5,13.317005157470703,508.50335693359375,-0.0003611380234360695,80305.40625,1.060170292854309
32100.0,0.0,0.0,-4199800.5,12.722432136535645,501.3337097167969,0.0015355620998889208,80331.9921875,1.0598194599151611
32200.0,0.0,0.0,-4199810.0,15.974069595336914,508.71844482421875,0.0008533154614269733,80359.2734375,1.0594596862792969
32300.0,0.0,0.0,-4199803.5,19.8809814453125,496.55023193359375,-0.0014925859868526459,80387.109375,1.0590927600860596
32400.0,0.0,0.0,-4199813.5,18.769207000732422,503.487060546875,-0.0014445714186877012,80414.3515625,1.0587340593338013
32500.0,0.0,0.0,-4199814.5,11.728376388549805,502.00286865234375,-0.0006804154254496098,80440.1328125,1.0583947896957397
32600.0,0.0,0.0,-4199811.0,15.409013748168945,496.7958068847656,0.001613088883459568,80465.46875,1.0580614805221558
32700.0,0.0,0.0,-4199815.5,14.375687599182129,502.8462219238281,0.00023711915127933025,80490.7265625,1.0577294826507568
32800.0,0.0,0.0,-4199819.0,11.713061332702637,506.2724304199219,2.0350096747279167e-05,80515.1953125,1.0574079751968384
32900.0,0.0,0.0,-4199808.5,11.720223426818848,494.35333251953125,-0.0014027308207005262,80538.0,1.0571085214614868
33000.0,0.0,0.0,-4199813.5,12.465654373168945,498.8345642089844,0.00040711904875934124,80558.8828125,1.0568344593048096
33100.0,0.0,0.0,-4199816.5,13.695512771606445,498.9988708496094,0.00018508965149521828,80577.875,1.056585431098938
33200.0,0.0,0.0,-4199816.0,12.153950691223145,494.5567321777344,-2.9428629204630852e-05,80595.3828125,1.0563558340072632
33300.0,0.0,0.0,-4199813.5,12.365584373474121,490.5958251953125,0.0002704174257814884,80611.859375,1.0561399459838867
33400.0,0.0,0.0,-4199818.5,11.128165245056152,499.8197937011719,-0.00029448396526277065,80627.4453125,1.0559358596801758
33500.0,0.0,0.0,-4199813.0,13.317676544189453,496.04931640625,-0.0003205430693924427,80641.8046875,1.0557477474212646
33600.0,0.0,0.0,-4199810.0,13.947977066040039,499.2180480957031,-0.001466877292841673,80654.0546875,1.0555874109268188
33700.0,0.0,0.0,-4199811.0,12.023666381835938,506.73663330078125,-0.0004561853129416704,80664.15625,1.0554553270339966
33800.0,0.0,0.0,-4199813.5,11.466755867004395,510.9156799316406,0.0004665767773985863,80673.2578125,1.0553361177444458
33900.0,0.0,0.0,-4199810.0,13.109718322753906,507.0903625488281,0.0015901606529951096,80682.59375,1.0552141666412354
34000.0,0.0,0.0,-4199811.5,12.285097122192383,506.8423767089844,0.00031047500669956207,80692.7109375,1.0550817251205444
34100.0,0.0,0.0,-4199812.0,12.72873592376709,504.1551818847656,-0.0014929925091564655,80702.484375,1.054953932762146
34200.0,0.0,0.0,-4199815.0,10.11553955078125,503.3731994628906,-0.0012568088714033365,80711.265625,1.0548391342163086
34300.0,0.0,0.0,-4199823.5,16.50775718688965,508.5096130371094,-0.00034630438312888145,80718.3046875,1.054747223854065
34400.0,0.0,0.0,-4199818.0,12.29333782196045,501.60986328125,0.0003856669645756483,80724.0546875,1.054672122001648
34500.0,0.0,0.0,-4199818.0,12.500007629394531,505.175537109375,0.00034973793663084507,80728.5546875,1.0546132326126099
34600.0,0.0,0.0,-4199815.5,11.589522361755371,502.9114074707031,-0.0005596780683845282,80732.421875,1.0545628070831299
34700.0,0.0,0.0,-4199817.0,10.42081356048584,503.682861328125,-8.63056629896164e-06,80735.671875,1.0545203685760498
34800.0,0.0,0.0,-4199821.0,20.932645797729492,507.3766784667969,-0.0009603775106370449,80739.1328125,1.0544750690460205
34900.0,0.0,0.0,-4199811.5,13.068670272827148,497.5194091796875,-0.0001353586558252573,80742.6484375,1.0544291734695435
35000.0,0.0,0.0,-4199814.0,9.649809837341309,500.17059326171875,0.0009160439949482679,80746.8203125,1.0543746948242188
35100.0,0.0,0.0,-4199814.5,10.091529846191406,503.55401611328125,0.00044631538912653923,80751.0546875,1.0543195009231567
35200.0,0.0,0.0,-4199809.5,10.541820526123047,498.6340026855469,0.00031228712759912014,80754.828125,1.0542702674865723
35300.0,0.0,0.0,-4199806.5,18.211380004882812,495.9118957519531,-0.0004934940952807665,80758.5078125,1.0542221069335938
35400.0,0.0,0.0,-4199810.0,11.053126335144043,502.3136291503906,-0.00034154136665165424,80761.875,1.054178237915039
35500.0,0.0,0.0,-4199805.0,12.920334815979004,493.4281311035156,-0.000952328322455287,80764.375,1.0541455745697021
35600.0,0.0,0.0,-4199805.5,13.310097694396973,490.41796875,0.00028867507353425026,80765.78125,1.0541272163391113
35700.0,0.0,0.0,-4199819.5,11.008736610412598,501.60552978515625,0.0009544652421027422,80767.125,1.0541096925735474
35800.0,0.0,0.0,-4199817.5,12.587361335754395,498.4122314453125,-0.00014823442324995995,80768.359375,1.054093599319458
35900.0,0.0,0.0,-4199822.0,12.322884559631348,504.2102355957031,-0.0004943553358316422,80768.5390625,1.054091215133667
36000.0,0.0,0.0,-4199815.5,10.802478790283203,500.0850830078125,-0.0007045329548418522,80766.84375,1.0541132688522339
36100.0,0.0,0.0,-4199807.5,11.926251411437988,499.78704833984375,0.000414819223806262,80762.875,1.054165244102478
36200.0,0.0,0.0,-4199808.0,10.082146644592285,509.29412841796875,-0.00043737469241023064,80758.3125,1.0542247295379639
36300.0,0.0,0.0,-4199807.5,11.63298511505127,511.9044189453125,0.000473344000056386,80752.4453125,1.0543012619018555
36400.0,0.0,0.0,-4199801.5,12.444161415100098,504.0598449707031,9.16612334549427e-05,80746.5078125,1.0543787479400635
36500.0,0.0,0.0,-4199813.5,13.195223808288574,512.3488159179688,-0.00040935957804322243,80740.2421875,1.0544606447219849
36600.0,0.0,0.0,-4199803.5,14.326403617858887,498.3656005859375,-0.0007622344419360161,80734.078125,1.0545411109924316
36700.0,0.0,0.0,-4199810.0,10.524582862854004,503.3656005859375,-0.0005516144447028637,80726.8203125,1.054636001586914
36800.0,0.0,0.0,-4199813.0,13.166020393371582,504.87255859375,0.00045083463191986084,80719.1171875,1.054736614227295
36900.0,0.0,0.0,-4199809.5,13.406044960021973,499.7665710449219,0.00016815448179841042,80711.8828125,1.0548311471939087
37000.0,0.0,0.0,-4199820.5,14.427407264709473,509.2137451171875,0.0007863857317715883,80704.953125,1.0549217462539673
37100.0,0.0,0.0,-4199817.5,15.660859107971191,504.1177978515625,-0.0007781779859215021,80696.859375,1.0550274848937988
37200.0,0.0,0.0,-4199811.5,12.485953330993652,496.37982177734375,-0.0005699044559150934,80687.65625,1.0551478862762451
37300.0,0.0,0.0,-4199808.0,18.91203498840332,493.4749755859375,-0.00031364266760647297,80678.265625,1.055270791053772
37400.0,0.0,0.0,-4199820.5,11.603071212768555,505.05767822265625,-0.00047836825251579285,80668.0234375,1.055404782295227
37500.0,0.0,0.0,-4199822.5,10.288094520568848,502.9703369140625,0.000415207352489233,80654.9453125,1.0555758476257324
37600.0,0.0,0.0,-4199810.0,11.670226097106934,484.6195983886719,-0.0003858907148241997,80638.796875,1.055787205696106
37700.0,0.0,0.0,-4199819.5,11.034168243408203,492.8525085449219,0.0008952633943408728,80619.96875,1.056033730506897
37800.0,0.0,0.0,-4199813.5,12.651406288146973,490.2839050292969,-0.001048891805112362,80600.1953125,1.0562927722930908
37900.0,0.0,0.0,-4199825.5,11.924589157104492,507.6890869140625,-0.00016993889585137367,80578.953125,1.0565712451934814
38000.0,0.0,0.0,-4199811.5,12.440601348876953,498.4006042480469,9.561050683259964e-05,80556.2578125,1.0568689107894897
38100.0,0.0,0.0,-4199803.5,11.672921180725098,494.68804931640625,0.0004266579635441303,80531.1484375,1.057198405265808
38200.0,0.0,0.0,-4199803.0,11.871599197387695,497.516845703125,8.579879067838192e-05,80504.078125,1.057554006576538
38300.0,0.0,0.0,-4199813.0,10.55266284942627,506.7567443847656,-0.0005338480696082115,80474.953125,1.057936668395996
38400.0,0.0,0.0,-4199819.0,12.804502487182617,511.733154296875,-0.0003384780138731003,80443.203125,1.0583542585372925
38500.0,0.0,0.0,-4199814.0,10.820538520812988,504.9468994140625,-0.0016713014338165522,80408.7109375,1.0588082075119019
38600.0,0.0,0.0,-4199812.5,12.556449890136719,503.43902587890625,0.00025283521972596645,80370.578125,1.0593105554580688
38700.0,0.0,0.0,-4199818.5,12.112196922302246,507.88739013671875,0.0007990770973265171,80329.34375,1.0598543882369995
38800.0,0.0,0.0,-4199810.5,14.056124687194824,498.66729736328125,0.0007705395109951496,80286.078125,1.0604255199432373
38900.0,0.0,0.0,-4199808.0,16.41790199279785,495.2636413574219,-0.0003742659464478493,80239.984375,1.0610347986221313
39000.0,0.0,0.0,-4199814.0,14.133280754089355,501.4866638183594,-0.0012548258528113365,80190.5703125,1.0616885423660278
39100.0,0.0,0.0,-4199815.0,17.69142723083496,501.76873779296875,1.6042962670326233e-05,80137.2265625,1.0623953342437744
39200.0,0.0,0.0,-4199812.5,12.255447387695312,498.86956787109375,-1.1277152225375175e-05,80081.203125,1.0631386041641235
39300.0,0.0,0.0,-4199821.0,12.921950340270996,502.91748046875,0.0003304397687315941,80022.296875,1.0639210939407349
39400.0,0.0,0.0,-4199816.0,12.53000259399414,493.9322509765625,0.00023474451154470444,79960.1796875,1.06474769115448
39500.0,0.0,0.0,-4199816.5,12.65559196472168,492.4747619628906,0.0005689153913408518,79895.5078125,1.0656095743179321
39600.0,0.0,0.0,-4199818.0,13.715001106262207,495.8650817871094,0.000588137423619628,79829.125,1.0664955377578735
39700.0,0.0,0.0,-4199802.5,12.322718620300293,481.5824279785156,-0.0014172154478728771,79761.4375,1.067400574684143
39800.0,0.0,0.0,-4199816.5,12.161941528320312,500.21905517578125,-0.0009549714159220457,79692.40625,1.068325161933899
39900.0,0.0,0.0,-4199822.0,11.396468162536621,513.3944091796875,-0.000883445143699646,79622.4375,1.0692640542984009
40000.0,0.0,0.0,-4199811.5,13.410035133361816,503.4803466796875,0.0019968135748058558,79551.3359375,1.0702197551727295
40100.0,0.0,0.0,-4199816.5,11.37826156616211,511.41204833984375,0.0003093983978033066,79480.3203125,1.0711760520935059
40200.0,0.0,0.0,-4199810.5,11.145967483520508,499.9352111816406,-0.0006180214695632458,79408.6875,1.072142243385315
40300.0,0.0,0.0,-4199817.0,12.355989456176758,497.9882507324219,-0.0008587008342146873,79337.578125,1.0731031894683838
40400.0,0.0,0.0,-4199823.5,13.342916488647461,501.8091125488281,-6.456999108195305e-05,79268.2578125,1.0740416049957275
40500.0,0.0,0.0,-4199817.5,10.98876953125,497.48406982421875,0.0012771089095622301,79199.765625,1.0749704837799072
40600.0,0.0,0.0,-4199816.0,15.650291442871094,499.447998046875,0.00041325786150991917,79131.8984375,1.0758923292160034
40700.0,0.0,0.0,-4199818.5,12.848054885864258,504.6167297363281,0.0004331730306148529,79066.0859375,1.0767879486083984
40800.0,0.0,0.0,-4199815.5,13.98019027709961,502.83355712890625,-0.0008510779589414597,79001.8046875,1.0776641368865967
40900.0,0.0,0.0,-4199813.0,12.480673789978027,499.8594970703125,0.0005078392568975687,78938.6484375,1.078526258468628
41000.0,0.0,0.0,-4199815.0,12.327805519104004,502.7023620605469,0.0011697392910718918,78878.3984375,1.079350233078003
41100.0,0.0,0.0,-4199815.0,12.300943374633789,496.3335876464844,0.0009062064345926046,78821.234375,1.0801329612731934
41200.0,0.0,0.0,-4199813.0,13.36085319519043,491.1217041015625,0.000962182879447937,78768.0078125,1.0808628797531128
41300.0,0.0,0.0,-4199817.5,12.944501876831055,496.79058837890625,-0.00109788216650486,78719.03125,1.0815353393554688
41400.0,0.0,0.0,-4199816.5,12.989219665527344,495.5620422363281,0.0011238404549658298,78673.5625,1.0821603536605835
41500.0,0.0,0.0,-4199822.5,13.229494094848633,505.9831848144531,0.0005142593290656805,78632.6640625,1.0827231407165527
41600.0,0.0,0.0,-4199816.5,12.626296997070312,500.28143310546875,0.001523235347121954,78596.6171875,1.0832197666168213
41700.0,0.0,0.0,-4199821.0,11.837800979614258,505.9246520996094,-2.6603229343891144e-05,78565.265625,1.083652138710022
41800.0,0.0,0.0,-4199811.0,11.66812801361084,498.4491271972656,-0.00017348211258649826,78538.09375,1.0840270519256592
41900.0,0.0,0.0,-4199815.0,12.86621379852295,502.0043029785156,0.0013836151920258999,78516.015625,1.0843318700790405
42000.0,0.0,0.0,-4199812.5,13.43242073059082,494.679443359375,0.0003305054269731045,78499.4375,1.0845608711242676
42100.0,0.0,0.0,-4199821.0,13.214720726013184,499.0854187011719,0.0012006363831460476,78488.5859375,1.084710717201233
42200.0,0.0,0.0,-4199826.5,12.500161170959473,501.9980773925781,0.001068921061232686,78483.375,1.0847828388214111
42300.0,0.0,0.0,-4199816.0,14.88237476348877,491.12335205078125,0.0004920493811368942,78483.609375,1.0847795009613037
42400.0,0.0,0.0,-4199816.0,13.06425952911377,493.7733459472656,0.0004120275843888521,78488.1875,1.0847163200378418
42500.0,0.0,0.0,-4199809.5,12.781490325927734,491.7115478515625,-0.0005723403301090002,78497.59375,1.0845861434936523
42600.0,0.0,0.0,-4199817.5,13.384981155395508,511.3888244628906,0.001760188490152359,78512.2578125,1.0843837261199951
42700.0,0.0,0.0,-4199810.0,12.247095108032227,508.07916259765625,0.0006233267486095428,78530.8046875,1.08412766456604
42800.0,0.0,0.0,-4199813.0,13.037577629089355,509.97735595703125,0.0011372242588549852,78553.5390625,1.0838139057159424
42900.0,0.0,0.0,-4199811.0,15.886265754699707,500.1011047363281,0.0008166641928255558,78580.4765625,1.0834424495697021
43000.0,0.0,0.0,-4199817.0,13.478387832641602,503.8816833496094,0.00019364175386726856,78612.03125,1.0830073356628418
43100.0,0.0,0.0,-4199816.5,10.812582015991211,501.42340087890625,0.00046707596629858017,78649.1484375,1.082496166229248
43200.0,0.0,0.0,-4199822.0,11.109834671020508,507.2305603027344,0.0007686903700232506,78689.59375,1.0819398164749146
43300.0,0.0,0.0,-4199814.5,14.057050704956055,497.72235107421875,0.0008150215726345778,78732.828125,1.0813456773757935
43400.0,0.0,0.0,-4199822.5,12.551454544067383,503.39703369140625,0.0006797565147280693,78779.1171875,1.0807102918624878
43500.0,0.0,0.0,-4199816.5,11.041683197021484,493.6541442871094,-0.0012606012169271708,78828.7265625,1.0800302028656006
43600.0,0.0,0.0,-4199820.0,14.65209674835205,497.9291076660156,-0.0006166570819914341,78881.796875,1.0793036222457886
43700.0,0.0,0.0,-4199818.5,11.969606399536133,495.19964599609375,4.08003106713295e-05,78937.3515625,1.078544020652771
43800.0,0.0,0.0,-4199813.5,15.074892044067383,490.5874328613281,0.001081571215763688,78995.65625,1.0777480602264404
43900.0,0.0,0.0,-4199817.5,16.704195022583008,506.7655029296875,0.002405512146651745,79056.828125,1.0769140720367432
44000.0,0.0,0.0,-4199811.5,12.645865440368652,506.094482421875,0.00044836592860519886,79121.328125,1.0760360956192017
44100.0,0.0,0.0,-4199809.0,12.876152992248535,507.5232238769531,-0.0013796831481158733,79188.1015625,1.0751287937164307
44200.0,0.0,0.0,-4199811.0,11.868794441223145,510.5950927734375,-0.0006509670056402683,79256.765625,1.0741972923278809
44300.0,0.0,0.0,-4199813.5,13.07838249206543,505.58831787109375,0.0002758987247943878,79327.5234375,1.0732392072677612
44400.0,0.0,0.0,-4199814.5,12.25173282623291,507.14544677734375,0.0009001493453979492,79399.2578125,1.0722696781158447
44500.0,0.0,0.0,-4199812.5,12.774471282958984,502.68133544921875,0.0016783005557954311,79471.2421875,1.071298360824585
44600.0,0.0,0.0,-4199811.0,13.719244003295898,499.6726379394531,-0.0008561494760215282,79544.3984375,1.0703130960464478
44700.0,0.0,0.0,-4199816.5,13.148292541503906,502.0591125488281,-0.0006649638526141644,79617.9375,1.0693244934082031
44800.0,0.0,0.0,-4199822.0,10.374021530151367,505.55352783203125,-0.0002672681584954262,79691.7890625,1.0683335065841675
44900.0,0.0,0.0,-4199817.0,11.868851661682129,503.25048828125,3.75604722648859e-05,79765.8125,1.0673420429229736
45000.0,0.0,0.0,-4199814.5,12.39544677734375,497.7115173339844,-0.0002370113506913185,79840.2734375,1.0663466453552246
45100.0,0.0,0.0,-4199819.5,13.907848358154297,502.19219970703125,0.0005689391400665045,79914.96875,1.0653499364852905
45200.0,0.0,0.0,-4199813.5,12.370344161987305,494.7945861816406,-0.00019837054423987865,79988.953125,1.0643646717071533
45300.0,0.0,0.0,-4199817.0,11.060799598693848,496.9517822265625,-0.0002472754567861557,80062.109375,1.0633920431137085
45400.0,0.0,0.0,-4199816.0,11.539770126342773,496.5720520019531,-0.0008475324138998985,80133.390625,1.062446117401123
45500.0,0.0,0.0,-4199820.0,13.600625038146973,500.4713439941406,7.367809303104877e-05,80202.84375,1.0615260601043701
45600.0,0.0,0.0,-4199816.0,14.259049415588379,492.96673583984375,0.0009949984960258007,80271.34375,1.0606201887130737
45700.0,0.0,0.0,-4199817.0,11.90063190460205,494.66937255859375,0.00022885436192154884,80338.6484375,1.0597317218780518
45800.0,0.0,0.0,-4199819.5,10.506210327148438,498.35833740234375,-5.180714651942253e-06,80405.1328125,1.058855414390564
45900.0,0.0,0.0,-4199815.0,10.870457649230957,500.640869140625,-0.001250414876267314,80470.6796875,1.057992935180664
46000.0,0.0,0.0,-4199808.0,13.132965087890625,500.36529541015625,-8.328002877533436e-05,80533.96875,1.0571614503860474
46100.0,0.0,0.0,-4199812.0,13.323119163513184,507.7057800292969,-0.00021384889259934425,80596.0,1.0563477277755737
46200.0,0.0,0.0,-4199810.0,12.392255783081055,507.9543151855469,0.0006751250475645065,80655.6640625,1.055566430091858
46300.0,0.0,0.0,-4199812.5,11.352615356445312,507.5365295410156,-0.0002846259158104658,80713.7578125,1.0548067092895508
46400.0,0.0,0.0,-4199804.5,11.748690605163574,496.1395263671875,-0.0008138795383274555,80769.15625,1.0540831089019775
46500.0,0.0,0.0,-4199807.5,13.11367416381836,495.3212585449219,-0.00038558337837457657,80822.21875,1.0533910989761353
46600.0,0.0,0.0,-4199804.0,11.337908744812012,493.6390686035156,0.00030968431383371353,80872.7734375,1.0527327060699463
46700.0,0.0,0.0,-4199806.0,11.837729454040527,497.8180236816406,0.00022173114120960236,80920.8828125,1.0521067380905151
46800.0,0.0,0.0,-4199810.0,12.368136405944824,502.089111328125,-0.0007435525767505169,80966.9765625,1.051507830619812
46900.0,0.0,0.0,-4199807.0,12.373307228088379,501.2910461425781,-0.00031899241730570793,81010.5703125,1.050942063331604
47000.0,0.0,0.0,-4199806.0,13.731022834777832,499.5168762207031,-0.0005957556422799826,81050.8828125,1.0504193305969238
47100.0,0.0,0.0,-4199807.5,13.878657341003418,497.07232666015625,0.0004951911978423595,81087.625,1.0499433279037476
47200.0,0.0,0.0,-4199823.0,11.160249710083008,508.53582763671875,0.0003396144602447748,81122.2890625,1.0494946241378784
47300.0,0.0,0.0,-4199816.0,11.589849472045898,497.0992126464844,-0.00052055181004107,81154.59375,1.0490769147872925
47400.0,0.0,0.0,-4199818.0,11.787294387817383,496.72113037109375,-0.0005411310121417046,81183.9140625,1.0486979484558105
47500.0,0.0,0.0,-4199815.5,9.575248718261719,493.6153259277344,-0.000838063657283783,81209.3203125,1.0483698844909668
47600.0,0.0,0.0,-4199811.5,11.898083686828613,493.3044738769531,-0.00014948612079024315,81230.7890625,1.0480928421020508
47700.0,0.0,0.0,-4199806.0,12.32357120513916,497.6311950683594,-0.0006016523111611605,81249.140625,1.047856330871582
47800.0,0.0,0.0,-4199806.5,13.086592674255371,502.6690979003906,0.000660682562738657,81263.859375,1.047666311264038
47900.0,0.0,0.0,-4199802.5,12.587782859802246,498.2372741699219,0.0006661165971308947,81275.328125,1.0475186109542847
48000.0,0.0,0.0,-4199806.0,12.699283599853516,500.5718688964844,-0.0007296095136553049,81285.484375,1.0473875999450684
48100.0,0.0,0.0,-4199808.0,10.346099853515625,499.969970703125,-0.0009679931681603193,81293.625,1.0472828149795532
48200.0,0.0,0.0,-4199808.5,15.38180923461914,497.03350830078125,-0.001201337669044733,81299.3828125,1.047208547592163
48300.0,0.0,0.0,-4199817.0,13.29151725769043,503.1327819824219,0.0010847991798073053,81302.7890625,1.0471646785736084
48400.0,0.0,0.0,-4199814.5,10.201058387756348,497.2700500488281,0.0005983528681099415,81304.0703125,1.0471481084823608
48500.0,0.0,0.0,-4199812.0,11.644466400146484,493.38677978515625,-0.0006592678837478161,81303.4453125,1.0471562147140503
48600.0,0.0,0.0,-4199811.5,10.865181922912598,493.28302001953125,-0.00022015557624399662,81300.71875,1.0471913814544678
48700.0,0.0,0.0,-4199818.0,10.515743255615234,503.0430603027344,-0.0006702502723783255,81296.1796875,1.0472497940063477
48800.0,0.0,0.0,-4199807.5,13.153348922729492,499.6533203125,5.372450686991215e-05,81290.03125,1.0473289489746094
48900.0,0.0,0.0,-4199797.0,14.462485313415527,492.6473388671875,0.0004225359298288822,81282.46875,1.047426462173462
49000.0,0.0,0.0,-4199801.5,14.834845542907715,499.4627685546875,-0.00046800868585705757,81272.6328125,1.0475531816482544
49100.0,0.0,0.0,-4199810.5,10.390127182006836,508.6344299316406,0.0002993466332554817,81260.8359375,1.0477052927017212
49200.0,0.0,0.0,-4199813.0,12.234304428100586,508.0585632324219,-0.0006153578869998455,81247.8828125,1.0478723049163818
49300.0,0.0,0.0,-4199811.5,15.94679069519043,502.8130798339844,-0.00033909548074007034,81233.203125,1.0480616092681885
49400.0,0.0,0.0,-4199814.0,15.365530014038086,502.29718017578125,-0.0011382182128727436,81216.515625,1.0482771396636963
49500.0,0.0,0.0,-4199814.0,13.282654762268066,500.14996337890625,0.0003355797380208969,81196.7265625,1.0485326051712036
49600.0,0.0,0.0,-4199811.0,11.734417915344238,496.888671875,0.0007805586792528629,81175.2265625,1.0488102436065674
49700.0,0.0,0.0,-4199816.0,10.587457656860352,503.5054626464844,-0.0005887297447770834,81153.515625,1.0490907430648804
49800.0,0.0,0.0,-4199817.5,11.363190650939941,506.33392333984375,-0.0008659737650305033,81130.203125,1.0493923425674438
49900.0,0.0,0.0,-4199812.5,11.78090763092041,502.1379699707031,-0.0003697914071381092,81105.703125,1.0497092008590698
50000.0,0.0,0.0,-4199805.5,12.265564918518066,497.97100830078125,0.0005310045089572668,81080.3515625,1.0500375032424927
50100.0,0.0,0.0,-4199808.0,13.016365051269531,503.49713134765625,3.240816295146942e-05,81055.578125,1.0503584146499634
50200.0,0.0,0.0,-4199807.5,12.48177719116211,499.359619140625,0.0003614462912082672,81030.265625,1.0506864786148071
50300.0,0.0,0.0,-4199808.5,14.957013130187988,492.9359130859375,-0.0008861727546900511,81003.90625,1.0510283708572388
50400.0,0.0,0.0,-4199814.5,13.181574821472168,494.1986083984375,-0.001049774931743741,80976.421875,1.0513851642608643
50500.0,0.0,0.0,-4199811.0,10.273727416992188,489.37591552734375,0.0003665969707071781,80948.1015625,1.0517529249191284
50600.0,0.0,0.0,-4199812.0,11.847495079040527,492.2499694824219,-6.8670604377985e-05,80919.15625,1.0521291494369507
50700.0,0.0,0.0,-4199819.0,11.898497581481934,503.4319763183594,-4.470068961381912e-05,80889.765625,1.05251145362854
50800.0,0.0,0.0,-4199806.5,15.851865768432617,496.9657897949219,-0.000253965612500906,80860.0234375,1.052898645401001
50900.0,0.0,0.0,-4199806.5,13.582737922668457,501.0736389160156,0.00022611417807638645,80828.9296875,1.053303837776184
51000.0,0.0,0.0,-4199804.0,14.1008939743042,498.9061279296875,0.00028868624940514565,80798.0859375,1.0537056922912598
51100.0,0.0,0.0,-4199813.0,11.543670654296875,506.8686218261719,-0.00019417074508965015,80767.7109375,1.0541020631790161
51200.0,0.0,0.0,-4199809.0,10.605021476745605,498.74713134765625,-0.0004969423171132803,80735.84375,1.054518222808838
51300.0,0.0,0.0,-4199817.0,9.953425407409668,502.8815612792969,-0.00010979548096656799,80701.7890625,1.0549631118774414
51400.0,0.0,0.0,-4199817.5,12.112521171569824,501.3597106933594,0.0002667603548616171,80667.0,1.0554180145263672
51500.0,0.0,0.0,-4199817.0,11.382061958312988,502.58026123046875,-0.00134140788577497,80631.578125,1.0558817386627197
51600.0,0.0,0.0,-4199818.5,11.512090682983398,505.2158508300781,-0.0005936603993177414,80594.4296875,1.0563684701919556
51700.0,0.0,0.0,-4199803.0,13.955889701843262,490.07049560546875,-0.00033671059645712376,80555.109375,1.0568840503692627
51800.0,0.0,0.0,-4199812.5,11.173569679260254,500.33837890625,0.0017778724431991577,80515.0390625,1.0574100017547607
51900.0,0.0,0.0,-4199809.5,11.195412635803223,498.3011474609375,-0.0007947706617414951,80475.640625,1.0579276084899902
52000.0,0.0,0.0,-4199813.5,11.932861328125,505.0733947753906,-0.0007336162962019444,80436.25,1.058445692062378
52100.0,0.0,0.0,-4199818.5,10.601566314697266,515.5011596679688,0.0009621493518352509,80396.1953125,1.0589730739593506
52200.0,0.0,0.0,-4199811.0,12.679821968078613,505.2369689941406,-0.00017835083417594433,80356.5390625,1.0594958066940308
52300.0,0.0,0.0,-4199816.0,12.675541877746582,504.6860656738281,0.0017958525568246841,80316.4765625,1.0600241422653198
52400.0,0.0,0.0,-4199815.5,15.28919792175293,498.61907958984375,-0.0015394794754683971,80276.9921875,1.0605456829071045
52500.0,0.0,0.0,-4199817.0,12.624204635620117,499.118408203125,-0.00015036901459097862,80237.109375,1.0610727071762085
52600.0,0.0,0.0,-4199809.5,16.042137145996094,495.46661376953125,-0.0012221033684909344,80196.8984375,1.0616047382354736
52700.0,0.0,0.0,-4199810.5,12.005648612976074,496.15423583984375,0.0015450736973434687,80156.96875,1.0621336698532104
52800.0,0.0,0.0,-4199819.5,13.974152565002441,505.7971496582031,-5.8183446526527405e-05,80119.4375,1.0626312494277954
52900.0,0.0,0.0,-4199809.0,13.0285005569458,495.1687927246094,-0.0006488477811217308,80083.5,1.063107967376709
53000.0,0.0,0.0,-4199817.5,12.929349899291992,507.7031555175781,-0.000329574104398489,80048.953125,1.0635669231414795
53100.0,0.0,0.0,-4199805.5,11.466290473937988,498.53271484375,0.00027895765379071236,80014.953125,1.064018726348877
53200.0,0.0,0.0,-4199804.5,13.552656173706055,496.83258056640625,0.0019311271607875824,79983.0625,1.0644429922103882
53300.0,0.0,0.0,-4199809.5,12.90732192993164,500.4212951660156,-0.0004244095180183649,79953.9609375,1.0648305416107178
53400.0,0.0,0.0,-4199808.0,12.181469917297363,495.96343994140625,-0.00044257822446525097,79925.984375,1.0652031898498535
53500.0,0.0,0.0,-4199823.5,12.51897144317627,509.4042053222656,-0.0005060206167399883,79899.8828125,1.0655510425567627
53600.0,0.0,0.0,-4199819.5,11.85181713104248,502.09881591796875,0.0018220774363726377,79873.9453125,1.0658972263336182
53700.0,0.0,0.0,-4199815.0,11.692601203918457,495.5372619628906,-0.0003684326075017452,79848.8984375,1.0662314891815186
53800.0,0.0,0.0,-4199815.5,11.599464416503906,495.4363098144531,0.0005031139589846134,79823.8203125,1.0665664672851562
53900.0,0.0,0.0,-4199819.0,11.78631591796875,499.1726379394531,-0.00031364732421934605,79800.0703125,1.0668838024139404
54000.0,0.0,0.0,-4199824.5,10.341196060180664,507.4374084472656,-8.605280891060829e-05,79777.921875,1.0671801567077637
54100.0,0.0,0.0,-4199809.0,15.090937614440918,498.51214599609375,0.0004240931011736393,79757.375,1.0674548149108887
54200.0,0.0,0.0,-4199809.0,11.267420768737793,504.89373779296875,-8.434802293777466e-05,79738.7578125,1.067704200744629
54300.0,0.0,0.0,-4199813.0,13.023701667785645,510.372802734375,0.0005134874954819679,79721.9296875,1.0679296255111694
54400.0,0.0,0.0,-4199810.0,11.063411712646484,505.2734069824219,-0.00037167593836784363,79706.390625,1.068137764930725
54500.0,0.0,0.0,-4199806.0,10.778236389160156,496.8594665527344,0.0003621978685259819,79692.59375,1.068322777748108
54600.0,0.0,0.0,-4199817.5,12.941085815429688,505.07183837890625,0.0003966451622545719,79681.28125,1.0684744119644165
54700.0,0.0,0.0,-4199808.0,12.062713623046875,492.6309814453125,0.0004956158809363842,79672.390625,1.0685936212539673
54800.0,0.0,0.0,-4199808.5,12.527195930480957,494.0031433105469,-2.8078677132725716e-05,79666.3984375,1.0686739683151245
54900.0,0.0,0.0,-4199808.0,11.862772941589355,493.6757507324219,0.00016074767336249352,79662.5078125,1.0687261819839478
55000.0,0.0,0.0,-4199823.5,9.330827713012695,510.75958251953125,0.0023747526574879885,79660.0390625,1.0687593221664429
55100.0,0.0,0.0,-4199814.5,12.971667289733887,500.66778564453125,-0.0004244791343808174,79660.2734375,1.068756103515625
55200.0,0.0,0.0,-4199817.0,12.946784019470215,499.806396484375,-0.0013410637620836496,79662.34375,1.0687283277511597
55300.0,0.0,0.0,-4199817.5,10.999829292297363,493.8516845703125,-0.0008305108640342951,79666.2265625,1.068676233291626
55400.0,0.0,0.0,-4199818.0,10.718692779541016,490.1756896972656,0.0008939458057284355,79672.03125,1.0685985088348389
55500.0,0.0,0.0,-4199818.5,13.193597793579102,489.7067565917969,0.0019097791519016027,79680.5078125,1.0684847831726074
55600.0,0.0,0.0,-4199824.5,11.785037994384766,498.35723876953125,-0.00034819659776985645,79691.8203125,1.0683330297470093
55700.0,0.0,0.0,-4199820.5,13.745820999145508,497.63409423828125,-0.0004918875638395548,79703.109375,1.0681818723678589
55800.0,0.0,0.0,-4199819.0,14.040895462036133,498.833984375,-0.0008942526765167713,79715.4921875,1.0680158138275146
55900.0,0.0,0.0,-4199813.0,16.1094913482666,494.4287109375,0.0006329547613859177,79729.8828125,1.0678231716156006
56000.0,0.0,0.0,-4199819.0,10.713472366333008,502.0255432128906,0.0014012882020324469,79746.4609375,1.0676010847091675
56100.0,0.0,0.0,-4199821.0,13.862272262573242,509.9493408203125,0.0002554822713136673,79765.40625,1.067347526550293
56200.0,0.0,0.0,-4199818.5,9.93304443359375,508.27130126953125,0.00034840498119592667,79786.6328125,1.0670636892318726
56300.0,0.0,0.0,-4199812.5,15.954967498779297,501.1855163574219,-0.0011011185124516487,79810.1015625,1.0667498111724854
56400.0,0.0,0.0,-4199820.5,11.473725318908691,509.9522705078125,0.0019289408810436726,79835.7421875,1.0664072036743164
56500.0,0.0,0.0,-4199813.0,11.710829734802246,497.3919372558594,0.00027442723512649536,79865.0,1.066016435623169
56600.0,0.0,0.0,-4199816.0,10.117422103881836,494.01495361328125,-0.000644672429189086,79895.6171875,1.065608024597168
56700.0,0.0,0.0,-4199815.5,11.786410331726074,493.62713623046875,-0.00014012400060892105,79926.7109375,1.0651934146881104
56800.0,0.0,0.0,-4199812.0,12.417190551757812,489.4677429199219,0.0007709141355007887,79959.1015625,1.064761996269226
56900.0,0.0,0.0,-4199819.5,11.018289566040039,497.77178955078125,0.0006796268280595541,79993.4609375,1.0643045902252197
57000.0,0.0,0.0,-4199819.5,11.855246543884277,500.7945251464844,-0.0006391233764588833,80029.671875,1.0638229846954346
57100.0,0.0,0.0,-4199821.5,9.382757186889648,505.28314208984375,0.00062177749350667,80066.953125,1.063327670097351
57200.0,0.0,0.0,-4199814.5,11.326043128967285,503.2204895019531,0.00018012570217251778,80106.390625,1.0628042221069336
57300.0,0.0,0.0,-4199804.5,15.755938529968262,494.09344482421875,0.0014428014401346445,80148.375,1.0622475147247314
57400.0,0.0,0.0,-4199807.5,12.50710391998291,495.935791015625,-0.00026278034783899784,80193.4375,1.0616505146026611
57500.0,0.0,0.0,-4199805.5,10.391939163208008,500.3787841796875,-0.0005705258809030056,80239.5390625,1.0610405206680298
57600.0,0.0,0.0,-4199813.0,14.315869331359863,507.9306945800781,0.00033366307616233826,80286.078125,1.0604255199432373
57700.0,0.0,0.0,-4199818.0,13.697389602661133,510.4466247558594,-0.0003014872781932354,80332.9453125,1.0598068237304688
57800.0,0.0,0.0,-4199809.5,16.562360763549805,498.6080017089844,0.0015801121480762959,80379.2890625,1.0591957569122314
57900.0,0.0,0.0,-4199809.0,11.077645301818848,498.79754638671875,-0.00021432526409626007,80426.2109375,1.0585780143737793
58000.0,0.0,0.0,-4199807.0,10.863412857055664,494.03472900390625,0.00035185879096388817,80472.921875,1.0579633712768555
58100.0,0.0,0.0,-4199804.5,14.927703857421875,489.18487548828125,0.00018158252350986004,80519.46875,1.0573519468307495
58200.0,0.0,0.0,-4199816.5,11.659537315368652,499.4724426269531,6.22929073870182e-05,80566.5625,1.0567337274551392
58300.0,0.0,0.0,-4199817.0,14.236109733581543,501.287109375,-0.0008860270027071238,80613.2421875,1.056121826171875
58400.0,0.0,0.0,-4199811.0,13.182378768920898,495.2838134765625,-0.0013943209778517485,80658.6015625,1.055527925491333
58500.0,0.0,0.0,-4199821.0,13.552957534790039,507.7756652832031,-0.0001839811448007822,80701.3203125,1.0549691915512085
58600.0,0.0,0.0,-4199813.0,13.200156211853027,499.68267822265625,0.0005762602668255568,80742.1484375,1.0544357299804688
58700.0,0.0,0.0,-4199811.5,12.843332290649414,503.9788818359375,0.0011203575413674116,80780.59375,1.05393385887146
58800.0,0.0,0.0,-4199809.5,12.727433204650879,502.97003173828125,0.00027543120086193085,80818.53125,1.0534391403198242
58900.0,0.0,0.0,-4199800.0,14.562689781188965,491.7838439941406,-0.0014276753645390272,80854.5625,1.0529696941375732
59000.0,0.0,0.0,-4199813.0,11.524200439453125,504.0941467285156,-0.00018842448480427265,80889.578125,1.0525139570236206
59100.0,0.0,0.0,-4199808.5,13.230717658996582,500.4104919433594,-0.0004784173797816038,80924.5625,1.0520590543746948
59200.0,0.0,0.0,-4199812.0,16.263944625854492,504.6541748046875,0.001065951306372881,80958.8046875,1.0516140460968018
59300.0,0.0,0.0,-4199808.5,14.579479217529297,498.29913330078125,-0.0009102621115744114,80992.515625,1.0511761903762817
59400.0,0.0,0.0,-4199815.5,13.452754974365234,501.3352355957031,-0.0007961492519825697,81024.28125,1.0507640838623047
59500.0,0.0,0.0,-4199813.5,11.102362632751465,496.4276123046875,0.0001377025619149208,81053.5,1.0503853559494019
59600.0,0.0,0.0,-4199814.5,11.458292007446289,495.08563232421875,-0.0003029999788850546,81082.2265625,1.0500131845474243
59700.0,0.0,0.0,-4199816.0,12.643579483032227,502.62030029296875,0.0008006442803889513,81109.6015625,1.0496587753295898
59800.0,0.0,0.0,-4199810.5,10.43752670288086,499.59149169921875,-0.00015972997061908245,81135.1015625,1.0493289232254028
59900.0,0.0,0.0,-4199810.5,12.405535697937012,505.426513671875,0.0006529488600790501,81158.390625,1.049027919769287
60000.0,0.0,0.0,-4199799.5,12.164244651794434,500.35107421875,-0.0013604573905467987,81180.4765625,1.048742413520813
60100.0,0.0,0.0,-4199803.0,11.863831520080566,508.5260009765625,-0.00027095479890704155,81199.9453125,1.0484908819198608
60200.0,0.0,0.0,-4199801.5,12.986041069030762,506.1400146484375,-0.0014255838468670845,81217.484375,1.048264741897583
60300.0,0.0,0.0,-4199802.0,14.100996017456055,502.37811279296875,0.00010823248885571957,81232.515625,1.0480705499649048
60400.0,0.0,0.0,-4199808.0,13.321420669555664,502.4803771972656,-9.421794675290585e-05,81245.5,1.047903060913086
60500.0,0.0,0.0,-4199802.0,13.186498641967773,495.1273193359375,0.0001451033167541027,81256.8203125,1.0477570295333862
60600.0,0.0,0.0,-4199802.5,10.399847984313965,494.5466613769531,-0.0005225229542702436,81266.9140625,1.0476268529891968
60700.0,0.0,0.0,-4199805.5,11.90024471282959,497.1410217285156,-0.0008536691311746836,81274.6875,1.0475268363952637
60800.0,0.0,0.0,-4199811.0,12.527823448181152,502.552734375,-3.0632130801677704e-05,81280.40625,1.0474530458450317
60900.0,0.0,0.0,-4199806.0,9.932262420654297,497.1260681152344,-0.0005271336995065212,81284.5546875,1.047399640083313
61000.0,0.0,0.0,-4199812.5,11.21190071105957,503.3404235839844,0.0013871535193175077,81286.8203125,1.0473703145980835
61100.0,0.0,0.0,-4199808.0,10.411930084228516,494.7684326171875,-0.0008253681007772684,81285.9140625,1.0473819971084595
61200.0,0.0,0.0,-4199813.0,13.661890029907227,495.7424621582031,-0.00017424346879124641,81282.9453125,1.0474202632904053
61300.0,0.0,0.0,-4199813.0,11.293395042419434,491.0406799316406,-0.0020571290515363216,81278.2265625,1.0474810600280762
61400.0,0.0,0.0,-4199814.0,12.41458797454834,490.887939453125,0.0008511363994330168,81270.9375,1.0475749969482422
61500.0,0.0,0.0,-4199814.0,11.298664093017578,493.6112976074219,-5.143694579601288e-05,81262.2890625,1.0476865768432617
61600.0,0.0,0.0,-4199809.5,13.437289237976074,495.2192077636719,0.0008196872659027576,81252.1796875,1.0478169918060303
61700.0,0.0,0.0,-4199809.0,11.144492149353027,499.3408203125,-0.00019313464872539043,81240.953125,1.047961711883545
61800.0,0.0,0.0,-4199809.5,12.69252872467041,506.5718994140625,-0.0018397248350083828,81227.578125,1.048134207725525
61900.0,0.0,0.0,-4199807.5,11.423084259033203,505.1576843261719,0.0001791045069694519,81211.6953125,1.0483392477035522
62000.0,0.0,0.0,-4199808.0,10.1870756149292,505.1990051269531,-0.0006258371286094189,81195.3515625,1.0485503673553467
62100.0,0.0,0.0,-4199809.0,12.62463092803955,503.20184326171875,-2.0410865545272827e-05,81176.4375,1.0487946271896362
62200.0,0.0,0.0,-4199807.5,11.271510124206543,498.60479736328125,-0.0008602621965110302,81155.59375,1.049064040184021
62300.0,0.0,0.0,-4199807.0,16.263050079345703,496.5924072265625,0.0010688239708542824,81132.734375,1.0493595600128174
62400.0,0.0,0.0,-4199803.0,12.968988418579102,494.31512451171875,-0.00019308342598378658,81110.0390625,1.049653172492981
62500.0,0.0,0.0,-4199814.5,12.919448852539062,504.28826904296875,-0.0005898561794310808,81087.34375,1.049946904182434
62600.0,0.0,0.0,-4199812.0,14.441614151000977,499.31756591796875,-6.531365215778351e-06,81063.96875,1.050249695777893
62700.0,0.0,0.0,-4199816.0,13.204049110412598,501.3258972167969,0.00026477198116481304,81040.328125,1.0505561828613281
62800.0,0.0,0.0,-4199812.5,16.063621520996094,496.2242431640625,0.000712184701114893,81016.8125,1.050861120223999
62900.0,0.0,0.0,-4199810.5,16.250823974609375,494.0777893066406,0.0004578251391649246,80993.0546875,1.0511692762374878
63000.0,0.0,0.0,-4199810.0,13.811904907226562,494.8834533691406,-0.0010468557011336088,80968.7421875,1.0514848232269287
63100.0,0.0,0.0,-4199816.0,10.615039825439453,502.4906921386719,-0.0008792155422270298,80943.828125,1.051808476448059
63200.0,0.0,0.0,-4199817.5,10.976762771606445,507.7342529296875,0.001011257292702794,80918.421875,1.0521388053894043
63300.0,0.0,0.0,-4199808.5,12.581212997436523,506.1629638671875,0.00026989844627678394,80892.7421875,1.052472710609436
63400.0,0.0,0.0,-4199804.5,11.793323516845703,510.6890869140625,-0.000822184607386589,80866.609375,1.0528128147125244
63500.0,0.0,0.0,-4199795.0,13.592608451843262,503.09661865234375,-0.0004038233309984207,80840.734375,1.0531498193740845
63600.0,0.0,0.0,-4199797.5,11.867118835449219,502.3841247558594,-0.0006913396064192057,80815.125,1.0534836053848267
63700.0,0.0,0.0,-4199809.5,13.302331924438477,509.86187744140625,0.0018225163221359253,80789.9140625,1.0538122653961182
63800.0,0.0,0.0,-4199805.0,13.790148735046387,500.0238952636719,0.001548658823594451,80766.3515625,1.0541198253631592
63900.0,0.0,0.0,-4199810.5,11.93851089477539,504.3682556152344,0.0006265314295887947,80743.703125,1.0544154644012451
64000.0,0.0,0.0,-4199808.5,10.869464874267578,498.11083984375,-0.0018629035912454128,80721.2890625,1.0547083616256714
64100.0,0.0,0.0,-4199804.0,14.448412895202637,490.7867431640625,-0.0013106388505548239,80698.2734375,1.055009126663208
64200.0,0.0,0.0,-4199816.5,11.544866561889648,502.28021240234375,0.0003193644806742668,80675.4765625,1.0553072690963745
64300.0,0.0,0.0,-4199815.0,10.524103164672852,498.9089660644531,0.0007820231840014458,80652.2265625,1.0556113719940186
64400.0,0.0,0.0,-4199813.5,15.684541702270508,496.1715087890625,0.0008408657740801573,80628.5,1.055922031402588
64500.0,0.0,0.0,-4199808.0,11.7823486328125,491.9256591796875,0.00021818233653903008,80605.1796875,1.0562275648117065
64600.0,0.0,0.0,-4199823.0,15.172697067260742,509.1104431152344,-7.078051567077637e-07,80582.7578125,1.0565214157104492
64700.0,0.0,0.0,-4199813.0,12.79033088684082,499.5949401855469,-0.0012097794096916914,80561.4453125,1.0568008422851562
64800.0,0.0,0.0,-4199818.0,13.082807540893555,506.2167663574219,-0.0007085439283400774,80541.21875,1.0570663213729858
64900.0,0.0,0.0,-4199810.5,13.186331748962402,499.52178955078125,0.00040602614171803,80522.59375,1.0573108196258545
65000.0,0.0,0.0,-4199812.0,12.41280460357666,501.9373474121094,0.001462664920836687,80505.6328125,1.0575335025787354
65100.0,0.0,0.0,-4199813.5,11.560344696044922,504.2010498046875,0.0009258876089006662,80489.8984375,1.057740330696106
65200.0,0.0,0.0,-4199815.0,10.742862701416016,504.5874328613281,-0.0008174292743206024,80475.4453125,1.0579302310943604
65300.0,0.0,0.0,-4199806.5,11.457318305969238,493.8781433105469,-0.0009331158362329006,80461.7578125,1.0581103563308716
65400.0,0.0,0.0,-4199813.5,12.193166732788086,497.7374572753906,0.00014196825213730335,80449.5234375,1.0582711696624756
65500.0,0.0,0.0,-4199816.0,11.708528518676758,496.6983642578125,0.0010750715155154467,80439.203125,1.0584068298339844
65600.0,0.0,0.0,-4199813.5,13.481049537658691,491.26739501953125,0.0009188682306557894,80432.6484375,1.0584931373596191
65700.0,0.0,0.0,-4199816.5,11.196039199829102,494.2992248535156,-0.00018007028847932816,80428.6171875,1.0585463047027588
65800.0,0.0,0.0,-4199813.0,11.91308307647705,494.0609436035156,-0.000272905919700861,80426.40625,1.0585752725601196
65900.0,0.0,0.0,-4199812.5,18.351701736450195,501.267822265625,0.0005545206367969513,80426.28125,1.0585769414901733
66000.0,0.0,0.0,-4199811.5,10.133160591125488,511.18035888671875,0.0006070961244404316,80427.625,1.0585592985153198
66100.0,0.0,0.0,-4199810.0,12.53016471862793,510.7232666015625,0.00021082302555441856,80430.15625,1.0585259199142456
66200.0,0.0,0.0,-4199803.5,10.366935729980469,500.9037170410156,0.00014013121835887432,80433.84375,1.0584774017333984
66300.0,0.0,0.0,-4199816.0,12.227987289428711,509.1410217285156,0.00038458965718746185,80438.515625,1.0584160089492798
66400.0,0.0,0.0,-4199811.0,14.508135795593262,499.6997985839844,0.0013553383760154247,80443.859375,1.0583456754684448
66500.0,0.0,0.0,-4199809.5,10.98239803314209,495.2059020996094,-0.0006443527527153492,80449.96875,1.058265209197998
66600.0,0.0,0.0,-4199820.0,13.895454406738281,503.88201904296875,0.0001156926155090332,80456.171875,1.0581837892532349
66700.0,0.0,0.0,-4199817.5,12.771427154541016,499.6734313964844,-0.00015184469521045685,80463.09375,1.058092713356018
66800.0,0.0,0.0,-4199814.0,13.134378433227539,496.98028564453125,0.000802675262093544,80470.453125,1.0579959154129028
66900.0,0.0,0.0,-4199814.0,13.108957290649414,500.44073486328125,4.703016020357609e-05,80478.6953125,1.0578875541687012
67000.0,0.0,0.0,-4199814.5,13.147323608398438,505.039794921875,-0.00014194101095199585,80487.6484375,1.057769775390625
67100.0,0.0,0.0,-4199808.0,12.54500675201416,504.1009216308594,0.00048034870997071266,80497.21875,1.0576441287994385
67200.0,0.0,0.0,-4199808.5,10.886533737182617,509.4590759277344,0.0003239894285798073,80507.9375,1.0575032234191895
67300.0,0.0,0.0,-4199810.0,10.566638946533203,512.0676879882812,2.0483974367380142e-05,80519.078125,1.0573569536209106
67400.0,0.0,0.0,-4199805.0,9.640324592590332,501.7154846191406,-0.0008581748697906733,80530.0078125,1.057213544845581
67500.0,0.0,0.0,-4199800.0,10.479028701782227,493.5657653808594,0.0007511591538786888,80540.53125,1.0570752620697021
67600.0,0.0,0.0,-4199810.5,12.506136894226074,501.4766540527344,0.0004467419348657131,80552.3046875,1.0569207668304443
67700.0,0.0,0.0,-4199812.0,13.370416641235352,501.46112060546875,0.000539255328476429,80565.1171875,1.0567526817321777
67800.0,0.0,0.0,-4199815.5,14.395110130310059,503.4937438964844,0.00027664098888635635,80580.0703125,1.0565565824508667
67900.0,0.0,0.0,-4199807.5,10.993634223937988,493.9463195800781,0.00014755036681890488,80597.6953125,1.0563255548477173
68000.0,0.0,0.0,-4199817.5,11.270589828491211,503.2021484375,-3.4510158002376556e-05,80618.203125,1.0560568571090698
68100.0,0.0,0.0,-4199814.0,10.871698379516602,503.5610046386719,-0.0007366382051259279,80640.4453125,1.0557656288146973
68200.0,0.0,0.0,-4199802.0,12.612064361572266,491.6145935058594,-0.00020715221762657166,80664.2265625,1.0554543733596802
68300.0,0.0,0.0,-4199810.0,13.138520240783691,499.74517822265625,0.0008583406452089548,80689.8125,1.0551197528839111
68400.0,0.0,0.0,-4199806.5,13.730039596557617,496.6434020996094,0.0011205605696886778,80716.4453125,1.0547715425491333
68500.0,0.0,0.0,-4199818.0,12.812956809997559,505.0042419433594,0.000996762653812766,80743.296875,1.0544207096099854
68600.0,0.0,0.0,-4199810.0,12.077007293701172,495.8070373535156,-0.0018654256127774715,80770.234375,1.0540691614151
68700.0,0.0,0.0,-4199812.0,12.172762870788574,495.78607177734375,-0.0010101094376295805,80796.8359375,1.0537220239639282
68800.0,0.0,0.0,-4199817.0,14.898078918457031,499.3186950683594,0.0003045902121812105,80822.8984375,1.0533822774887085
68900.0,0.0,0.0,-4199812.5,14.969231605529785,494.39227294921875,0.0011421439703553915,80850.1328125,1.0530273914337158
69000.0,0.0,0.0,-4199819.5,10.767125129699707,502.9989318847656,0.00040365452878177166,80879.1796875,1.0526493787765503
69100.0,0.0,0.0,-4199810.5,10.615326881408691,499.12762451171875,-0.0016233115456998348,80908.03125,1.0522738695144653
69200.0,0.0,0.0,-4199806.5,10.39770221710205,503.54571533203125,-0.0006740763783454895,80935.703125,1.051914095878601
69300.0,0.0,0.0,-4199806.0,14.583420753479004,508.2234191894531,0.0004922989755868912,80962.7734375,1.0515624284744263
69400.0,0.0,0.0,-4199804.0,10.88104248046875,506.8141784667969,0.001187106128782034,80991.3359375,1.0511915683746338
69500.0,0.0,0.0,-4199806.0,13.619579315185547,506.26806640625,-0.0002564594615250826,81022.625,1.0507855415344238
69600.0,0.0,0.0,-4199801.0,13.52862548828125,499.9166564941406,-0.00040707364678382874,81055.7109375,1.0503566265106201
69700.0,0.0,0.0,-4199800.5,11.256444931030273,496.2663269042969,-0.00021089683286845684,81089.90625,1.049913763999939
69800.0,0.0,0.0,-4199806.0,12.96450424194336,502.7966613769531,0.0004233121871948242,81125.4453125,1.049453854560852
69900.0,0.0,0.0,-4199812.5,15.168489456176758,507.294677734375,0.00042302883230149746,81161.8828125,1.0489826202392578
70000.0,0.0,0.0,-4199808.0,12.602176666259766,498.0788879394531,0.0003158964682370424,81197.578125,1.0485215187072754
70100.0,0.0,0.0,-4199813.5,10.86674690246582,505.0027160644531,-0.001443392364308238,81232.546875,1.0480701923370361
70200.0,0.0,0.0,-4199808.5,13.534186363220215,496.878173828125,0.00016734283417463303,81266.15625,1.0476367473602295
70300.0,0.0,0.0,-4199813.5,11.149347305297852,499.1329040527344,0.0003869934007525444,81299.0703125,1.0472126007080078
70400.0,0.0,0.0,-4199814.0,13.796606063842773,498.36224365234375,0.0008906822185963392,81331.1953125,1.0467989444732666
70500.0,0.0,0.0,-4199800.0,10.70224380493164,487.37396240234375,-0.0003029464278370142,81362.6171875,1.0463945865631104
70600.0,0.0,0.0,-4199806.5,15.960365295410156,498.3166809082031,-0.0009276936762034893,81393.3203125,1.0459998846054077
70700.0,0.0,0.0,-4199804.0,11.864530563354492,501.7132873535156,0.00015371409244835377,81423.171875,1.0456163883209229
70800.0,0.0,0.0,-4199804.0,13.233841896057129,510.1330871582031,0.0006024995818734169,81452.7578125,1.045236587524414
70900.0,0.0,0.0,-4199802.5,11.423384666442871,509.8844299316406,0.0005436493083834648,81482.7109375,1.0448524951934814
71000.0,0.0,0.0,-4199803.5,11.383522033691406,510.44482421875,-0.0007574167102575302,81512.5859375,1.0444694757461548
71100.0,0.0,0.0,-4199804.5,11.309210777282715,507.0706481933594,-0.00036118272691965103,81540.7109375,1.0441092252731323
71200.0,0.0,0.0,-4199811.5,15.154779434204102,509.6251525878906,-0.00012391782365739346,81566.59375,1.0437778234481812
71300.0,0.0,0.0,-4199805.0,13.228114128112793,499.7153015136719,0.00018043676391243935,81591.15625,1.0434637069702148
71400.0,0.0,0.0,-4199813.5,10.84178638458252,505.94287109375,0.0007241724524646997,81614.9609375,1.0431593656539917
71500.0,0.0,0.0,-4199808.0,14.710609436035156,498.2286376953125,-0.0009365158621221781,81637.828125,1.0428670644760132
71600.0,0.0,0.0,-4199809.5,12.83718204498291,497.2033386230469,-0.0005240652244538069,81658.328125,1.0426054000854492
71700.0,0.0,0.0,-4199813.0,12.716681480407715,501.0570983886719,0.00023238034918904305,81676.796875,1.0423696041107178
71800.0,0.0,0.0,-4199802.5,11.321793556213379,494.17926025390625,0.0010795383714139462,81693.6796875,1.0421541929244995
71900.0,0.0,0.0,-4199811.5,11.379800796508789,500.7945861816406,-0.0015192714054137468,81708.7890625,1.041961669921875
72000.0,0.0,0.0,-4199811.5,11.475090026855469,495.90667724609375,-0.0004658217076212168,81720.953125,1.0418063402175903
72100.0,0.0,0.0,-4199814.0,10.749194145202637,494.97174072265625,-0.00028173974715173244,81730.4375,1.0416855812072754
72200.0,0.0,0.0,-4199810.5,9.116714477539062,491.18072509765625,-0.0001232039649039507,81738.171875,1.041586995124817
72300.0,0.0,0.0,-4199815.0,9.968404769897461,498.1219177246094,-0.0003298567607998848,81743.796875,1.0415152311325073
72400.0,0.0,0.0,-4199810.5,15.422174453735352,497.3468017578125,-0.0007669567130506039,81746.765625,1.0414774417877197
72500.0,0.0,0.0,-4199807.0,14.844021797180176,497.03759765625,0.0002714113797992468,81746.0078125,1.0414870977401733
72600.0,0.0,0.0,-4199806.0,9.77609920501709,498.476318359375,-0.0013496221508830786,81742.34375,1.0415335893630981
72700.0,0.0,0.0,-4199808.0,12.16379165649414,501.3074645996094,-0.0004976368509232998,81736.2578125,1.0416113138198853
72800.0,0.0,0.0,-4199806.0,12.35190486907959,500.73480224609375,-0.00029520667158067226,81728.765625,1.0417068004608154
72900.0,0.0,0.0,-4199814.0,12.932655334472656,510.142822265625,0.001052442705258727,81718.953125,1.0418319702148438
73000.0,0.0,0.0,-4199804.0,11.547957420349121,501.0626220703125,3.538466989994049e-05,81707.4765625,1.041978120803833
73100.0,0.0,0.0,-4199816.0,13.979513168334961,510.4066467285156,1.8287217244505882e-05,81694.40625,1.042145013809204
73200.0,0.0,0.0,-4199802.5,11.473443031311035,490.53643798828125,-0.0010105324909090996,81678.703125,1.0423451662063599
73300.0,0.0,0.0,-4199812.0,10.197998046875,496.80499267578125,-0.0007901303470134735,81660.265625,1.0425806045532227
73400.0,0.0,0.0,-4199810.0,13.447040557861328,494.07110595703125,-0.00021910644136369228,81640.84375,1.0428285598754883
73500.0,0.0,0.0,-4199814.0,16.032596588134766,501.23004150390625,-0.0004318084102123976,81618.78125,1.0431106090545654
73600.0,0.0,0.0,-4199812.5,13.131768226623535,502.099853515625,-4.625646397471428e-06,81592.8671875,1.0434417724609375
73700.0,0.0,0.0,-4199811.5,10.02285385131836,509.7904968261719,6.563449278473854e-05,81564.4453125,1.0438053607940674
73800.0,0.0,0.0,-4199808.0,12.537317276000977,514.69677734375,0.00022332742810249329,81533.65625,1.0441995859146118
73900.0,0.0,0.0,-4199791.5,12.3996000289917,500.66802978515625,-0.00030032452195882797,81501.546875,1.0446109771728516
74000.0,0.0,0.0,-4199806.0,10.604536056518555,514.7051391601562,-0.0004042130894958973,81467.53125,1.0450470447540283
74100.0,0.0,0.0,-4199800.5,12.267335891723633,506.23297119140625,-0.0003498378209769726,81432.2734375,1.045499563217163
74200.0,0.0,0.0,-4199805.0,12.376773834228516,508.1141662597656,0.0001299737486988306,81395.1640625,1.0459762811660767
74300.0,0.0,0.0,-4199811.0,13.998111724853516,509.3773498535156,-5.290703848004341e-05,81356.2890625,1.046476125717163
74400.0,0.0,0.0,-4199807.5,10.119354248046875,502.1490173339844,-9.047705680131912e-05,81315.2265625,1.0470045804977417
74500.0,0.0,0.0,-4199810.0,12.98874282836914,503.36285400390625,2.369796857237816e-05,81273.125,1.0475469827651978
74600.0,0.0,0.0,-4199807.0,10.39322280883789,497.7367858886719,6.356136873364449e-05,81229.4140625,1.0481106042861938
74700.0,0.0,0.0,-4199809.5,13.123745918273926,500.80841064453125,-0.0008248812519013882,81184.734375,1.0486873388290405
74800.0,0.0,0.0,-4199809.5,11.251372337341309,499.04937744140625,0.00020709889940917492,81139.5703125,1.0492711067199707
74900.0,0.0,0.0,-4199815.5,10.984732627868652,503.71600341796875,-0.00018157623708248138,81094.21875,1.0498579740524292
75000.0,0.0,0.0,-4199810.0,14.538544654846191,496.5760192871094,0.00015448802150785923,81046.7109375,1.0504733324050903
75100.0,0.0,0.0,-4199816.0,12.002073287963867,500.6874084472656,-4.7173816710710526e-05,80997.7265625,1.0511085987091064
75200.0,0.0,0.0,-4199815.0,10.239792823791504,495.993408203125,3.407103940844536e-05,80946.859375,1.0517691373825073
75300.0,0.0,0.0,-4199814.5,9.963536262512207,490.24688720703125,-0.00039918161928653717,80893.8359375,1.052458643913269
75400.0,0.0,0.0,-4199821.5,10.593673706054688,496.611328125,-0.0012328051961958408,80839.078125,1.0531713962554932
75500.0,0.0,0.0,-4199816.0,12.911884307861328,493.2037353515625,-7.594097405672073e-05,80783.2265625,1.0538995265960693
75600.0,0.0,0.0,-4199815.5,12.792284965515137,498.4435729980469,0.0009083189070224762,80727.1171875,1.0546320676803589
75700.0,0.0,0.0,-4199812.0,11.200784683227539,496.9562072753906,0.002180352807044983,80670.7421875,1.0553690195083618
75800.0,0.0,0.0,-4199811.0,10.758914947509766,499.4537353515625,-5.2755698561668396e-05,80614.2265625,1.0561089515686035
75900.0,0.0,0.0,-4199805.0,10.619009971618652,496.6100769042969,-0.0011881112586706877,80558.3046875,1.0568422079086304
76000.0,0.0,0.0,-4199805.0,14.21394157409668,496.7135314941406,-0.0016899406909942627,80502.625,1.0575730800628662
76100.0,0.0,0.0,-4199815.5,13.674487113952637,507.7075500488281,0.0004130285233259201,80446.9921875,1.0583044290542603
76200.0,0.0,0.0,-4199811.0,11.026968002319336,498.8298645019531,0.00230747670866549,80392.3359375,1.0590238571166992
76300.0,0.0,0.0,-4199816.5,10.620509147644043,499.83154296875,0.0011800846550613642,80338.921875,1.0597281455993652
76400.0,0.0,0.0,-4199810.0,14.989225387573242,494.359375,-0.0007672922220081091,80286.3515625,1.0604219436645508
76500.0,0.0,0.0,-4199808.0,12.153590202331543,491.6155090332031,-0.002289202995598316,80235.546875,1.0610933303833008
76600.0,0.0,0.0,-4199814.5,12.707625389099121,500.46466064453125,-0.00043329549953341484,80186.6484375,1.0617403984069824
76700.0,0.0,0.0,-4199809.0,13.20586109161377,498.6158752441406,0.0010549225844442844,80139.8203125,1.0623608827590942
76800.0,0.0,0.0,-4199811.5,12.275348663330078,501.27313232421875,0.00148004200309515,80094.234375,1.0629656314849854
76900.0,0.0,0.0,-4199811.5,13.913104057312012,507.08331298828125,0.000393472146242857,80050.6796875,1.0635437965393066
77000.0,0.0,0.0,-4199815.5,11.765519142150879,507.0920715332031,-0.0003986665979027748,80008.421875,1.06410551071167
77100.0,0.0,0.0,-4199813.0,12.02445125579834,496.75311279296875,-0.0006432130467146635,79966.46875,1.0646638870239258
77200.0,0.0,0.0,-4199809.0,19.001020431518555,492.33880615234375,0.0004837801679968834,79926.1171875,1.0652014017105103
77300.0,0.0,0.0,-4199815.5,11.09079647064209,498.5809326171875,0.0007919506169855595,79888.140625,1.0657076835632324
77400.0,0.0,0.0,-4199818.0,12.196855545043945,502.4301452636719,0.00018130824901163578,79852.546875,1.0661827325820923
77500.0,0.0,0.0,-4199812.5,10.550616264343262,498.8763427734375,-0.0011824863031506538,79818.9921875,1.0666310787200928
77600.0,0.0,0.0,-4199815.5,12.513911247253418,503.239501953125,-0.00027346331626176834,79786.71875,1.0670623779296875
77700.0,0.0,0.0,-4199811.5,12.147412300109863,499.1042785644531,0.000742811243981123,79755.671875,1.067477822303772
77800.0,0.0,0.0,-4199816.0,10.355328559875488,503.8305358886719,-0.00017898622900247574,79726.515625,1.0678681135177612
77900.0,0.0,0.0,-4199814.0,11.988065719604492,496.8679504394531,0.00046631344594061375,79698.640625,1.0682417154312134
78000.0,0.0,0.0,-4199818.5,10.884958267211914,497.4052734375,0.0004875978920608759,79672.765625,1.0685886144638062
78100.0,0.0,0.0,-4199823.5,9.564162254333496,502.1092529296875,0.0006172428838908672,79649.4296875,1.0689016580581665
78200.0,0.0,0.0,-4199819.0,12.466679573059082,496.7473449707031,-0.00042548798955976963,79628.3203125,1.0691850185394287
78300.0,0.0,0.0,-4199814.0,11.409153938293457,493.24847412109375,-0.0008345632813870907,79608.8203125,1.0694469213485718
78400.0,0.0,0.0,-4199816.0,12.193120956420898,500.03643798828125,0.0005236722063273191,79590.390625,1.0696945190429688
78500.0,0.0,0.0,-4199823.0,13.792369842529297,510.6686096191406,0.0019502085633575916,79573.296875,1.0699243545532227
78600.0,0.0,0.0,-4199811.0,14.492103576660156,502.18511962890625,0.0012411130592226982,79558.796875,1.0701193809509277
78700.0,0.0,0.0,-4199808.0,12.002504348754883,506.97186279296875,-0.0015841564163565636,79548.9140625,1.0702522993087769
78800.0,0.0,0.0,-4199806.5,11.023543357849121,511.84906005859375,-0.0011428296566009521,79542.265625,1.07034170627594
78900.0,0.0,0.0,-4199809.5,11.750370979309082,514.1071166992188,0.0010282183066010475,79538.4296875,1.0703933238983154
79000.0,0.0,0.0,-4199807.0,13.86829662322998,504.7698669433594,0.0023052948527038097,79538.5859375,1.070391297340393
79100.0,0.0,0.0,-4199808.0,12.979727745056152,500.40972900390625,0.0007772285025566816,79544.2890625,1.0703145265579224
79200.0,0.0,0.0,-4199810.5,18.048234939575195,503.65277099609375,-0.00041845347732305527,79553.015625,1.0701972246170044
79300.0,0.0,0.0,-4199817.0,11.511828422546387,509.1444396972656,-0.0009637582115828991,79563.84375,1.0700514316558838
79400.0,0.0,0.0,-4199811.0,15.56861400604248,502.03143310546875,0.0005218954756855965,79577.125,1.0698728561401367
79500.0,0.0,0.0,-4199817.5,12.874763488769531,504.5339660644531,0.001613509375602007,79592.8671875,1.069661259651184
79600.0,0.0,0.0,-4199814.5,12.883222579956055,497.8297119140625,0.0011184995528310537,79610.203125,1.0694284439086914
79700.0,0.0,0.0,-4199818.5,11.797072410583496,501.0804748535156,-0.00029095797799527645,79630.125,1.0691609382629395
79800.0,0.0,0.0,-4199821.0,13.62211799621582,502.48968505859375,-0.00012756139039993286,79653.2421875,1.0688505172729492
79900.0,0.0,0.0,-4199811.0,12.833746910095215,494.0445861816406,-0.000258598942309618,79677.6875,1.068522572517395
80000.0,0.0,0.0,-4199819.5,10.934747695922852,502.9971923828125,-0.0009224191308021545,79702.6875,1.0681873559951782
80100.0,0.0,0.0,-4199812.0,11.017573356628418,495.5301208496094,-0.00036290078423917294,79726.734375,1.067865252494812
80200.0,0.0,0.0,-4199812.5,10.875089645385742,492.25506591796875,-0.000253213569521904,79751.3671875,1.0675355195999146
80300.0,0.0,0.0,-4199815.5,17.4090633392334,492.35601806640625,0.0009617919567972422,79775.3984375,1.067213773727417
80400.0,0.0,0.0,-4199826.0,12.633294105529785,500.0800476074219,-2.7045374736189842e-05,79799.765625,1.0668879747390747
80500.0,0.0,0.0,-4199815.5,13.113768577575684,489.5162353515625,0.00028040166944265366,79824.75,1.0665541887283325
80600.0,0.0,0.0,-4199819.5,15.684109687805176,496.6774597167969,-0.0004212257917970419,79850.625,1.0662084817886353
80700.0,0.0,0.0,-4199812.0,13.015809059143066,494.95916748046875,0.0008912824559956789,79877.375,1.0658513307571411
80800.0,0.0,0.0,-4199809.5,11.708939552307129,499.7856750488281,0.00036143441684544086,79905.5625,1.0654754638671875
80900.0,0.0,0.0,-4199809.0,13.796268463134766,503.4136657714844,0.00016366899944841862,79935.1171875,1.0650813579559326
81000.0,0.0,0.0,-4199805.0,11.015202522277832,500.04400634765625,-0.000277417479082942,79966.890625,1.064658284187317
81100.0,0.0,0.0,-4199811.0,10.719718933105469,506.11083984375,-0.0006991853006184101,80001.0859375,1.064203143119812
81200.0,0.0,0.0,-4199809.0,14.77642822265625,503.0250549316406,8.5839768871665e-05,80037.4140625,1.0637201070785522
81300.0,0.0,0.0,-4199809.5,15.854840278625488,499.0531005859375,0.0007452110294252634,80074.4453125,1.0632281303405762
81400.0,0.0,0.0,-4199810.5,12.959972381591797,496.6078186035156,0.0002321165520697832,80113.0390625,1.062716007232666
81500.0,0.0,0.0,-4199805.5,11.160470008850098,491.4024963378906,3.579910844564438e-05,80153.4140625,1.062180757522583
81600.0,0.0,0.0,-4199816.5,10.754860877990723,504.59521484375,0.0003552194684743881,80195.34375,1.061625361442566
81700.0,0.0,0.0,-4199818.5,9.803089141845703,504.4622802734375,0.0007239968981593847,80239.5234375,1.0610408782958984
81800.0,0.0,0.0,-4199810.5,11.528430938720703,496.08349609375,-0.000502103241160512,80284.859375,1.0604416131973267
81900.0,0.0,0.0,-4199821.0,17.517879486083984,504.8489990234375,-0.00015859794802963734,80329.5703125,1.0598515272140503
82000.0,0.0,0.0,-4199817.5,10.987580299377441,499.12738037109375,0.001104030990973115,80374.1015625,1.0592644214630127
82100.0,0.0,0.0,-4199812.5,10.581771850585938,487.0547180175781,0.000129293417558074,80420.1796875,1.0586572885513306
82200.0,0.0,0.0,-4199815.5,11.762893676757812,484.6778564453125,-0.000840683002024889,80467.4453125,1.0580356121063232
82300.0,0.0,0.0,-4199824.0,10.419697761535645,494.084228515625,-0.0015305785927921534,80515.140625,1.0574086904525757
82400.0,0.0,0.0,-4199820.0,10.608362197875977,494.16961669921875,0.0005755857564508915,80560.8203125,1.0568091869354248
82500.0,0.0,0.0,-4199814.5,11.491887092590332,499.7352294921875,0.0016212002374231815,80605.0859375,1.056228756904602
82600.0,0.0,0.0,-4199812.5,12.345595359802246,503.419921875,0.000862957676872611,80648.3046875,1.0556626319885254
82700.0,0.0,0.0,-4199807.0,12.320794105529785,497.7325744628906,-0.0006014418322592974,80690.0390625,1.0551167726516724
82800.0,0.0,0.0,-4199812.5,10.626290321350098,506.74652099609375,-0.0012913125101476908,80731.3203125,1.054577112197876
82900.0,0.0,0.0,-4199800.0,11.084160804748535,491.4618225097656,-4.384131170809269e-05,80772.390625,1.0540409088134766
83000.0,0.0,0.0,-4199802.0,13.376883506774902,492.3697204589844,-0.0019249834585934877,80812.734375,1.0535147190093994
83100.0,0.0,0.0,-4199810.5,11.804222106933594,498.9099426269531,0.0009409096091985703,80850.875,1.0530177354812622
83200.0,0.0,0.0,-4199809.5,11.17012882232666,493.1858215332031,0.0009021221194416285,80887.1796875,1.0525450706481934
83300.0,0.0,0.0,-4199813.0,10.810406684875488,495.0906982421875,0.0010200513061136007,80921.4609375,1.052099347114563
83400.0,0.0,0.0,-4199820.5,11.467554092407227,501.2346496582031,-0.001049794489517808,80953.859375,1.05167818069458
83500.0,0.0,0.0,-4199820.0,11.290226936340332,499.6112365722656,-0.002119161654263735,80983.390625,1.0512946844100952
83600.0,0.0,0.0,-4199814.0,11.379549026489258,498.0434265136719,-0.00016292743384838104,81010.0625,1.0509485006332397
83700.0,0.0,0.0,-4199814.5,11.170809745788574,509.4941101074219,0.0005053207278251648,81034.234375,1.0506350994110107
83800.0,0.0,0.0,-4199802.0,11.800840377807617,501.4575500488281,0.0016068832483142614,81055.9140625,1.05035400390625
83900.0,0.0,0.0,-4199804.0,11.655946731567383,504.30615234375,-0.0010266420431435108,81075.71875,1.0500974655151367
84000.0,0.0,0.0,-4199802.5,12.573809623718262,501.4486083984375,-3.1809089705348015e-05,81092.390625,1.0498816967010498
84100.0,0.0,0.0,-4199812.0,10.591507911682129,507.4270324707031,-0.000477649737149477,81106.984375,1.0496926307678223
84200.0,0.0,0.0,-4199807.0,13.45534610748291,499.9076843261719,-0.0007589508313685656,81119.125,1.0495355129241943
84300.0,0.0,0.0,-4199808.0,14.086490631103516,498.0854187011719,-0.0006107473745942116,81128.515625,1.049414038658142
84400.0,0.0,0.0,-4199806.0,11.876209259033203,495.95635986328125,-7.550930604338646e-06,81136.203125,1.0493146181106567
84500.0,0.0,0.0,-4199814.5,14.242537498474121,504.3627014160156,0.0013076809700578451,81141.2734375,1.0492490530014038
84600.0,0.0,0.0,-4199814.5,10.950763702392578,504.8705749511719,-0.0005597972776740789,81144.3359375,1.0492095947265625
84700.0,0.0,0.0,-4199806.0,12.929645538330078,496.44964599609375,-0.0010606050491333008,81146.0390625,1.049187421798706
84800.0,0.0,0.0,-4199809.0,12.653223037719727,504.5021667480469,-0.00119097251445055,81145.28125,1.0491973161697388
84900.0,0.0,0.0,-4199808.0,11.207208633422852,502.96612548828125,0.0005970036145299673,81142.2734375,1.0492361783981323
85000.0,0.0,0.0,-4199808.5,15.672419548034668,503.036376953125,0.0008446478750556707,81138.4296875,1.049285888671875
85100.0,0.0,0.0,-4199807.5,10.548073768615723,498.6098937988281,-0.0005119508132338524,81133.296875,1.0493522882461548
85200.0,0.0,0.0,-4199815.5,12.723222732543945,502.11297607421875,-0.0009390874765813351,81125.1875,1.04945707321167
85300.0,0.0,0.0,-4199814.0,14.101775169372559,497.3905944824219,-0.0007994496263563633,81114.2421875,1.0495986938476562
85400.0,0.0,0.0,-4199822.0,12.641654968261719,505.17041015625,0.00020312471315264702,81100.3046875,1.0497790575027466
85500.0,0.0,0.0,-4199811.5,10.983563423156738,495.0087890625,0.00022767973132431507,81083.0546875,1.0500024557113647
85600.0,0.0,0.0,-4199811.5,10.514532089233398,498.6428527832031,-0.0008076110389083624,81063.078125,1.0502612590789795
85700.0,0.0,0.0,-4199812.0,12.094779014587402,505.4022521972656,-0.00040165940299630165,81040.78125,1.0505502223968506
85800.0,0.0,0.0,-4199809.5,13.717011451721191,508.5595397949219,-0.0008404890540987253,81016.953125,1.0508592128753662
85900.0,0.0,0.0,-4199804.5,12.072065353393555,506.6117858886719,0.0014076577499508858,80991.2265625,1.0511929988861084
86000.0,0.0,0.0,-4199804.0,12.31596851348877,507.1111145019531,-9.327568113803864e-05,80964.453125,1.0515406131744385
86100.0,0.0,0.0,-4199804.0,11.341547966003418,503.35235595703125,2.104463055729866e-05,80935.59375,1.0519155263900757
86200.0,0.0,0.0,-4199813.5,16.40769386291504,505.69891357421875,-0.00039939815178513527,80904.5390625,1.0523192882537842
86300.0,0.0,0.0,-4199803.5,13.010252952575684,491.6738586425781,-0.0008785496465861797,80871.2109375,1.05275297164917
86400.0,0.0,0.0,-4199808.0,9.703357696533203,497.6802673339844,0.0002169869840145111,80836.1015625,1.0532101392745972
86500.0,0.0,0.0,-4199806.0,11.91623592376709,493.9061279296875,-0.00041948864236474037,80799.21875,1.053691029548645
86600.0,0.0,0.0,-4199810.0,12.587900161743164,498.4591064453125,0.000915066571906209,80759.921875,1.0542036294937134
86700.0,0.0,0.0,-4199812.0,10.067426681518555,500.0362243652344,-0.0005286727100610733,80718.96875,1.0547385215759277
86800.0,0.0,0.0,-4199815.5,13.441502571105957,502.3846435546875,0.0012209517881274223,80676.3515625,1.055295705795288
86900.0,0.0,0.0,-4199812.0,10.418951034545898,497.7123107910156,-0.0010720174759626389,80632.3046875,1.0558722019195557
87000.0,0.0,0.0,-4199809.5,11.393647193908691,492.5528869628906,-0.0006639466155320406,80585.84375,1.056480884552002
87100.0,0.0,0.0,-4199823.5,9.924895286560059,505.9195861816406,-0.0002862638793885708,80537.8203125,1.0571109056472778
87200.0,0.0,0.0,-4199816.5,13.704178810119629,495.5162048339844,4.109833389520645e-05,80487.9375,1.057766079902649
87300.0,0.0,0.0,-4199824.5,11.397336959838867,502.1915283203125,4.20308206230402e-05,80437.0390625,1.0584354400634766
87400.0,0.0,0.0,-4199812.5,9.043667793273926,488.6607360839844,-0.0004219256807118654,80384.359375,1.0591291189193726
87500.0,0.0,0.0,-4199812.5,11.897165298461914,492.3277282714844,0.00015263096429407597,80330.0625,1.0598448514938354
87600.0,0.0,0.0,-4199811.0,12.476242065429688,497.5328674316406,-5.8448174968361855e-05,80274.453125,1.0605790615081787
87700.0,0.0,0.0,-4199813.5,10.715080261230469,508.70037841796875,0.0014217151328921318,80218.0234375,1.061325192451477
87800.0,0.0,0.0,-4199807.5,10.46965503692627,511.82958984375,1.2484844774007797e-05,80162.234375,1.0620638132095337
87900.0,0.0,0.0,-4199807.0,13.699103355407715,510.11492919921875,-0.0009653912857174873,80106.1484375,1.0628074407577515
88000.0,0.0,0.0,-4199812.0,11.516740798950195,511.4036560058594,-0.000874791294336319,80050.2109375,1.0635501146316528
88100.0,0.0,0.0,-4199806.0,15.324749946594238,499.29693603515625,-0.0006450815126299858,79993.4765625,1.0643043518066406
88200.0,0.0,0.0,-4199813.5,10.854850769042969,504.84326171875,0.0015600770711898804,79936.4296875,1.0650639533996582
88300.0,0.0,0.0,-4199813.5,11.608010292053223,502.24835205078125,0.0009269840084016323,79879.5703125,1.0658220052719116
88400.0,0.0,0.0,-4199808.5,12.81104564666748,497.08740234375,-0.0008080089464783669,79822.5078125,1.0665839910507202
88500.0,0.0,0.0,-4199811.0,11.002477645874023,500.3212585449219,-0.0016549071297049522,79765.734375,1.0673431158065796
88600.0,0.0,0.0,-4199811.0,15.185062408447266,497.7732238769531,-0.000389609020203352,79709.7265625,1.068093180656433
88700.0,0.0,0.0,-4199817.0,12.716935157775879,501.0906066894531,0.0010703292209655046,79656.53125,1.0688062906265259
88800.0,0.0,0.0,-4199818.5,10.442225456237793,500.77294921875,0.000125436345115304,79606.1484375,1.0694829225540161
88900.0,0.0,0.0,-4199813.5,11.102948188781738,495.7336120605469,0.0011301555205136538,79557.6953125,1.0701340436935425
89000.0,0.0,0.0,-4199818.0,12.149676322937012,500.6722717285156,-0.00126633420586586,79511.1875,1.0707601308822632
89100.0,0.0,0.0,-4199819.0,11.046936988830566,499.42974853515625,0.0006740470416843891,79465.1875,1.0713798999786377
89200.0,0.0,0.0,-4199821.0,10.386467933654785,497.4458312988281,-0.0006878036074340343,79420.90625,1.0719772577285767
89300.0,0.0,0.0,-4199823.5,14.558578491210938,496.9845275878906,0.001185454661026597,79377.609375,1.0725619792938232
89400.0,0.0,0.0,-4199829.5,10.910277366638184,502.4057312011719,0.0004903324879705906,79336.046875,1.0731239318847656
89500.0,0.0,0.0,-4199816.5,10.38669204711914,491.6111145019531,9.036832489073277e-05,79295.9765625,1.0736660957336426
89600.0,0.0,0.0,-4199819.5,10.447090148925781,500.03753662109375,-0.00011414987966418266,79257.3125,1.0741900205612183
89700.0,0.0,0.0,-4199811.5,9.476183891296387,499.441162109375,0.00011752219870686531,79221.171875,1.074679970741272
89800.0,0.0,0.0,-4199816.5,10.281558990478516,508.1055603027344,1.2549571692943573e-06,79186.9453125,1.0751444101333618
89900.0,0.0,0.0,-4199815.0,12.485496520996094,508.750244140625,0.0007715998217463493,79155.5625,1.0755707025527954
90000.0,0.0,0.0,-4199811.5,11.954668998718262,503.9419860839844,0.0010104554239660501,79126.9609375,1.07595956325531
90100.0,0.0,0.0,-4199811.5,14.013855934143066,497.54876708984375,0.0006095690187066793,79101.109375,1.0763111114501953
90200.0,0.0,0.0,-4199817.5,13.888077735900879,496.89068603515625,-0.00025344337336719036,79079.1171875,1.0766105651855469
90300.0,0.0,0.0,-4199824.5,17.651947021484375,501.87322998046875,-7.369369268417358e-05,79060.3984375,1.0768654346466064
90400.0,0.0,0.0,-4199819.0,12.622359275817871,495.59844970703125,0.0014301701448857784,79044.15625,1.0770866870880127
90500.0,0.0,0.0,-4199811.0,12.129639625549316,492.5973815917969,0.000480141956359148,79032.0703125,1.0772514343261719
90600.0,0.0,0.0,-4199813.5,11.997312545776367,498.93212890625,-8.547678589820862e-05,79023.8203125,1.0773638486862183
90700.0,0.0,0.0,-4199812.5,15.366596221923828,501.04266357421875,-0.0003657955676317215,79018.5234375,1.077436089515686
90800.0,0.0,0.0,-4199822.0,10.051280975341797,512.9059448242188,0.0006506622303277254,79015.125,1.0774823427200317
90900.0,0.0,0.0,-4199818.0,14.83621883392334,505.9727783203125,0.0005213231779634953,79013.8125,1.077500343322754
91000.0,0.0,0.0,-4199817.0,12.07325553894043,500.0724182128906,0.00015613832511007786,79014.90625,1.07748544216156
91100.0,0.0,0.0,-4199821.0,11.876108169555664,500.721435546875,-0.00019472790881991386,79018.078125,1.0774421691894531
91200.0,0.0,0.0,-4199816.5,10.107342720031738,492.91217041015625,0.0002629274968057871,79022.8828125,1.0773767232894897
91300.0,0.0,0.0,-4199825.0,10.339643478393555,501.1578369140625,0.00021652737632393837,79029.296875,1.077289342880249
91400.0,0.0,0.0,-4199815.0,16.0404052734375,492.4930419921875,0.00013943086378276348,79038.6171875,1.0771621465682983
91500.0,0.0,0.0,-4199823.5,13.195422172546387,508.548828125,0.00011534127406775951,79050.296875,1.0770028829574585
91600.0,0.0,0.0,-4199816.5,11.255074501037598,502.8176574707031,-0.0005387431010603905,79063.859375,1.0768182277679443
91700.0,0.0,0.0,-4199819.0,13.064376831054688,505.364501953125,0.000247221440076828,79077.546875,1.0766319036483765
91800.0,0.0,0.0,-4199822.5,12.166382789611816,510.1366882324219,0.0008270144462585449,79091.921875,1.076436161994934
91900.0,0.0,0.0,-4199808.5,12.115340232849121,492.36590576171875,0.00073991809040308,79107.3984375,1.0762256383895874
92000.0,0.0,0.0,-4199819.0,12.016035079956055,494.58343505859375,-0.0008559413254261017,79124.9453125,1.0759868621826172
92100.0,0.0,0.0,-4199824.5,10.588767051696777,494.88238525390625,-0.0010883070062845945,79144.9140625,1.07571542263031
92200.0,0.0,0.0,-4199818.0,11.13770580291748,489.4768981933594,0.0011083069257438183,79165.125,1.075440764427185
92300.0,0.0,0.0,-4199824.5,12.298293113708496,500.6919250488281,0.0016822447068989277,79185.953125,1.075157880783081
92400.0,0.0,0.0,-4199815.0,10.806260108947754,495.27960205078125,0.0004983595572412014,79208.734375,1.0748487710952759
92500.0,0.0,0.0,-4199808.0,13.483622550964355,495.7289733886719,-0.0008783098310232162,79233.375,1.0745145082473755
92600.0,0.0,0.0,-4199808.5,11.76356315612793,499.54571533203125,-0.00191810866817832,79259.1875,1.0741645097732544
92700.0,0.0,0.0,-4199814.0,10.022954940795898,504.95697021484375,-0.0001816549338400364,79285.03125,1.0738143920898438
92800.0,0.0,0.0,-4199810.0,10.612367630004883,500.7366638183594,0.0011424538679420948,79312.21875,1.0734463930130005
92900.0,0.0,0.0,-4199821.0,10.170734405517578,507.5048828125,0.002277756342664361,79341.5,1.0730502605438232
93000.0,0.0,0.0,-4199819.0,9.941393852233887,497.409912109375,-0.0004125693812966347,79372.4921875,1.0726311206817627
93100.0,0.0,0.0,-4199819.0,10.635822296142578,496.3864440917969,-0.0014854813925921917,79404.0,1.0722055435180664
93200.0,0.0,0.0,-4199817.0,12.83859920501709,495.5686340332031,-0.0006411715876311064,79435.484375,1.0717806816101074
93300.0,0.0,0.0,-4199823.0,10.93310832977295,502.69378662109375,0.0018804855644702911,79467.4765625,1.071349024772644
93400.0,0.0,0.0,-4199826.5,10.655508041381836,511.8832702636719,0.0015843596775084734,79500.4375,1.0709048509597778
93500.0,0.0,0.0,-4199810.5,11.436113357543945,496.2041320800781,-0.00039842654950916767,79533.75,1.0704563856124878
93600.0,0.0,0.0,-4199812.5,11.22304630279541,499.25982666015625,-0.0008466634899377823,79567.578125,1.070001244544983
93700.0,0.0,0.0,-4199807.5,11.926830291748047,497.72796630859375,-0.0008726716041564941,79602.828125,1.0695276260375977
93800.0,0.0,0.0,-4199820.0,11.39533519744873,509.8979797363281,-0.0004752310924232006,79639.5234375,1.0690345764160156
93900.0,0.0,0.0,-4199808.0,10.739602088928223,499.6247253417969,0.000430230051279068,79677.9296875,1.0685193538665771
94000.0,0.0,0.0,-4199819.0,10.939873695373535,507.86956787109375,0.0005838414654135704,79717.4765625,1.0679893493652344
94100.0,0.0,0.0,-4199806.0,11.98064136505127,490.147216796875,-5.285418592393398e-05,79756.5703125,1.0674657821655273
94200.0,0.0,0.0,-4199816.5,9.040823936462402,498.3311767578125,0.0004199533723294735,79796.734375,1.066928505897522
94300.0,0.0,0.0,-4199822.0,13.349689483642578,501.6417541503906,-3.270898014307022e-05,79837.5390625,1.0663832426071167
94400.0,0.0,0.0,-4199813.5,14.669671058654785,494.4488830566406,0.0004772394895553589,79879.234375,1.0658265352249146
94500.0,0.0,0.0,-4199816.0,10.514413833618164,497.7173156738281,-0.0010946255642920732,79920.78125,1.065272569656372
94600.0,0.0,0.0,-4199814.5,11.858349800109863,503.84906005859375,0.0012573371641337872,79961.3828125,1.0647315979003906
94700.0,0.0,0.0,-4199814.5,9.424206733703613,506.7991027832031,8.323276415467262e-05,80002.0703125,1.0641900300979614
94800.0,0.0,0.0,-4199797.0,15.208428382873535,494.9975891113281,-0.001111439662054181,80041.8984375,1.0636606216430664
94900.0,0.0,0.0,-4199796.0,10.464651107788086,496.169677734375,-0.001287122955545783,80080.65625,1.0631457567214966
95000.0,0.0,0.0,-4199808.0,11.800680160522461,506.5804138183594,0.00027317111380398273,80119.4375,1.0626311302185059
95100.0,0.0,0.0,-4199807.5,10.341300964355469,502.8837585449219,0.0020281998440623283,80158.0625,1.0621190071105957
95200.0,0.0,0.0,-4199805.5,15.657919883728027,494.5428466796875,-0.00048379553481936455,80197.1796875,1.0616010427474976
95300.0,0.0,0.0,-4199815.0,11.976241111755371,502.5906677246094,-0.0012507736682891846,80234.9453125,1.0611014366149902
95400.0,0.0,0.0,-4199811.5,10.830281257629395,499.1947326660156,-0.0005324855446815491,80270.609375,1.0606298446655273
95500.0,0.0,0.0,-4199820.0,10.752586364746094,506.46124267578125,0.0007352354004979134,80304.8828125,1.060177206993103
95600.0,0.0,0.0,-4199816.5,13.507994651794434,506.3614501953125,0.001342999516054988,80338.1796875,1.0597379207611084
95700.0,0.0,0.0,-4199809.5,15.857988357543945,497.069580078125,-6.029638461768627e-05,80370.890625,1.0593067407608032
95800.0,0.0,0.0,-4199810.0,11.165762901306152,494.00048828125,-0.0005596873816102743,80401.296875,1.0589059591293335
95900.0,0.0,0.0,-4199810.0,11.140377044677734,494.3658752441406,-0.0009922971948981285,80429.0546875,1.0585404634475708
96000.0,0.0,0.0,-4199820.0,11.837417602539062,500.0144348144531,0.00010853586718440056,80455.171875,1.058196783065796
96100.0,0.0,0.0,-4199817.0,10.808167457580566,493.2968444824219,-0.00017519458197057247,80480.953125,1.057857871055603
96200.0,0.0,0.0,-4199809.5,13.803327560424805,487.612060546875,-0.0008326184470206499,80504.8828125,1.057543396949768
96300.0,0.0,0.0,-4199814.5,14.34676456451416,495.7117919921875,0.0004263441078364849,80527.0,1.0572528839111328
96400.0,0.0,0.0,-4199807.5,12.276138305664062,493.24700927734375,0.0005528044421225786,80547.6328125,1.056982159614563
96500.0,0.0,0.0,-4199813.0,11.154984474182129,511.7263488769531,0.00041608186438679695,80566.40625,1.0567357540130615
96600.0,0.0,0.0,-4199800.0,11.082953453063965,501.8310852050781,-0.0010749339126050472,80583.40625,1.0565129518508911
96700.0,0.0,0.0,-4199808.5,13.825967788696289,509.2746887207031,-0.0008677695877850056,80598.65625,1.056312918663025
96800.0,0.0,0.0,-4199815.5,13.352670669555664,514.180908203125,0.001260622637346387,80613.2265625,1.056122064590454
96900.0,0.0,0.0,-4199800.0,14.16099739074707,496.8074035644531,0.0008367523550987244,80627.921875,1.0559295415878296
97000.0,0.0,0.0,-4199815.5,14.320255279541016,508.93939208984375,-3.0038878321647644e-05,80642.78125,1.0557351112365723
97100.0,0.0,0.0,-4199803.5,10.958240509033203,491.2786865234375,-0.00218110135756433,80656.859375,1.0555506944656372
97200.0,0.0,0.0,-4199819.0,10.534411430358887,503.71966552734375,0.00024026143364608288,80668.765625,1.0553950071334839
97300.0,0.0,0.0,-4199806.5,10.966215133666992,492.550537109375,0.00027097295969724655,80679.7421875,1.0552513599395752
97400.0,0.0,0.0,-4199813.5,11.033327102661133,499.75897216796875,1.8795719370245934e-05,80689.703125,1.0551210641860962
97500.0,0.0,0.0,-4199817.5,12.029455184936523,502.9208679199219,-0.00110429129563272,80697.171875,1.055023431777954
97600.0,0.0,0.0,-4199811.0,17.91118812561035,494.5644836425781,0.00028731441125273705,80702.0078125,1.0549602508544922
97700.0,0.0,0.0,-4199818.0,14.202055931091309,506.7852478027344,0.0005150260403752327,80705.703125,1.0549119710922241
97800.0,0.0,0.0,-4199809.0,12.288440704345703,499.7508239746094,5.3871190175414085e-05,80708.125,1.0548803806304932
97900.0,0.0,0.0,-4199802.0,14.0241060256958,495.1908874511719,-0.0008166858460754156,80709.8203125,1.0548582077026367
98000.0,0.0,0.0,-4199807.0,12.881348609924316,502.4317626953125,-0.0011758224572986364,80710.7578125,1.0548458099365234
98100.0,0.0,0.0,-4199806.0,9.916561126708984,501.8070373535156,-0.00019182125106453896,80709.9453125,1.0548564195632935
98200.0,0.0,0.0,-4199803.0,17.541166305541992,500.498291015625,-0.0001720339059829712,80708.3984375,1.054876685142517
98300.0,0.0,0.0,-4199811.5,13.923816680908203,507.8512878417969,0.0008494425565004349,80705.9375,1.0549088716506958
98400.0,0.0,0.0,-4199811.0,12.405386924743652,501.4978942871094,-0.0005877262447029352,80702.6640625,1.0549516677856445
98500.0,0.0,0.0,-4199812.5,13.124224662780762,498.2479248046875,-0.00022398261353373528,80698.8671875,1.0550012588500977
98600.0,0.0,0.0,-4199817.0,12.676854133605957,500.3205871582031,-4.616635851562023e-05,80694.125,1.055063247680664
98700.0,0.0,0.0,-4199817.0,13.630453109741211,503.3325500488281,-0.0005742139182984829,80687.8828125,1.055145025253296
98800.0,0.0,0.0,-4199812.0,12.95482349395752,499.7308654785156,-0.00047625182196497917,80679.6875,1.0552520751953125
98900.0,0.0,0.0,-4199814.0,10.128210067749023,503.2418212890625,-0.0007664519362151623,80669.9921875,1.0553789138793945
99000.0,0.0,0.0,-4199810.5,12.288015365600586,501.509765625,0.0007493863813579082,80658.4375,1.055530071258545
99100.0,0.0,0.0,-4199810.0,11.899219512939453,503.23431396484375,-0.0002989463973790407,80645.9375,1.0556937456130981
99200.0,0.0,0.0,-4199809.5,13.162796974182129,504.1660461425781,-0.0001310771331191063,80632.5078125,1.055869460105896
99300.0,0.0,0.0,-4199807.0,10.992513656616211,502.4645080566406,-0.001145052257925272,80617.4140625,1.0560673475265503
99400.0,0.0,0.0,-4199803.5,12.097827911376953,502.6407775878906,-0.0002098411787301302,80599.65625,1.0562999248504639
99500.0,0.0,0.0,-4199810.0,10.727991104125977,506.7352294921875,0.0010437769815325737,80580.4140625,1.0565520524978638
99600.0,0.0,0.0,-4199805.0,13.346295356750488,495.7895812988281,-0.0002898050006479025,80560.953125,1.056807279586792
99700.0,0.0,0.0,-4199813.5,10.409395217895508,500.9582214355469,-0.000913629774004221,80540.75,1.057072401046753
99800.0,0.0,0.0,-4199806.0,15.678353309631348,492.05621337890625,-0.0009058082941919565,80519.7265625,1.0573484897613525
99900.0,0.0,0.0,-4199819.5,10.7225923538208,505.44219970703125,0.00035116844810545444,80497.875,1.0576354265213013
100000.0,0.0,0.0,-4199811.0,11.639993667602539,495.3891296386719,0.000939355231821537,80475.34375,1.0579315423965454
100100.0,0.0,0.0,-4199811.0,11.358031272888184,495.218017578125,-1.2898817658424377e-06,80451.796875,1.0582412481307983
100200.0,0.0,0.0,-4199809.5,11.053174018859863,494.7698669433594,-0.0007751293014734983,80426.375,1.0585757493972778
100300.0,0.0,0.0,-4199816.5,9.676639556884766,506.4972229003906,0.00013636238873004913,80399.84375,1.0589250326156616
100400.0,0.0,0.0,-4199808.0,14.581135749816895,504.5307922363281,-0.0006903824396431446,80373.7265625,1.0592690706253052
100500.0,0.0,0.0,-4199813.0,13.127446174621582,513.5704345703125,-4.499778151512146e-05,80348.53125,1.0596013069152832
100600.0,0.0,0.0,-4199807.0,9.829537391662598,507.5348205566406,-0.0001829918473958969,80323.9375,1.0599256753921509
100700.0,0.0,0.0,-4199804.5,10.050399780273438,502.3590393066406,0.001082671107724309,80299.5390625,1.060247778892517
100800.0,0.0,0.0,-4199809.5,11.427828788757324,502.2522888183594,-0.00012243911623954773,80275.546875,1.0605647563934326
100900.0,0.0,0.0,-4199806.5,11.749214172363281,495.07989501953125,-0.0006181346252560616,80252.734375,1.060866117477417
101000.0,0.0,0.0,-4199812.5,13.151910781860352,500.085205078125,0.0007676528766751289,80231.296875,1.0611495971679688
101100.0,0.0,0.0,-4199808.0,10.427395820617676,494.0412292480469,-0.001293490407988429,80211.4375,1.0614124536514282
101200.0,0.0,0.0,-4199809.0,16.872243881225586,494.9103088378906,0.0008552551735192537,80191.46875,1.0616767406463623
101300.0,0.0,0.0,-4199809.5,10.387383460998535,494.8557434082031,-0.0002731913700699806,80172.7109375,1.0619250535964966
101400.0,0.0,0.0,-4199809.0,14.32001781463623,493.9150085449219,0.0013326371554285288,80153.828125,1.0621751546859741
101500.0,0.0,0.0,-4199808.5,13.372161865234375,493.7983703613281,0.00025673327036201954,80135.453125,1.0624186992645264
101600.0,0.0,0.0,-4199807.5,11.690500259399414,493.0194091796875,-0.0009137978777289391,80117.765625,1.0626533031463623
101700.0,0.0,0.0,-4199819.0,10.827901840209961,502.98858642578125,0.000962521880865097,80100.15625,1.0628869533538818
101800.0,0.0,0.0,-4199815.0,10.03896713256836,495.0768737792969,-0.0005198328290134668,80083.3828125,1.0631095170974731
101900.0,0.0,0.0,-4199819.5,10.33450698852539,496.73016357421875,0.0009649235289543867,80067.4375,1.0633212327957153
102000.0,0.0,0.0,-4199820.5,8.947126388549805,497.5047607421875,-0.0010272981598973274,80052.671875,1.063517451286316
102100.0,0.0,0.0,-4199819.0,12.225417137145996,496.81597900390625,-0.00036217784509062767,80037.859375,1.0637141466140747
102200.0,0.0,0.0,-4199814.5,9.874655723571777,497.0547180175781,-0.00033806730061769485,80024.59375,1.0638905763626099
102300.0,0.0,0.0,-4199813.5,13.859349250793457,501.36370849609375,0.0014506999868899584,80012.453125,1.0640519857406616
102400.0,0.0,0.0,-4199819.5,11.345259666442871,510.8917541503906,0.0005961589049547911,80002.0703125,1.0641900300979614
102500.0,0.0,0.0,-4199813.0,12.303853034973145,504.6057434082031,-0.0008750772103667259,79992.953125,1.0643113851547241
102600.0,0.0,0.0,-4199808.5,13.604552268981934,499.1474914550781,0.00017920322716236115,79985.421875,1.0644115209579468
102700.0,0.0,0.0,-4199812.0,12.951802253723145,501.7295227050781,-0.00012498185969889164,79979.8828125,1.0644853115081787
102800.0,0.0,0.0,-4199814.0,11.188207626342773,499.7100524902344,0.001595087582245469,79975.40625,1.0645447969436646
102900.0,0.0,0.0,-4199818.0,9.558796882629395,499.4228820800781,-0.0012881311122328043,79972.015625,1.0645899772644043
103000.0,0.0,0.0,-4199810.0,14.691600799560547,488.3688049316406,0.00021123490296304226,79969.296875,1.0646262168884277
103100.0,0.0,0.0,-4199817.0,15.04046630859375,501.1728820800781,0.0011788129340857267,79968.296875,1.0646394491195679
103200.0,0.0,0.0,-4199815.0,11.625988006591797,500.4749755859375,0.0005631684325635433,79968.0,1.064643383026123
103300.0,0.0,0.0,-4199809.5,13.06274127960205,495.97344970703125,0.0011384899262338877,79968.1875,1.064640998840332
103400.0,0.0,0.0,-4199817.5,16.707754135131836,505.942138671875,-6.6300854086875916e-06,79969.7421875,1.0646202564239502
103500.0,0.0,0.0,-4199815.5,10.365897178649902,504.3279724121094,-0.00028125476092100143,79972.6640625,1.0645813941955566
103600.0,0.0,0.0,-4199822.0,13.039148330688477,510.4646301269531,-0.0010880092158913612,79975.9765625,1.0645372867584229
103700.0,0.0,0.0,-4199810.5,10.493598937988281,493.62615966796875,0.00018749572336673737,79979.25,1.0644936561584473
103800.0,0.0,0.0,-4199820.0,15.225363731384277,498.7045593261719,0.0009539804887026548,79983.171875,1.0644415616989136
103900.0,0.0,0.0,-4199814.5,12.37755012512207,489.8094177246094,0.0003294250927865505,79987.5703125,1.0643829107284546
104000.0,0.0,0.0,-4199822.0,10.588518142700195,497.89654541015625,0.0005774940364062786,79991.765625,1.0643271207809448
104100.0,0.0,0.0,-4199806.5,11.356587409973145,484.27008056640625,-0.0005447412841022015,79995.7421875,1.0642741918563843
104200.0,0.0,0.0,-4199815.0,13.552274703979492,495.52581787109375,-0.0003150389529764652,80000.484375,1.064211130142212
104300.0,0.0,0.0,-4199820.0,12.901119232177734,504.09478759765625,-0.00047480780631303787,80006.4921875,1.064131259918213
104400.0,0.0,0.0,-4199811.0,12.39083480834961,496.293212890625,-0.00023940810933709145,80013.3984375,1.0640395879745483
104500.0,0.0,0.0,-4199812.5,11.134900093078613,500.96929931640625,0.0008756185416132212,80021.3828125,1.063933253288269
104600.0,0.0,0.0,-4199811.0,12.258041381835938,500.9249267578125,0.0005890016909688711,80030.7421875,1.063808798789978
104700.0,0.0,0.0,-4199808.5,12.133119583129883,498.110107421875,0.0011208232026547194,80041.21875,1.0636695623397827
104800.0,0.0,0.0,-4199806.5,12.629015922546387,496.5424499511719,-0.0013494498562067747,80053.0234375,1.0635128021240234
104900.0,0.0,0.0,-4199816.0,12.998390197753906,505.8228759765625,-0.00024311291053891182,80065.4921875,1.0633471012115479
105000.0,0.0,0.0,-4199811.5,13.312234878540039,499.16680908203125,-0.00041984952986240387,80078.53125,1.0631738901138306
105100.0,0.0,0.0,-4199816.5,12.04970645904541,503.98223876953125,0.00042566005140542984,80091.3828125,1.0630033016204834
105200.0,0.0,0.0,-4199820.0,12.413951873779297,501.9183044433594,0.0014474575873464346,80104.1640625,1.0628336668014526
105300.0,0.0,0.0,-4199818.5,12.393823623657227,492.3583984375,-0.0013614892959594727,80117.4375,1.0626575946807861
105400.0,0.0,0.0,-4199819.5,12.487727165222168,492.2477111816406,0.0008700876496732235,80130.0,1.0624910593032837
105500.0,0.0,0.0,-4199816.5,12.126296043395996,488.37109375,-0.0012624198570847511,80141.28125,1.0623414516448975
105600.0,0.0,0.0,-4199818.5,12.801328659057617,494.07464599609375,0.0001581655815243721,80151.5,1.0622060298919678
105700.0,0.0,0.0,-4199817.0,10.61677360534668,496.313720703125,-0.0012720734812319279,80163.0546875,1.0620529651641846
105800.0,0.0,0.0,-4199811.5,11.169684410095215,501.3366394042969,0.0010812110267579556,80174.234375,1.061904788017273
105900.0,0.0,0.0,-4199815.5,11.833267211914062,510.5130615234375,0.0009842866566032171,80185.8671875,1.0617507696151733
106000.0,0.0,0.0,-4199814.5,14.058915138244629,510.0577697753906,-0.0022153914906084538,80197.8359375,1.0615923404693604
106100.0,0.0,0.0,-4199808.5,14.204639434814453,502.8295593261719,0.00013125943951308727,80208.2265625,1.0614547729492188
106200.0,0.0,0.0,-4199813.0,10.992927551269531,503.36224365234375,-0.0009590748231858015,80218.8203125,1.0613147020339966
106300.0,0.0,0.0,-4199812.5,12.109607696533203,499.8289794921875,0.0031082986388355494,80229.3203125,1.0611757040023804
106400.0,0.0,0.0,-4199812.5,13.861455917358398,500.5008850097656,-0.00041290069930255413,80240.0703125,1.0610334873199463
106500.0,0.0,0.0,-4199818.0,11.336165428161621,507.85418701171875,-1.536775380373001e-05,80250.0,1.0609023571014404
106600.0,0.0,0.0,-4199810.5,11.045723915100098,498.2198486328125,-0.0011688461527228355,80259.40625,1.0607779026031494
106700.0,0.0,0.0,-4199815.0,16.180831909179688,503.6025695800781,-0.0004939055070281029,80267.515625,1.0606708526611328
106800.0,0.0,0.0,-4199806.5,14.195883750915527,493.4052734375,0.0010538864880800247,80274.890625,1.0605733394622803
106900.0,0.0,0.0,-4199817.0,11.557974815368652,502.590087890625,-0.0007583890110254288,80281.96875,1.060479760169983
107000.0,0.0,0.0,-4199811.5,10.959675788879395,494.79449462890625,0.0007479870691895485,80288.1328125,1.0603984594345093
107100.0,0.0,0.0,-4199813.0,13.116172790527344,495.2255859375,-0.001851755427196622,80293.2265625,1.060331106185913
107200.0,0.0,0.0,-4199812.0,13.702765464782715,490.7748107910156,-0.00017780880443751812,80296.46875,1.0602883100509644
107300.0,0.0,0.0,-4199817.5,11.394275665283203,494.4300537109375,-8.147512562572956e-05,80297.78125,1.0602710247039795
107400.0,0.0,0.0,-4199813.0,11.318134307861328,487.6047058105469,0.00016153790056705475,80298.4453125,1.0602623224258423
107500.0,0.0,0.0,-4199816.0,10.818164825439453,492.5655822753906,0.00033414759673178196,80298.7734375,1.0602580308914185
107600.0,0.0,0.0,-4199812.0,14.474241256713867,493.1634521484375,0.0008888030424714088,80298.1015625,1.0602667331695557
107700.0,0.0,0.0,-4199808.5,14.151551246643066,496.008056640625,0.0007176240906119347,80297.21875,1.0602784156799316
107800.0,0.0,0.0,-4199804.5,13.15634822845459,496.7550048828125,-0.0009052192326635122,80296.8984375,1.060282588005066
107900.0,0.0,0.0,-4199811.0,13.23080825805664,505.01458740234375,-0.0010792277753353119,80298.125,1.0602664947509766
108000.0,0.0,0.0,-4199812.5,11.561020851135254,505.6683349609375,-0.0005048131570219994,80299.3046875,1.0602508783340454
108100.0,0.0,0.0,-4199810.0,10.905418395996094,499.9145812988281,0.0012085896451026201,80300.0390625,1.0602412223815918
108200.0,0.0,0.0,-4199817.0,11.958922386169434,503.5736083984375,0.0013323822058737278,80300.9921875,1.0602285861968994
108300.0,0.0,0.0,-4199817.0,10.620805740356445,500.79168701171875,-0.0002906555309891701,80302.34375,1.0602108240127563
108400.0,0.0,0.0,-4199818.0,11.848828315734863,500.25860595703125,-0.0012353216297924519,80303.6796875,1.0601930618286133
108500.0,0.0,0.0,-4199817.5,14.205131530761719,499.6545104980469,-0.0010408705566078424,80304.9609375,1.060176134109497
108600.0,0.0,0.0,-4199809.0,10.754212379455566,491.5976867675781,0.0012281558010727167,80306.4453125,1.0601565837860107
108700.0,0.0,0.0,-4199817.5,10.597846031188965,502.2649841308594,0.0007394482381641865,80309.015625,1.0601227283477783
108800.0,0.0,0.0,-4199807.5,10.900862693786621,493.051025390625,-0.0005015453789383173,80311.3828125,1.0600913763046265
108900.0,0.0,0.0,-4199820.5,10.391291618347168,507.3514099121094,-0.0012242095544934273,80313.3359375,1.0600656270980835
109000.0,0.0,0.0,-4199818.5,10.015085220336914,504.2286071777344,0.00042149750515818596,80312.390625,1.0600781440734863
109100.0,0.0,0.0,-4199813.0,13.257805824279785,496.5616149902344,0.0005647626239806414,80310.1015625,1.0601084232330322
109200.0,0.0,0.0,-4199815.5,11.398048400878906,497.5853271484375,-0.00043462193571031094,80307.9765625,1.060136318206787
109300.0,0.0,0.0,-4199815.0,10.875085830688477,496.68316650390625,-0.00029980367980897427,80306.40625,1.060157060623169
109400.0,0.0,0.0,-4199813.0,11.838730812072754,495.375244140625,-7.804273627698421e-05,80305.6640625,1.060166835784912
109500.0,0.0,0.0,-4199814.0,11.54711627960205,500.6136779785156,0.0004958000499755144,80305.625,1.0601674318313599
109600.0,0.0,0.0,-4199816.0,10.017306327819824,507.68365478515625,-0.0004968191497027874,80306.75,1.060152530670166
109700.0,0.0,0.0,-4199810.5,10.64273738861084,505.85406494140625,-0.0005485615693032742,80308.59375,1.0601282119750977
109800.0,0.0,0.0,-4199813.5,10.475037574768066,510.59344482421875,-0.0007674191147089005,80310.78125,1.0600993633270264
109900.0,0.0,0.0,-4199812.5,11.166193962097168,512.4984130859375,0.0012109475210309029,80313.4296875,1.060064435005188
110000.0,0.0,0.0,-4199806.0,12.290732383728027,503.2970886230469,0.000672642607241869,80317.4453125,1.060011386871338
110100.0,0.0,0.0,-4199813.0,10.301942825317383,502.311279296875,0.00030807568691670895,80322.953125,1.0599387884140015
110200.0,0.0,0.0,-4199817.5,13.28258228302002,503.7948303222656,-0.000751023180782795,80329.34375,1.0598543882369995
110300.0,0.0,0.0,-4199814.0,16.215835571289062,499.1122741699219,-0.0009159680921584368,80334.4296875,1.0597872734069824
110400.0,0.0,0.0,-4199812.0,11.467097282409668,495.3770446777344,0.00034858123399317265,80338.5390625,1.0597330331802368
110500.0,0.0,0.0,-4199819.5,11.722285270690918,502.452392578125,0.0010478380136191845,80343.15625,1.0596721172332764
110600.0,0.0,0.0,-4199815.0,11.949421882629395,496.4714660644531,-0.00014153565280139446,80348.6875,1.0595991611480713
110700.0,0.0,0.0,-4199816.0,13.53737735748291,499.2084045410156,-0.0005772099830210209,80353.5703125,1.0595349073410034
110800.0,0.0,0.0,-4199822.5,9.778179168701172,506.537353515625,-0.00014884676784276962,80357.6875,1.0594805479049683
110900.0,0.0,0.0,-4199813.5,12.359938621520996,498.1280517578125,-0.00015296507626771927,80360.6015625,1.059442162513733
111000.0,0.0,0.0,-4199815.5,11.603663444519043,502.5697937011719,0.0004756343550980091,80362.671875,1.0594148635864258
111100.0,0.0,0.0,-4199812.0,12.222747802734375,507.24664306640625,-0.0003786059096455574,80365.1328125,1.059382438659668
111200.0,0.0,0.0,-4199801.5,11.887370109558105,500.42132568359375,-0.0016270552296191454,80367.734375,1.0593481063842773
111300.0,0.0,0.0,-4199809.0,10.003216743469238,510.0589599609375,0.00025645061396062374,80370.5234375,1.0593113899230957
111400.0,0.0,0.0,-4199806.5,11.849542617797852,503.97198486328125,9.44351777434349e-05,80374.2734375,1.0592619180679321
111500.0,0.0,0.0,-4199813.5,10.664085388183594,503.9718017578125,0.0008297183085232973,80378.5390625,1.0592056512832642
111600.0,0.0,0.0,-4199815.5,12.103692054748535,501.5194396972656,2.3449771106243134e-05,80382.75,1.059150218963623
111700.0,0.0,0.0,-4199815.0,10.013236999511719,499.0276184082031,-0.0009120956528931856,80386.5859375,1.0590996742248535
111800.0,0.0,0.0,-4199813.0,13.319759368896484,497.822509765625,0.00027732993476092815,80391.125,1.059039831161499
111900.0,0.0,0.0,-4199809.5,12.772003173828125,495.25830078125,-6.950204260647297e-05,80395.96875,1.0589760541915894
112000.0,0.0,0.0,-4199813.0,13.664358139038086,498.89599609375,-0.0003792659845203161,80399.40625,1.0589308738708496
112100.0,0.0,0.0,-4199814.5,10.808775901794434,500.2785339355469,-0.0008490581531077623,80400.765625,1.0589128732681274
112200.0,0.0,0.0,-4199820.5,10.570023536682129,504.5700378417969,0.0006567246746271849,80400.5,1.0589163303375244
112300.0,0.0,0.0,-4199824.5,10.414175033569336,506.6501159667969,0.0002024162095040083,80399.25,1.058932900428772
112400.0,0.0,0.0,-4199819.0,11.080812454223633,496.62054443359375,-5.553802475333214e-05,80396.953125,1.0589630603790283
112500.0,0.0,0.0,-4199816.0,11.456534385681152,490.2507019042969,-0.0006462286692112684,80393.8515625,1.0590039491653442
112600.0,0.0,0.0,-4199813.0,12.291060447692871,487.4800720214844,-0.00029081758111715317,80388.90625,1.0590691566467285
112700.0,0.0,0.0,-4199808.0,11.00806713104248,486.637451171875,0.0003853440284729004,80382.5546875,1.0591527223587036
112800.0,0.0,0.0,-4199816.5,10.64321517944336,503.03717041015625,-0.0001434392761439085,80375.359375,1.0592477321624756
112900.0,0.0,0.0,-4199804.0,13.228656768798828,493.2306213378906,1.7094193026423454e-05,80367.0390625,1.0593572854995728
113000.0,0.0,0.0,-4199816.0,10.743620872497559,507.44415283203125,-0.0005349232815206051,80358.9296875,1.0594642162322998
113100.0,0.0,0.0,-4199813.0,11.16306209564209,503.8977355957031,0.00029697874560952187,80350.3828125,1.0595768690109253
113200.0,0.0,0.0,-4199814.0,9.933889389038086,502.80865478515625,-0.00012690899893641472,80342.7265625,1.059678077697754
113300.0,0.0,0.0,-4199818.5,11.11976146697998,505.17340087890625,0.0004178769886493683,80335.75,1.059769868850708
113400.0,0.0,0.0,-4199822.5,10.300790786743164,506.6319885253906,-0.0002807062119245529,80328.28125,1.059868335723877
113500.0,0.0,0.0,-4199816.0,18.06080436706543,497.4848937988281,0.00012656510807573795,80319.4921875,1.059984564781189
113600.0,0.0,0.0,-4199814.5,11.95547866821289,493.8446350097656,0.0005478616803884506,80309.578125,1.0601153373718262
113700.0,0.0,0.0,-4199815.0,10.355935096740723,493.842529296875,-2.0606908947229385e-05,80300.546875,1.0602344274520874
113800.0,0.0,0.0,-4199812.5,9.45024299621582,493.5664367675781,-0.0007531226146966219,80291.375,1.060355544090271
113900.0,0.0,0.0,-4199807.0,11.509918212890625,497.71875,-0.00044347369112074375,80281.6640625,1.0604838132858276
114000.0,0.0,0.0,-4199811.0,10.858258247375488,508.5065612792969,-0.00030772341415286064,80271.2265625,1.060621738433838
114100.0,0.0,0.0,-4199805.5,12.906245231628418,503.5215759277344,0.0011907052248716354,80260.5546875,1.0607627630233765
114200.0,0.0,0.0,-4199814.5,12.33788013458252,511.9312438964844,0.00012756534852087498,80251.9609375,1.0608763694763184
114300.0,0.0,0.0,-4199811.0,11.49094009399414,503.4140930175781,-0.0009683298412710428,80243.6640625,1.060986042022705
114400.0,0.0,0.0,-4199809.5,14.149136543273926,500.96954345703125,-0.000331678194925189,80235.0625,1.0610997676849365
114500.0,0.0,0.0,-4199819.0,10.469430923461914,506.2449951171875,0.0006851737853139639,80225.609375,1.0612249374389648
114600.0,0.0,0.0,-4199816.5,13.857037544250488,500.441650390625,0.0008127789478749037,80215.6484375,1.0613566637039185
114700.0,0.0,0.0,-4199809.0,15.342357635498047,490.0629577636719,0.0001019469927996397,80205.4296875,1.061491847038269
114800.0,0.0,0.0,-4199815.0,11.80148696899414,495.3210144042969,-0.0005638496950268745,80196.296875,1.0616127252578735
114900.0,0.0,0.0,-4199814.5,10.041313171386719,494.6523742675781,7.125409319996834e-05,80187.125,1.0617340803146362
115000.0,0.0,0.0,-4199814.5,11.371403694152832,496.24407958984375,0.0015210681594908237,80178.71875,1.0618455410003662
115100.0,0.0,0.0,-4199811.0,11.574295997619629,496.1462097167969,0.0001419296022504568,80171.6796875,1.061938762664795
115200.0,0.0,0.0,-4199812.5,10.582054138183594,504.80267333984375,-0.0005014101043343544,80166.453125,1.062008023262024
115300.0,0.0,0.0,-4199805.5,12.985851287841797,503.2696228027344,0.00032899994403123856,80162.8125,1.0620561838150024
115400.0,0.0,0.0,-4199805.0,10.172118186950684,504.7940979003906,0.000383179634809494,80161.40625,1.0620747804641724
115500.0,0.0,0.0,-4199815.0,12.387043952941895,513.2625122070312,0.0003205379471182823,80162.0703125,1.0620659589767456
115600.0,0.0,0.0,-4199803.5,11.684484481811523,497.0594177246094,0.0005207622889429331,80164.9140625,1.062028408050537
115700.0,0.0,0.0,-4199816.5,10.892918586730957,507.3608703613281,-0.00030963635072112083,80170.3828125,1.0619559288024902
115800.0,0.0,0.0,-4199812.0,13.4028902053833,500.1064453125,0.0003686342388391495,80177.265625,1.0618647336959839
115900.0,0.0,0.0,-4199810.5,12.656036376953125,496.92974853515625,0.00013152533210814,80186.296875,1.061745047569275
116000.0,0.0,0.0,-4199817.0,13.019560813903809,503.37744140625,-0.00029333774000406265,80196.5703125,1.0616090297698975
116100.0,0.0,0.0,-4199815.0,10.777621269226074,500.0215759277344,-5.714944563806057e-05,80206.6015625,1.0614763498306274
116200.0,0.0,0.0,-4199813.5,10.412489891052246,496.29296875,-0.0006127951201051474,80215.8203125,1.0613542795181274
116300.0,0.0,0.0,-4199816.0,11.714983940124512,497.08282470703125,0.0008956745732575655,80225.625,1.0612245798110962
116400.0,0.0,0.0,-4199819.0,14.573737144470215,498.5232238769531,0.0003688293509185314,80236.921875,1.0610753297805786
116500.0,0.0,0.0,-4199819.5,9.742074012756348,494.4597473144531,-0.00015709316357970238,80248.3671875,1.0609238147735596
116600.0,0.0,0.0,-4199818.5,10.714393615722656,495.596435546875,0.0007007287349551916,80260.390625,1.0607649087905884
116700.0,0.0,0.0,-4199817.5,12.078838348388672,493.1338195800781,-0.0001120429951697588,80273.90625,1.0605863332748413
116800.0,0.0,0.0,-4199821.5,10.86992073059082,497.9237365722656,0.001344416057690978,80287.8046875,1.060402750968933
116900.0,0.0,0.0,-4199818.0,13.886204719543457,497.293212890625,-0.00011877133511006832,80302.4765625,1.0602089166641235
117000.0,0.0,0.0,-4199815.5,9.528611183166504,500.07244873046875,-0.0007753698155283928,80317.7890625,1.060006856918335
117100.0,0.0,0.0,-4199813.5,12.25097942352295,503.1285095214844,-0.0003110023681074381,80333.7734375,1.0597959756851196
117200.0,0.0,0.0,-4199815.0,10.288812637329102,507.94970703125,-8.87364149093628e-06,80349.90625,1.0595831871032715
117300.0,0.0,0.0,-4199809.5,11.202549934387207,503.51495361328125,0.0015815419610589743,80367.2421875,1.059354543685913
117400.0,0.0,0.0,-4199812.0,11.606369018554688,507.3683776855469,-0.0007247026078402996,80387.578125,1.059086561203003
117500.0,0.0,0.0,-4199811.0,18.045442581176758,505.0787048339844,0.0003977455198764801,80409.71875,1.0587949752807617
117600.0,0.0,0.0,-4199806.5,13.11179256439209,496.35675048828125,0.0003655448090285063,80432.7734375,1.0584914684295654
117700.0,0.0,0.0,-4199815.5,10.613527297973633,503.84796142578125,0.0007824869826436043,80456.8671875,1.05817449092865
117800.0,0.0,0.0,-4199808.5,10.584064483642578,496.0758056640625,-0.0005467610899358988,80481.8828125,1.0578455924987793
117900.0,0.0,0.0,-4199809.0,13.253445625305176,495.8310546875,-0.000813772901892662,80505.7890625,1.0575315952301025
118000.0,0.0,0.0,-4199817.5,8.950159072875977,504.3205871582031,8.062692359089851e-06,80528.859375,1.0572285652160645
118100.0,0.0,0.0,-4199815.5,9.919412612915039,500.88922119140625,-0.00028277933597564697,80551.546875,1.0569307804107666
118200.0,0.0,0.0,-4199809.0,10.647318840026855,497.5444030761719,0.0006375592201948166,80574.5078125,1.0566295385360718
118300.0,0.0,0.0,-4199812.5,9.542017936706543,500.6439514160156,-0.00044275843538343906,80597.765625,1.0563246011734009
118400.0,0.0,0.0,-4199808.0,11.523041725158691,493.28704833984375,0.0003906053025275469,80620.65625,1.0560246706008911
118500.0,0.0,0.0,-4199821.0,12.302541732788086,501.927001953125,7.900525815784931e-05,80643.8671875,1.0557208061218262
118600.0,0.0,0.0,-4199819.5,11.017484664916992,496.3457946777344,-0.0003971883561462164,80667.7890625,1.0554077625274658
118700.0,0.0,0.0,-4199820.0,9.844636917114258,497.0523986816406,-0.000598694896325469,80693.4765625,1.0550717115402222
118800.0,0.0,0.0,-4199820.0,10.476325988769531,498.93084716796875,-0.000519096152856946,80720.1953125,1.054722547531128
118900.0,0.0,0.0,-4199810.5,12.847929000854492,499.2264099121094,0.001115721184760332,80745.984375,1.054385781288147
119000.0,0.0,0.0,-4199809.5,10.920595169067383,506.2192687988281,0.00015085353516042233,80771.4609375,1.0540530681610107
119100.0,0.0,0.0,-4199807.0,12.25535774230957,506.3849792480469,0.0004843382630497217,80795.796875,1.053735613822937
119200.0,0.0,0.0,-4199801.5,9.873702049255371,500.86083984375,-0.000643573934212327,80819.609375,1.0534251928329468
119300.0,0.0,0.0,-4199808.0,10.125802040100098,504.1345520019531,-0.0009708462748676538,80842.9140625,1.053121566772461
119400.0,0.0,0.0,-4199810.5,15.791823387145996,502.0984191894531,-2.903374843299389e-05,80865.015625,1.0528335571289062
119500.0,0.0,0.0,-4199808.0,9.122418403625488,495.077880859375,0.00022521940991282463,80886.8359375,1.0525496006011963
119600.0,0.0,0.0,-4199819.0,11.083250045776367,505.3094482421875,0.0008394261822104454,80908.859375,1.0522631406784058
119700.0,0.0,0.0,-4199812.5,11.886194229125977,501.0632019042969,-0.00010041962377727032,80931.046875,1.0519746541976929
119800.0,0.0,0.0,-4199811.0,13.293975830078125,500.8470764160156,-0.0007936805486679077,80952.2109375,1.0516996383666992
119900.0,0.0,0.0,-4199807.5,11.752840042114258,499.0578308105469,-0.0004613699857145548,80973.7734375,1.0514196157455444
120000.0,0.0,0.0,-4199809.5,11.992533683776855,502.3440856933594,0.00019361195154488087,80995.5078125,1.0511374473571777
120100.0,0.0,0.0,-4199808.5,10.990520477294922,501.49267578125,0.00034590275026857853,81017.3828125,1.0508537292480469
120200.0,0.0,0.0,-4199812.0,12.190544128417969,506.1980895996094,0.00014759902842342854,81039.375,1.0505683422088623
120300.0,0.0,0.0,-4199808.0,10.872081756591797,499.8124694824219,0.0006443420425057411,81061.7109375,1.050278902053833
120400.0,0.0,0.0,-4199814.5,10.693663597106934,503.525390625,0.00031716329976916313,81084.015625,1.0499900579452515
120500.0,0.0,0.0,-4199813.0,9.8079252243042,498.6058349609375,-0.00023018871434032917,81106.453125,1.0496995449066162
120600.0,0.0,0.0,-4199812.0,12.341064453125,495.38336181640625,-0.00017066975124180317,81129.3359375,1.049403429031372
120700.0,0.0,0.0,-4199813.0,14.602588653564453,499.47265625,9.220978245139122e-05,81152.6015625,1.0491026639938354
120800.0,0.0,0.0,-4199812.0,9.834478378295898,500.17803955078125,-0.0003680572845041752,81175.7734375,1.0488032102584839
120900.0,0.0,0.0,-4199818.0,11.78320598602295,507.52593994140625,4.193233326077461e-05,81197.203125,1.0485262870788574
121000.0,0.0,0.0,-4199807.5,10.63813304901123,498.9482421875,-0.00011298339813947678,81217.1015625,1.0482693910598755
121100.0,0.0,0.0,-4199816.0,12.296355247497559,509.84222412109375,0.0002086111344397068,81236.5859375,1.048017978668213
121200.0,0.0,0.0,-4199811.0,10.83461856842041,506.79644775390625,-0.0002689436078071594,81256.4140625,1.0477622747421265
121300.0,0.0,0.0,-4199813.0,10.551146507263184,509.04974365234375,-0.00023985560983419418,81275.7109375,1.047513484954834
121400.0,0.0,0.0,-4199803.5,9.943007469177246,495.9729919433594,-0.0004094173200428486,81293.859375,1.047279715538025
121500.0,0.0,0.0,-4199810.0,9.594442367553711,499.13214111328125,-0.0007731544319540262,81311.1015625,1.0470576286315918
121600.0,0.0,0.0,-4199810.0,10.648993492126465,493.88751220703125,0.000455173896625638,81328.1328125,1.0468382835388184
121700.0,0.0,0.0,-4199815.0,12.796614646911621,496.4736633300781,0.0002956860698759556,81344.78125,1.0466240644454956
121800.0,0.0,0.0,-4199816.5,13.194518089294434,496.468017578125,-0.0006292981561273336,81360.3125,1.0464242696762085
121900.0,0.0,0.0,-4199814.0,11.382852554321289,495.5449523925781,-0.0006608834955841303,81374.40625,1.0462430715560913
122000.0,0.0,0.0,-4199816.0,9.816778182983398,508.3318786621094,0.00033483258448541164,81386.78125,1.0460840463638306
122100.0,0.0,0.0,-4199803.5,13.70761775970459,502.12677001953125,0.00023515126667916775,81397.6875,1.0459438562393188
122200.0,0.0,0.0,-4199806.5,15.045415878295898,510.1862487792969,0.00032140989787876606,81407.0703125,1.0458232164382935
122300.0,0.0,0.0,-4199803.0,12.005970001220703,507.1647033691406,0.0001978105865418911,81415.4921875,1.045715093612671
122400.0,0.0,0.0,-4199800.5,11.505670547485352,503.8971252441406,-0.0006846236065030098,81422.9140625,1.0456197261810303
122500.0,0.0,0.0,-4199801.0,10.042218208312988,502.8130187988281,3.427942283451557e-05,81429.8203125,1.0455310344696045
122600.0,0.0,0.0,-4199799.5,10.471487998962402,499.0501403808594,-4.697078838944435e-05,81437.1171875,1.0454373359680176
122700.0,0.0,0.0,-4199802.0,10.130147933959961,498.6905212402344,-0.00015632249414920807,81444.5546875,1.0453418493270874
122800.0,0.0,0.0,-4199807.0,11.262983322143555,501.1252136230469,0.00039107329212129116,81452.40625,1.045241117477417
122900.0,0.0,0.0,-4199806.5,14.455486297607422,497.2418212890625,-0.00046511925756931305,81459.21875,1.0451538562774658
123000.0,0.0,0.0,-4199811.0,10.676615715026855,499.3166198730469,-0.0006631838623434305,81464.3359375,1.0450880527496338
123100.0,0.0,0.0,-4199810.5,14.088462829589844,497.30029296875,-0.00010106503032147884,81468.375,1.0450363159179688
123200.0,0.0,0.0,-4199814.0,9.911575317382812,501.32501220703125,0.0001726602204144001,81471.609375,1.044994831085205
123300.0,0.0,0.0,-4199805.5,19.743513107299805,493.91741943359375,-0.0005012643523514271,81473.8828125,1.0449657440185547
123400.0,0.0,0.0,-4199813.0,12.357410430908203,507.85992431640625,-0.00012459116987884045,81474.28125,1.0449604988098145
123500.0,0.0,0.0,-4199802.0,10.257599830627441,503.3001403808594,-0.00020186230540275574,81472.65625,1.0449814796447754
123600.0,0.0,0.0,-4199811.5,10.54176139831543,518.2455444335938,-0.0005714455619454384,81469.6171875,1.045020341873169
123700.0,0.0,0.0,-4199808.5,11.919431686401367,515.0463256835938,-0.00033621490001678467,81463.5078125,1.0450986623764038
123800.0,0.0,0.0,-4199803.0,10.586013793945312,505.496337890625,0.00015523796901106834,81454.484375,1.0452145338058472
123900.0,0.0,0.0,-4199801.5,10.045467376708984,498.3465270996094,0.0006151518318802118,81443.5625,1.0453546047210693
124000.0,0.0,0.0,-4199811.0,14.382497787475586,506.37762451171875,0.0003304986748844385,81431.1328125,1.0455142259597778
124100.0,0.0,0.0,-4199808.5,12.804521560668945,500.84619140625,-0.00017196638509631157,81417.1171875,1.0456942319869995
124200.0,0.0,0.0,-4199810.5,10.437424659729004,500.9575500488281,-0.0013598680961877108,81402.7421875,1.0458788871765137
124300.0,0.0,0.0,-4199808.0,9.752344131469727,496.91217041015625,-0.0010300998110324144,81387.359375,1.0460765361785889
124400.0,0.0,0.0,-4199811.0,12.920952796936035,497.5392761230469,0.00023817340843379498,81369.484375,1.0463063716888428
124500.0,0.0,0.0,-4199810.5,13.113310813903809,495.4823303222656,0.0022886679507791996,81350.4296875,1.0465513467788696
124600.0,0.0,0.0,-4199815.5,10.770394325256348,497.78436279296875,-2.0033447071909904e-05,81330.1484375,1.0468124151229858
124700.0,0.0,0.0,-4199814.5,11.47053337097168,493.597412109375,-0.0009338089730590582,81308.1171875,1.0470961332321167
124800.0,0.0,0.0,-4199811.5,12.15274715423584,487.6492614746094,-0.0006353871431201696,81284.5625,1.0473994016647339
124900.0,0.0,0.0,-4199817.5,13.476446151733398,492.513916015625,9.017507545650005e-05,81258.90625,1.0477302074432373
125000.0,0.0,0.0,-4199819.0,10.409067153930664,496.2232360839844,0.0006498738657683134,81231.140625,1.0480883121490479
125100.0,0.0,0.0,-4199815.5,10.5293607711792,498.5113220214844,0.0004054394084960222,81201.25,1.0484740734100342
125200.0,0.0,0.0,-4199818.0,10.294393539428711,508.03607177734375,-0.0004185591824352741,81170.65625,1.048869252204895
125300.0,0.0,0.0,-4199806.5,12.196849822998047,500.817138671875,-0.0005489017348736525,81140.3671875,1.0492608547210693
125400.0,0.0,0.0,-4199806.5,10.406636238098145,503.8234558105469,-7.231836207211018e-05,81110.9921875,1.0496407747268677
125500.0,0.0,0.0,-4199808.0,11.21257495880127,505.3747863769531,-2.4713575839996338e-05,81080.0546875,1.0500413179397583
125600.0,0.0,0.0,-4199805.5,13.43546199798584,500.7397766113281,0.00047818361781537533,81047.96875,1.0504570007324219
125700.0,0.0,0.0,-4199808.5,10.204591751098633,502.4865417480469,-0.00029906374402344227,81015.328125,1.0508801937103271
125800.0,0.0,0.0,-4199809.5,12.375373840332031,504.39801025390625,0.00031967973336577415,80983.015625,1.0512995719909668
125900.0,0.0,0.0,-4199813.5,11.152641296386719,505.68463134765625,-0.0008855594787746668,80951.3125,1.0517112016677856
126000.0,0.0,0.0,-4199803.5,11.03976058959961,492.6681823730469,0.00031756400130689144,80920.8515625,1.0521070957183838
126100.0,0.0,0.0,-4199815.0,10.958045959472656,503.9096374511719,0.0003589731641113758,80892.90625,1.0524705648422241
126200.0,0.0,0.0,-4199810.0,14.359652519226074,498.2832336425781,0.0007906095124781132,80867.015625,1.0528075695037842
126300.0,0.0,0.0,-4199806.5,14.168811798095703,494.427978515625,0.0008016692008823156,80842.4609375,1.0531272888183594
126400.0,0.0,0.0,-4199816.5,12.859636306762695,503.9052429199219,0.00022135162726044655,80819.9140625,1.0534212589263916
126500.0,0.0,0.0,-4199817.5,10.460925102233887,502.3076171875,-0.0002481855917721987,80798.125,1.0537052154541016
126600.0,0.0,0.0,-4199813.0,10.64710521697998,494.2737731933594,-0.0010229749605059624,80777.53125,1.053973913192749
126700.0,0.0,0.0,-4199822.0,10.203794479370117,498.6363220214844,0.0012104243505746126,80758.3671875,1.0542240142822266
126800.0,0.0,0.0,-4199820.0,12.182022094726562,493.25030517578125,0.0005268787499517202,80740.9375,1.054451584815979
126900.0,0.0,0.0,-4199818.5,10.533395767211914,491.4209899902344,0.0006993287242949009,80724.8359375,1.0546618700027466
127000.0,0.0,0.0,-4199813.5,12.271610260009766,490.0072326660156,-0.0010424735955893993,80710.4609375,1.0548497438430786
127100.0,0.0,0.0,-4199817.5,11.5294189453125,501.3006286621094,-0.000548315467312932,80698.171875,1.0550103187561035
127200.0,0.0,0.0,-4199811.5,11.827079772949219,498.47076416015625,0.00044190441258251667,80686.8828125,1.055158019065857
127300.0,0.0,0.0,-4199812.0,10.067586898803711,499.8895263671875,0.0012838905677199364,80677.34375,1.0552828311920166
127400.0,0.0,0.0,-4199810.0,11.365620613098145,498.9008483886719,0.0012915600091218948,80670.375,1.0553739070892334
127500.0,0.0,0.0,-4199804.5,12.841121673583984,494.18994140625,-0.0008978638797998428,80666.3828125,1.0554261207580566
127600.0,0.0,0.0,-4199808.5,11.716267585754395,498.25152587890625,0.0005360243376344442,80665.96875,1.0554314851760864
127700.0,0.0,0.0,-4199810.5,11.345733642578125,500.7931213378906,-8.353404700756073e-05,80669.7734375,1.0553817749023438
127800.0,0.0,0.0,-4199812.0,10.075959205627441,503.1949768066406,0.00039426679722964764,80677.5703125,1.0552797317504883
127900.0,0.0,0.0,-4199815.0,9.624444007873535,506.97540283203125,0.000855050515383482,80687.09375,1.0551551580429077
128000.0,0.0,0.0,-4199809.0,10.402264595031738,498.6018371582031,-0.00018486753106117249,80697.8515625,1.0550144910812378
128100.0,0.0,0.0,-4199810.0,12.618964195251465,497.1727294921875,0.000893215648829937,80709.9140625,1.0548568964004517
128200.0,0.0,0.0,-4199818.0,9.7820463180542,501.1374816894531,-0.0016084706876426935,80724.65625,1.0546642541885376
128300.0,0.0,0.0,-4199823.5,12.249185562133789,503.5631408691406,0.0003407096955925226,80740.7734375,1.054453730583191
128400.0,0.0,0.0,-4199816.0,11.109770774841309,494.34674072265625,-0.000342321814969182,80758.625,1.0542205572128296
128500.0,0.0,0.0,-4199821.5,14.005614280700684,501.2438659667969,0.0016296417452394962,80778.078125,1.053966760635376
128600.0,0.0,0.0,-4199817.5,14.101463317871094,504.7185974121094,0.001011652871966362,80799.3984375,1.053688645362854
128700.0,0.0,0.0,-4199809.0,9.879719734191895,502.514892578125,-0.0006185721140354872,80822.734375,1.0533844232559204
128800.0,0.0,0.0,-4199805.5,10.987600326538086,502.77386474609375,-0.0007281689904630184,80848.265625,1.0530518293380737
128900.0,0.0,0.0,-4199818.0,12.783076286315918,515.55029296875,-0.0005408162251114845,80875.2421875,1.0527005195617676
129000.0,0.0,0.0,-4199812.5,13.191332817077637,507.4443664550781,0.002225325908511877,80903.5625,1.0523319244384766
129100.0,0.0,0.0,-4199815.0,11.163579940795898,509.2247009277344,-0.00013198680244386196,80934.828125,1.051925539970398
129200.0,0.0,0.0,-4199814.0,11.606301307678223,505.12982177734375,9.11131501197815e-05,80966.59375,1.0515127182006836
129300.0,0.0,0.0,-4199807.5,10.459773063659668,499.1482849121094,-0.0015419030096381903,80999.8203125,1.0510814189910889
129400.0,0.0,0.0,-4199811.5,12.130083084106445,501.8058166503906,0.00015295576304197311,81033.5625,1.050643801689148
129500.0,0.0,0.0,-4199819.0,11.479934692382812,506.7945556640625,0.0013967896811664104,81068.6875,1.050188660621643
129600.0,0.0,0.0,-4199816.5,11.068032264709473,503.5584716796875,0.0006879381835460663,81105.5703125,1.049710988998413
129700.0,0.0,0.0,-4199813.0,16.201881408691406,497.9212341308594,-0.0006613389123231173,81143.375,1.0492218732833862
129800.0,0.0,0.0,-4199814.0,16.10751724243164,502.30743408203125,0.00010366900824010372,81181.4375,1.0487300157546997
129900.0,0.0,0.0,-4199808.0,12.691888809204102,495.9725036621094,-2.3198314011096954e-05,81219.828125,1.0482343435287476
130000.0,0.0,0.0,-4199814.0,10.716534614562988,500.3355712890625,0.0007731951773166656,81259.515625,1.047722339630127
130100.0,0.0,0.0,-4199810.0,11.898176193237305,491.56427001953125,1.7851125448942184e-05,81299.6640625,1.047204852104187
130200.0,0.0,0.0,-4199814.5,13.185646057128906,490.1959533691406,-4.731351509690285e-05,81339.9296875,1.0466866493225098
130300.0,0.0,0.0,-4199823.0,14.052033424377441,498.9297790527344,-0.0006269556470215321,81380.6328125,1.0461629629135132
130400.0,0.0,0.0,-4199811.5,11.08971118927002,492.0201416015625,-0.0006602432113140821,81419.9765625,1.0456575155258179
130500.0,0.0,0.0,-4199814.5,9.36092758178711,499.32110595703125,0.0005266491789370775,81458.015625,1.0451691150665283
130600.0,0.0,0.0,-4199809.5,11.730682373046875,498.67901611328125,-0.0002441704273223877,81494.59375,1.044700026512146
130700.0,0.0,0.0,-4199810.5,14.02717399597168,502.7188720703125,-0.00011286092922091484,81529.703125,1.044250249862671
130800.0,0.0,0.0,-4199805.5,11.197449684143066,499.470947265625,-0.0006336166989058256,81563.3671875,1.0438191890716553
130900.0,0.0,0.0,-4199810.0,10.935769081115723,505.3450927734375,0.00024651968851685524,81595.21875,1.0434118509292603
131000.0,0.0,0.0,-4199811.5,10.927434921264648,505.84857177734375,0.0003517779987305403,81625.1328125,1.0430293083190918
131100.0,0.0,0.0,-4199803.5,13.211647033691406,500.5193786621094,-0.00030757440254092216,81653.3984375,1.0426682233810425
131200.0,0.0,0.0,-4199808.5,10.082425117492676,505.2549133300781,-0.0006643540691584349,81680.2734375,1.0423252582550049
131300.0,0.0,0.0,-4199810.0,11.780115127563477,505.8545227050781,-0.0004971523303538561,81704.0625,1.0420217514038086
131400.0,0.0,0.0,-4199811.0,11.465238571166992,506.4734802246094,0.00040693883784115314,81725.5703125,1.0417474508285522
131500.0,0.0,0.0,-4199803.5,10.861498832702637,497.04718017578125,0.0001376532018184662,81745.2890625,1.0414962768554688
131600.0,0.0,0.0,-4199810.5,11.63857650756836,502.5987854003906,-6.860820576548576e-05,81763.421875,1.0412652492523193
131700.0,0.0,0.0,-4199808.0,12.000170707702637,498.2719421386719,-0.0006910625379532576,81779.4453125,1.0410611629486084
131800.0,0.0,0.0,-4199812.0,9.972129821777344,499.3079833984375,6.362097337841988e-05,81791.3046875,1.0409103631973267
131900.0,0.0,0.0,-4199812.0,11.971445083618164,496.0306396484375,-0.00025174207985401154,81800.0078125,1.040799617767334
132000.0,0.0,0.0,-4199813.0,10.859417915344238,493.90460205078125,-0.00022806157357990742,81806.484375,1.0407171249389648
132100.0,0.0,0.0,-4199819.5,13.283355712890625,501.6427917480469,-0.000642105471342802,81810.9140625,1.0406607389450073
132200.0,0.0,0.0,-4199808.0,10.6128568649292,493.22381591796875,0.00018992251716554165,81812.7734375,1.0406371355056763
132300.0,0.0,0.0,-4199813.5,13.51994800567627,507.8199768066406,1.5479978173971176e-05,81811.7265625,1.0406503677368164
132400.0,0.0,0.0,-4199805.5,11.092714309692383,504.1147155761719,-0.0005709540564566851,81806.9140625,1.0407116413116455
132500.0,0.0,0.0,-4199804.5,11.120999336242676,503.92645263671875,-0.00010083289816975594,81799.0390625,1.0408117771148682
132600.0,0.0,0.0,-4199804.5,11.389190673828125,504.4079895019531,1.5748897567391396e-05,81789.2578125,1.0409363508224487
132700.0,0.0,0.0,-4199804.5,10.066308975219727,501.1831359863281,-6.734486669301987e-05,81778.3828125,1.0410747528076172
132800.0,0.0,0.0,-4199809.0,12.019572257995605,501.960693359375,-0.0008371288422495127,81765.9453125,1.0412330627441406
132900.0,0.0,0.0,-4199803.0,11.078688621520996,492.31329345703125,0.0009166023228317499,81751.6015625,1.041415810585022
133000.0,0.0,0.0,-4199809.5,9.72299861907959,497.7212219238281,0.00044119940139353275,81736.265625,1.0416111946105957
133100.0,0.0,0.0,-4199809.0,10.986700057983398,497.2478942871094,-0.00019653025083243847,81720.4296875,1.0418131351470947
133200.0,0.0,0.0,-4199807.5,10.846647262573242,495.5716857910156,-0.0003981366753578186,81703.140625,1.0420335531234741
133300.0,0.0,0.0,-4199804.5,10.354836463928223,493.2674865722656,-3.6921584978699684e-05,81684.0859375,1.0422766208648682
133400.0,0.0,0.0,-4199809.0,12.740119934082031,499.4669189453125,-0.00016779708676040173,81665.1796875,1.0425177812576294
133500.0,0.0,0.0,-4199808.0,11.87822437286377,501.94921875,-0.0002185031771659851,81646.40625,1.0427576303482056
133600.0,0.0,0.0,-4199804.5,12.658059120178223,498.78961181640625,-0.00016880035400390625,81627.0546875,1.0430047512054443
133700.0,0.0,0.0,-4199807.5,13.518779754638672,499.7371826171875,-1.24399084597826e-05,81606.3046875,1.0432701110839844
133800.0,0.0,0.0,-4199811.5,9.99490737915039,498.2482604980469,0.0010272085200995207,81584.5078125,1.0435487031936646
133900.0,0.0,0.0,-4199810.5,11.334667205810547,492.2609558105469,-0.0004940088838338852,81563.2265625,1.0438209772109985
134000.0,0.0,0.0,-4199812.0,11.490021705627441,492.0920715332031,-0.0007561338134109974,81541.921875,1.0440937280654907
134100.0,0.0,0.0,-4199814.0,9.565266609191895,497.3775329589844,-0.0008465265855193138,81520.4609375,1.0443685054779053
134200.0,0.0,0.0,-4199809.5,8.992846488952637,495.4400939941406,0.0009792239870876074,81498.71875,1.044647216796875
134300.0,0.0,0.0,-4199807.0,9.786992073059082,496.4100646972656,0.001087952870875597,81477.8984375,1.0449141263961792
134400.0,0.0,0.0,-4199806.5,12.990070343017578,500.6123352050781,0.000475120497867465,81458.359375,1.045164704322815
134500.0,0.0,0.0,-4199806.0,11.312891006469727,503.9691467285156,-0.0010794305708259344,81439.265625,1.0454097986221313
134600.0,0.0,0.0,-4199802.0,10.054750442504883,503.0813293457031,-0.0012133631389588118,81420.3515625,1.0456526279449463
134700.0,0.0,0.0,-4199811.5,12.261481285095215,515.8828735351562,0.00031003053300082684,81401.6171875,1.0458933115005493
134800.0,0.0,0.0,-4199802.0,10.50500774383545,497.5925598144531,0.0005933321081101894,81383.75,1.0461229085922241
134900.0,0.0,0.0,-4199808.0,10.632467269897461,495.76715087890625,0.0008878679946064949,81366.8515625,1.0463402271270752
135000.0,0.0,0.0,-4199811.5,12.453226089477539,498.92254638671875,-0.0008033353369683027,81350.6171875,1.0465489625930786
135100.0,0.0,0.0,-4199802.5,9.32715129852295,489.81097412109375,0.00022843806073069572,81333.2734375,1.0467721223831177
135200.0,0.0,0.0,-4199811.5,10.426753997802734,501.0939025878906,0.00029298849403858185,81315.1015625,1.0470061302185059
135300.0,0.0,0.0,-4199808.5,11.976357460021973,499.6848449707031,-4.5170774683356285e-05,81295.625,1.0472569465637207
135400.0,0.0,0.0,-4199808.0,11.380175590515137,498.61700439453125,-0.0007338100112974644,81275.1796875,1.047520399093628
135500.0,0.0,0.0,-4199810.0,11.375736236572266,501.8601989746094,-0.0004084431566298008,81253.4609375,1.0478004217147827
135600.0,0.0,0.0,-4199806.0,9.595501899719238,496.8984375,0.00025544525124132633,81231.046875,1.0480895042419434
135700.0,0.0,0.0,-4199811.5,17.75307273864746,501.14361572265625,-0.00019498192705214024,81208.2890625,1.0483832359313965
135800.0,0.0,0.0,-4199806.0,13.699922561645508,493.8327331542969,-0.0006317186634987593,81184.8984375,1.0486853122711182
135900.0,0.0,0.0,-4199814.0,9.474504470825195,498.05096435546875,-0.0002843406982719898,81160.640625,1.0489987134933472
136000.0,0.0,0.0,-4199809.0,11.989501953125,489.7685546875,0.001453533535823226,81135.578125,1.0493227243423462
136100.0,0.0,0.0,-4199808.0,10.73828411102295,488.2695617675781,0.0012879644054919481,81110.96875,1.0496411323547363
136200.0,0.0,0.0,-4199819.5,10.176397323608398,503.09222412109375,-0.0012542949989438057,81086.6015625,1.0499565601348877
136300.0,0.0,0.0,-4199806.0,11.727640151977539,493.0904541015625,-0.0020572710782289505,81060.734375,1.050291657447815
136400.0,0.0,0.0,-4199817.5,12.233190536499023,512.6465454101562,-0.00010110670700669289,81033.34375,1.0506465435028076
136500.0,0.0,0.0,-4199804.0,12.346268653869629,504.1568298339844,0.0011066016741096973,81005.5703125,1.05100679397583
136600.0,0.0,0.0,-4199804.5,9.514162063598633,506.59588623046875,0.001069971825927496,80978.6640625,1.0513560771942139
136700.0,0.0,0.0,-4199803.0,10.392736434936523,506.5203552246094,1.2196367606520653e-05,80953.453125,1.0516834259033203
136800.0,0.0,0.0,-4199807.5,10.761011123657227,508.1317443847656,0.0002170824445784092,80930.1640625,1.0519860982894897
136900.0,0.0,0.0,-4199807.0,10.515965461730957,503.5984191894531,-0.0012443414889276028,80908.5390625,1.05226731300354
137000.0,0.0,0.0,-4199805.0,11.070477485656738,496.8429260253906,-0.0008734003640711308,80886.765625,1.0525505542755127
137100.0,0.0,0.0,-4199812.5,11.005999565124512,502.18603515625,0.0011082151904702187,80864.2734375,1.0528433322906494
137200.0,0.0,0.0,-4199812.0,11.107810974121094,499.6467590332031,0.000466193538159132,80842.109375,1.0531319379806519
137300.0,0.0,0.0,-4199807.5,11.40307331085205,497.70758056640625,0.0008613674435764551,80819.1484375,1.0534310340881348
137400.0,0.0,0.0,-4199806.0,9.3187837600708,494.2818298339844,-0.0001937157940119505,80796.0625,1.05373215675354
137500.0,0.0,0.0,-4199811.5,10.370575904846191,498.53643798828125,-0.0006077003199607134,80772.578125,1.054038643836975
137600.0,0.0,0.0,-4199818.5,10.774419784545898,504.4978332519531,4.205619916319847e-06,80748.84375,1.054348349571228
137700.0,0.0,0.0,-4199811.5,10.686443328857422,494.8310241699219,9.607011452317238e-05,80724.34375,1.0546683073043823
137800.0,0.0,0.0,-4199819.5,13.027787208557129,499.0970458984375,6.625615060329437e-05,80700.0703125,1.054985523223877
137900.0,0.0,0.0,-4199826.0,9.145745277404785,504.0738830566406,-5.56048471480608e-05,80675.921875,1.0553014278411865
138000.0,0.0,0.0,-4199818.5,11.803048133850098,494.056396484375,-0.00032782042399048805,80651.046875,1.0556267499923706
138100.0,0.0,0.0,-4199818.5,9.606237411499023,495.2092590332031,-6.660097278654575e-05,80625.765625,1.0559577941894531
138200.0,0.0,0.0,-4199813.5,12.068672180175781,495.00408935546875,0.00034542358480393887,80599.125,1.0563069581985474
138300.0,0.0,0.0,-4199807.5,13.339751243591309,496.26812744140625,-0.0006018576677888632,80572.0390625,1.0566620826721191
138400.0,0.0,0.0,-4199819.0,9.739219665527344,517.738525390625,-0.0003541847690939903,80543.3203125,1.05703866481781
138500.0,0.0,0.0,-4199809.5,11.755112648010254,506.8684387207031,0.0008287432137876749,80513.1953125,1.0574342012405396
138600.0,0.0,0.0,-4199816.5,11.10410213470459,511.8271789550781,0.0003028560895472765,80483.8046875,1.0578203201293945
138700.0,0.0,0.0,-4199813.0,9.520468711853027,506.1016845703125,-0.0006352248601615429,80455.203125,1.0581964254379272
138800.0,0.0,0.0,-4199817.5,10.15192699432373,508.04144287109375,0.0002240510657429695,80426.8515625,1.0585694313049316
138900.0,0.0,0.0,-4199815.0,11.958858489990234,503.60626220703125,-0.00027756509371101856,80399.921875,1.0589239597320557
139000.0,0.0,0.0,-4199814.5,12.852618217468262,503.50909423828125,0.0001349321100860834,80374.515625,1.0592586994171143
139100.0,0.0,0.0,-4199813.0,11.35651969909668,499.99951171875,0.0010799888987094164,80350.796875,1.0595715045928955
139200.0,0.0,0.0,-4199816.0,11.876029014587402,501.816162109375,0.0009054006077349186,80329.578125,1.0598512887954712
139300.0,0.0,0.0,-4199814.5,10.437871932983398,499.34130859375,0.00046277325600385666,80309.7890625,1.060112476348877
139400.0,0.0,0.0,-4199813.0,9.372562408447266,498.21728515625,-0.00040543987415730953,80291.1484375,1.0603585243225098
139500.0,0.0,0.0,-4199814.5,9.678669929504395,501.01629638671875,-0.0005295954179018736,80273.4765625,1.0605920553207397
139600.0,0.0,0.0,-4199813.0,11.071942329406738,503.6503601074219,-0.0016940650530159473,80257.203125,1.0608069896697998
139700.0,0.0,0.0,-4199817.5,11.976847648620605,507.5635986328125,0.0016581437084823847,80241.5859375,1.0610134601593018
139800.0,0.0,0.0,-4199814.0,11.17619800567627,503.14947509765625,0.001319660572335124,80228.0390625,1.0611926317214966
139900.0,0.0,0.0,-4199814.5,10.162541389465332,502.0243835449219,6.48351851850748e-05,80216.0703125,1.0613510608673096
140000.0,0.0,0.0,-4199813.5,11.417811393737793,501.97796630859375,-0.001033509848639369,80205.171875,1.0614951848983765
140100.0,0.0,0.0,-4199813.5,10.70998764038086,502.4311218261719,-7.173512130975723e-05,80194.4140625,1.0616376399993896
140200.0,0.0,0.0,-4199816.0,11.293697357177734,505.798828125,0.0017425785772502422,80184.3671875,1.0617706775665283
140300.0,0.0,0.0,-4199812.0,10.611063003540039,501.69879150390625,0.0006886536721140146,80176.0546875,1.0618807077407837
140400.0,0.0,0.0,-4199809.5,10.813531875610352,494.74713134765625,0.0006775637157261372,80169.0390625,1.0619736909866333
140500.0,0.0,0.0,-4199813.0,10.07122802734375,492.21087646484375,-0.001820484409108758,80163.3125,1.0620495080947876
140600.0,0.0,0.0,-4199825.0,11.949793815612793,495.7536926269531,-0.0012444180902093649,80157.65625,1.062124490737915
140700.0,0.0,0.0,-4199829.0,12.701520919799805,497.3651123046875,0.0006620513740926981,80152.7265625,1.0621898174285889
140800.0,0.0,0.0,-4199828.5,15.306310653686523,499.001220703125,0.0008915639482438564,80149.09375,1.0622378587722778
140900.0,0.0,0.0,-4199817.0,9.915721893310547,491.6604309082031,0.0003557535819709301,80146.609375,1.0622708797454834
141000.0,0.0,0.0,-4199815.0,14.635536193847656,495.76629638671875,-0.0006903077010065317,80144.46875,1.062299370765686
141100.0,0.0,0.0,-4199812.0,13.663418769836426,497.8123474121094,0.00032616755925118923,80142.640625,1.0623235702514648
141200.0,0.0,0.0,-4199815.0,14.066399574279785,505.7038879394531,0.0010387846268713474,80141.7578125,1.0623351335525513
141300.0,0.0,0.0,-4199806.5,13.1672945022583,498.8934020996094,-0.0001845736987888813,80143.09375,1.0623174905776978
141400.0,0.0,0.0,-4199806.0,14.205472946166992,495.9027099609375,-0.0004839447792619467,80145.1953125,1.0622895956039429
141500.0,0.0,0.0,-4199813.5,11.019267082214355,500.3175048828125,0.0006158130709081888,80147.8984375,1.0622538328170776
141600.0,0.0,0.0,-4199816.5,10.202751159667969,498.7049255371094,0.0003834972158074379,80153.0546875,1.0621854066848755
141700.0,0.0,0.0,-4199815.5,13.360445976257324,495.0014953613281,0.0010248140897601843,80160.625,1.0620851516723633
141800.0,0.0,0.0,-4199817.0,11.392375946044922,494.85101318359375,-0.0003592600114643574,80169.703125,1.061964988708496
141900.0,0.0,0.0,-4199819.0,11.413614273071289,496.9908752441406,-0.001013642642647028,80179.890625,1.061829924583435
142000.0,0.0,0.0,-4199815.0,11.768218040466309,494.4327087402344,-5.162903107702732e-05,80190.125,1.0616943836212158
142100.0,0.0,0.0,-4199820.5,10.842019081115723,501.4600830078125,0.001144798705354333,80202.2578125,1.061533808708191
142200.0,0.0,0.0,-4199810.5,11.585860252380371,494.0155029296875,-0.00017365487292408943,80216.1015625,1.061350703239441
142300.0,0.0,0.0,-4199821.0,11.797900199890137,506.2301330566406,-0.0001322575844824314,80231.0390625,1.0611529350280762
142400.0,0.0,0.0,-4199815.0,10.778468132019043,501.6777648925781,-0.00031792442314326763,80247.2421875,1.0609387159347534
142500.0,0.0,0.0,-4199814.0,10.241562843322754,502.2105712890625,-0.0005683619529008865,80265.109375,1.0607025623321533
142600.0,0.0,0.0,-4199810.0,11.972484588623047,504.210205078125,-1.383642666041851e-05,80284.328125,1.0604486465454102
142700.0,0.0,0.0,-4199807.5,10.129294395446777,503.6922302246094,6.39685895293951e-05,80304.5390625,1.0601818561553955
142800.0,0.0,0.0,-4199809.0,10.889191627502441,502.7647399902344,0.0010303519666194916,80325.4140625,1.059906244277954
142900.0,0.0,0.0,-4199810.5,8.671299934387207,497.2546691894531,-0.00044131861068308353,80347.7109375,1.0596120357513428
143000.0,0.0,0.0,-4199815.0,10.084563255310059,497.6602478027344,0.0008703991770744324,80370.3125,1.0593141317367554
143100.0,0.0,0.0,-4199818.5,12.23236083984375,501.37371826171875,-0.00055080302990973,80392.5859375,1.0590206384658813
143200.0,0.0,0.0,-4199816.0,11.449566841125488,498.4162292480469,-0.0007839328609406948,80414.78125,1.0587284564971924
143300.0,0.0,0.0,-4199809.0,10.495238304138184,492.0725402832031,0.0002153532113879919,80438.2578125,1.0584193468093872
143400.0,0.0,0.0,-4199820.5,10.43808364868164,506.7052307128906,-3.185495734214783e-05,80462.6640625,1.058098316192627
143500.0,0.0,0.0,-4199814.5,9.572021484375,504.7293395996094,0.0004820458125323057,80487.2734375,1.0577747821807861
143600.0,0.0,0.0,-4199813.0,10.391390800476074,506.5710144042969,-0.0012992597185075283,80512.609375,1.0574419498443604
143700.0,0.0,0.0,-4199805.0,9.978702545166016,500.4261169433594,0.00027551199309527874,80537.6171875,1.057113528251648
143800.0,0.0,0.0,-4199805.5,10.196843147277832,502.820068359375,0.00013815704733133316,80563.0078125,1.0567803382873535
143900.0,0.0,0.0,-4199798.5,12.299323081970215,500.5530700683594,0.001780086662620306,80588.703125,1.056443452835083
144000.0,0.0,0.0,-4199808.5,11.997282028198242,506.41278076171875,0.0006271370220929384,80616.953125,1.0560731887817383
144100.0,0.0,0.0,-4199808.5,12.152246475219727,499.9860534667969,-0.0008063735440373421,80647.234375,1.0556766986846924
144200.0,0.0,0.0,-4199817.5,10.440284729003906,506.32391357421875,0.0007583948317915201,80678.265625,1.0552706718444824
144300.0,0.0,0.0,-4199817.0,12.074372291564941,502.254638671875,-0.0006403785664588213,80711.46875,1.0548365116119385
144400.0,0.0,0.0,-4199818.0,12.978114128112793,501.1073303222656,0.0010853467974811792,80745.7578125,1.0543886423110962
144500.0,0.0,0.0,-4199816.5,12.376358032226562,500.75897216796875,-0.0013559919316321611,80780.828125,1.0539308786392212
144600.0,0.0,0.0,-4199811.5,15.0554780960083,494.5600280761719,-0.0002106870524585247,80814.90625,1.0534864664077759
144700.0,0.0,0.0,-4199820.0,11.370158195495605,502.3588562011719,0.0003811623901128769,80848.34375,1.0530507564544678
144800.0,0.0,0.0,-4199812.5,12.68208122253418,494.638671875,0.0013162170071154833,80883.53125,1.0525926351547241
144900.0,0.0,0.0,-4199820.5,12.33271312713623,507.3503112792969,0.0008719663601368666,80920.390625,1.0521131753921509
145000.0,0.0,0.0,-4199801.5,10.575799942016602,497.05511474609375,-0.0023094546049833298,80958.0703125,1.0516234636306763
145100.0,0.0,0.0,-4199804.0,12.406932830810547,503.7565612792969,-0.0006279416847974062,80995.3984375,1.0511387586593628
145200.0,0.0,0.0,-4199810.0,9.949769020080566,511.9933166503906,-0.001581619493663311,81032.328125,1.0506598949432373
145300.0,0.0,0.0,-4199805.0,11.285059928894043,501.99395751953125,0.0014978516846895218,81068.2578125,1.0501941442489624
145400.0,0.0,0.0,-4199806.0,12.210926055908203,501.48248291015625,-0.00022536772303283215,81103.8828125,1.0497329235076904
145500.0,0.0,0.0,-4199812.5,8.931435585021973,505.7786865234375,0.00015963823534548283,81138.2109375,1.0492886304855347
145600.0,0.0,0.0,-4199811.0,10.991432189941406,502.36181640625,-0.000200256472453475,81171.90625,1.0488531589508057
145700.0,0.0,0.0,-4199802.5,11.299483299255371,491.5748596191406,-0.0010186599101871252,81205.3828125,1.0484206676483154
145800.0,0.0,0.0,-4199807.5,11.833871841430664,503.1320495605469,9.556440636515617e-05,81238.890625,1.0479882955551147
145900.0,0.0,0.0,-4199803.0,11.805621147155762,497.7362976074219,-0.00030655693262815475,81272.28125,1.0475577116012573
146000.0,0.0,0.0,-4199814.0,9.806002616882324,505.69891357421875,0.0012739626690745354,81304.046875,1.0471484661102295
146100.0,0.0,0.0,-4199812.5,10.343605041503906,498.6007080078125,-0.0007438643369823694,81334.6640625,1.046754240989685
146200.0,0.0,0.0,-4199814.5,8.309906005859375,503.1361083984375,3.777281381189823e-05,81361.9296875,1.0464035272598267
146300.0,0.0,0.0,-4199811.0,11.598280906677246,497.7481994628906,-0.0009182754438370466,81388.1796875,1.0460659265518188
146400.0,0.0,0.0,-4199816.5,11.438688278198242,503.361328125,-0.0009304960258305073,81412.8515625,1.0457489490509033
146500.0,0.0,0.0,-4199817.5,10.640938758850098,504.7206726074219,0.0008424194529652596,81435.7890625,1.0454543828964233
146600.0,0.0,0.0,-4199815.5,10.463547706604004,504.1597900390625,-0.0005370073486119509,81457.65625,1.0451738834381104
146700.0,0.0,0.0,-4199802.0,10.571357727050781,494.9224548339844,0.0005275334697216749,81477.765625,1.0449159145355225
146800.0,0.0,0.0,-4199806.5,10.066744804382324,501.4372253417969,-0.0012882640585303307,81496.7734375,1.0446722507476807
146900.0,0.0,0.0,-4199800.0,12.41154670715332,495.9198303222656,-0.0008399232756346464,81513.7265625,1.04445481300354
147000.0,0.0,0.0,-4199808.5,9.421919822692871,503.5412292480469,0.0005249902606010437,81529.0234375,1.0442588329315186
147100.0,0.0,0.0,-4199802.5,10.818543434143066,492.6572570800781,0.0005689009558409452,81543.703125,1.0440709590911865
147200.0,0.0,0.0,-4199814.5,14.148414611816406,497.810791015625,0.0010123346000909805,81558.4921875,1.0438815355300903
147300.0,0.0,0.0,-4199811.0,10.757125854492188,493.89923095703125,-0.0006036281120032072,81572.3046875,1.0437047481536865
147400.0,0.0,0.0,-4199814.5,12.260575294494629,496.3778076171875,0.0003037070855498314,81584.21875,1.0435525178909302
147500.0,0.0,0.0,-4199817.5,9.754158973693848,500.6206970214844,-0.00016380054876208305,81595.03125,1.0434141159057617
147600.0,0.0,0.0,-4199814.5,10.297353744506836,500.3802490234375,-0.000472373329102993,81604.7578125,1.0432897806167603
147700.0,0.0,0.0,-4199812.5,11.125800132751465,504.65643310546875,-0.00017636222764849663,81612.4921875,1.043190836906433
147800.0,0.0,0.0,-4199809.0,12.123102188110352,504.7042541503906,-0.001052961451932788,81618.6484375,1.0431122779846191
147900.0,0.0,0.0,-4199803.5,14.552910804748535,504.910400390625,0.0009191529825329781,81622.2890625,1.0430656671524048
148000.0,0.0,0.0,-4199802.5,9.294572830200195,504.05987548828125,0.000502333976328373,81624.828125,1.043033242225647
148100.0,0.0,0.0,-4199803.0,14.694744110107422,503.745849609375,0.00025588017888367176,81627.4375,1.0429999828338623
148200.0,0.0,0.0,-4199804.0,9.622681617736816,502.5840148925781,-0.0017184002790600061,81629.4375,1.0429743528366089
148300.0,0.0,0.0,-4199807.5,10.874552726745605,504.3121337890625,-0.0003972146660089493,81629.5234375,1.042973279953003
148400.0,0.0,0.0,-4199814.5,10.093903541564941,510.4772644042969,-0.0010821036994457245,81628.984375,1.0429800748825073
148500.0,0.0,0.0,-4199808.5,11.891841888427734,501.25799560546875,0.00028962036594748497,81626.21875,1.0430155992507935
148600.0,0.0,0.0,-4199810.0,8.935744285583496,501.2052307128906,0.00014640088193118572,81621.5703125,1.0430747270584106
148700.0,0.0,0.0,-4199804.0,10.091106414794922,493.70184326171875,-0.0007881219498813152,81614.9140625,1.0431599617004395
148800.0,0.0,0.0,-4199814.5,8.936408042907715,505.037353515625,0.00011247582733631134,81605.8359375,1.0432759523391724
148900.0,0.0,0.0,-4199809.5,14.273473739624023,499.4065246582031,-0.00013377214781939983,81594.7421875,1.0434178113937378
149000.0,0.0,0.0,-4199805.5,11.804006576538086,499.1978454589844,-0.0006457353010773659,81581.59375,1.043586015701294
149100.0,0.0,0.0,-4199812.5,9.537461280822754,507.64532470703125,2.9428862035274506e-05,81565.921875,1.0437865257263184
149200.0,0.0,0.0,-4199814.0,10.809983253479004,505.6561584472656,-0.0007890870328992605,81548.0390625,1.0440154075622559
149300.0,0.0,0.0,-4199815.0,10.299275398254395,502.86016845703125,0.0005593202076852322,81527.328125,1.0442806482315063
149400.0,0.0,0.0,-4199813.0,10.840300559997559,498.9233703613281,0.0002732111606746912,81504.78125,1.044569492340088
149500.0,0.0,0.0,-4199811.5,15.865874290466309,496.7161865234375,-0.0007867803797125816,81480.09375,1.0448859930038452
149600.0,0.0,0.0,-4199807.5,10.482614517211914,494.3086853027344,-2.6649795472621918e-05,81451.9140625,1.0452475547790527
149700.0,0.0,0.0,-4199810.0,10.582924842834473,501.6828918457031,-1.1282507330179214e-05,81421.65625,1.0456359386444092
149800.0,0.0,0.0,-4199799.5,11.317245483398438,492.30194091796875,0.0002306059468537569,81388.875,1.0460572242736816
149900.0,0.0,0.0,-4199808.0,12.413826942443848,501.7694091796875,-7.885904051363468e-05,81353.84375,1.046507477760315
150000.0,0.0,0.0,-4199803.5,10.68912124633789,496.6238098144531,-0.0005014841444790363,81316.21875,1.0469917058944702
150100.0,0.0,0.0,-4199808.0,14.146795272827148,500.7123107910156,-0.0015131481923162937,81277.03125,1.0474965572357178
150200.0,0.0,0.0,-4199803.5,10.771683692932129,495.18011474609375,0.0001910952851176262,81236.6015625,1.0480178594589233
150300.0,0.0,0.0,-4199812.5,12.174288749694824,502.0805358886719,0.0005781971849501133,81194.546875,1.0485607385635376
150400.0,0.0,0.0,-4199810.0,10.46737003326416,496.4063720703125,8.872244507074356e-06,81151.5234375,1.0491164922714233
150500.0,0.0,0.0,-4199815.5,11.895512580871582,501.10992431640625,-8.797156624495983e-05,81107.328125,1.0496882200241089
150600.0,0.0,0.0,-4199810.0,10.502950668334961,494.51446533203125,-1.2156786397099495e-05,81062.453125,1.0502692461013794
150700.0,0.0,0.0,-4199807.5,10.119771003723145,492.08380126953125,4.892866127192974e-05,81016.140625,1.0508697032928467
150800.0,0.0,0.0,-4199815.0,13.59843635559082,500.42047119140625,1.375214196741581e-05,80968.03125,1.0514941215515137
150900.0,0.0,0.0,-4199809.0,12.299172401428223,498.04156494140625,-3.445148468017578e-05,80919.296875,1.0521273612976074
151000.0,0.0,0.0,-4199805.5,11.176584243774414,501.3724060058594,0.00030639488250017166,80869.734375,1.0527721643447876
151100.0,0.0,0.0,-4199801.5,12.042083740234375,506.9693298339844,-0.000120881712064147,80819.9375,1.0534207820892334
151200.0,0.0,0.0,-4199802.0,11.410036087036133,507.26947021484375,-0.0005119978450238705,80769.515625,1.054078459739685
151300.0,0.0,0.0,-4199803.0,12.791248321533203,505.5454406738281,-0.000609296141192317,80718.7734375,1.0547410249710083
151400.0,0.0,0.0,-4199809.0,11.260644912719727,508.77630615234375,-0.00017481017857789993,80668.34375,1.0554004907608032
151500.0,0.0,0.0,-4199805.5,11.14176082611084,501.1300048828125,0.0011669937521219254,80617.453125,1.056066632270813
151600.0,0.0,0.0,-4199802.0,12.533164024353027,495.1061706542969,0.0013224107678979635,80567.5,1.0567214488983154
151700.0,0.0,0.0,-4199809.0,14.051239967346191,501.5147705078125,-0.0003972393460571766,80520.0703125,1.0573439598083496
151800.0,0.0,0.0,-4199810.5,11.253297805786133,501.562255859375,-0.0006532876286655664,80473.4375,1.0579566955566406
151900.0,0.0,0.0,-4199810.0,9.721824645996094,499.3583984375,-6.110221147537231e-05,80427.9375,1.0585551261901855
152000.0,0.0,0.0,-4199809.5,11.732793807983398,499.10943603515625,0.0004816697910428047,80384.875,1.0591224431991577
152100.0,0.0,0.0,-4199810.5,13.423588752746582,496.81988525390625,0.001741498475894332,80343.859375,1.059662938117981
152200.0,0.0,0.0,-4199816.5,11.65678882598877,500.16162109375,-0.0008033325430005789,80303.671875,1.0601931810379028
152300.0,0.0,0.0,-4199814.5,10.90084171295166,494.8505859375,-0.0006159888580441475,80263.296875,1.060726523399353
152400.0,0.0,0.0,-4199820.5,11.502541542053223,501.11492919921875,1.8132617697119713e-05,80223.5546875,1.0612519979476929
152500.0,0.0,0.0,-4199813.0,9.859118461608887,492.57470703125,0.001853877678513527,80185.109375,1.0617607831954956
152600.0,0.0,0.0,-4199807.0,10.622675895690918,489.7248229980469,0.0005514097865670919,80148.96875,1.0622395277023315
152700.0,0.0,0.0,-4199807.0,13.720892906188965,500.6944885253906,-0.0010105285327881575,80115.015625,1.0626897811889648
152800.0,0.0,0.0,-4199808.0,11.641745567321777,508.3274841308594,-0.00046961894258856773,80082.640625,1.0631195306777954
152900.0,0.0,0.0,-4199801.5,13.221452713012695,505.59326171875,0.0014176617842167616,80052.90625,1.063514232635498
153000.0,0.0,0.0,-4199811.5,14.438776016235352,513.2972412109375,0.0008089556358754635,80026.6640625,1.0638630390167236
153100.0,0.0,0.0,-4199807.0,13.044998168945312,503.3037109375,-0.0016492335125803947,80003.625,1.0641694068908691
153200.0,0.0,0.0,-4199810.0,8.847495079040527,501.4872741699219,0.00012538675218820572,79981.9140625,1.0644582509994507
153300.0,0.0,0.0,-4199808.0,11.186830520629883,496.772705078125,0.0007175358477979898,79961.953125,1.0647239685058594
153400.0,0.0,0.0,-4199810.0,13.147919654846191,496.38507080078125,0.001656268024817109,79943.859375,1.0649648904800415
153500.0,0.0,0.0,-4199812.0,10.427544593811035,497.7425842285156,0.00041920202784240246,79927.34375,1.0651850700378418
153600.0,0.0,0.0,-4199813.0,12.11582088470459,499.8162536621094,-0.0007559033110737801,79911.4453125,1.0653969049453735
153700.0,0.0,0.0,-4199815.5,10.297696113586426,499.8787841796875,-0.0003217165358364582,79895.484375,1.0656098127365112
153800.0,0.0,0.0,-4199819.5,12.412505149841309,500.7494201660156,0.0009187832474708557,79878.8125,1.0658321380615234
153900.0,0.0,0.0,-4199819.0,12.200111389160156,497.3318176269531,0.00032474519684910774,79861.921875,1.066057562828064
154000.0,0.0,0.0,-4199820.0,9.689151763916016,495.9988708496094,-0.0008498593233525753,79845.0703125,1.0662825107574463
154100.0,0.0,0.0,-4199819.0,9.505949020385742,492.9202880859375,-0.0005837951321154833,79827.609375,1.0665158033370972
154200.0,0.0,0.0,-4199825.5,12.153643608093262,501.01483154296875,-1.6949139535427094e-05,79810.015625,1.0667508840560913
154300.0,0.0,0.0,-4199822.0,12.156596183776855,496.8401794433594,0.0013136498164385557,79792.6171875,1.0669835805892944
154400.0,0.0,0.0,-4199811.0,9.785005569458008,488.1144714355469,-0.0005638855509459972,79776.1328125,1.0672041177749634
154500.0,0.0,0.0,-4199815.5,11.604759216308594,501.0528564453125,-0.0007744340691715479,79760.859375,1.0674083232879639
154600.0,0.0,0.0,-4199807.0,12.404561996459961,498.7013244628906,0.0006677552592009306,79748.140625,1.0675785541534424
154700.0,0.0,0.0,-4199806.0,12.830047607421875,503.70550537109375,0.0011601396836340427,79738.453125,1.0677083730697632
154800.0,0.0,0.0,-4199810.5,10.588776588439941,511.6211853027344,0.00021066702902317047,79730.90625,1.0678093433380127
154900.0,0.0,0.0,-4199809.0,11.493818283081055,506.50048828125,-0.0008837124332785606,79725.09375,1.0678871870040894
155000.0,0.0,0.0,-4199811.0,12.755636215209961,502.7135925292969,0.0001814691349864006,79720.53125,1.0679484605789185
155100.0,0.0,0.0,-4199816.0,11.833919525146484,503.6318359375,0.001954775769263506,79718.2890625,1.0679783821105957
155200.0,0.0,0.0,-4199813.0,11.230344772338867,499.88519287109375,6.366847082972527e-05,79719.140625,1.0679670572280884
155300.0,0.0,0.0,-4199809.0,12.164140701293945,494.37506103515625,-0.00018581445328891277,79721.578125,1.067934274673462
155400.0,0.0,0.0,-4199813.5,9.926006317138672,499.51190185546875,-0.00043620518408715725,79725.3515625,1.0678837299346924
155500.0,0.0,0.0,-4199809.0,10.371764183044434,495.216796875,0.00018289126455783844,79731.2578125,1.0678045749664307
155600.0,0.0,0.0,-4199812.0,11.902199745178223,496.5576171875,0.0009427857585251331,79739.015625,1.0677008628845215
155700.0,0.0,0.0,-4199818.5,10.246367454528809,501.3064270019531,0.00016479752957820892,79747.9609375,1.0675809383392334
155800.0,0.0,0.0,-4199803.0,11.051932334899902,481.54229736328125,-0.0009131745900958776,79758.578125,1.0674389600753784
155900.0,0.0,0.0,-4199819.5,13.905235290527344,494.52545166015625,0.0004372803959995508,79770.1640625,1.0672838687896729
156000.0,0.0,0.0,-4199816.5,13.202215194702148,489.3716125488281,0.0015898735728114843,79783.7109375,1.0671026706695557
156100.0,0.0,0.0,-4199815.5,12.085786819458008,490.3436279296875,0.0003582907374948263,79798.921875,1.0668991804122925
156200.0,0.0,0.0,-4199824.5,11.524246215820312,505.3320617675781,-0.00033637741580605507,79815.4296875,1.066678524017334
156300.0,0.0,0.0,-4199815.5,11.602546691894531,502.17657470703125,-0.0006809199694544077,79833.125,1.0664421319961548
156400.0,0.0,0.0,-4199807.0,11.157153129577637,495.8888854980469,0.0005745650269091129,79852.0703125,1.0661890506744385
156500.0,0.0,0.0,-4199816.5,12.689176559448242,511.8764953613281,0.00036968360655009747,79872.65625,1.065914273262024
156600.0,0.0,0.0,-4199804.0,13.470412254333496,498.78680419921875,0.0011671979445964098,79895.21875,1.0656132698059082
156700.0,0.0,0.0,-4199815.0,12.521102905273438,508.2151184082031,-0.0007126526907086372,79918.6953125,1.0653003454208374
156800.0,0.0,0.0,-4199812.5,10.444042205810547,501.7790222167969,0.0006601568311452866,79942.0,1.064989686012268
156900.0,0.0,0.0,-4199811.5,11.330757141113281,496.92608642578125,0.0010960723739117384,79965.859375,1.0646719932556152
157000.0,0.0,0.0,-4199812.0,11.911235809326172,495.34417724609375,0.00040742638520896435,79992.1171875,1.0643224716186523
157100.0,0.0,0.0,-4199813.0,11.580947875976562,497.6068115234375,-0.00043347524479031563,80020.1640625,1.063949465751648
157200.0,0.0,0.0,-4199822.5,10.891584396362305,507.46160888671875,-0.0012631304562091827,80049.5859375,1.0635584592819214
157300.0,0.0,0.0,-4199816.5,12.969589233398438,502.3859558105469,0.001129527110606432,80079.59375,1.0631598234176636
157400.0,0.0,0.0,-4199814.5,10.388639450073242,502.6348571777344,0.0006146829109638929,80111.0703125,1.0627422332763672
157500.0,0.0,0.0,-4199809.0,14.266372680664062,506.5665283203125,0.00026739249005913734,80143.4921875,1.062312126159668
157600.0,0.0,0.0,-4199804.0,14.06623363494873,505.99627685546875,-0.001494833268225193,80176.15625,1.0618793964385986
157700.0,0.0,0.0,-4199806.5,12.51120662689209,512.5350952148438,-0.0009953281842172146,80208.6953125,1.061448574066162
157800.0,0.0,0.0,-4199797.0,11.40894889831543,498.4085693359375,0.00031271763145923615,80242.90625,1.0609960556030273
157900.0,0.0,0.0,-4199802.5,11.176925659179688,497.1756591796875,0.0006282725371420383,80278.5390625,1.0605250597000122
158000.0,0.0,0.0,-4199806.0,12.955780982971191,496.26617431640625,0.0007301988080143929,80314.875,1.0600453615188599
158100.0,0.0,0.0,-4199806.0,11.57869815826416,498.3244934082031,0.00029292074032127857,80352.2109375,1.059552788734436
158200.0,0.0,0.0,-4199803.0,12.002381324768066,495.69366455078125,-8.305045776069164e-05,80389.7578125,1.0590578317642212
158300.0,0.0,0.0,-4199808.0,13.20836067199707,499.166259765625,-0.00035943114198744297,80428.125,1.0585527420043945
158400.0,0.0,0.0,-4199812.0,11.00322151184082,501.9976501464844,0.00022657657973468304,80466.6484375,1.0580459833145142
158500.0,0.0,0.0,-4199811.0,11.249978065490723,496.8912353515625,-0.000849870266392827,80504.8203125,1.0575443506240845
158600.0,0.0,0.0,-4199816.5,12.495473861694336,503.1524353027344,1.9657891243696213e-06,80542.1953125,1.0570534467697144
158700.0,0.0,0.0,-4199816.0,11.338382720947266,501.1405029296875,-0.00016307923942804337,80578.4921875,1.0565773248672485
158800.0,0.0,0.0,-4199814.5,11.96769905090332,499.2291564941406,0.0004355688579380512,80613.9765625,1.0561121702194214
158900.0,0.0,0.0,-4199813.5,12.728119850158691,496.233642578125,-0.0005277399905025959,80648.8671875,1.0556553602218628
159000.0,0.0,0.0,-4199816.5,14.847728729248047,497.0440673828125,-0.0008276843000203371,80682.3203125,1.0552176237106323
159100.0,0.0,0.0,-4199817.0,10.030192375183105,497.1651306152344,0.0004995579365640879,80714.046875,1.0548028945922852
159200.0,0.0,0.0,-4199820.5,11.154443740844727,501.9863586425781,0.0012970264069736004,80745.5859375,1.054390788078308
159300.0,0.0,0.0,-4199816.5,9.564608573913574,498.04339599609375,0.00014698761515319347,80777.3515625,1.0539761781692505
159400.0,0.0,0.0,-4199809.0,10.903838157653809,495.45721435546875,-0.0013120141811668873,80809.1796875,1.0535610914230347
159500.0,0.0,0.0,-4199804.0,12.495502471923828,496.19635009765625,-0.000695767579600215,80841.3359375,1.0531420707702637
159600.0,0.0,0.0,-4199806.5,11.18604564666748,503.7304992675781,-0.0006967794615775347,80873.1015625,1.052728295326233
159700.0,0.0,0.0,-4199808.0,14.440624237060547,507.0134582519531,0.0004132057074457407,80903.9375,1.0523271560668945
159800.0,0.0,0.0,-4199807.0,10.112229347229004,504.41290283203125,0.0002724158111959696,80934.4609375,1.0519301891326904
159900.0,0.0,0.0,-4199810.0,10.478402137756348,505.12554931640625,-0.0007250448688864708,80963.40625,1.0515542030334473
160000.0,0.0,0.0,-4199810.0,13.102972984313965,502.91943359375,0.00037482636980712414,80989.4140625,1.05121648311615
160100.0,0.0,0.0,-4199807.5,11.35350227355957,495.6025390625,-0.0004726685583591461,81013.71875,1.0509010553359985
160200.0,0.0,0.0,-4199811.0,11.257079124450684,497.9754333496094,-0.0013139802031219006,81036.1640625,1.050610065460205
160300.0,0.0,0.0,-4199813.5,13.213981628417969,500.7940673828125,-0.0002654662821441889,81056.7578125,1.0503431558609009
160400.0,0.0,0.0,-4199814.5,14.467220306396484,502.1540832519531,0.0006202708464115858,81075.640625,1.0500984191894531
160500.0,0.0,0.0,-4199808.5,15.470678329467773,503.6842956542969,0.0003347857855260372,81092.734375,1.0498771667480469
160600.0,0.0,0.0,-4199807.5,10.776755332946777,503.2489318847656,-0.0005766234826296568,81108.28125,1.0496758222579956
160700.0,0.0,0.0,-4199813.5,10.178136825561523,506.94427490234375,-0.001642228802666068,81122.2734375,1.0494948625564575
160800.0,0.0,0.0,-4199807.0,10.814931869506836,493.8345642089844,-0.00046759890392422676,81133.6171875,1.0493481159210205
160900.0,0.0,0.0,-4199815.0,9.76538372039795,495.5818786621094,0.0003591948188841343,81141.5859375,1.049244999885559
161000.0,0.0,0.0,-4199807.0,12.735960006713867,486.80401611328125,0.0015378675889223814,81147.25,1.049171805381775
161100.0,0.0,0.0,-4199814.0,11.773398399353027,499.44287109375,0.0003190727438777685,81151.2578125,1.0491199493408203
161200.0,0.0,0.0,-4199816.0,10.177379608154297,503.2503356933594,-0.001513523980975151,81153.21875,1.0490946769714355
161300.0,0.0,0.0,-4199810.0,10.262385368347168,499.40924072265625,-0.0023029951844364405,81152.078125,1.0491093397140503
161400.0,0.0,0.0,-4199806.0,11.481173515319824,495.8701477050781,0.000461590476334095,81147.2578125,1.0491716861724854
161500.0,0.0,0.0,-4199809.0,10.217536926269531,500.5981140136719,0.0007564711850136518,81140.390625,1.0492604970932007
161600.0,0.0,0.0,-4199807.5,15.878409385681152,498.3643798828125,-1.3615237548947334e-05,81130.90625,1.0493831634521484
161700.0,0.0,0.0,-4199809.0,12.187119483947754,498.77789306640625,-0.00017638923600316048,81118.328125,1.0495460033416748
161800.0,0.0,0.0,-4199810.5,12.401073455810547,500.2582092285156,-0.001209222013130784,81104.90625,1.0497195720672607
161900.0,0.0,0.0,-4199812.5,11.250941276550293,501.1182861328125,-5.4388539865612984e-05,81090.625,1.049904465675354
162000.0,0.0,0.0,-4199814.5,10.959185600280762,499.6360168457031,-0.0005936664529144764,81075.8046875,1.0500963926315308
162100.0,0.0,0.0,-4199810.5,11.598047256469727,488.4180603027344,-5.3483759984374046e-05,81059.8671875,1.0503028631210327
162200.0,0.0,0.0,-4199822.0,10.375068664550781,499.4357604980469,0.0008986098691821098,81043.1875,1.0505191087722778
162300.0,0.0,0.0,-4199817.0,11.286028861999512,496.6464538574219,0.0003720747772604227,81025.6484375,1.0507463216781616
162400.0,0.0,0.0,-4199808.5,13.457417488098145,493.178466796875,-9.901332668960094e-05,81007.5546875,1.050981044769287
162500.0,0.0,0.0,-4199815.0,9.332125663757324,506.6389465332031,-0.0005949826445430517,80990.046875,1.0512083768844604
162600.0,0.0,0.0,-4199805.5,9.853008270263672,501.016357421875,0.0006668753921985626,80973.375,1.0514247417449951
162700.0,0.0,0.0,-4199811.5,13.988654136657715,509.22686767578125,-3.595789894461632e-05,80956.796875,1.0516401529312134
162800.0,0.0,0.0,-4199804.0,10.901556015014648,499.4756164550781,0.0007609671447426081,80939.8671875,1.051859974861145
162900.0,0.0,0.0,-4199810.0,12.503989219665527,503.8165283203125,-0.0004727942869067192,80924.2578125,1.05206298828125
163000.0,0.0,0.0,-4199810.5,11.777581214904785,502.51483154296875,-0.0001817401498556137,80909.453125,1.052255392074585
163100.0,0.0,0.0,-4199809.5,12.242996215820312,498.779296875,-0.00015606987290084362,80894.7109375,1.0524471998214722
163200.0,0.0,0.0,-4199804.5,9.548704147338867,492.68359375,0.0005968622863292694,80880.8046875,1.0526280403137207
163300.0,0.0,0.0,-4199814.5,15.537650108337402,505.07818603515625,0.0004016223829239607,80869.0078125,1.052781581878662
163400.0,0.0,0.0,-4199816.5,10.808101654052734,511.7956848144531,0.0005103659350425005,80857.890625,1.0529264211654663
163500.0,0.0,0.0,-4199804.0,10.557819366455078,498.79132080078125,-0.0005168092902749777,80846.734375,1.0530717372894287
163600.0,0.0,0.0,-4199817.5,11.150410652160645,512.8670043945312,-0.00128912553191185,80835.53125,1.0532176494598389
163700.0,0.0,0.0,-4199814.0,14.18673324584961,504.8547058105469,-8.505675941705704e-05,80823.2421875,1.0533778667449951
163800.0,0.0,0.0,-4199814.5,10.134416580200195,499.0183410644531,0.0008258388843387365,80810.1875,1.053547978401184
163900.0,0.0,0.0,-4199814.5,12.15601921081543,496.09381103515625,0.0007936405017971992,80795.5859375,1.0537383556365967
164000.0,0.0,0.0,-4199817.5,11.822827339172363,499.5716247558594,-0.0011055716313421726,80780.0625,1.053940773010254
164100.0,0.0,0.0,-4199812.0,11.002854347229004,496.2198486328125,-0.0014105879236012697,80763.2421875,1.0541603565216064
164200.0,0.0,0.0,-4199809.0,10.915240287780762,494.84423828125,-0.000785214826464653,80744.984375,1.0543986558914185
164300.0,0.0,0.0,-4199813.5,11.049999237060547,502.1822509765625,0.0010779888834804296,80726.21875,1.0546437501907349
164400.0,0.0,0.0,-4199813.0,15.193751335144043,504.0230407714844,9.987363591790199e-05,80707.296875,1.0548911094665527
164500.0,0.0,0.0,-4199808.5,11.578560829162598,502.21240234375,0.0007185058202594519,80687.3828125,1.0551514625549316
164600.0,0.0,0.0,-4199820.0,11.454994201660156,515.3021240234375,-0.00015341676771640778,80666.8671875,1.0554198026657104
164700.0,0.0,0.0,-4199816.5,11.592733383178711,508.7046813964844,0.00044579640962183475,80645.1484375,1.055704116821289
164800.0,0.0,0.0,-4199817.0,11.788935661315918,502.5741882324219,-6.310688331723213e-05,80622.46875,1.0560009479522705
164900.0,0.0,0.0,-4199810.0,12.37150764465332,491.8582763671875,-0.0003875936381518841,80600.34375,1.056290864944458
165000.0,0.0,0.0,-4199815.5,11.449164390563965,496.677734375,-0.0006424076855182648,80579.5703125,1.056563138961792
165100.0,0.0,0.0,-4199813.0,11.391983032226562,494.8475036621094,-0.00044950307346880436,80559.3125,1.0568289756774902
165200.0,0.0,0.0,-4199813.5,10.522890090942383,498.9728698730469,0.0008226437494158745,80538.3828125,1.0571035146713257
165300.0,0.0,0.0,-4199810.5,11.79348373413086,500.1958312988281,6.20158389210701e-05,80516.6328125,1.0573890209197998
165400.0,0.0,0.0,-4199815.5,10.996931076049805,511.1690979003906,0.0005606613121926785,80494.578125,1.0576788187026978
165500.0,0.0,0.0,-4199798.0,12.717223167419434,497.78485107421875,-0.0001990143209695816,80473.671875,1.0579535961151123
165600.0,0.0,0.0,-4199808.0,12.340003967285156,512.7738647460938,-0.0002909889444708824,80453.578125,1.0582177639007568
165700.0,0.0,0.0,-4199807.5,12.412609100341797,513.5148315429688,-5.881907418370247e-05,80433.265625,1.0584851503372192
165800.0,0.0,0.0,-4199801.5,12.2492036819458,501.25,-0.0010891819838434458,80412.296875,1.0587611198425293
165900.0,0.0,0.0,-4199813.5,11.315451622009277,506.01953125,0.0007669185288250446,80390.4296875,1.0590490102767944
166000.0,0.0,0.0,-4199808.5,13.28945541381836,496.58587646484375,6.970018148422241e-05,80368.4609375,1.0593385696411133
166100.0,0.0,0.0,-4199811.0,12.913601875305176,496.4131164550781,0.0007861461490392685,80346.15625,1.0596325397491455
166200.0,0.0,0.0,-4199815.5,11.749202728271484,499.9259948730469,-0.00012493692338466644,80325.4296875,1.059906005859375
166300.0,0.0,0.0,-4199814.5,10.85958194732666,499.59521484375,-0.0008611055091023445,80305.8671875,1.060164213180542
166400.0,0.0,0.0,-4199811.0,10.782268524169922,496.08746337890625,-0.0004475601017475128,80286.3203125,1.0604223012924194
166500.0,0.0,0.0,-4199813.0,11.819367408752441,500.1766662597656,0.0005821110680699348,80267.4375,1.0606718063354492
166600.0,0.0,0.0,-4199812.0,14.01501178741455,502.3263854980469,0.0018477323465049267,80248.203125,1.0609259605407715
166700.0,0.0,0.0,-4199811.0,13.149706840515137,503.985107421875,0.0004346761852502823,80230.0546875,1.0611660480499268
166800.0,0.0,0.0,-4199804.0,12.862698554992676,500.04388427734375,0.0004012049175798893,80212.8671875,1.0613933801651
166900.0,0.0,0.0,-4199801.5,12.4580717086792,499.62701416015625,-0.0020341225899755955,80196.8828125,1.0616049766540527
167000.0,0.0,0.0,-4199805.0,13.481399536132812,502.1531677246094,3.0187424272298813e-05,80181.6328125,1.0618067979812622
167100.0,0.0,0.0,-4199817.0,12.227459907531738,508.69500732421875,0.0015911480877548456,80168.03125,1.061987042427063
167200.0,0.0,0.0,-4199813.5,11.715848922729492,499.8444519042969,0.0006265840493142605,80156.0625,1.062145709991455
167300.0,0.0,0.0,-4199812.0,10.956770896911621,495.5261535644531,8.587725460529327e-05,80145.1484375,1.0622901916503906
167400.0,0.0,0.0,-4199813.5,11.680176734924316,496.0152282714844,-0.0010883414652198553,80135.9921875,1.0624115467071533
167500.0,0.0,0.0,-4199813.0,12.621631622314453,495.6560974121094,0.0013770160730928183,80128.8203125,1.0625066757202148
167600.0,0.0,0.0,-4199811.0,12.257161140441895,496.1159973144531,0.0001902992371469736,80124.203125,1.062567949295044
167700.0,0.0,0.0,-4199817.5,10.938091278076172,507.1903991699219,-8.523091673851013e-05,80121.3671875,1.062605619430542
167800.0,0.0,0.0,-4199808.0,13.194189071655273,500.8565368652344,-4.783575423061848e-05,80119.4140625,1.062631368637085
167900.0,0.0,0.0,-4199806.5,12.865585327148438,502.94207763671875,0.0007932933513075113,80119.109375,1.0626354217529297
168000.0,0.0,0.0,-4199799.0,10.126011848449707,501.7550048828125,-0.0004995272029191256,80121.1328125,1.0626085996627808
168100.0,0.0,0.0,-4199799.5,12.59839916229248,506.4932556152344,-0.000903567299246788,80125.6328125,1.0625489950180054
168200.0,0.0,0.0,-4199801.0,14.09378433227539,507.00372314453125,0.0007070684805512428,80132.328125,1.0624603033065796
168300.0,0.0,0.0,-4199804.5,11.066117286682129,502.5163879394531,0.00022369669750332832,80139.953125,1.0623592138290405
168400.0,0.0,0.0,-4199809.5,9.948314666748047,502.8350830078125,0.0011968319304287434,80148.53125,1.0622453689575195
168500.0,0.0,0.0,-4199817.0,15.816102981567383,507.972412109375,-0.0007706214673817158,80158.5390625,1.062112808227539
168600.0,0.0,0.0,-4199807.5,12.608332633972168,492.4920654296875,-0.0009748619049787521,80168.0703125,1.0619864463806152
168700.0,0.0,0.0,-4199820.0,10.162912368774414,501.7177429199219,0.0008912633638828993,80178.421875,1.061849594116211
168800.0,0.0,0.0,-4199817.5,9.644865036010742,496.6575622558594,0.001404376933351159,80189.96875,1.0616964101791382
168900.0,0.0,0.0,-4199821.0,9.378101348876953,499.34246826171875,0.0006974614225327969,80202.15625,1.061535120010376
169000.0,0.0,0.0,-4199816.5,9.338560104370117,494.1076354980469,-0.0015075933188199997,80214.390625,1.0613733530044556
169100.0,0.0,0.0,-4199816.0,10.213387489318848,496.3415222167969,-0.0011203114408999681,80225.4765625,1.0612266063690186
169200.0,0.0,0.0,-4199809.0,12.13137149810791,493.4650573730469,0.00040485896170139313,80236.703125,1.0610780715942383
169300.0,0.0,0.0,-4199808.5,10.542464256286621,501.4617919921875,0.0010808694642037153,80248.2578125,1.0609252452850342
169400.0,0.0,0.0,-4199804.5,10.52894115447998,501.36688232421875,0.0004151463508605957,80260.4609375,1.060763955116272
169500.0,0.0,0.0,-4199808.5,12.211166381835938,507.40618896484375,-0.00018252572044730186,80273.9765625,1.060585379600525
169600.0,0.0,0.0,-4199808.5,13.720885276794434,505.66424560546875,0.0004787156358361244,80288.0859375,1.060399055480957
169700.0,0.0,0.0,-4199812.0,10.781881332397461,505.82550048828125,-0.00010972283780574799,80303.296875,1.060198187828064
169800.0,0.0,0.0,-4199811.0,13.828327178955078,501.43878173828125,0.00033139786683022976,80320.234375,1.0599746704101562
169900.0,0.0,0.0,-4199814.0,12.280299186706543,502.1531066894531,-8.199969306588173e-05,80338.234375,1.0597370862960815
170000.0,0.0,0.0,-4199816.0,10.641672134399414,502.206298828125,0.00019276561215519905,80357.0078125,1.0594894886016846
170100.0,0.0,0.0,-4199806.5,12.163898468017578,492.3612060546875,0.00036118715070188046,80375.765625,1.0592423677444458
170200.0,0.0,0.0,-4199815.5,10.489503860473633,501.2623291015625,-0.0005283358041197062,80395.625,1.0589805841445923
170300.0,0.0,0.0,-4199815.5,13.175224304199219,500.3919982910156,-3.6103883758187294e-05,80416.78125,1.058701992034912
170400.0,0.0,0.0,-4199812.5,11.180231094360352,496.52984619140625,-0.0006618709303438663,80437.9375,1.0584235191345215
170500.0,0.0,0.0,-4199818.0,10.703547477722168,502.3545227050781,0.001335803885012865,80459.15625,1.058144450187683
170600.0,0.0,0.0,-4199815.0,9.726181983947754,499.35675048828125,0.0008877704385668039,80481.984375,1.0578442811965942
170700.0,0.0,0.0,-4199816.0,10.146100997924805,507.2150573730469,-0.0004916377365589142,80506.0859375,1.0575275421142578
170800.0,0.0,0.0,-4199811.0,12.071715354919434,504.7208557128906,-0.0005825548432767391,80530.5546875,1.0572062730789185
170900.0,0.0,0.0,-4199802.5,11.853626251220703,498.68792724609375,-0.0002087070606648922,80556.2421875,1.0568692684173584
171000.0,0.0,0.0,-4199811.0,10.427223205566406,507.93255615234375,0.0005570701323449612,80583.3515625,1.0565136671066284
171100.0,0.0,0.0,-4199802.5,12.375171661376953,495.0536804199219,0.00015971600078046322,80611.3046875,1.0561472177505493
171200.0,0.0,0.0,-4199813.5,11.871004104614258,500.047119140625,0.0004411113914102316,80639.9375,1.0557721853256226
171300.0,0.0,0.0,-4199814.0,10.673836708068848,497.2486267089844,-0.0010801875032484531,80668.8515625,1.0553938150405884
171400.0,0.0,0.0,-4199816.0,11.7778902053833,497.4366760253906,0.0003528608940541744,80697.6484375,1.0550172328948975
171500.0,0.0,0.0,-4199819.0,11.49633502960205,499.3968505859375,0.0008727957028895617,80726.515625,1.0546400547027588
171600.0,0.0,0.0,-4199812.5,9.813837051391602,496.124267578125,-0.000563150504603982,80756.53125,1.0542479753494263
171700.0,0.0,0.0,-4199810.0,11.390893936157227,496.0389099121094,-0.0006045028567314148,80786.9765625,1.053850769996643
171800.0,0.0,0.0,-4199807.0,10.516616821289062,495.95904541015625,-0.0005256971344351768,80817.03125,1.0534586906433105
171900.0,0.0,0.0,-4199809.5,10.464231491088867,508.2325439453125,0.0014409816358238459,80846.9296875,1.0530691146850586
172000.0,0.0,0.0,-4199799.0,10.565135955810547,501.7406311035156,-0.000427676597610116,80877.5234375,1.0526708364486694
172100.0,0.0,0.0,-4199799.5,11.079584121704102,505.81732177734375,0.00012831902131438255,80908.15625,1.0522722005844116
172200.0,0.0,0.0,-4199802.0,11.989312171936035,509.0734558105469,-0.0012017535045742989,80938.7421875,1.0518746376037598
172300.0,0.0,0.0,-4199801.5,14.088963508605957,502.0212707519531,0.0017193830572068691,80968.234375,1.0514914989471436
172400.0,0.0,0.0,-4199807.5,10.143951416015625,502.28863525390625,0.00024614064022898674,80996.9453125,1.0511187314987183
172500.0,0.0,0.0,-4199812.0,11.575331687927246,504.1934509277344,-0.0007101385854184628,81025.734375,1.0507452487945557
172600.0,0.0,0.0,-4199805.0,10.333406448364258,494.2419738769531,-0.0012522549368441105,81054.078125,1.0503779649734497
172700.0,0.0,0.0,-4199811.5,11.801283836364746,498.71478271484375,-0.0003662926610559225,81080.9296875,1.0500301122665405
172800.0,0.0,0.0,-4199814.5,11.543426513671875,499.1210021972656,0.0012205163948237896,81105.28125,1.0497146844863892
172900.0,0.0,0.0,-4199816.0,11.035626411437988,501.1615905761719,-0.00015386822633445263,81128.7734375,1.0494107007980347
173000.0,0.0,0.0,-4199813.0,11.863341331481934,497.8230285644531,0.0002245835494250059,81151.046875,1.04912269115448
173100.0,0.0,0.0,-4199804.5,11.077422142028809,489.9739074707031,-0.0005470046307891607,81172.640625,1.0488436222076416
173200.0,0.0,0.0,-4199803.5,10.112835884094238,495.3516540527344,0.00012259464710950851,81192.890625,1.0485820770263672
173300.0,0.0,0.0,-4199806.5,12.030957221984863,504.5352478027344,-0.00029340432956814766,81211.875,1.0483369827270508
173400.0,0.0,0.0,-4199808.0,9.936676979064941,510.3663330078125,-0.0010108319111168385,81229.6640625,1.048107385635376
173500.0,0.0,0.0,-4199802.0,12.225953102111816,503.84521484375,-0.00010545970872044563,81245.5078125,1.0479029417037964
173600.0,0.0,0.0,-4199808.0,14.326598167419434,508.6074523925781,-0.00021748081780970097,81259.453125,1.0477230548858643
173700.0,0.0,0.0,-4199811.5,10.992486953735352,506.9219055175781,0.001074107363820076,81272.0625,1.0475605726242065
173800.0,0.0,0.0,-4199806.5,12.16968822479248,499.4942321777344,0.0002623545005917549,81283.640625,1.047411322593689
173900.0,0.0,0.0,-4199806.5,14.275918960571289,502.4945983886719,-0.00100508495233953,81293.671875,1.047282099723816
174000.0,0.0,0.0,-4199798.5,10.736051559448242,492.91729736328125,-0.0015261119697242975,81301.1796875,1.0471854209899902
174100.0,0.0,0.0,-4199804.0,11.505030632019043,495.01080322265625,-8.530006743967533e-05,81306.4453125,1.0471175909042358
174200.0,0.0,0.0,-4199811.0,11.378316879272461,499.2898254394531,0.0007131595630198717,81309.796875,1.0470744371414185
174300.0,0.0,0.0,-4199815.5,13.960197448730469,500.39605712890625,7.419358007609844e-05,81311.2265625,1.0470560789108276
174400.0,0.0,0.0,-4199816.5,11.958991050720215,499.43255615234375,-0.00026710983365774155,81309.2578125,1.0470813512802124
174500.0,0.0,0.0,-4199815.0,11.582490921020508,498.0254211425781,0.0002257016021758318,81304.4453125,1.0471433401107788
174600.0,0.0,0.0,-4199810.5,14.468518257141113,494.2590637207031,9.60170291364193e-05,81297.171875,1.0472371578216553
174700.0,0.0,0.0,-4199810.5,12.648391723632812,499.7604064941406,-0.0001412013079971075,81288.203125,1.0473525524139404
174800.0,0.0,0.0,-4199814.5,12.531763076782227,508.5901794433594,-0.0013847926165908575,81277.09375,1.0474958419799805
174900.0,0.0,0.0,-4199804.0,12.115976333618164,501.128173828125,-0.00035371724516153336,81263.3515625,1.047672986984253
175000.0,0.0,0.0,-4199800.5,14.461466789245605,500.2154846191406,0.0009012096561491489,81247.421875,1.047878384590149
175100.0,0.0,0.0,-4199809.5,10.679837226867676,510.04376220703125,-0.0005592750385403633,81229.4921875,1.048109531402588
175200.0,0.0,0.0,-4199799.0,12.786126136779785,498.0600280761719,-0.0006380511913448572,81210.046875,1.0483605861663818
175300.0,0.0,0.0,-4199809.0,10.55526065826416,502.64215087890625,-0.001364407129585743,81188.65625,1.0486366748809814
175400.0,0.0,0.0,-4199808.0,14.393227577209473,498.47869873046875,0.00018674181774258614,81164.6953125,1.0489463806152344
175500.0,0.0,0.0,-4199808.5,12.711706161499023,497.14794921875,0.0003671704325824976,81138.8515625,1.0492804050445557
175600.0,0.0,0.0,-4199812.0,10.585740089416504,501.4133605957031,-0.00037700263783335686,81111.2734375,1.0496371984481812
175700.0,0.0,0.0,-4199817.0,10.170576095581055,505.599609375,-0.0006162801291793585,81082.078125,1.0500152111053467
175800.0,0.0,0.0,-4199822.5,10.891677856445312,511.66912841796875,0.00021980004385113716,81051.7109375,1.0504084825515747
175900.0,0.0,0.0,-4199805.5,12.36372184753418,497.2038269042969,-0.00032809702679514885,81020.578125,1.0508121252059937
176000.0,0.0,0.0,-4199807.0,13.451521873474121,498.9425964355469,-0.0008984843734651804,80988.5390625,1.0512279272079468
176100.0,0.0,0.0,-4199815.0,12.963271141052246,507.0527648925781,-4.292069934308529e-05,80955.6015625,1.051655650138855
176200.0,0.0,0.0,-4199813.5,11.750443458557129,502.9269714355469,0.00030864356085658073,80921.171875,1.0521029233932495
176300.0,0.0,0.0,-4199811.0,11.511728286743164,496.7932434082031,0.0011491088662296534,80886.1015625,1.05255925655365
176400.0,0.0,0.0,-4199811.5,10.619446754455566,494.1216125488281,-0.0003932581748813391,80851.84375,1.0530050992965698
176500.0,0.0,0.0,-4199812.5,11.672301292419434,495.3805236816406,0.0012027283664792776,80818.0546875,1.0534453392028809
176600.0,0.0,0.0,-4199815.0,15.686006546020508,498.1957702636719,0.00010337727144360542,80784.875,1.0538780689239502
176700.0,0.0,0.0,-4199811.0,13.269401550292969,496.47607421875,-0.000457769725471735,80752.5859375,1.0542994737625122
176800.0,0.0,0.0,-4199806.0,10.466551780700684,499.2833557128906,-2.431776374578476e-05,80721.5078125,1.0547055006027222
176900.0,0.0,0.0,-4199812.0,13.372824668884277,510.70147705078125,0.000557171180844307,80691.875,1.055092692375183
177000.0,0.0,0.0,-4199800.0,13.179010391235352,499.6872863769531,0.00030061998404562473,80664.3671875,1.0554524660110474
177100.0,0.0,0.0,-4199805.0,16.745651245117188,503.982177734375,-0.0012656564358621836,80638.8671875,1.055786371231079
177200.0,0.0,0.0,-4199810.5,15.674478530883789,507.64837646484375,-0.0002920948900282383,80613.6640625,1.0561163425445557
177300.0,0.0,0.0,-4199809.0,13.317656517028809,502.99554443359375,0.0010337070561945438,80589.6796875,1.056430697441101
177400.0,0.0,0.0,-4199816.5,16.24887466430664,509.2165222167969,0.001627087825909257,80567.3125,1.056723952293396
177500.0,0.0,0.0,-4199809.0,12.324678421020508,500.1709899902344,-0.00044693145900964737,80546.015625,1.057003378868103
177600.0,0.0,0.0,-4199807.5,11.894230842590332,498.3025207519531,-0.001032291678711772,80524.6796875,1.0572834014892578
177700.0,0.0,0.0,-4199813.0,9.993705749511719,500.2895812988281,-0.0001311281230300665,80503.9296875,1.057555913925171
177800.0,0.0,0.0,-4199816.5,9.731403350830078,501.1752624511719,0.0008788839913904667,80484.5625,1.0578104257583618
177900.0,0.0,0.0,-4199821.0,10.373530387878418,504.6077575683594,0.0007014309521764517,80466.3671875,1.0580495595932007
178000.0,0.0,0.0,-4199810.0,10.260848045349121,492.1930847167969,-0.0006247602868825197,80449.7421875,1.0582681894302368
178100.0,0.0,0.0,-4199818.5,11.133350372314453,499.832763671875,-0.0004968626890331507,80434.34375,1.0584708452224731
178200.0,0.0,0.0,-4199816.5,12.050861358642578,497.62615966796875,0.0009232182055711746,80421.1953125,1.0586439371109009
178300.0,0.0,0.0,-4199817.0,11.80644702911377,500.1633605957031,0.00040101236663758755,80411.953125,1.0587654113769531
178400.0,0.0,0.0,-4199809.5,11.883573532104492,497.8864440917969,0.0003229021094739437,80404.1484375,1.0588682889938354
178500.0,0.0,0.0,-4199803.0,15.818336486816406,498.1391296386719,0.0006774691864848137,80398.71875,1.0589399337768555
178600.0,0.0,0.0,-4199803.0,13.239723205566406,499.6770324707031,0.001593810971826315,80395.046875,1.0589882135391235
178700.0,0.0,0.0,-4199807.5,11.18050479888916,503.1101989746094,0.0004817873705178499,80393.828125,1.059004306793213
178800.0,0.0,0.0,-4199813.0,9.331403732299805,504.6708679199219,-0.00013303663581609726,80395.203125,1.0589861869812012
178900.0,0.0,0.0,-4199813.0,11.434103012084961,500.1021728515625,-0.0019359234720468521,80398.4765625,1.0589431524276733
179000.0,0.0,0.0,-4199812.5,11.825511932373047,497.0963134765625,0.00029033306054770947,80402.8671875,1.0588852167129517
179100.0,0.0,0.0,-4199817.0,10.762545585632324,503.4314880371094,0.0013865490909665823,80409.953125,1.0587918758392334
179200.0,0.0,0.0,-4199812.0,13.39236831665039,499.1244812011719,0.0022485218942165375,80419.390625,1.0586676597595215
179300.0,0.0,0.0,-4199812.5,11.051116943359375,500.5335693359375,-0.00019725575111806393,80430.5546875,1.0585206747055054
179400.0,0.0,0.0,-4199806.5,10.004265785217285,494.56109619140625,-0.0011689742095768452,80441.875,1.0583717823028564
179500.0,0.0,0.0,-4199812.0,12.61752986907959,500.6300048828125,-0.0013492668513208628,80453.328125,1.0582211017608643
179600.0,0.0,0.0,-4199810.0,13.755537986755371,498.4030456542969,0.0006179879419505596,80465.5234375,1.058060646057129
179700.0,0.0,0.0,-4199819.0,11.116973876953125,507.44342041015625,0.0008031027391552925,80477.671875,1.0579009056091309
179800.0,0.0,0.0,-4199811.0,10.399640083312988,498.9457092285156,-0.00027936557307839394,80489.3515625,1.057747483253479
179900.0,0.0,0.0,-4199819.0,12.166646003723145,506.14599609375,0.0004718105774372816,80501.5546875,1.0575871467590332
180000.0,0.0,0.0,-4199810.0,12.434866905212402,498.6806640625,-0.0002008217852562666,80515.359375,1.0574058294296265
180100.0,0.0,0.0,-4199812.0,11.686537742614746,502.9001770019531,-0.0004787747748196125,80530.78125,1.0572032928466797
180200.0,0.0,0.0,-4199815.0,11.864433288574219,505.1589660644531,0.00010206876322627068,80547.421875,1.0569850206375122
180300.0,0.0,0.0,-4199809.0,12.434469223022461,496.1368408203125,4.1469698771834373e-05,80564.5390625,1.056760311126709
180400.0,0.0,0.0,-4199812.0,12.617511749267578,496.29632568359375,0.0006843458395451307,80581.421875,1.0565389394760132
180500.0,0.0,0.0,-4199815.5,11.399847984313965,498.0469970703125,-0.0008167095948010683,80598.4140625,1.0563161373138428
180600.0,0.0,0.0,-4199814.5,10.724888801574707,494.50433349609375,-0.0004922535736113787,80615.375,1.0560939311981201
180700.0,0.0,0.0,-4199815.5,13.353199005126953,495.48773193359375,-0.000541717279702425,80630.78125,1.0558922290802002
180800.0,0.0,0.0,-4199812.5,12.827435493469238,493.176025390625,0.0007752394303679466,80644.34375,1.05571448802948
180900.0,0.0,0.0,-4199811.5,10.871127128601074,497.572265625,0.0008422683458775282,80657.0234375,1.0555486679077148
181000.0,0.0,0.0,-4199818.0,9.511962890625,510.8179626464844,0.0003669494763016701,80668.8359375,1.0553940534591675
181100.0,0.0,0.0,-4199804.5,13.130802154541016,500.697021484375,-0.0006237924098968506,80679.890625,1.0552494525909424
181200.0,0.0,0.0,-4199801.5,11.354327201843262,499.0693054199219,-0.0025215954519808292,80691.4296875,1.055098533630371
181300.0,0.0,0.0,-4199812.5,9.755306243896484,511.3038635253906,-0.0001015886664390564,80702.4921875,1.0549538135528564
181400.0,0.0,0.0,-4199811.5,10.082985877990723,509.4014587402344,0.0006002762820571661,80713.640625,1.0548083782196045
181500.0,0.0,0.0,-4199811.0,12.972655296325684,503.88885498046875,0.0019249178003519773,80725.890625,1.0546481609344482
181600.0,0.0,0.0,-4199810.5,11.2803955078125,500.6497802734375,0.0008019874803721905,80738.6953125,1.054480791091919
181700.0,0.0,0.0,-4199810.5,10.962471961975098,498.0378723144531,-0.0020589481573551893,80751.9296875,1.0543080568313599
181800.0,0.0,0.0,-4199813.0,10.083396911621094,500.4891662597656,-0.0012244428507983685,80763.796875,1.0541530847549438
181900.0,0.0,0.0,-4199811.5,12.161642074584961,499.5140380859375,-0.0003717129584401846,80774.09375,1.0540187358856201
182000.0,0.0,0.0,-4199813.0,13.30691146850586,500.7286682128906,0.0018564679194241762,80783.796875,1.0538921356201172
182100.0,0.0,0.0,-4199813.0,14.47552490234375,499.96453857421875,0.000658384757116437,80794.046875,1.0537583827972412
182200.0,0.0,0.0,-4199814.5,11.883894920349121,500.8971862792969,-0.0007310349028557539,80804.34375,1.053624153137207
182300.0,0.0,0.0,-4199816.0,11.343717575073242,504.52252197265625,-0.0006072800606489182,80813.5703125,1.0535038709640503
182400.0,0.0,0.0,-4199806.5,13.215269088745117,495.3250427246094,-0.0006108854431658983,80822.578125,1.0533864498138428
182500.0,0.0,0.0,-4199814.0,12.015035629272461,505.63043212890625,0.000109116081148386,80831.390625,1.0532715320587158
182600.0,0.0,0.0,-4199806.5,11.344499588012695,499.8100280761719,-0.0007609007880091667,80840.7578125,1.0531495809555054
182700.0,0.0,0.0,-4199803.5,12.667223930358887,498.1424255371094,0.0005272161215543747,80848.453125,1.0530493259429932
182800.0,0.0,0.0,-4199803.0,10.53838062286377,498.0468444824219,-7.420312613248825e-07,80855.7890625,1.052953839302063
182900.0,0.0,0.0,-4199810.5,13.099759101867676,503.0180358886719,0.0009861963335424662,80863.3984375,1.0528546571731567
183000.0,0.0,0.0,-4199817.0,14.397573471069336,504.5841369628906,-0.0008636636193841696,80871.109375,1.052754282951355
183100.0,0.0,0.0,-4199816.5,10.1085205078125,499.8171081542969,-0.0007343108300119638,80877.6953125,1.052668571472168
183200.0,0.0,0.0,-4199821.0,11.662808418273926,502.6098937988281,0.000856287544593215,80883.4921875,1.0525931119918823
183300.0,0.0,0.0,-4199810.5,9.2785062789917,491.73883056640625,0.000836291816085577,80888.796875,1.0525240898132324
183400.0,0.0,0.0,-4199813.0,14.471053123474121,499.1042175292969,0.0006105015054345131,80894.5234375,1.0524495840072632
183500.0,0.0,0.0,-4199805.5,10.351139068603516,496.81121826171875,-0.0009841311257332563,80900.2734375,1.0523747205734253
183600.0,0.0,0.0,-4199805.5,12.764331817626953,506.818603515625,-0.00021355925127863884,80904.6796875,1.052317500114441
183700.0,0.0,0.0,-4199797.0,11.225109100341797,502.712646484375,-0.0003649485297501087,80909.0078125,1.0522611141204834
183800.0,0.0,0.0,-4199797.5,10.923995971679688,506.7922058105469,1.5998492017388344e-05,80913.140625,1.0522074699401855
183900.0,0.0,0.0,-4199803.5,11.632196426391602,514.0962524414062,-0.00036816997453570366,80917.265625,1.0521538257598877
184000.0,0.0,0.0,-4199807.0,10.807765007019043,514.3186645507812,-0.0008084075525403023,80920.6640625,1.052109718322754
184100.0,0.0,0.0,-4199812.5,11.33929443359375,510.9850158691406,0.000826176255941391,80922.6796875,1.0520833730697632
184200.0,0.0,0.0,-4199804.0,9.931436538696289,497.9443359375,0.000756092369556427,80923.7421875,1.0520695447921753
184300.0,0.0,0.0,-4199815.0,12.856383323669434,508.3242492675781,0.00047710654325783253,80924.6875,1.0520572662353516
184400.0,0.0,0.0,-4199803.0,10.995879173278809,490.4790954589844,-0.0013570806477218866,80924.3359375,1.0520617961883545
184500.0,0.0,0.0,-4199817.0,10.931095123291016,503.331787109375,-0.0007420061156153679,80922.0,1.05209219455719
184600.0,0.0,0.0,-4199812.5,13.713497161865234,497.1880187988281,9.881728328764439e-05,80918.625,1.0521360635757446
184700.0,0.0,0.0,-4199823.5,10.485006332397461,510.0214538574219,0.00128945242613554,80914.578125,1.052188754081726
184800.0,0.0,0.0,-4199813.5,12.827585220336914,501.946533203125,0.0003249300643801689,80909.5703125,1.0522538423538208
184900.0,0.0,0.0,-4199806.5,12.861834526062012,498.919189453125,-0.00071122613735497,80903.7890625,1.0523290634155273
185000.0,0.0,0.0,-4199800.0,14.42784309387207,498.07391357421875,-0.00037251319736242294,80896.7109375,1.0524210929870605
185100.0,0.0,0.0,-4199801.5,10.356367111206055,501.5501708984375,0.00014371750876307487,80888.953125,1.0525221824645996
185200.0,0.0,0.0,-4199808.0,12.447964668273926,506.72125244140625,-0.00019705179147422314,80880.875,1.0526272058486938
185300.0,0.0,0.0,-4199807.0,9.72300910949707,501.1208190917969,-0.0005424185656011105,80872.0703125,1.0527417659759521
185400.0,0.0,0.0,-4199817.5,11.206254005432129,504.71826171875,-0.00014581182040274143,80862.3125,1.0528688430786133
185500.0,0.0,0.0,-4199816.0,12.131651878356934,500.7130126953125,0.0010323303285986185,80851.5859375,1.0530084371566772
185600.0,0.0,0.0,-4199813.5,10.270326614379883,500.2333068847656,-0.00014985143207013607,80840.484375,1.0531530380249023
185700.0,0.0,0.0,-4199807.5,13.311179161071777,495.1211853027344,-0.0008373314049094915,80828.765625,1.053305983543396
185800.0,0.0,0.0,-4199801.5,12.481225967407227,490.77386474609375,-0.00029845861718058586,80816.7265625,1.0534627437591553
185900.0,0.0,0.0,-4199816.0,10.784505844116211,509.34246826171875,0.0006271577440202236,80804.3515625,1.0536240339279175
186000.0,0.0,0.0,-4199808.0,10.95406436920166,504.6432189941406,0.00043219514191150665,80792.0,1.0537850856781006
186100.0,0.0,0.0,-4199808.5,11.722548484802246,508.327392578125,-0.0007667148020118475,80779.359375,1.0539499521255493
186200.0,0.0,0.0,-4199807.0,11.696605682373047,508.4060363769531,-0.0005190977826714516,80766.7265625,1.054114818572998
186300.0,0.0,0.0,-4199805.5,13.260884284973145,504.0635986328125,-0.0008858274668455124,80754.7421875,1.0542713403701782
186400.0,0.0,0.0,-4199812.5,11.801445960998535,504.1975402832031,0.0014642425812780857,80742.578125,1.0544302463531494
186500.0,0.0,0.0,-4199811.0,13.248167991638184,497.51153564453125,0.0005557104013860226,80730.4921875,1.054587960243225
186600.0,0.0,0.0,-4199811.5,11.251259803771973,495.2706604003906,-0.0004818218294531107,80718.0234375,1.054750919342041
186700.0,0.0,0.0,-4199815.0,8.97762680053711,499.77886962890625,-0.0010551242157816887,80706.0625,1.0549073219299316
186800.0,0.0,0.0,-4199814.0,14.03665542602539,500.31719970703125,-0.00010757357813417912,80693.8671875,1.055066704750061
186900.0,0.0,0.0,-4199814.0,12.736361503601074,505.7103576660156,0.0009281972888857126,80681.140625,1.0552330017089844
187000.0,0.0,0.0,-4199811.0,10.896037101745605,503.6136169433594,0.0009584680665284395,80667.7421875,1.0554083585739136
187100.0,0.0,0.0,-4199810.5,11.586529731750488,504.0603942871094,-0.0013622301630675793,80653.7890625,1.0555908679962158
187200.0,0.0,0.0,-4199804.5,13.349072456359863,497.327880859375,0.0005400448571890593,80638.0703125,1.0557966232299805
187300.0,0.0,0.0,-4199812.0,13.412699699401855,502.8108825683594,-0.0010649783071130514,80620.96875,1.0560206174850464
187400.0,0.0,0.0,-4199808.5,11.18099594116211,495.3092041015625,0.0008910573087632656,80602.4296875,1.0562635660171509
187500.0,0.0,0.0,-4199811.0,11.125561714172363,495.7542724609375,-0.0005468188319355249,80584.03125,1.056504726409912
187600.0,0.0,0.0,-4199812.5,11.131449699401855,498.06512451171875,-0.00022965879179537296,80565.609375,1.0567463636398315
187700.0,0.0,0.0,-4199812.5,12.570549011230469,496.86016845703125,-0.00034250086173415184,80545.859375,1.0570054054260254
187800.0,0.0,0.0,-4199813.5,11.644657135009766,496.80609130859375,0.0014948335010558367,80524.546875,1.057285189628601
187900.0,0.0,0.0,-4199816.5,12.573779106140137,500.6365966796875,0.0007412449922412634,80502.5078125,1.0575746297836304
188000.0,0.0,0.0,-4199820.0,12.655159950256348,503.8345642089844,-0.0012304605916142464,80478.796875,1.0578861236572266
188100.0,0.0,0.0,-4199809.5,12.197345733642578,493.34344482421875,-0.0012799941468983889,80454.1171875,1.0582107305526733
188200.0,0.0,0.0,-4199821.5,9.747725486755371,508.283935546875,-0.0008719954639673233,80429.0546875,1.0585404634475708
188300.0,0.0,0.0,-4199820.5,10.84079360961914,507.8537292480469,0.001425636000931263,80403.96875,1.0588706731796265
188400.0,0.0,0.0,-4199814.5,10.559208869934082,501.2073059082031,0.00042451568879187107,80378.625,1.0592045783996582
188500.0,0.0,0.0,-4199816.0,12.542245864868164,502.95892333984375,0.00020238757133483887,80352.7578125,1.0595455169677734
188600.0,0.0,0.0,-4199805.5,13.414923667907715,493.1725769042969,-0.00047269626520574093,80326.84375,1.059887409210205
188700.0,0.0,0.0,-4199803.0,11.557136535644531,491.1351318359375,-0.00046114204451441765,80301.5703125,1.0602209568023682
188800.0,0.0,0.0,-4199810.5,11.115795135498047,500.2542724609375,5.291611887514591e-05,80278.2265625,1.0605292320251465
188900.0,0.0,0.0,-4199812.5,10.479220390319824,500.9849853515625,0.0012834242079406977,80257.1328125,1.0608079433441162
189000.0,0.0,0.0,-4199805.0,11.676313400268555,490.06585693359375,0.00036776671186089516,80237.5234375,1.0610672235488892
189100.0,0.0,0.0,-4199818.5,12.402936935424805,501.8626708984375,0.0008067437447607517,80219.4453125,1.0613064765930176
189200.0,0.0,0.0,-4199824.5,10.931281089782715,505.57098388671875,0.00029158545657992363,80202.8359375,1.0615261793136597
189300.0,0.0,0.0,-4199819.5,12.569101333618164,499.1152038574219,9.680818766355515e-05,80187.109375,1.0617343187332153
189400.0,0.0,0.0,-4199820.5,12.588765144348145,500.2684631347656,-0.0014918355736881495,80171.828125,1.0619367361068726
189500.0,0.0,0.0,-4199823.0,11.719483375549316,505.89324951171875,-0.0006237677298486233,80156.296875,1.0621426105499268
189600.0,0.0,0.0,-4199812.0,11.161954879760742,501.30694580078125,0.00015242164954543114,80140.0859375,1.0623574256896973
189700.0,0.0,0.0,-4199810.0,11.48557186126709,503.2431335449219,0.0012174195144325495,80123.734375,1.0625742673873901
189800.0,0.0,0.0,-4199805.5,11.778468132019043,501.9297790527344,1.3317679986357689e-05,80108.359375,1.0627779960632324
189900.0,0.0,0.0,-4199810.0,11.328646659851074,507.4544677734375,-0.0009793001227080822,80094.2421875,1.0629655122756958
190000.0,0.0,0.0,-4199808.0,12.43221664428711,502.97216796875,-0.0005170134827494621,80081.8828125,1.0631295442581177
190100.0,0.0,0.0,-4199812.0,12.00643539428711,501.1295166015625,0.00045245885848999023,80071.5,1.0632672309875488
190200.0,0.0,0.0,-4199817.0,12.353500366210938,500.9259948730469,0.0014002916868776083,80062.3359375,1.0633890628814697
190300.0,0.0,0.0,-4199813.0,11.011451721191406,494.5566101074219,-0.00038145389407873154,80054.703125,1.063490390777588
190400.0,0.0,0.0,-4199820.0,9.73487663269043,502.5015869140625,5.33517450094223e-05,80048.4609375,1.0635733604431152
190500.0,0.0,0.0,-4199818.0,11.265427589416504,504.8974914550781,-0.0004863380454480648,80043.25,1.0636425018310547
190600.0,0.0,0.0,-4199817.5,10.761004447937012,507.15673828125,0.000323751475661993,80039.5,1.063692331314087
190700.0,0.0,0.0,-4199816.5,13.317081451416016,503.3323669433594,0.00032252981327474117,80037.4375,1.0637197494506836
190800.0,0.0,0.0,-4199817.0,10.132266998291016,502.7015380859375,0.0004255366511642933,80036.78125,1.0637285709381104
190900.0,0.0,0.0,-4199815.5,11.962568283081055,495.4952087402344,-9.73767600953579e-05,80037.703125,1.0637162923812866
191000.0,0.0,0.0,-4199817.5,9.975118637084961,492.4573669433594,0.0002138072159141302,80039.8203125,1.0636881589889526
191100.0,0.0,0.0,-4199815.5,10.80508041381836,488.7743835449219,-0.0006004192400723696,80044.0390625,1.0636321306228638
191200.0,0.0,0.0,-4199811.0,10.643479347229004,486.2203674316406,-0.0006213542073965073,80050.8359375,1.0635417699813843
191300.0,0.0,0.0,-4199822.0,14.35729694366455,503.24395751953125,9.475299157202244e-05,80058.4921875,1.0634400844573975
191400.0,0.0,0.0,-4199817.5,10.762604713439941,504.3263854980469,0.000529708806425333,80066.9765625,1.0633273124694824
191500.0,0.0,0.0,-4199815.0,10.689919471740723,504.70440673828125,0.0012660478241741657,80078.6015625,1.0631729364395142
191600.0,0.0,0.0,-4199812.5,10.583261489868164,503.0477600097656,0.001255279639735818,80092.578125,1.0629874467849731
191700.0,0.0,0.0,-4199811.5,18.018817901611328,502.8272399902344,-0.001169481547549367,80108.484375,1.0627764463424683
191800.0,0.0,0.0,-4199809.0,14.460389137268066,500.56085205078125,-0.0015214025042951107,80125.953125,1.062544822692871
191900.0,0.0,0.0,-4199814.0,11.077056884765625,503.81646728515625,0.0004370275419205427,80144.796875,1.062294840812683
192000.0,0.0,0.0,-4199818.5,10.941553115844727,505.1113586425781,0.001958062406629324,80165.625,1.062018871307373
192100.0,0.0,0.0,-4199818.0,9.89354419708252,501.6399230957031,0.00039444584399461746,80187.9296875,1.0617234706878662
192200.0,0.0,0.0,-4199812.5,12.463693618774414,497.522216796875,-0.0016136677004396915,80210.5703125,1.0614237785339355
192300.0,0.0,0.0,-4199816.0,14.002721786499023,499.84588623046875,-3.8475729525089264e-05,80232.6640625,1.061131477355957
192400.0,0.0,0.0,-4199812.0,12.400093078613281,495.52362060546875,-5.6772492825984955e-05,80256.2265625,1.0608199834823608
192500.0,0.0,0.0,-4199814.0,10.509352684020996,500.3766784667969,0.0007592285983264446,80281.453125,1.0604865550994873
192600.0,0.0,0.0,-4199819.5,13.499897003173828,506.4385681152344,0.0001722634769976139,80307.203125,1.0601465702056885
192700.0,0.0,0.0,-4199814.5,10.980448722839355,500.59039306640625,-0.0006870219949632883,80332.8203125,1.059808611869812
192800.0,0.0,0.0,-4199813.0,12.199789047241211,499.4384460449219,-0.00014202320016920567,80359.0,1.059463381767273
192900.0,0.0,0.0,-4199816.5,12.255083084106445,501.78570556640625,-0.00018959352746605873,80384.9375,1.0591214895248413
193000.0,0.0,0.0,-4199814.5,9.775480270385742,498.5325927734375,0.0004746445920318365,80411.6875,1.0587691068649292
193100.0,0.0,0.0,-4199820.0,10.884380340576172,505.5789794921875,-0.00032659596763551235,80440.2734375,1.058392882347107
193200.0,0.0,0.0,-4199808.5,11.849329948425293,495.7120666503906,0.0005083167925477028,80469.3828125,1.0580099821090698
193300.0,0.0,0.0,-4199810.0,11.444368362426758,501.62152099609375,-0.0003652963787317276,80498.8828125,1.0576221942901611
193400.0,0.0,0.0,-4199806.5,13.066657066345215,508.5853271484375,-0.0003465586341917515,80529.0390625,1.057226300239563
193500.0,0.0,0.0,-4199810.5,11.732217788696289,515.6986083984375,-1.428462564945221e-05,80560.9140625,1.0568079948425293
193600.0,0.0,0.0,-4199805.5,10.38591194152832,510.2428894042969,0.00023917900398373604,80593.2265625,1.0563842058181763
193700.0,0.0,0.0,-4199798.0,12.156439781188965,497.137939453125,0.000336991623044014,80625.515625,1.0559611320495605
193800.0,0.0,0.0,-4199810.0,11.015961647033691,504.22308349609375,0.0007141740061342716,80658.6640625,1.0555272102355957
193900.0,0.0,0.0,-4199807.5,13.413448333740234,500.0262451171875,-0.00033007445745170116,80693.3984375,1.0550729036331177
194000.0,0.0,0.0,-4199816.5,10.308491706848145,506.70062255859375,-0.002540546702221036,80728.34375,1.054616093635559
194100.0,0.0,0.0,-4199813.0,9.927685737609863,502.1011657714844,-9.740283712744713e-05,80761.609375,1.054181694984436
194200.0,0.0,0.0,-4199819.0,12.439056396484375,505.9057312011719,0.000454555032774806,80792.75,1.0537753105163574
194300.0,0.0,0.0,-4199817.0,11.851728439331055,500.9056701660156,0.0018508152570575476,80821.7578125,1.0533970594406128
194400.0,0.0,0.0,-4199816.5,12.057968139648438,500.83953857421875,-0.0003001461736857891,80850.046875,1.0530285835266113
194500.0,0.0,0.0,-4199812.5,12.865129470825195,495.5172119140625,-0.002380570163950324,80875.7578125,1.0526937246322632
194600.0,0.0,0.0,-4199814.5,9.880857467651367,496.941650390625,-0.0011799009516835213,80898.5859375,1.0523967742919922
194700.0,0.0,0.0,-4199818.5,13.624857902526855,504.66571044921875,-0.0006094744894653559,80919.03125,1.0521308183670044
194800.0,0.0,0.0,-4199814.5,12.047269821166992,505.1911926269531,0.0019426303915679455,80936.8125,1.0518996715545654
194900.0,0.0,0.0,-4199808.0,10.979570388793945,503.814697265625,-0.00021828548051416874,80952.8515625,1.0516912937164307
195000.0,0.0,0.0,-4199806.5,11.6497802734375,505.44281005859375,-0.00027204491198062897,80967.2265625,1.0515044927597046
195100.0,0.0,0.0,-4199799.0,12.878581047058105,497.9195861816406,-0.001339764567092061,80979.4453125,1.051345944404602
195200.0,0.0,0.0,-4199810.5,12.137405395507812,506.48876953125,-4.4887885451316833e-05,80989.9296875,1.051209807395935
195300.0,0.0,0.0,-4199809.5,10.691848754882812,499.9229431152344,-0.0002506799064576626,80999.9296875,1.0510799884796143
195400.0,0.0,0.0,-4199814.0,12.182568550109863,501.53564453125,0.0002674155402928591,81008.953125,1.050963044166565
195500.0,0.0,0.0,-4199816.5,9.500521659851074,502.92938232421875,0.00157811283133924,81017.65625,1.0508500337600708
195600.0,0.0,0.0,-4199803.5,9.873016357421875,489.88946533203125,-0.0005953011568635702,81026.1328125,1.050740122795105
195700.0,0.0,0.0,-4199809.0,11.250041961669922,499.2494201660156,0.0003133541904389858,81033.2421875,1.0506478548049927
195800.0,0.0,0.0,-4199803.0,14.464863777160645,494.9320068359375,-0.0011060936376452446,81040.140625,1.0505585670471191
195900.0,0.0,0.0,-4199814.0,11.313173294067383,509.1387634277344,0.00047278963029384613,81046.046875,1.050481915473938
196000.0,0.0,0.0,-4199809.0,13.820664405822754,504.9367980957031,-0.0005754951853305101,81050.1796875,1.0504283905029297
196100.0,0.0,0.0,-4199801.0,12.14023494720459,493.6548767089844,-0.00014538457617163658,81053.5625,1.050384521484375
196200.0,0.0,0.0,-4199810.5,13.259780883789062,500.7485656738281,0.0009481064043939114,81056.3828125,1.0503480434417725
196300.0,0.0,0.0,-4199818.5,11.67006778717041,503.6083679199219,-6.0276128351688385e-05,81059.40625,1.0503088235855103
196400.0,0.0,0.0,-4199810.0,10.451406478881836,491.387939453125,-0.0008211210370063782,81061.5078125,1.0502816438674927
196500.0,0.0,0.0,-4199815.5,10.089398384094238,497.39764404296875,-0.0006369510665535927,81062.8828125,1.0502638816833496
196600.0,0.0,0.0,-4199814.0,15.051650047302246,497.97198486328125,0.0006377638783305883,81064.3828125,1.0502444505691528
196700.0,0.0,0.0,-4199814.0,14.883782386779785,502.3995666503906,0.0011032954789698124,81065.453125,1.0502303838729858
196800.0,0.0,0.0,-4199806.5,11.296143531799316,499.8709411621094,-0.0004099581856280565,81066.015625,1.0502231121063232
196900.0,0.0,0.0,-4199804.5,12.21274471282959,500.07781982421875,-0.0013801557943224907,81065.5390625,1.0502294301986694
197000.0,0.0,0.0,-4199805.5,9.306432723999023,501.94952392578125,0.0005011728499084711,81063.5703125,1.0502549409866333
197100.0,0.0,0.0,-4199808.0,12.048348426818848,504.11627197265625,0.0004628917668014765,81061.9140625,1.050276279449463
197200.0,0.0,0.0,-4199811.5,12.558609962463379,507.0093688964844,0.0004750201478600502,81059.609375,1.0503062009811401
197300.0,0.0,0.0,-4199809.5,12.903288841247559,503.092041015625,-0.001154865836724639,81057.3515625,1.05033540725708
197400.0,0.0,0.0,-4199810.5,14.730863571166992,502.626220703125,-0.00037044635973870754,81053.890625,1.0503802299499512
197500.0,0.0,0.0,-4199806.5,12.391489028930664,497.21075439453125,-0.0001845161896198988,81049.828125,1.0504329204559326
197600.0,0.0,0.0,-4199819.5,10.117259979248047,509.96539306640625,0.0008509228937327862,81045.3125,1.050491452217102
197700.0,0.0,0.0,-4199804.0,10.75403881072998,493.93487548828125,-0.00027893646620213985,81039.984375,1.050560474395752
197800.0,0.0,0.0,-4199806.0,11.508172988891602,497.0653381347656,-0.0004485570825636387,81033.71875,1.0506417751312256
197900.0,0.0,0.0,-4199807.0,10.397198677062988,499.0623779296875,0.00043609668500721455,81027.390625,1.0507237911224365
198000.0,0.0,0.0,-4199807.0,11.870749473571777,502.87396240234375,-0.0007876681629568338,81021.5234375,1.050800085067749
198100.0,0.0,0.0,-4199810.5,12.154596328735352,503.0887756347656,0.00013750651851296425,81014.8671875,1.0508862733840942
198200.0,0.0,0.0,-4199811.0,10.036291122436523,499.50323486328125,-0.0003578325267881155,81007.8046875,1.0509778261184692
198300.0,0.0,0.0,-4199813.0,11.066924095153809,497.6445007324219,0.0006512668915092945,81000.5390625,1.051072120666504
198400.0,0.0,0.0,-4199811.0,14.493962287902832,493.03759765625,0.00019928277470171452,80993.984375,1.0511572360992432
198500.0,0.0,0.0,-4199817.0,11.977328300476074,496.8613586425781,0.0005318259354680777,80987.078125,1.0512467622756958
198600.0,0.0,0.0,-4199817.0,11.500712394714355,493.9803771972656,-0.001246033702045679,80979.328125,1.0513473749160767
198700.0,0.0,0.0,-4199811.5,11.325753211975098,486.07818603515625,-0.0006292581092566252,80969.3828125,1.0514764785766602
198800.0,0.0,0.0,-4199816.0,10.633617401123047,492.08392333984375,-0.0005031824111938477,80957.7890625,1.0516271591186523
198900.0,0.0,0.0,-4199820.5,11.584731101989746,501.144287109375,0.0007331331726163626,80944.2109375,1.051803469657898
199000.0,0.0,0.0,-4199807.5,10.159294128417969,495.23101806640625,0.001003120793029666,80930.53125,1.0519813299179077
199100.0,0.0,0.0,-4199810.5,16.6685791015625,504.12506103515625,-0.00021067936904728413,80917.6640625,1.0521485805511475
199200.0,0.0,0.0,-4199810.0,9.4139986038208,506.6669006347656,-6.78044743835926e-05,80905.359375,1.0523086786270142
199300.0,0.0,0.0,-4199813.0,9.928311347961426,509.86492919921875,-0.0005334396846592426,80891.921875,1.0524835586547852
199400.0,0.0,0.0,-4199810.5,13.241334915161133,504.7625427246094,-3.362121060490608e-05,80878.6015625,1.052656888961792
199500.0,0.0,0.0,-4199809.0,12.107589721679688,499.6512756347656,-0.00033440953120589256,80866.7109375,1.0528115034103394
199600.0,0.0,0.0,-4199813.0,10.526307106018066,500.23248291015625,0.0002591211814433336,80855.6328125,1.0529557466506958
199700.0,0.0,0.0,-4199815.0,12.71606731414795,501.3342590332031,0.0007729663047939539,80844.28125,1.0531036853790283
199800.0,0.0,0.0,-4199818.5,10.727019309997559,502.9312438964844,0.0006668586283922195,80831.484375,1.0532703399658203
199900.0,0.0,0.0,-4199812.5,12.325677871704102,496.46875,9.993184357881546e-05,80818.9375,1.053433895111084
