step,graph_idx,status,energy,fmax,temperature,pressure_eV_A3,volume_A3,density_g_cm3
0.0,0.0,0.0,-4200131.0,8.40363597869873,200.24380493164062,-0.0003295089118182659,69223.109375,1.2298985719680786
100.0,0.0,0.0,-4200131.0,6.763057231903076,200.60028076171875,0.00041584717109799385,69235.203125,1.229683756828308
200.0,0.0,0.0,-4200130.5,7.2486395835876465,201.11363220214844,1.7068698070943356e-05,69246.4921875,1.2294833660125732
300.0,0.0,0.0,-4200129.5,8.504071235656738,198.97750854492188,-7.067178376019001e-05,69257.2421875,1.2292925119400024
400.0,0.0,0.0,-4200134.0,7.003769874572754,201.5385284423828,-0.0004621839616447687,69266.9375,1.2291203737258911
500.0,0.0,0.0,-4200133.5,8.134293556213379,198.21408081054688,-0.0002739023184403777,69274.859375,1.2289800643920898
600.0,0.0,0.0,-4200133.0,8.230533599853516,198.2165069580078,-0.0001876981696113944,69281.515625,1.228861927986145
700.0,0.0,0.0,-4200134.0,8.24311351776123,199.1746826171875,0.00016664189752191305,69286.0,1.228782296180725
800.0,0.0,0.0,-4200133.0,8.08252239227295,197.8042755126953,-0.000546368770301342,69288.71875,1.2287341356277466
900.0,0.0,0.0,-4200132.0,7.809500694274902,197.15052795410156,3.132049459964037e-05,69289.8515625,1.228714108467102
1000.0,0.0,0.0,-4200132.0,7.706881046295166,200.2980194091797,0.0005404377589002252,69289.3046875,1.2287237644195557
1100.0,0.0,0.0,-4200131.5,8.409856796264648,202.6829376220703,0.0006765936268493533,69287.8828125,1.2287487983703613
1200.0,0.0,0.0,-4200131.0,7.3747944831848145,203.99351501464844,-0.0002616399433463812,69284.6171875,1.2288068532943726
1300.0,0.0,0.0,-4200128.0,7.689748287200928,201.07229614257812,-0.0005533839575946331,69278.859375,1.2289090156555176
1400.0,0.0,0.0,-4200130.5,8.53091812133789,202.47755432128906,0.0003683405229821801,69271.546875,1.2290385961532593
1500.0,0.0,0.0,-4200133.5,8.063026428222656,203.9715576171875,-0.0006363827269524336,69263.4140625,1.2291829586029053
1600.0,0.0,0.0,-4200130.5,10.584635734558105,199.7211151123047,-9.242992382496595e-05,69254.390625,1.229343056678772
1700.0,0.0,0.0,-4200131.5,7.240763187408447,202.09982299804688,-0.001114344340749085,69244.5625,1.2295175790786743
1800.0,0.0,0.0,-4200131.0,8.098115921020508,200.5444793701172,0.0007523950189352036,69232.9140625,1.229724407196045
1900.0,0.0,0.0,-4200134.5,7.810235977172852,203.3701171875,0.00044495391193777323,69221.6484375,1.2299245595932007
2000.0,0.0,0.0,-4200132.5,9.354246139526367,200.0242156982422,-9.434216190129519e-05,69208.5546875,1.2301573753356934
2100.0,0.0,0.0,-4200130.0,7.222756862640381,197.15077209472656,-0.0004565443377941847,69193.7265625,1.2304209470748901
2200.0,0.0,0.0,-4200132.0,8.873844146728516,199.5230255126953,-0.0007896724855527282,69178.5859375,1.2306901216506958
2300.0,0.0,0.0,-4200134.5,7.7140398025512695,202.22286987304688,0.000984078855253756,69161.9453125,1.2309863567352295
2400.0,0.0,0.0,-4200136.5,8.00553035736084,203.79800415039062,-0.0005678822053596377,69145.8203125,1.2312734127044678
2500.0,0.0,0.0,-4200133.5,7.185938358306885,200.31661987304688,0.00047651189379394054,69128.96875,1.2315735816955566
2600.0,0.0,0.0,-4200133.5,6.791306495666504,199.5855255126953,-0.0008144070161506534,69111.5546875,1.2318837642669678
2700.0,0.0,0.0,-4200132.0,13.059510231018066,196.3828582763672,0.00023137649986892939,69094.796875,1.2321826219558716
2800.0,0.0,0.0,-4200135.0,8.041607856750488,197.10279846191406,0.0002923697466030717,69079.234375,1.2324601411819458
2900.0,0.0,0.0,-4200134.0,8.264302253723145,196.35887145996094,-0.00026103039272129536,69063.8203125,1.232735276222229
3000.0,0.0,0.0,-4200135.5,14.561942100524902,201.82662963867188,0.0009634395828470588,69048.1015625,1.2330158948898315
3100.0,0.0,0.0,-4200130.5,8.181007385253906,196.63648986816406,-5.711754783987999e-05,69033.8984375,1.2332695722579956
3200.0,0.0,0.0,-4200134.0,8.379959106445312,200.17372131347656,0.0009402796858921647,69022.3203125,1.2334762811660767
3300.0,0.0,0.0,-4200133.0,8.893951416015625,200.0858917236328,-0.0010269001359120011,69013.4921875,1.2336342334747314
3400.0,0.0,0.0,-4200132.5,7.7680487632751465,200.2064208984375,-0.00013611477334052324,69005.6171875,1.2337751388549805
3500.0,0.0,0.0,-4200132.0,8.407586097717285,199.947021484375,-0.00040665664710104465,68999.6953125,1.233880877494812
3600.0,0.0,0.0,-4200133.0,7.517290115356445,201.3037567138672,0.0008966957102529705,68995.7890625,1.2339507341384888
3700.0,0.0,0.0,-4200133.5,9.866938591003418,202.67877197265625,0.0010808694642037153,68995.171875,1.233961820602417
3800.0,0.0,0.0,-4200132.0,7.456777572631836,201.3818817138672,-0.0006506924983114004,68997.2734375,1.233924388885498
3900.0,0.0,0.0,-4200130.0,8.441503524780273,199.40060424804688,-0.0007088335696607828,69001.40625,1.2338504791259766
4000.0,0.0,0.0,-4200129.0,9.997135162353516,196.7010040283203,-0.0006944258930161595,69008.90625,1.233716368675232
4100.0,0.0,0.0,-4200132.5,8.609973907470703,197.9179229736328,0.0013220439432188869,69018.6484375,1.2335420846939087
4200.0,0.0,0.0,-4200136.5,9.203707695007324,200.7449951171875,0.0006640730425715446,69031.484375,1.233312726020813
4300.0,0.0,0.0,-4200133.5,7.587786674499512,198.40057373046875,-0.00033815507777035236,69045.8359375,1.2330564260482788
4400.0,0.0,0.0,-4200136.0,6.876130104064941,202.0660400390625,-0.0006207446567714214,69060.5,1.2327945232391357
4500.0,0.0,0.0,-4200132.5,8.331186294555664,198.65811157226562,-0.00021521560847759247,69076.1015625,1.2325160503387451
4600.0,0.0,0.0,-4200134.5,7.002792835235596,201.43406677246094,0.00015532737597823143,69093.109375,1.2322126626968384
4700.0,0.0,0.0,-4200132.0,7.836282253265381,200.80172729492188,-0.0005360756767913699,69110.703125,1.2318991422653198
4800.0,0.0,0.0,-4200129.5,7.172126770019531,201.05052185058594,0.0008112989598885179,69126.6328125,1.2316151857376099
4900.0,0.0,0.0,-4200129.5,6.51458215713501,201.92982482910156,-0.0001534635666757822,69142.28125,1.2313363552093506
5000.0,0.0,0.0,-4200132.0,8.04820442199707,204.38531494140625,0.0007627910235896707,69158.1953125,1.231053113937378
5100.0,0.0,0.0,-4200135.0,7.579305171966553,204.7074432373047,-0.0007915799506008625,69175.2578125,1.230749487876892
5200.0,0.0,0.0,-4200131.0,11.050704956054688,198.9987030029297,-8.022680412977934e-05,69190.4765625,1.2304786443710327
5300.0,0.0,0.0,-4200133.0,8.327059745788574,200.0879669189453,0.00010123569518327713,69204.0703125,1.2302371263504028
5400.0,0.0,0.0,-4200130.5,7.739913463592529,197.95919799804688,-0.0004740814911201596,69215.4140625,1.2300353050231934
5500.0,0.0,0.0,-4200131.5,11.84352970123291,199.1910858154297,0.0005244710482656956,69224.8828125,1.2298671007156372
5600.0,0.0,0.0,-4200137.0,8.560750007629395,204.47906494140625,-0.0011404827237129211,69233.140625,1.2297204732894897
5700.0,0.0,0.0,-4200133.0,8.858739852905273,200.32444763183594,0.00015587825328111649,69238.5078125,1.2296249866485596
5800.0,0.0,0.0,-4200133.0,8.039802551269531,200.08274841308594,-0.00029429758433252573,69242.34375,1.229556918144226
5900.0,0.0,0.0,-4200132.5,13.529722213745117,198.62953186035156,0.0003695779014378786,69244.9609375,1.2295105457305908
6000.0,0.0,0.0,-4200136.0,8.527024269104004,201.0093231201172,3.0765426345169544e-05,69246.4296875,1.2294844388961792
6100.0,0.0,0.0,-4200136.5,6.89882755279541,199.01055908203125,-0.0009117701556533575,69247.2421875,1.2294702529907227
6200.0,0.0,0.0,-4200134.0,8.091992378234863,195.5767822265625,-0.00029834790620952845,69246.1484375,1.2294894456863403
6300.0,0.0,0.0,-4200134.5,9.36811637878418,196.9375457763672,-0.0006113414419814944,69243.8203125,1.229530692100525
6400.0,0.0,0.0,-4200134.5,9.700779914855957,198.14642333984375,0.0014693246921524405,69239.8984375,1.229600429534912
6500.0,0.0,0.0,-4200133.0,12.163503646850586,197.75465393066406,0.0003578645410016179,69236.1875,1.2296663522720337
6600.0,0.0,0.0,-4200135.0,7.982716083526611,200.24884033203125,3.707665018737316e-05,69231.9765625,1.229741096496582
6700.0,0.0,0.0,-4200135.0,8.223653793334961,201.0191650390625,-0.0014409264549613,69227.8515625,1.2298145294189453
6800.0,0.0,0.0,-4200135.0,7.323651313781738,201.63563537597656,-0.0004768539220094681,69222.7421875,1.229905128479004
6900.0,0.0,0.0,-4200130.0,9.119003295898438,198.21730041503906,0.0009884913451969624,69217.1875,1.230003833770752
7000.0,0.0,0.0,-4200134.0,7.042733192443848,203.8653106689453,0.0006481905002146959,69211.1015625,1.230112075805664
7100.0,0.0,0.0,-4200132.0,8.058355331420898,202.56185913085938,0.00014818995259702206,69202.8828125,1.2302581071853638
7200.0,0.0,0.0,-4200131.5,8.861226081848145,201.2489471435547,-0.0013072924921289086,69194.4140625,1.2304089069366455
7300.0,0.0,0.0,-4200132.5,8.480022430419922,201.583251953125,-0.0003544188803061843,69184.21875,1.2305899858474731
7400.0,0.0,0.0,-4200134.0,12.63747787475586,201.3669891357422,0.00019899278413504362,69172.75,1.230794072151184
7500.0,0.0,0.0,-4200132.0,8.561848640441895,199.83448791503906,0.0006278711371123791,69160.9765625,1.2310036420822144
7600.0,0.0,0.0,-4200134.0,14.678699493408203,202.9367218017578,-0.0004826468648388982,69148.984375,1.2312171459197998
7700.0,0.0,0.0,-4200127.0,10.405909538269043,194.74131774902344,-0.0006063838955014944,69136.1484375,1.231445550918579
7800.0,0.0,0.0,-4200135.0,9.720067977905273,202.6739044189453,3.240164369344711e-05,69123.0390625,1.2316792011260986
7900.0,0.0,0.0,-4200135.0,8.360638618469238,202.12448120117188,0.0005083667347207665,69109.5625,1.2319194078445435
8000.0,0.0,0.0,-4200132.5,7.325436592102051,200.575439453125,0.0006896121194586158,69096.890625,1.2321453094482422
8100.0,0.0,0.0,-4200134.0,8.412185668945312,202.07925415039062,-0.0003492167452350259,69085.2421875,1.2323529720306396
8200.0,0.0,0.0,-4200133.5,7.380993366241455,200.5106201171875,-7.083546370267868e-05,69074.2734375,1.2325488328933716
8300.0,0.0,0.0,-4200135.0,8.343385696411133,200.03115844726562,6.47327397018671e-06,69063.859375,1.2327345609664917
8400.0,0.0,0.0,-4200133.0,8.323450088500977,196.5395965576172,0.0001264287857338786,69053.921875,1.2329119443893433
8500.0,0.0,0.0,-4200135.5,7.031951427459717,198.72042846679688,0.00021212140563875437,69045.34375,1.233065128326416
8600.0,0.0,0.0,-4200133.0,9.051275253295898,197.07546997070312,0.0008037681691348553,69036.9140625,1.2332156896591187
8700.0,0.0,0.0,-4200134.0,8.969720840454102,199.69625854492188,0.00041261862497776747,69029.3671875,1.2333505153656006
8800.0,0.0,0.0,-4200130.5,9.188285827636719,198.11907958984375,-0.0007271989015862346,69023.453125,1.2334562540054321
8900.0,0.0,0.0,-4200131.0,7.675989627838135,201.418212890625,0.00027385621797293425,69018.640625,1.2335422039031982
9000.0,0.0,0.0,-4200132.5,7.8344502449035645,203.84323120117188,-0.0003989206161350012,69015.796875,1.2335929870605469
9100.0,0.0,0.0,-4200132.0,8.219340324401855,204.0956573486328,0.0013668325264006853,69014.1875,1.2336218357086182
9200.0,0.0,0.0,-4200130.5,8.561850547790527,198.75636291503906,0.0004980856319889426,69015.6953125,1.2335950136184692
9300.0,0.0,0.0,-4200135.0,7.712660789489746,201.34036254882812,-0.0001248558983206749,69019.6953125,1.2335233688354492
9400.0,0.0,0.0,-4200132.5,8.381028175354004,197.8214111328125,-0.00044344121124595404,69025.734375,1.2334156036376953
9500.0,0.0,0.0,-4200132.0,6.570131778717041,196.7429656982422,-0.0004281547153368592,69034.5234375,1.233258605003357
9600.0,0.0,0.0,-4200134.5,7.72270393371582,199.9187774658203,0.001365767209790647,69045.875,1.2330557107925415
9700.0,0.0,0.0,-4200132.5,8.337183952331543,200.43252563476562,-0.0001875762827694416,69060.2265625,1.2327992916107178
9800.0,0.0,0.0,-4200128.5,7.969991207122803,198.8800048828125,0.0006578471511602402,69075.3203125,1.2325299978256226
9900.0,0.0,0.0,-4200130.5,6.976247310638428,202.4386749267578,-0.001234186696819961,69092.5625,1.2322224378585815
10000.0,0.0,0.0,-4200131.5,6.946873188018799,203.1029510498047,0.00021476612892001867,69110.5,1.2319025993347168
10100.0,0.0,0.0,-4200131.0,7.575286865234375,200.1710662841797,-1.0985764674842358e-05,69129.84375,1.2315579652786255
10200.0,0.0,0.0,-4200133.5,7.561708927154541,199.9012451171875,4.995614290237427e-06,69150.3125,1.2311934232711792
10300.0,0.0,0.0,-4200134.5,7.401688098907471,200.92623901367188,0.0010697776451706886,69170.8359375,1.230828046798706
10400.0,0.0,0.0,-4200134.0,8.098663330078125,200.8192596435547,-0.0001390315592288971,69191.625,1.2304582595825195
10500.0,0.0,0.0,-4200133.5,8.084636688232422,199.87429809570312,-4.034384619444609e-05,69212.171875,1.230093002319336
10600.0,0.0,0.0,-4200132.0,7.528466701507568,198.0693817138672,-0.0014427751302719116,69232.3203125,1.229735016822815
10700.0,0.0,0.0,-4200130.5,7.7740478515625,195.7323760986328,0.0008261050097644329,69250.9375,1.229404330253601
10800.0,0.0,0.0,-4200134.0,7.463942050933838,201.0816650390625,0.0005704239010810852,69269.40625,1.229076623916626
10900.0,0.0,0.0,-4200129.5,11.15278148651123,200.29690551757812,0.00021023221779614687,69287.109375,1.2287625074386597
11000.0,0.0,0.0,-4200131.0,8.038878440856934,204.8124542236328,-0.00040815433021634817,69302.8671875,1.2284832000732422
11100.0,0.0,0.0,-4200130.0,9.178315162658691,204.72132873535156,-0.0017388061387464404,69316.6796875,1.2282384634017944
11200.0,0.0,0.0,-4200129.5,7.710570335388184,203.32054138183594,0.0005881092511117458,69327.421875,1.2280482053756714
11300.0,0.0,0.0,-4200133.5,8.114623069763184,205.154052734375,0.00018291466403752565,69336.3984375,1.2278891801834106
11400.0,0.0,0.0,-4200129.0,9.551507949829102,199.78115844726562,0.0007347626378759742,69343.8203125,1.2277576923370361
11500.0,0.0,0.0,-4200132.5,11.605352401733398,203.4615478515625,-0.00046926026698201895,69350.0859375,1.2276467084884644
11600.0,0.0,0.0,-4200131.0,8.179425239562988,201.51023864746094,-0.000497025903314352,69354.2578125,1.2275729179382324
11700.0,0.0,0.0,-4200133.0,7.8981475830078125,201.23207092285156,0.0002767340047284961,69356.1484375,1.227539300918579
11800.0,0.0,0.0,-4200131.0,7.657607078552246,197.33775329589844,-0.0006780113326385617,69355.96875,1.2275426387786865
11900.0,0.0,0.0,-4200130.5,7.665561676025391,195.37042236328125,0.0004258051048964262,69351.890625,1.2276147603988647
12000.0,0.0,0.0,-4200134.0,7.261576175689697,198.5325164794922,-0.00018332188483327627,69345.5078125,1.2277277708053589
12100.0,0.0,0.0,-4200133.0,8.266353607177734,197.3704071044922,2.1012267097830772e-05,69335.9296875,1.2278975248336792
12200.0,0.0,0.0,-4200131.0,7.360655784606934,196.61734008789062,-0.00032788270618766546,69323.4921875,1.2281179428100586
12300.0,0.0,0.0,-4200132.0,8.145980834960938,201.63644409179688,-0.0010122739477083087,69309.2109375,1.2283707857131958
12400.0,0.0,0.0,-4200129.5,7.931331634521484,200.47486877441406,0.0002535776002332568,69291.7421875,1.2286803722381592
12500.0,0.0,0.0,-4200130.0,8.044822692871094,201.81881713867188,-0.00033882283605635166,69273.0546875,1.2290118932724
12600.0,0.0,0.0,-4200132.0,11.019164085388184,204.59066772460938,0.0005455093923956156,69253.0390625,1.2293671369552612
12700.0,0.0,0.0,-4200127.0,9.175644874572754,197.4607391357422,-0.0003206842811778188,69232.6953125,1.2297283411026
12800.0,0.0,0.0,-4200132.0,8.766167640686035,200.5594024658203,0.00048376305494457483,69211.7265625,1.2301008701324463
12900.0,0.0,0.0,-4200132.0,8.602100372314453,198.9942626953125,0.0003733860794454813,69189.8359375,1.2304902076721191
13000.0,0.0,0.0,-4200135.0,8.196800231933594,201.6280059814453,-0.00042590429075062275,69169.2109375,1.2308571338653564
13100.0,0.0,0.0,-4200132.5,9.29911994934082,198.60324096679688,7.696449756622314e-06,69149.8125,1.231202244758606
13200.0,0.0,0.0,-4200132.5,7.178936004638672,199.1161651611328,-0.0006631123833358288,69132.0546875,1.2315186262130737
13300.0,0.0,0.0,-4200135.5,8.987336158752441,201.62843322753906,0.0004709097556769848,69114.8984375,1.231824278831482
13400.0,0.0,0.0,-4200127.5,9.149020195007324,193.12039184570312,0.0005760021740570664,69099.0859375,1.23210608959198
13500.0,0.0,0.0,-4200135.5,7.768867015838623,202.81130981445312,0.0004430027911439538,69085.359375,1.2323510646820068
13600.0,0.0,0.0,-4200130.5,9.78454303741455,198.49851989746094,0.00022933899890631437,69073.421875,1.2325639724731445
13700.0,0.0,0.0,-4200130.5,10.330349922180176,200.03358459472656,-0.0009549661772325635,69062.96875,1.2327505350112915
13800.0,0.0,0.0,-4200130.5,8.712567329406738,200.97679138183594,-0.0006196750327944756,69054.15625,1.232907772064209
13900.0,0.0,0.0,-4200131.5,8.509908676147461,202.12437438964844,0.0011953520588576794,69047.015625,1.2330355644226074
14000.0,0.0,0.0,-4200133.0,7.851291656494141,203.09268188476562,0.001112518715672195,69042.8046875,1.2331104278564453
14100.0,0.0,0.0,-4200134.0,8.125869750976562,201.84535217285156,0.00022324267774820328,69041.9296875,1.2331262826919556
14200.0,0.0,0.0,-4200136.0,7.776986598968506,202.31739807128906,-0.0013153674080967903,69042.96875,1.233107566833496
14300.0,0.0,0.0,-4200135.5,8.269469261169434,200.70159912109375,6.861740257591009e-05,69044.640625,1.2330776453018188
14400.0,0.0,0.0,-4200134.5,7.359885215759277,199.0892791748047,0.0005184421315789223,69048.7421875,1.2330045700073242
14500.0,0.0,0.0,-4200135.0,8.812276840209961,199.9240264892578,0.0004532923921942711,69054.4375,1.2329027652740479
14600.0,0.0,0.0,-4200132.0,7.791014194488525,197.3641357421875,0.00015594856813549995,69062.640625,1.23275625705719
14700.0,0.0,0.0,-4200134.0,6.855111122131348,201.59414672851562,-0.0010604989947751164,69073.375,1.2325646877288818
14800.0,0.0,0.0,-4200131.0,8.104377746582031,201.24339294433594,0.0013913807924836874,69085.6875,1.2323451042175293
14900.0,0.0,0.0,-4200132.5,7.508591175079346,204.8615264892578,5.2794115617871284e-05,69101.15625,1.2320692539215088
15000.0,0.0,0.0,-4200129.5,7.925556182861328,202.4806671142578,0.00013872445560991764,69118.28125,1.2317639589309692
15100.0,0.0,0.0,-4200133.5,8.925843238830566,207.3562774658203,0.00016751151997596025,69136.234375,1.2314441204071045
15200.0,0.0,0.0,-4200127.5,6.969850540161133,200.70614624023438,-0.0004643081920221448,69154.9609375,1.2311105728149414
15300.0,0.0,0.0,-4200134.5,6.873676300048828,206.50326538085938,0.0008789435960352421,69173.7265625,1.2307767868041992
15400.0,0.0,0.0,-4200129.5,6.847733497619629,201.2598876953125,-0.0012767225271090865,69193.8984375,1.2304178476333618
15500.0,0.0,0.0,-4200133.0,7.1969122886657715,203.03041076660156,0.0006383393192663789,69213.609375,1.2300673723220825
15600.0,0.0,0.0,-4200132.5,8.36534309387207,200.26141357421875,0.0003290368476882577,69233.9296875,1.2297064065933228
15700.0,0.0,0.0,-4200135.5,8.350370407104492,201.81417846679688,0.0010344859911128879,69254.0390625,1.2293493747711182
15800.0,0.0,0.0,-4200131.5,9.033933639526367,199.5580596923828,-0.00047822529450058937,69273.4453125,1.2290050983428955
15900.0,0.0,0.0,-4200132.0,8.206460952758789,199.4732666015625,-0.002139391377568245,69291.4140625,1.2286863327026367
16000.0,0.0,0.0,-4200135.0,8.851006507873535,201.57919311523438,0.0012491863453760743,69307.125,1.228407859802246
16100.0,0.0,0.0,-4200133.0,6.942217826843262,198.4995574951172,-0.0005250517278909683,69322.640625,1.228132724761963
16200.0,0.0,0.0,-4200133.0,9.35598373413086,200.29544067382812,0.0005484236171469092,69335.4609375,1.227905511856079
16300.0,0.0,0.0,-4200128.0,10.035113334655762,193.61683654785156,-0.0020776367746293545,69345.1328125,1.2277345657348633
16400.0,0.0,0.0,-4200139.0,7.765800476074219,203.24415588378906,0.0002826527925208211,69349.859375,1.2276508808135986
16500.0,0.0,0.0,-4200138.0,7.640507221221924,200.2125701904297,0.001031113206408918,69351.890625,1.2276147603988647
16600.0,0.0,0.0,-4200135.5,7.844158172607422,196.93824768066406,0.0003070230595767498,69350.5703125,1.2276382446289062
16700.0,0.0,0.0,-4200136.0,6.547580718994141,198.1809844970703,-5.48752723261714e-05,69347.140625,1.2276990413665771
16800.0,0.0,0.0,-4200133.5,7.694155693054199,197.61416625976562,-0.0021691001020371914,69341.1875,1.2278043031692505
16900.0,0.0,0.0,-4200135.0,8.07093334197998,201.1331787109375,0.0007953174645081162,69330.515625,1.2279932498931885
17000.0,0.0,0.0,-4200131.0,7.90010929107666,197.4897918701172,-0.00037502835039049387,69318.2734375,1.228210210800171
17100.0,0.0,0.0,-4200133.5,9.087202072143555,200.60716247558594,0.0011497517116367817,69303.390625,1.2284739017486572
17200.0,0.0,0.0,-4200133.5,8.464259147644043,201.17794799804688,-0.0002870195312425494,69287.1875,1.2287614345550537
17300.0,0.0,0.0,-4200132.0,8.279829025268555,201.10691833496094,-0.0012358921812847257,69269.1328125,1.229081392288208
17400.0,0.0,0.0,-4200130.0,7.895041465759277,198.80775451660156,-0.00036406703293323517,69248.5390625,1.2294470071792603
17500.0,0.0,0.0,-4200134.5,9.084614753723145,203.0547332763672,-0.00025206629652529955,69227.34375,1.229823350906372
17600.0,0.0,0.0,-4200134.5,7.927205562591553,201.48886108398438,0.0008671371033415198,69205.640625,1.2302091121673584
17700.0,0.0,0.0,-4200132.0,7.751242637634277,199.03919982910156,-0.0006698267534375191,69183.3359375,1.2306057214736938
17800.0,0.0,0.0,-4200130.5,8.164520263671875,196.4832763671875,0.00028573605231940746,69160.2890625,1.2310158014297485
17900.0,0.0,0.0,-4200130.5,7.653908729553223,195.28346252441406,-0.0005872736219316721,69137.5625,1.2314203977584839
18000.0,0.0,0.0,-4200135.5,7.800705432891846,200.67315673828125,0.00045951560605317354,69115.8828125,1.2318066358566284
18100.0,0.0,0.0,-4200132.0,7.2676568031311035,198.2406768798828,-0.0005559440469369292,69096.7421875,1.2321479320526123
18200.0,0.0,0.0,-4200132.0,7.139627456665039,198.978515625,0.0007961327210068703,69077.8125,1.2324855327606201
18300.0,0.0,0.0,-4200135.0,8.074946403503418,204.48602294921875,0.00037484837230294943,69060.640625,1.2327920198440552
18400.0,0.0,0.0,-4200131.0,7.056354999542236,200.59591674804688,0.00014858890790492296,69044.7890625,1.2330750226974487
18500.0,0.0,0.0,-4200134.5,8.028684616088867,202.3806915283203,-0.00025708426255732775,69031.953125,1.2333043813705444
18600.0,0.0,0.0,-4200132.0,6.833122253417969,195.09764099121094,-0.0006721310783177614,69022.4765625,1.2334736585617065
18700.0,0.0,0.0,-4200139.5,6.566905975341797,201.48690795898438,0.0007981166709214449,69014.6953125,1.2336127758026123
18800.0,0.0,0.0,-4200133.0,6.322596549987793,194.79127502441406,0.00011601787991821766,69009.5546875,1.2337045669555664
18900.0,0.0,0.0,-4200137.5,7.268260478973389,200.29795837402344,0.0013480759225785732,69007.1328125,1.2337480783462524
19000.0,0.0,0.0,-4200132.0,7.158649921417236,196.30758666992188,-0.0013167281867936254,69007.6796875,1.2337381839752197
19100.0,0.0,0.0,-4200132.5,6.498719692230225,198.68557739257812,0.00020694208797067404,69009.828125,1.2336996793746948
19200.0,0.0,0.0,-4200133.5,6.281548500061035,201.54257202148438,-0.0007038803305476904,69014.6015625,1.233614444732666
19300.0,0.0,0.0,-4200129.5,8.797000885009766,198.92689514160156,0.0010390576208010316,69021.7734375,1.233486294746399
19400.0,0.0,0.0,-4200133.5,7.970966815948486,203.3606414794922,0.00043774954974651337,69032.359375,1.2332971096038818
19500.0,0.0,0.0,-4200127.5,7.440395355224609,196.8824005126953,-0.0008115430828183889,69045.8984375,1.2330552339553833
19600.0,0.0,0.0,-4200133.0,7.4021525382995605,201.96475219726562,0.0004687773762270808,69060.6796875,1.2327914237976074
19700.0,0.0,0.0,-4200130.5,7.9632954597473145,197.96124267578125,-0.00022183533292263746,69077.671875,1.2324882745742798
19800.0,0.0,0.0,-4200134.5,9.131930351257324,200.48751831054688,0.001974079292267561,69096.921875,1.2321447134017944
19900.0,0.0,0.0,-4200136.0,8.86579704284668,201.1073455810547,-0.0007590671302750707,69120.1015625,1.2317314147949219
20000.0,0.0,0.0,-4200133.5,9.8424072265625,199.33340454101562,-0.0005080025875940919,69143.859375,1.2313083410263062
20100.0,0.0,0.0,-4200133.5,7.078689098358154,200.1370086669922,-0.000601982232183218,69167.4921875,1.230887770652771
20200.0,0.0,0.0,-4200130.5,8.315942764282227,197.8862762451172,0.00121059431694448,69191.0625,1.2304682731628418
20300.0,0.0,0.0,-4200132.0,9.51941967010498,199.39474487304688,0.0009008265333250165,69216.578125,1.230014681816101
20400.0,0.0,0.0,-4200131.5,8.017036437988281,199.58285522460938,-0.0007721486035734415,69244.375,1.2295210361480713
20500.0,0.0,0.0,-4200134.0,7.609109401702881,201.137451171875,-0.000375310773961246,69272.3515625,1.2290242910385132
20600.0,0.0,0.0,-4200131.5,6.782120227813721,197.09364318847656,-0.0006180257769301534,69299.9140625,1.2285356521606445
20700.0,0.0,0.0,-4200135.5,7.496374130249023,201.82064819335938,0.0011324132792651653,69325.8515625,1.2280758619308472
20800.0,0.0,0.0,-4200133.5,8.368728637695312,198.25953674316406,0.00037424941547214985,69350.7578125,1.2276349067687988
20900.0,0.0,0.0,-4200136.5,7.53040885925293,201.004638671875,0.000324313179589808,69373.890625,1.227225422859192
21000.0,0.0,0.0,-4200132.5,7.261144161224365,196.34266662597656,-0.0011597060365602374,69393.8359375,1.2268729209899902
21100.0,0.0,0.0,-4200136.0,7.550444602966309,200.3609619140625,-0.001676341868005693,69409.8671875,1.2265894412994385
21200.0,0.0,0.0,-4200133.0,7.935507774353027,199.3700408935547,0.0009799851104617119,69422.828125,1.2263604402542114
21300.0,0.0,0.0,-4200133.5,7.468940734863281,203.58961486816406,0.00017861055675894022,69434.6953125,1.2261509895324707
21400.0,0.0,0.0,-4200127.5,7.583272933959961,200.74365234375,0.0008914716308936477,69443.828125,1.225989818572998
21500.0,0.0,0.0,-4200129.0,7.051235198974609,202.86476135253906,-0.0014189325738698244,69450.546875,1.2258708477020264
21600.0,0.0,0.0,-4200133.0,7.358250141143799,207.51516723632812,-0.0005060447147116065,69452.4609375,1.2258371114730835
21700.0,0.0,0.0,-4200131.5,6.943786144256592,203.36973571777344,0.00018967327196151018,69450.421875,1.2258732318878174
21800.0,0.0,0.0,-4200131.0,7.395605564117432,200.77464294433594,-0.0009148605167865753,69446.03125,1.2259505987167358
21900.0,0.0,0.0,-4200131.0,7.598320007324219,199.02127075195312,0.0002956164535135031,69438.1640625,1.2260894775390625
22000.0,0.0,0.0,-4200133.0,7.734241485595703,199.95703125,-0.0008348193950951099,69426.4375,1.2262966632843018
22100.0,0.0,0.0,-4200132.0,7.613770484924316,197.92636108398438,0.0012861606664955616,69410.5625,1.2265771627426147
22200.0,0.0,0.0,-4200131.0,7.838490962982178,197.93055725097656,-0.0006743641570210457,69393.0,1.2268877029418945
22300.0,0.0,0.0,-4200136.0,7.440369129180908,202.9498748779297,0.000663190265186131,69372.6875,1.227246880531311
22400.0,0.0,0.0,-4200131.0,7.62174129486084,197.2188720703125,-0.0007092267042025924,69350.5234375,1.2276389598846436
22500.0,0.0,0.0,-4200137.0,7.219107151031494,203.73175048828125,-0.000885708024725318,69325.7890625,1.2280769348144531
22600.0,0.0,0.0,-4200136.0,8.70906925201416,201.28790283203125,-6.334995850920677e-05,69298.859375,1.228554368019104
22700.0,0.0,0.0,-4200136.5,7.786777019500732,199.9927978515625,-0.0006845907773822546,69270.9765625,1.229048728942871
22800.0,0.0,0.0,-4200137.5,9.130621910095215,200.79129028320312,0.0014384131645783782,69240.4609375,1.2295905351638794
22900.0,0.0,0.0,-4200133.0,7.836370944976807,195.16116333007812,0.00025923678185790777,69208.7109375,1.2301546335220337
23000.0,0.0,0.0,-4200134.5,8.23964786529541,199.36036682128906,0.0004123719409108162,69176.359375,1.2307299375534058
23100.0,0.0,0.0,-4200131.0,7.4776740074157715,196.78297424316406,-0.001240901998244226,69143.8203125,1.2313090562820435
23200.0,0.0,0.0,-4200133.0,7.351104736328125,201.07388305664062,-0.000934464973397553,69111.2578125,1.2318891286849976
23300.0,0.0,0.0,-4200133.0,7.947185039520264,204.3572540283203,0.0004992928588762879,69079.5234375,1.2324552536010742
23400.0,0.0,0.0,-4200130.5,6.8047661781311035,204.91043090820312,0.0005719577893614769,69050.3203125,1.2329764366149902
23500.0,0.0,0.0,-4200134.0,7.941379547119141,208.00343322753906,0.002155636204406619,69021.8515625,1.2334849834442139
23600.0,0.0,0.0,-4200129.5,7.650141716003418,201.28492736816406,0.00012385786976665258,68995.5703125,1.2339547872543335
23700.0,0.0,0.0,-4200129.5,9.30907154083252,200.96176147460938,-0.0009983336785808206,68972.0234375,1.2343759536743164
23800.0,0.0,0.0,-4200129.5,8.209476470947266,199.4099884033203,-0.0016369863878935575,68951.65625,1.2347406148910522
23900.0,0.0,0.0,-4200129.5,6.9959940910339355,197.7480010986328,0.00045149936340749264,68934.09375,1.2350550889968872
24000.0,0.0,0.0,-4200133.5,8.568218231201172,202.6905517578125,0.001993207959458232,68920.109375,1.235305666923523
24100.0,0.0,0.0,-4200131.0,8.282892227172852,198.1995391845703,0.0012487941421568394,68910.109375,1.2354850769042969
24200.0,0.0,0.0,-4200133.5,8.300378799438477,199.5277099609375,-0.00018423644360154867,68903.703125,1.2355998754501343
24300.0,0.0,0.0,-4200130.5,8.82897663116455,196.2655792236328,-0.001437818049453199,68901.1171875,1.2356464862823486
24400.0,0.0,0.0,-4200132.0,8.233623504638672,196.194580078125,-0.000440576346591115,68902.203125,1.2356268167495728
24500.0,0.0,0.0,-4200134.5,9.029043197631836,198.72946166992188,0.0015303329564630985,68907.328125,1.235534906387329
24600.0,0.0,0.0,-4200132.0,7.092336654663086,197.081298828125,0.0009611588902771473,68917.84375,1.2353463172912598
24700.0,0.0,0.0,-4200131.5,7.295539855957031,199.9440155029297,0.0011127821635454893,68934.1171875,1.235054850578308
24800.0,0.0,0.0,-4200128.0,9.29610538482666,198.76759338378906,-0.00044191943015903234,68955.1484375,1.234678030014038
24900.0,0.0,0.0,-4200136.0,6.1588826179504395,207.3918914794922,-0.0004769907100126147,68979.5625,1.234241008758545
25000.0,0.0,0.0,-4200136.0,8.19399356842041,206.75352478027344,0.0002065036678686738,69007.3046875,1.2337448596954346
25100.0,0.0,0.0,-4200131.0,7.613433361053467,201.47618103027344,0.0006823861040174961,69038.5703125,1.23318612575531
25200.0,0.0,0.0,-4200134.5,7.8579182624816895,203.68043518066406,0.0006140775512903929,69074.671875,1.2325416803359985
25300.0,0.0,0.0,-4200130.0,7.037707805633545,197.87232971191406,-0.0007257397519424558,69114.1484375,1.2318377494812012
25400.0,0.0,0.0,-4200134.5,9.788373947143555,203.50872802734375,-6.12171133980155e-05,69155.5390625,1.23110032081604
25500.0,0.0,0.0,-4200133.5,9.360819816589355,201.54006958007812,0.00039540755096822977,69198.703125,1.2303324937820435
25600.0,0.0,0.0,-4200134.5,7.874636650085449,203.21031188964844,0.0004732424858957529,69242.3125,1.2295575141906738
25700.0,0.0,0.0,-4200129.5,7.197166442871094,198.75674438476562,-0.0003515058197081089,69286.3203125,1.2287766933441162
25800.0,0.0,0.0,-4200130.0,7.068994998931885,198.83697509765625,-0.0019322991138324142,69329.2890625,1.2280149459838867
25900.0,0.0,0.0,-4200130.0,9.225117683410645,200.18724060058594,0.0012033430393785238,69370.109375,1.227292537689209
26000.0,0.0,0.0,-4200131.5,8.617669105529785,201.21141052246094,0.0014583419542759657,69409.8984375,1.2265889644622803
26100.0,0.0,0.0,-4200130.0,7.8799052238464355,199.44314575195312,0.0009195022284984589,69447.7421875,1.2259204387664795
26200.0,0.0,0.0,-4200127.0,8.040545463562012,198.01882934570312,-0.0017760798800736666,69484.6484375,1.2252693176269531
26300.0,0.0,0.0,-4200131.5,8.261689186096191,201.33984375,-0.002424046862870455,69517.71875,1.2246863842010498
26400.0,0.0,0.0,-4200132.5,8.512863159179688,200.5748291015625,-0.00038546440191566944,69545.21875,1.2242023944854736
26500.0,0.0,0.0,-4200134.0,6.401531219482422,201.00357055664062,0.0011667038779705763,69568.296875,1.223796010017395
26600.0,0.0,0.0,-4200133.5,8.213618278503418,199.59213256835938,0.0011310006957501173,69586.546875,1.2234750986099243
26700.0,0.0,0.0,-4200133.0,7.367886066436768,198.79833984375,-0.00025806622579693794,69600.4921875,1.2232301235198975
26800.0,0.0,0.0,-4200133.5,7.16354513168335,199.34844970703125,-0.0013089828426018357,69608.96875,1.2230809926986694
26900.0,0.0,0.0,-4200129.5,7.159946441650391,196.2478485107422,-0.0011694020358845592,69611.6953125,1.22303307056427
27000.0,0.0,0.0,-4200133.0,6.51360559463501,202.8413543701172,0.0001667557517066598,69609.4765625,1.2230719327926636
27100.0,0.0,0.0,-4200129.0,7.492600440979004,202.0880126953125,0.0004608216695487499,69601.9296875,1.2232048511505127
27200.0,0.0,0.0,-4200125.5,10.585227012634277,199.99754333496094,0.0003375349333509803,69588.3515625,1.2234433889389038
27300.0,0.0,0.0,-4200130.0,8.853410720825195,204.88003540039062,-0.0009457028936594725,69568.71875,1.2237886190414429
27400.0,0.0,0.0,-4200127.0,7.978489875793457,201.26846313476562,-0.0004595658974722028,69543.0625,1.2242403030395508
27500.0,0.0,0.0,-4200132.5,6.300851345062256,206.23748779296875,-0.0002448719460517168,69513.65625,1.2247580289840698
27600.0,0.0,0.0,-4200128.0,9.35313892364502,199.59286499023438,4.1005201637744904e-05,69480.59375,1.2253408432006836
27700.0,0.0,0.0,-4200131.5,8.15317153930664,201.3192596435547,0.00040338130202144384,69443.9921875,1.2259865999221802
27800.0,0.0,0.0,-4200131.5,7.64929723739624,200.71604919433594,2.1328800357878208e-05,69405.15625,1.226672649383545
27900.0,0.0,0.0,-4200134.5,7.995633125305176,203.8864288330078,-2.146814949810505e-05,69363.65625,1.227406620979309
28000.0,0.0,0.0,-4200134.0,9.95473861694336,201.66307067871094,-0.001998822670429945,69320.046875,1.2281785011291504
28100.0,0.0,0.0,-4200134.5,6.0786333084106445,201.43177795410156,-0.0007615517824888229,69274.2890625,1.228990077972412
28200.0,0.0,0.0,-4200132.5,7.4540181159973145,200.08395385742188,0.0017476064385846257,69228.25,1.2298072576522827
28300.0,0.0,0.0,-4200134.5,7.118102550506592,201.33099365234375,0.0014831041917204857,69183.015625,1.2306115627288818
28400.0,0.0,0.0,-4200133.0,8.963508605957031,201.53976440429688,0.000415534945204854,69139.5,1.2313859462738037
28500.0,0.0,0.0,-4200129.5,7.829713821411133,196.8080596923828,-0.0013271362986415625,69098.0,1.2321256399154663
28600.0,0.0,0.0,-4200137.0,8.139496803283691,202.31643676757812,-0.00025951885618269444,69057.5234375,1.2328476905822754
28700.0,0.0,0.0,-4200128.5,7.813516139984131,194.60386657714844,0.0005012716865167022,69019.8203125,1.2335212230682373
28800.0,0.0,0.0,-4200135.0,7.547361850738525,201.9287109375,0.0007641559932380915,68985.6953125,1.2341313362121582
28900.0,0.0,0.0,-4200133.0,7.755484580993652,199.66473388671875,0.00015093281399458647,68955.0703125,1.2346795797348022
29000.0,0.0,0.0,-4200132.5,6.644522190093994,200.54763793945312,-0.00018903380259871483,68928.4921875,1.235155463218689
29100.0,0.0,0.0,-4200133.0,7.008182048797607,201.47279357910156,0.0006199500057846308,68904.4765625,1.2355860471725464
29200.0,0.0,0.0,-4200131.0,8.214945793151855,199.36538696289062,0.0005907152080908418,68884.734375,1.2359399795532227
29300.0,0.0,0.0,-4200133.5,8.242094993591309,202.13601684570312,0.00015914125833660364,68870.140625,1.2362020015716553
29400.0,0.0,0.0,-4200133.0,8.713769912719727,200.23797607421875,-0.00032850762363523245,68859.5234375,1.2363927364349365
29500.0,0.0,0.0,-4200134.5,7.579339981079102,201.04257202148438,0.0003912209067493677,68853.296875,1.2365044355392456
29600.0,0.0,0.0,-4200131.5,7.444101333618164,197.44825744628906,0.00025193358305841684,68852.2265625,1.2365236282348633
29700.0,0.0,0.0,-4200132.0,7.665988922119141,197.5994415283203,0.0008243434131145477,68856.0,1.2364559173583984
29800.0,0.0,0.0,-4200134.5,11.1981201171875,199.87547302246094,2.517225220799446e-05,68864.5078125,1.2363028526306152
29900.0,0.0,0.0,-4200129.5,7.367117404937744,196.6465606689453,-0.00030130764935165644,68877.4921875,1.2360700368881226
30000.0,0.0,0.0,-4200131.0,8.862844467163086,199.41578674316406,-0.00010807334911078215,68895.390625,1.2357488870620728
30100.0,0.0,0.0,-4200128.5,7.995593070983887,197.35047912597656,0.0001306514022871852,68917.3984375,1.2353544235229492
30200.0,0.0,0.0,-4200131.0,8.272290229797363,199.85653686523438,0.0008370730793103576,68943.2421875,1.2348912954330444
30300.0,0.0,0.0,-4200135.5,7.034065246582031,205.62020874023438,0.0006719134980812669,68972.59375,1.234365701675415
30400.0,0.0,0.0,-4200132.0,7.768825531005859,201.02830505371094,0.0002179606817662716,69004.984375,1.2337863445281982
30500.0,0.0,0.0,-4200135.5,7.356406211853027,203.24801635742188,-0.0009238143684342504,69040.84375,1.2331455945968628
30600.0,0.0,0.0,-4200133.0,7.219995498657227,200.2570037841797,-0.000874008983373642,69079.359375,1.2324579954147339
30700.0,0.0,0.0,-4200133.5,8.871465682983398,200.44772338867188,0.0007184442365542054,69119.515625,1.2317419052124023
30800.0,0.0,0.0,-4200132.5,7.3054633140563965,199.56251525878906,0.001435471698641777,69161.09375,1.2310014963150024
30900.0,0.0,0.0,-4200132.0,9.477323532104492,201.39712524414062,0.0005564959719777107,69202.8359375,1.2302591800689697
31000.0,0.0,0.0,-4200132.0,7.316061019897461,200.61825561523438,-0.001284537254832685,69244.4765625,1.2295193672180176
31100.0,0.0,0.0,-4200132.5,6.828681468963623,200.70037841796875,-0.0011779938358813524,69284.625,1.2288066148757935
31200.0,0.0,0.0,-4200133.0,8.56505298614502,199.6426239013672,0.0006977480370551348,69323.4921875,1.2281177043914795
31300.0,0.0,0.0,-4200135.0,7.448948383331299,200.77496337890625,0.001161908614449203,69359.9921875,1.2274713516235352
31400.0,0.0,0.0,-4200135.5,7.626901149749756,200.90611267089844,-0.00018227577675133944,69394.2421875,1.2268657684326172
31500.0,0.0,0.0,-4200130.5,7.9799885749816895,197.84280395507812,-0.0012066951021552086,69425.296875,1.2263171672821045
31600.0,0.0,0.0,-4200134.0,9.342451095581055,201.92840576171875,-0.0012784528080374002,69452.96875,1.2258281707763672
31700.0,0.0,0.0,-4200133.0,6.5886921882629395,202.15794372558594,0.0005268115783110261,69475.1328125,1.2254372835159302
31800.0,0.0,0.0,-4200134.5,7.580141067504883,203.0876007080078,0.00038568279705941677,69492.5234375,1.225130319595337
31900.0,0.0,0.0,-4200133.5,6.489970684051514,201.21002197265625,0.0005746622337028384,69504.5234375,1.2249189615249634
32000.0,0.0,0.0,-4200134.0,9.04380989074707,200.77542114257812,-0.0008973084622994065,69512.265625,1.2247825860977173
32100.0,0.0,0.0,-4200135.0,8.463800430297852,202.05645751953125,-0.00048336712643504143,69514.5703125,1.2247421741485596
32200.0,0.0,0.0,-4200135.5,7.509949207305908,201.51536560058594,-0.0009769838070496917,69512.1796875,1.2247841358184814
32300.0,0.0,0.0,-4200136.5,7.354076385498047,201.34791564941406,-0.001010109786875546,69504.25,1.2249236106872559
32400.0,0.0,0.0,-4200135.0,8.22168254852295,198.55517578125,0.0010835453867912292,69489.4140625,1.2251852750778198
32500.0,0.0,0.0,-4200135.5,10.282693862915039,198.13467407226562,0.0007513980381190777,69469.890625,1.2255295515060425
32600.0,0.0,0.0,-4200134.5,7.154428482055664,196.90419006347656,0.00032506417483091354,69446.6015625,1.2259405851364136
32700.0,0.0,0.0,-4200133.5,7.623917579650879,197.374267578125,-0.0021647089160978794,69418.9296875,1.2264294624328613
32800.0,0.0,0.0,-4200130.5,8.500310897827148,201.1112823486328,-0.0009031749796122313,69386.578125,1.2270010709762573
32900.0,0.0,0.0,-4200129.5,7.776634216308594,202.9247283935547,-8.294242434203625e-05,69350.5234375,1.2276389598846436
33000.0,0.0,0.0,-4200130.0,7.019832134246826,203.90953063964844,0.0020466188434511423,69312.09375,1.228319764137268
33100.0,0.0,0.0,-4200129.0,8.017416000366211,202.7306365966797,0.0006350787589326501,69272.859375,1.2290153503417969
33200.0,0.0,0.0,-4200129.0,8.852551460266113,201.1996612548828,-0.0007166010327637196,69233.0078125,1.2297228574752808
33300.0,0.0,0.0,-4200131.0,8.464816093444824,203.3242950439453,-0.0011559937847778201,69191.609375,1.2304584980010986
33400.0,0.0,0.0,-4200129.5,8.45051383972168,199.35153198242188,0.00045743014197796583,69149.6015625,1.2312062978744507
33500.0,0.0,0.0,-4200134.0,8.7573881149292,201.94796752929688,0.0013485916424542665,69108.5703125,1.231937050819397
33600.0,0.0,0.0,-4200134.0,8.890398979187012,200.4074249267578,-0.00027792470064014196,69069.2734375,1.232637882232666
33700.0,0.0,0.0,-4200135.5,8.451674461364746,201.80938720703125,-0.0006767904851585627,69031.0078125,1.2333213090896606
33800.0,0.0,0.0,-4200132.5,8.12660026550293,198.37855529785156,0.0005255313590168953,68993.90625,1.2339845895767212
33900.0,0.0,0.0,-4200135.5,8.322032928466797,201.7808074951172,0.0006629821145907044,68960.7421875,1.2345778942108154
34000.0,0.0,0.0,-4200132.0,7.9721527099609375,197.389892578125,0.0009437113767489791,68929.796875,1.2351322174072266
34100.0,0.0,0.0,-4200132.0,7.435622692108154,196.3049774169922,-0.0004271807847544551,68901.9765625,1.235630989074707
34200.0,0.0,0.0,-4200132.0,7.509261131286621,195.38067626953125,-0.0009526296053081751,68876.9453125,1.2360800504684448
34300.0,0.0,0.0,-4200133.0,7.139166355133057,195.5363006591797,-0.00039491814095526934,68855.515625,1.236464500427246
34400.0,0.0,0.0,-4200136.0,8.58755111694336,197.64520263671875,0.0005627480568364263,68838.796875,1.2367650270462036
34500.0,0.0,0.0,-4200135.0,7.946953773498535,195.71121215820312,0.0017806848045438528,68826.9609375,1.2369775772094727
34600.0,0.0,0.0,-4200137.0,7.44309139251709,198.63319396972656,0.0012568311067298055,68820.875,1.2370870113372803
34700.0,0.0,0.0,-4200134.5,7.680922985076904,199.6089324951172,1.261918805539608e-05,68820.09375,1.2371009588241577
34800.0,0.0,0.0,-4200132.5,8.356514930725098,199.53636169433594,-0.0012742317048832774,68824.875,1.2370151281356812
34900.0,0.0,0.0,-4200129.0,8.983696937561035,196.80426025390625,-0.00020260701421648264,68835.6640625,1.2368212938308716
35000.0,0.0,0.0,-4200130.0,8.053131103515625,199.24447631835938,0.0007359532173722982,68851.53125,1.2365361452102661
35100.0,0.0,0.0,-4200133.5,6.834003925323486,202.89622497558594,0.0013018676545470953,68872.1796875,1.2361655235290527
35200.0,0.0,0.0,-4200135.0,9.107990264892578,203.7801513671875,0.0010876725427806377,68897.484375,1.2357114553451538
35300.0,0.0,0.0,-4200133.0,11.48008918762207,200.71788024902344,-0.0009373227367177606,68927.5703125,1.235172152519226
35400.0,0.0,0.0,-4200130.5,7.017122268676758,197.1093292236328,-0.0016290696803480387,68961.171875,1.2345702648162842
35500.0,0.0,0.0,-4200135.5,7.458343505859375,201.07603454589844,0.0008769440464675426,68996.4765625,1.233938455581665
35600.0,0.0,0.0,-4200133.0,7.435946464538574,198.53895568847656,0.0014228894142434,69034.8203125,1.2332532405853271
35700.0,0.0,0.0,-4200132.5,7.253355979919434,199.171630859375,0.0010684438748285174,69075.921875,1.2325193881988525
35800.0,0.0,0.0,-4200132.0,6.568629741668701,198.64659118652344,-0.0013753168750554323,69119.0859375,1.2317496538162231
35900.0,0.0,0.0,-4200133.0,7.0381622314453125,199.3557586669922,-0.0007981931557878852,69163.2109375,1.2309637069702148
36000.0,0.0,0.0,-4200132.0,9.356532096862793,200.97842407226562,-0.0006854947423562407,69207.6875,1.2301726341247559
36100.0,0.0,0.0,-4200134.0,8.382624626159668,202.1526641845703,0.0011435302440077066,69251.890625,1.2293875217437744
36200.0,0.0,0.0,-4200134.0,7.6146016120910645,200.81715393066406,0.0011690561659634113,69296.6171875,1.2285939455032349
36300.0,0.0,0.0,-4200132.5,6.620767116546631,197.54959106445312,-0.0003451381344348192,69340.703125,1.2278128862380981
36400.0,0.0,0.0,-4200135.5,9.018672943115234,201.27731323242188,-0.0010082509834319353,69381.5546875,1.2270898818969727
36500.0,0.0,0.0,-4200134.5,6.172290802001953,200.35740661621094,-0.001098301843740046,69419.375,1.2264213562011719
36600.0,0.0,0.0,-4200136.0,7.024752140045166,202.05352783203125,0.0011587160406634212,69453.8515625,1.2258126735687256
36700.0,0.0,0.0,-4200129.5,7.5445637702941895,197.76878356933594,2.017756924033165e-05,69485.1953125,1.2252599000930786
36800.0,0.0,0.0,-4200131.5,8.728902816772461,200.33712768554688,0.00020892266184091568,69512.859375,1.2247719764709473
36900.0,0.0,0.0,-4200129.0,6.655637264251709,198.15451049804688,-0.0012940921587869525,69537.1015625,1.224345326423645
37000.0,0.0,0.0,-4200133.0,6.927947044372559,201.75234985351562,-0.0003635934554040432,69557.25,1.2239904403686523
37100.0,0.0,0.0,-4200132.0,6.899693012237549,200.89810180664062,-0.001216808333992958,69572.6484375,1.2237194776535034
37200.0,0.0,0.0,-4200134.0,9.623555183410645,200.70448303222656,0.00018783588893711567,69581.625,1.2235616445541382
37300.0,0.0,0.0,-4200132.0,9.520366668701172,197.1432647705078,0.0017535885563120246,69585.0546875,1.2235013246536255
37400.0,0.0,0.0,-4200135.0,9.23192310333252,199.60113525390625,-2.2632884792983532e-05,69584.2890625,1.2235147953033447
37500.0,0.0,0.0,-4200135.5,6.843084335327148,200.275146484375,-0.0010070304851979017,69577.46875,1.2236347198486328
37600.0,0.0,0.0,-4200130.5,8.915639877319336,197.24575805664062,-0.0029002181254327297,69564.7109375,1.2238589525222778
37700.0,0.0,0.0,-4200134.0,7.172876358032227,202.2621307373047,0.0005005287239328027,69544.5625,1.2242138385772705
37800.0,0.0,0.0,-4200130.5,6.7248711585998535,201.42050170898438,0.0009363525314256549,69520.1015625,1.2246445417404175
37900.0,0.0,0.0,-4200131.0,8.711175918579102,204.8160858154297,0.0010678761173039675,69491.796875,1.225143313407898
38000.0,0.0,0.0,-4200126.5,10.06153678894043,202.02938842773438,-0.00077576725743711,69459.515625,1.2257126569747925
38100.0,0.0,0.0,-4200130.0,7.436289310455322,205.9108428955078,-0.0008815760957077146,69422.7578125,1.2263617515563965
38200.0,0.0,0.0,-4200129.5,8.117548942565918,203.1360626220703,0.0001914185704663396,69382.6328125,1.227070927619934
38300.0,0.0,0.0,-4200128.0,7.6837544441223145,199.02745056152344,-0.0007329605286940932,69340.1640625,1.2278225421905518
38400.0,0.0,0.0,-4200133.5,6.804675102233887,203.7980499267578,-0.0005261281039565802,69296.453125,1.2285970449447632
38500.0,0.0,0.0,-4200131.5,6.948983669281006,203.39105224609375,-0.0001512372400611639,69251.6953125,1.229391098022461
38600.0,0.0,0.0,-4200132.5,7.946823596954346,202.2379913330078,0.0019377466524019837,69206.25,1.2301982641220093
38700.0,0.0,0.0,-4200131.0,7.436311721801758,203.37181091308594,0.0010551873128861189,69162.578125,1.2309751510620117
38800.0,0.0,0.0,-4200132.0,8.915228843688965,202.10470581054688,-8.188106585294008e-05,69121.828125,1.2317007780075073
38900.0,0.0,0.0,-4200126.5,8.024394989013672,195.5160675048828,-0.0027494074311107397,69083.625,1.2323819398880005
39000.0,0.0,0.0,-4200134.0,9.050503730773926,203.63851928710938,-0.000948025262914598,69045.2890625,1.2330660820007324
39100.0,0.0,0.0,-4200131.5,7.947058200836182,199.04391479492188,0.001085557509213686,69009.4140625,1.2337071895599365
39200.0,0.0,0.0,-4200130.5,9.137965202331543,196.5371856689453,0.0027161436155438423,68977.625,1.2342759370803833
39300.0,0.0,0.0,-4200135.5,6.960434436798096,202.0631103515625,0.00027474970556795597,68950.6953125,1.234757900238037
39400.0,0.0,0.0,-4200131.5,7.440387725830078,197.72315979003906,-0.0012632845900952816,68926.984375,1.235182523727417
39500.0,0.0,0.0,-4200137.5,7.825833797454834,203.16380310058594,-7.9129240475595e-05,68906.4140625,1.2355512380599976
39600.0,0.0,0.0,-4200131.0,8.560961723327637,195.5109100341797,0.0002657865406945348,68890.6484375,1.235834002494812
39700.0,0.0,0.0,-4200137.5,7.4176201820373535,202.21054077148438,0.0020563285797834396,68879.3671875,1.2360364198684692
39800.0,0.0,0.0,-4200134.0,7.619174480438232,198.59188842773438,-0.0008233566768467426,68873.5703125,1.2361406087875366
39900.0,0.0,0.0,-4200134.0,8.34912395477295,199.27450561523438,0.0004941835068166256,68870.515625,1.23619544506073
40000.0,0.0,0.0,-4200133.0,7.556075096130371,199.95423889160156,-0.00028674257919192314,68871.1015625,1.23618483543396
40100.0,0.0,0.0,-4200132.0,8.007351875305176,200.9492950439453,0.001142855267971754,68876.7421875,1.2360835075378418
40200.0,0.0,0.0,-4200131.0,8.228144645690918,201.23631286621094,2.505991142243147e-05,68889.7734375,1.2358497381210327
40300.0,0.0,0.0,-4200129.5,8.138895988464355,199.57957458496094,6.601051427423954e-05,68908.15625,1.2355201244354248
40400.0,0.0,0.0,-4200132.5,7.017253875732422,204.8939666748047,0.00045177340507507324,68931.6171875,1.2350994348526
40500.0,0.0,0.0,-4200128.0,6.719823360443115,199.30755615234375,0.00038428360130637884,68958.3125,1.234621524810791
40600.0,0.0,0.0,-4200135.0,7.5594162940979,203.94346618652344,0.0014814757741987705,68989.390625,1.2340651750564575
40700.0,0.0,0.0,-4200131.0,6.983335018157959,200.69784545898438,-0.0008497745729982853,69026.0546875,1.2334097623825073
40800.0,0.0,0.0,-4200133.0,7.636265754699707,201.75245666503906,0.0001205709995701909,69064.75,1.232718825340271
40900.0,0.0,0.0,-4200131.5,8.26749038696289,198.01173400878906,-0.0004620456602424383,69104.8203125,1.232003927230835
41000.0,0.0,0.0,-4200130.5,10.180949211120605,196.6599884033203,0.0004103531828150153,69146.7265625,1.2312573194503784
41100.0,0.0,0.0,-4200134.5,8.580193519592285,199.32452392578125,-5.8560981415212154e-05,69191.4765625,1.2304608821868896
41200.0,0.0,0.0,-4200132.0,9.713376998901367,197.503173828125,-0.001537864562124014,69237.171875,1.2296489477157593
41300.0,0.0,0.0,-4200134.0,7.916859149932861,199.2117919921875,-0.00046055903658270836,69280.4140625,1.2288814783096313
41400.0,0.0,0.0,-4200132.0,7.82774543762207,200.17010498046875,0.0013831380056217313,69320.0234375,1.2281790971755981
41500.0,0.0,0.0,-4200131.5,8.197644233703613,199.1439971923828,0.0011850032024085522,69358.1328125,1.2275042533874512
41600.0,0.0,0.0,-4200134.5,8.152097702026367,204.4501495361328,1.610454637557268e-05,69394.0546875,1.2268688678741455
41700.0,0.0,0.0,-4200129.5,8.697737693786621,197.12351989746094,-0.0019669528119266033,69427.65625,1.2262752056121826
41800.0,0.0,0.0,-4200133.5,7.104983806610107,199.260498046875,-0.0014180652797222137,69456.015625,1.2257745265960693
41900.0,0.0,0.0,-4200132.0,7.837950706481934,197.62930297851562,0.0007068179547786713,69479.0234375,1.225368618965149
42000.0,0.0,0.0,-4200133.0,7.9951324462890625,198.08419799804688,0.0012954050907865167,69498.984375,1.225016713142395
42100.0,0.0,0.0,-4200138.0,10.269668579101562,204.30601501464844,-0.00039108528289943933,69515.2421875,1.2247300148010254
42200.0,0.0,0.0,-4200130.0,6.991982460021973,195.1757354736328,-0.002381624188274145,69525.421875,1.2245509624481201
42300.0,0.0,0.0,-4200135.5,8.325057983398438,201.9384002685547,-0.0015846664318814874,69528.625,1.224494457244873
42400.0,0.0,0.0,-4200131.5,7.2843828201293945,198.4867706298828,0.0009350398322567344,69527.09375,1.224521517753601
42500.0,0.0,0.0,-4200133.0,7.899857997894287,201.64793395996094,0.0018775853095576167,69522.4921875,1.224602222442627
42600.0,0.0,0.0,-4200133.5,7.12938117980957,205.8483428955078,-0.00010142440441995859,69514.4921875,1.224743366241455
42700.0,0.0,0.0,-4200128.5,7.436389446258545,202.5493927001953,-0.0017938006203621626,69501.90625,1.224965214729309
42800.0,0.0,0.0,-4200129.5,7.989975452423096,201.4636688232422,-0.0004833727143704891,69483.9765625,1.2252811193466187
42900.0,0.0,0.0,-4200131.0,10.430432319641113,201.0225830078125,-0.00015523447655141354,69463.359375,1.225644826889038
43000.0,0.0,0.0,-4200134.0,7.879868030548096,202.2388916015625,0.0014453314943239093,69440.5859375,1.2260468006134033
43100.0,0.0,0.0,-4200131.0,7.706761360168457,198.54612731933594,1.174909994006157e-05,69416.1640625,1.2264783382415771
43200.0,0.0,0.0,-4200133.0,7.683432102203369,199.80018615722656,-0.00040204182732850313,69387.984375,1.2269762754440308
43300.0,0.0,0.0,-4200133.0,7.8034234046936035,199.22325134277344,-0.0004226629389449954,69357.15625,1.227521538734436
43400.0,0.0,0.0,-4200134.0,8.67432975769043,201.81814575195312,-0.00047026469837874174,69323.46875,1.2281180620193481
43500.0,0.0,0.0,-4200134.5,11.38366985321045,201.6693572998047,0.00029909866861999035,69287.6171875,1.2287535667419434
43600.0,0.0,0.0,-4200133.5,7.644447326660156,200.10919189453125,-0.00018719001673161983,69251.15625,1.2294005155563354
43700.0,0.0,0.0,-4200132.0,7.466508388519287,196.59861755371094,0.00033406191505491734,69213.40625,1.2300710678100586
43800.0,0.0,0.0,-4200134.5,8.326828956604004,197.99130249023438,6.4079649746418e-05,69175.171875,1.2307509183883667
43900.0,0.0,0.0,-4200134.0,8.76468276977539,196.25057983398438,-0.0002241702750325203,69137.1796875,1.2314271926879883
44000.0,0.0,0.0,-4200134.5,7.64893913269043,197.539306640625,0.0002705568913370371,69099.9921875,1.2320899963378906
44100.0,0.0,0.0,-4200134.0,6.814633369445801,197.71853637695312,-0.00028668821323662996,69062.8515625,1.2327526807785034
44200.0,0.0,0.0,-4200135.0,7.165877342224121,201.4726104736328,0.000407917657867074,69026.3515625,1.2334043979644775
44300.0,0.0,0.0,-4200131.0,9.162723541259766,201.1332244873047,0.00038320699241012335,68992.7421875,1.2340052127838135
44400.0,0.0,0.0,-4200132.0,8.895941734313965,203.28115844726562,0.00024280056823045015,68962.640625,1.2345439195632935
44500.0,0.0,0.0,-4200130.0,8.02251148223877,202.33583068847656,-0.00035906501580029726,68936.421875,1.2350133657455444
44600.0,0.0,0.0,-4200131.5,8.09848403930664,202.90625,0.00014196767006069422,68913.984375,1.2354155778884888
44700.0,0.0,0.0,-4200133.5,8.003349304199219,202.51559448242188,0.00040984037332236767,68895.890625,1.235740065574646
44800.0,0.0,0.0,-4200133.0,8.582385063171387,200.6820831298828,0.00043279805686324835,68882.4296875,1.2359814643859863
44900.0,0.0,0.0,-4200132.5,8.633282661437988,199.86180114746094,0.00035939167719334364,68874.5078125,1.2361236810684204
45000.0,0.0,0.0,-4200132.0,8.263497352600098,202.07147216796875,-0.00020547874737530947,68871.421875,1.2361791133880615
45100.0,0.0,0.0,-4200134.5,7.3486647605896,203.67686462402344,0.00048443907871842384,68872.4453125,1.2361606359481812
45200.0,0.0,0.0,-4200131.0,7.88815975189209,198.6509246826172,0.000426845857873559,68878.828125,1.2360461950302124
45300.0,0.0,0.0,-4200133.0,7.536002159118652,200.5045623779297,0.0005230378592386842,68890.2265625,1.2358416318893433
45400.0,0.0,0.0,-4200134.5,6.9986443519592285,201.0778045654297,-0.0006114281713962555,68906.984375,1.2355409860610962
45500.0,0.0,0.0,-4200132.5,8.838361740112305,198.22164916992188,-0.00044904928654432297,68927.6484375,1.2351707220077515
45600.0,0.0,0.0,-4200138.5,8.055120468139648,204.20042419433594,0.0007492555305361748,68952.0390625,1.2347337007522583
45700.0,0.0,0.0,-4200137.0,8.862462043762207,203.04515075683594,0.0010885288938879967,68980.34375,1.234227180480957
45800.0,0.0,0.0,-4200132.5,6.99356746673584,199.1048583984375,0.0011375057511031628,69011.7890625,1.2336647510528564
45900.0,0.0,0.0,-4200131.5,7.886340618133545,201.66493225097656,-0.0013463824288919568,69047.125,1.233033299446106
46000.0,0.0,0.0,-4200129.5,7.628875732421875,200.13485717773438,-0.001609147060662508,69084.2578125,1.2323706150054932
46100.0,0.0,0.0,-4200134.0,8.330965995788574,202.18392944335938,0.00015438883565366268,69121.734375,1.231702446937561
46200.0,0.0,0.0,-4200135.0,8.005719184875488,199.8970947265625,0.00163102219812572,69161.4375,1.230995535850525
46300.0,0.0,0.0,-4200136.5,7.9086151123046875,200.83346557617188,0.0018216484459117055,69203.59375,1.2302454710006714
46400.0,0.0,0.0,-4200134.5,6.861179351806641,199.7958526611328,-0.0012508565559983253,69247.015625,1.2294740676879883
46500.0,0.0,0.0,-4200132.0,7.369475364685059,198.58023071289062,-0.0012218562187626958,69288.6171875,1.2287359237670898
46600.0,0.0,0.0,-4200131.0,7.4033026695251465,199.5447998046875,-0.00196005217730999,69327.9765625,1.2280381917953491
46700.0,0.0,0.0,-4200130.5,9.041342735290527,199.5095977783203,0.0012418492697179317,69364.4921875,1.2273917198181152
46800.0,0.0,0.0,-4200134.0,7.089065074920654,204.7535400390625,0.0017208312638103962,69398.40625,1.2267919778823853
46900.0,0.0,0.0,-4200133.5,7.3078179359436035,202.5519561767578,0.0006175459129735827,69429.6953125,1.2262392044067383
47000.0,0.0,0.0,-4200135.5,6.852799892425537,202.1637420654297,-0.001801017322577536,69457.515625,1.2257479429244995
47100.0,0.0,0.0,-4200131.5,7.880569934844971,196.08139038085938,-0.001818252494558692,69480.1640625,1.2253483533859253
47200.0,0.0,0.0,-4200135.0,8.448101997375488,199.46861267089844,0.0004791534738615155,69498.0234375,1.2250334024429321
47300.0,0.0,0.0,-4200132.0,8.07120132446289,196.67271423339844,0.0010311410296708345,69512.2265625,1.224783182144165
47400.0,0.0,0.0,-4200130.0,9.168599128723145,195.96307373046875,-0.000414382666349411,69522.6015625,1.2246006727218628
47500.0,0.0,0.0,-4200131.0,6.776220798492432,199.1374969482422,-0.0009829725604504347,69527.78125,1.2245092391967773
47600.0,0.0,0.0,-4200130.5,8.372347831726074,201.94435119628906,-0.0009255011100322008,69527.5859375,1.2245128154754639
47700.0,0.0,0.0,-4200128.5,7.387207984924316,200.96661376953125,-0.00035511632449924946,69524.0078125,1.2245757579803467
47800.0,0.0,0.0,-4200126.5,6.388891220092773,198.11334228515625,-0.0003251525340601802,69516.3671875,1.22471022605896
47900.0,0.0,0.0,-4200134.0,8.494026184082031,203.48928833007812,-0.00042331928852945566,69504.6171875,1.2249174118041992
48000.0,0.0,0.0,-4200130.0,8.982442855834961,197.324951171875,-0.00015552854165434837,69487.71875,1.225215196609497
48100.0,0.0,0.0,-4200132.5,7.534214019775391,201.14451599121094,0.0001498614437878132,69465.5859375,1.2256054878234863
48200.0,0.0,0.0,-4200133.0,8.763760566711426,200.8553466796875,0.0010383398039266467,69439.28125,1.2260698080062866
48300.0,0.0,0.0,-4200136.0,7.348946571350098,203.4979705810547,-0.0011302701896056533,69410.0859375,1.2265855073928833
48400.0,0.0,0.0,-4200132.0,7.64512300491333,197.9266357421875,-0.0017366012325510383,69376.0859375,1.2271867990493774
48500.0,0.0,0.0,-4200136.0,7.58971643447876,202.01661682128906,-0.00014506245497614145,69337.734375,1.2278655767440796
48600.0,0.0,0.0,-4200133.5,6.910267353057861,200.71551513671875,0.0019248113967478275,69296.9453125,1.2285882234573364
48700.0,0.0,0.0,-4200134.0,7.037060737609863,200.67645263671875,0.0012727155117318034,69254.5546875,1.2293404340744019
48800.0,0.0,0.0,-4200132.5,8.16134262084961,199.27992248535156,-0.0015489360084757209,69211.0390625,1.23011314868927
48900.0,0.0,0.0,-4200133.0,8.814126014709473,198.69326782226562,-0.001176948077045381,69165.0,1.2309319972991943
49000.0,0.0,0.0,-4200135.5,7.904261589050293,199.31167602539062,-0.0003015935653820634,69116.4375,1.2317967414855957
49100.0,0.0,0.0,-4200134.5,7.368582725524902,197.43922424316406,0.0007735262624919415,69066.984375,1.232678771018982
49200.0,0.0,0.0,-4200134.5,8.229924201965332,199.38592529296875,0.0005578738637268543,69019.0625,1.2335346937179565
49300.0,0.0,0.0,-4200136.0,7.277973175048828,201.00294494628906,-0.0008039328968152404,68973.2734375,1.2343535423278809
49400.0,0.0,0.0,-4200134.0,8.773757934570312,199.6702423095703,0.00024881295394152403,68928.46875,1.2351559400558472
49500.0,0.0,0.0,-4200137.0,7.4680609703063965,205.68588256835938,0.0011230703676119447,68886.78125,1.2359033823013306
49600.0,0.0,0.0,-4200131.0,7.055399417877197,199.80226135253906,0.0005686933873221278,68848.9609375,1.2365822792053223
49700.0,0.0,0.0,-4200132.5,8.257913589477539,201.2745819091797,0.001114857499487698,68815.734375,1.2371795177459717
49800.0,0.0,0.0,-4200131.5,8.760342597961426,197.12100219726562,-0.00030973460525274277,68788.078125,1.237676739692688
49900.0,0.0,0.0,-4200133.0,8.023751258850098,197.16493225097656,-0.0003506540087983012,68765.4609375,1.2380839586257935
50000.0,0.0,0.0,-4200135.0,7.984943389892578,198.3861846923828,-9.998015593737364e-05,68748.6015625,1.2383875846862793
50100.0,0.0,0.0,-4200135.0,9.356132507324219,198.7188720703125,-0.000266874092631042,68737.8515625,1.2385814189910889
50200.0,0.0,0.0,-4200134.5,7.283581733703613,199.34352111816406,0.0014272634871304035,68732.609375,1.238675594329834
50300.0,0.0,0.0,-4200132.5,9.712691307067871,199.20799255371094,-0.00013544294051826,68733.6640625,1.2386566400527954
50400.0,0.0,0.0,-4200133.5,7.015130043029785,202.81471252441406,0.0012632418656721711,68740.09375,1.238540768623352
50500.0,0.0,0.0,-4200129.0,8.307490348815918,199.98800659179688,-0.0005331223364919424,68752.9375,1.238309383392334
50600.0,0.0,0.0,-4200133.0,7.2842864990234375,204.96958923339844,-0.00048078910913318396,68771.5390625,1.2379742860794067
50700.0,0.0,0.0,-4200128.5,8.07849407196045,199.2847442626953,0.00036123290192335844,68795.765625,1.237538456916809
50800.0,0.0,0.0,-4200131.5,7.463990688323975,199.57666015625,4.562060348689556e-05,68825.8203125,1.2369980812072754
50900.0,0.0,0.0,-4200131.5,8.144189834594727,197.6811981201172,0.0023833266459405422,68861.4296875,1.236358404159546
51000.0,0.0,0.0,-4200136.0,8.367352485656738,203.69125366210938,-0.0010018253233283758,68903.1328125,1.2356101274490356
51100.0,0.0,0.0,-4200131.5,7.989538192749023,199.8018035888672,0.00031523092184215784,68948.71875,1.2347933053970337
51200.0,0.0,0.0,-4200136.5,6.787619590759277,203.309814453125,-0.0008800113573670387,68998.796875,1.2338972091674805
51300.0,0.0,0.0,-4200134.0,7.663086891174316,200.08645629882812,7.369217928498983e-05,69052.6015625,1.2329356670379639
51400.0,0.0,0.0,-4200133.0,8.379498481750488,198.20709228515625,0.0009506972273811698,69110.1875,1.2319080829620361
51500.0,0.0,0.0,-4200134.5,8.306699752807617,200.99136352539062,-0.0003284777048975229,69170.9375,1.2308262586593628
51600.0,0.0,0.0,-4200128.5,7.366398811340332,195.08834838867188,0.0001333920517936349,69231.6328125,1.2297471761703491
51700.0,0.0,0.0,-4200132.0,7.7315897941589355,198.29061889648438,-0.0013448515674099326,69291.3828125,1.228686809539795
51800.0,0.0,0.0,-4200134.0,8.240955352783203,199.1377410888672,0.001239954261109233,69349.3984375,1.227658987045288
51900.0,0.0,0.0,-4200137.5,7.620261192321777,202.44093322753906,-0.00037143705412745476,69406.1875,1.2266544103622437
52000.0,0.0,0.0,-4200136.5,7.512378692626953,201.1878662109375,0.000336351222358644,69459.015625,1.2257214784622192
52100.0,0.0,0.0,-4200132.5,9.046977043151855,199.26051330566406,-0.0013093501329421997,69506.4609375,1.2248847484588623
52200.0,0.0,0.0,-4200135.5,10.459569931030273,202.07705688476562,-0.001199814141727984,69547.875,1.224155306816101
52300.0,0.0,0.0,-4200131.5,9.233726501464844,197.86000061035156,0.0007632320048287511,69583.4765625,1.2235291004180908
52400.0,0.0,0.0,-4200135.5,7.446895122528076,203.60630798339844,-8.29227501526475e-05,69613.0,1.2230101823806763
52500.0,0.0,0.0,-4200131.5,8.19698715209961,199.97987365722656,0.00036065722815692425,69635.2734375,1.2226190567016602
52600.0,0.0,0.0,-4200131.5,8.043002128601074,199.31082153320312,-0.0013423154596239328,69650.8046875,1.222346305847168
52700.0,0.0,0.0,-4200129.5,7.799255847930908,197.32351684570312,-0.0003747160080820322,69658.328125,1.2222144603729248
52800.0,0.0,0.0,-4200137.5,6.916065692901611,205.5308380126953,-0.0005513796349987388,69657.7890625,1.2222238779067993
52900.0,0.0,0.0,-4200130.0,7.125906467437744,199.34690856933594,0.00013870431575924158,69648.4921875,1.2223870754241943
53000.0,0.0,0.0,-4200134.0,7.089210033416748,203.88975524902344,-0.0003342095296829939,69630.9375,1.2226951122283936
53100.0,0.0,0.0,-4200130.0,8.095681190490723,199.334228515625,-0.0001560770906507969,69605.3046875,1.2231453657150269
53200.0,0.0,0.0,-4200133.5,9.498318672180176,202.02642822265625,-0.0007724908646196127,69572.4765625,1.2237225770950317
53300.0,0.0,0.0,-4200133.5,8.246599197387695,199.79310607910156,-6.509176455438137e-05,69532.9375,1.2244184017181396
53400.0,0.0,0.0,-4200135.0,6.204133987426758,201.137939453125,-0.0003325750585645437,69486.828125,1.2252308130264282
53500.0,0.0,0.0,-4200131.0,8.456608772277832,198.32875061035156,-0.00014391157310456038,69434.5703125,1.2261531352996826
53600.0,0.0,0.0,-4200133.0,10.385092735290527,201.40504455566406,-0.0006649994757026434,69377.1484375,1.2271678447723389
53700.0,0.0,0.0,-4200129.0,8.290133476257324,199.66065979003906,0.0005787033587694168,69314.6796875,1.228273868560791
53800.0,0.0,0.0,-4200131.5,7.553475379943848,201.48907470703125,-0.0006045922636985779,69249.3125,1.2294331789016724
53900.0,0.0,0.0,-4200130.5,7.82134485244751,199.3104705810547,0.0003386172465980053,69180.9453125,1.230648159980774
54000.0,0.0,0.0,-4200131.0,8.05070972442627,198.80780029296875,-0.0003357703099027276,69111.828125,1.2318789958953857
54100.0,0.0,0.0,-4200126.5,8.72329044342041,194.9654541015625,-0.00029627024196088314,69042.2421875,1.2331205606460571
54200.0,0.0,0.0,-4200132.5,6.645216941833496,201.1804962158203,0.0006393145304173231,68973.109375,1.2343565225601196
54300.0,0.0,0.0,-4200132.5,7.320627689361572,201.6022491455078,-0.000811245059594512,68906.390625,1.2355517148971558
54400.0,0.0,0.0,-4200131.0,7.125153064727783,200.1439971923828,0.001286488026380539,68842.875,1.2366917133331299
54500.0,0.0,0.0,-4200133.5,7.336243152618408,202.59530639648438,-0.00014555512461811304,68785.328125,1.2377263307571411
54600.0,0.0,0.0,-4200136.5,7.929472923278809,204.92111206054688,0.0015636931639164686,68733.7734375,1.2386547327041626
54700.0,0.0,0.0,-4200131.0,7.771068572998047,198.95968627929688,0.0003454367397353053,68689.484375,1.2394533157348633
54800.0,0.0,0.0,-4200135.5,6.872462749481201,202.80348205566406,-0.0009544447530061007,68651.6796875,1.2401357889175415
54900.0,0.0,0.0,-4200132.0,8.214605331420898,199.527587890625,0.0009011183865368366,68621.8515625,1.2406748533248901
55000.0,0.0,0.0,-4200133.0,8.04992961883545,199.78514099121094,-0.0004157556686550379,68600.453125,1.241061806678772
55100.0,0.0,0.0,-4200134.5,7.240137100219727,200.89971923828125,0.0029949508607387543,68586.5078125,1.2413142919540405
55200.0,0.0,0.0,-4200134.0,7.590749263763428,201.09518432617188,0.0006744629936292768,68582.640625,1.2413842678070068
55300.0,0.0,0.0,-4200132.5,6.7589430809021,199.01832580566406,-9.073049295693636e-05,68588.3828125,1.2412803173065186
55400.0,0.0,0.0,-4200137.5,7.746872425079346,201.51318359375,-0.0009244952816516161,68602.9140625,1.2410173416137695
55500.0,0.0,0.0,-4200134.5,7.447022914886475,197.90725708007812,-0.0006020019063726068,68624.9296875,1.24061918258667
55600.0,0.0,0.0,-4200137.0,8.142800331115723,198.1588592529297,0.002333403564989567,68654.0078125,1.24009370803833
55700.0,0.0,0.0,-4200135.5,8.836420059204102,197.83453369140625,0.00026243599131703377,68690.578125,1.2394335269927979
55800.0,0.0,0.0,-4200132.0,7.56456995010376,195.12728881835938,0.0013176810462027788,68732.9609375,1.2386696338653564
55900.0,0.0,0.0,-4200134.5,7.479733467102051,199.6794891357422,-0.0005536098033189774,68781.5,1.237795352935791
56000.0,0.0,0.0,-4200131.0,7.304548263549805,197.28857421875,-0.0006147000240162015,68833.9140625,1.2368526458740234
56100.0,0.0,0.0,-4200134.0,8.275067329406738,202.2432861328125,0.00032424507662653923,68889.828125,1.2358487844467163
56200.0,0.0,0.0,-4200131.0,8.547049522399902,200.25282287597656,0.0007158584194257855,68949.5546875,1.2347781658172607
56300.0,0.0,0.0,-4200130.0,7.717245101928711,201.474609375,0.00026192364748567343,69012.0234375,1.2336604595184326
56400.0,0.0,0.0,-4200129.5,8.448365211486816,200.3158721923828,-0.00022487516980618238,69075.5546875,1.2325258255004883
56500.0,0.0,0.0,-4200130.0,7.749650478363037,200.50131225585938,-0.00033391371835023165,69138.4765625,1.2314043045043945
56600.0,0.0,0.0,-4200132.0,7.015785217285156,202.2582550048828,0.000263705151155591,69200.65625,1.230297565460205
56700.0,0.0,0.0,-4200132.0,7.0481133460998535,203.0902099609375,-0.0003346196608617902,69262.1796875,1.2292048931121826
56800.0,0.0,0.0,-4200130.5,9.587854385375977,200.38792419433594,-0.0006504128687083721,69320.453125,1.2281713485717773
56900.0,0.0,0.0,-4200131.5,9.413299560546875,200.58023071289062,0.001181674306280911,69374.0546875,1.2272225618362427
57000.0,0.0,0.0,-4200135.0,7.03303861618042,202.32235717773438,-0.00020336266607046127,69424.0390625,1.2263389825820923
57100.0,0.0,0.0,-4200131.0,8.444901466369629,196.88189697265625,-0.0003848763881251216,69469.7734375,1.2255316972732544
57200.0,0.0,0.0,-4200130.5,8.572243690490723,197.8358612060547,-0.0015198563924059272,69509.140625,1.2248376607894897
57300.0,0.0,0.0,-4200134.0,7.062798976898193,201.0769500732422,-0.0008590960642322898,69542.2421875,1.2242544889450073
57400.0,0.0,0.0,-4200133.5,8.165084838867188,200.586669921875,-0.0003761629341170192,69568.609375,1.2237907648086548
57500.0,0.0,0.0,-4200133.0,7.488484859466553,201.6573486328125,0.00022736459504812956,69587.296875,1.2234618663787842
57600.0,0.0,0.0,-4200134.0,7.2967915534973145,200.75701904296875,-1.7662066966295242e-05,69598.9609375,1.2232569456100464
57700.0,0.0,0.0,-4200132.5,10.160504341125488,196.52859497070312,-0.0006118883611634374,69603.5078125,1.223177194595337
57800.0,0.0,0.0,-4200134.5,8.53333568572998,200.07980346679688,-0.0005468580638989806,69601.125,1.2232190370559692
57900.0,0.0,0.0,-4200133.0,7.948049545288086,198.39451599121094,-0.0009322691475972533,69592.0078125,1.223379135131836
58000.0,0.0,0.0,-4200131.5,9.514263153076172,198.1969757080078,-0.0006658562924712896,69575.421875,1.2236707210540771
58100.0,0.0,0.0,-4200135.0,7.751795291900635,203.05152893066406,-0.0008293319260701537,69551.71875,1.2240877151489258
58200.0,0.0,0.0,-4200131.0,9.68383502960205,199.3029327392578,0.000503881718032062,69521.2421875,1.2246246337890625
58300.0,0.0,0.0,-4200132.0,7.654865264892578,201.4737548828125,1.8663005903363228e-05,69486.2890625,1.225240707397461
58400.0,0.0,0.0,-4200129.5,9.071305274963379,202.50953674316406,-0.00013332220260053873,69447.75,1.2259202003479004
58500.0,0.0,0.0,-4200127.5,7.386841773986816,203.36036682128906,-0.0011333482107147574,69406.296875,1.2266525030136108
58600.0,0.0,0.0,-4200128.0,8.113887786865234,203.13677978515625,-0.0010658024111762643,69361.3203125,1.2274479866027832
58700.0,0.0,0.0,-4200129.0,9.070524215698242,201.59033203125,0.0012402830179780722,69312.1953125,1.2283179759979248
58800.0,0.0,0.0,-4200133.5,7.7531232833862305,204.6722869873047,0.0006619946798309684,69261.84375,1.2292108535766602
58900.0,0.0,0.0,-4200128.0,8.017745018005371,197.44020080566406,-5.48437237739563e-05,69210.890625,1.2301157712936401
59000.0,0.0,0.0,-4200129.5,7.777498722076416,200.2499237060547,-0.0014541189884766936,69158.25,1.231052041053772
59100.0,0.0,0.0,-4200132.5,8.487329483032227,202.09207153320312,-0.0005685708019882441,69103.3203125,1.2320306301116943
59200.0,0.0,0.0,-4200131.5,8.28455924987793,201.57032775878906,-0.0001449451083317399,69048.4140625,1.2330102920532227
59300.0,0.0,0.0,-4200130.0,7.630389213562012,199.84877014160156,0.0015322958352044225,68994.609375,1.2339718341827393
59400.0,0.0,0.0,-4200132.5,10.147089004516602,201.2946319580078,-0.00013826938811689615,68943.8046875,1.2348811626434326
59500.0,0.0,0.0,-4200131.0,7.650117874145508,198.82818603515625,0.0006124568171799183,68893.953125,1.2357748746871948
59600.0,0.0,0.0,-4200136.5,10.057537078857422,202.7588348388672,-0.001046924851834774,68846.25,1.236631155014038
59700.0,0.0,0.0,-4200133.5,9.507847785949707,201.39964294433594,0.0007660385454073548,68800.6640625,1.237450361251831
59800.0,0.0,0.0,-4200135.5,8.112516403198242,202.67257690429688,0.0005562449805438519,68760.140625,1.2381798028945923
59900.0,0.0,0.0,-4200132.0,9.799817085266113,200.5621337890625,0.0003834526287391782,68726.015625,1.2387945652008057
60000.0,0.0,0.0,-4200136.0,7.174576759338379,203.52816772460938,2.7552596293389797e-05,68697.078125,1.2393162250518799
60100.0,0.0,0.0,-4200130.0,8.16961669921875,196.85098266601562,0.0001305650221183896,68673.9921875,1.2397328615188599
60200.0,0.0,0.0,-4200133.0,6.610042572021484,200.55149841308594,-0.00013418251182883978,68657.3984375,1.2400325536727905
60300.0,0.0,0.0,-4200135.0,6.893117904663086,200.53187561035156,-0.0010897034080699086,68647.1640625,1.2402173280715942
60400.0,0.0,0.0,-4200136.0,7.446822643280029,201.18533325195312,0.0010889798868447542,68642.921875,1.2402938604354858
60500.0,0.0,0.0,-4200132.5,7.741020679473877,197.9069366455078,0.0006445908220484853,68644.625,1.2402632236480713
60600.0,0.0,0.0,-4200134.5,8.081647872924805,200.50582885742188,0.001995799131691456,68652.1796875,1.2401267290115356
60700.0,0.0,0.0,-4200131.0,7.1843109130859375,197.06524658203125,-0.0001720715081319213,68667.90625,1.2398427724838257
60800.0,0.0,0.0,-4200133.5,9.118579864501953,201.86207580566406,-0.001159318839199841,68689.3515625,1.2394556999206543
60900.0,0.0,0.0,-4200133.0,8.304428100585938,202.16233825683594,-0.00040775479283183813,68715.5390625,1.2389832735061646
61000.0,0.0,0.0,-4200132.5,8.126240730285645,200.64614868164062,0.0016426789807155728,68745.2734375,1.2384474277496338
61100.0,0.0,0.0,-4200130.5,10.07720947265625,198.82362365722656,0.001877948292531073,68779.3203125,1.2378343343734741
61200.0,0.0,0.0,-4200134.5,10.186277389526367,201.550048828125,-8.702289778739214e-05,68818.6640625,1.2371268272399902
61300.0,0.0,0.0,-4200133.5,7.497580528259277,198.26292419433594,-0.0019173645414412022,68862.1640625,1.2363452911376953
61400.0,0.0,0.0,-4200131.0,8.85422420501709,196.2206573486328,-0.0012375465594232082,68906.65625,1.2355469465255737
61500.0,0.0,0.0,-4200130.5,8.34611701965332,196.78732299804688,0.001703372341580689,68952.75,1.2347209453582764
61600.0,0.0,0.0,-4200128.5,8.08000373840332,196.4258575439453,0.0009212051518261433,69001.6484375,1.2338460683822632
61700.0,0.0,0.0,-4200131.5,8.005006790161133,200.61526489257812,0.000473210122436285,69053.1484375,1.2329257726669312
61800.0,0.0,0.0,-4200132.5,7.898727893829346,201.54464721679688,-0.0008664713241159916,69105.6171875,1.2319896221160889
61900.0,0.0,0.0,-4200133.5,7.545269966125488,200.7653045654297,-0.0002714564325287938,69155.96875,1.2310928106307983
62000.0,0.0,0.0,-4200133.0,6.818278789520264,198.39849853515625,0.0002606445923447609,69205.1171875,1.230218529701233
62100.0,0.0,0.0,-4200134.0,7.19224739074707,197.91969299316406,-1.3140961527824402e-06,69253.6328125,1.2293565273284912
62200.0,0.0,0.0,-4200134.0,8.656278610229492,200.378173828125,-0.0009040044387802482,69299.7109375,1.228539228439331
62300.0,0.0,0.0,-4200134.0,7.802539825439453,200.4246826171875,-0.00020787620451301336,69341.6328125,1.2277964353561401
62400.0,0.0,0.0,-4200134.0,7.815319538116455,200.7042694091797,-0.0001259204000234604,69379.25,1.2271308898925781
62500.0,0.0,0.0,-4200135.0,7.699779033660889,204.0019073486328,-0.0005228323861956596,69412.3359375,1.2265459299087524
62600.0,0.0,0.0,-4200129.0,8.35602855682373,199.6233367919922,-5.5140117183327675e-05,69440.59375,1.2260466814041138
62700.0,0.0,0.0,-4200132.0,9.51048755645752,202.0465087890625,-0.0012518437579274178,69463.109375,1.2256492376327515
62800.0,0.0,0.0,-4200128.0,8.755064010620117,199.04534912109375,0.0008755048038437963,69477.5703125,1.2253941297531128
62900.0,0.0,0.0,-4200129.0,7.353066921234131,198.12030029296875,-0.000796756474301219,69487.609375,1.2252172231674194
63000.0,0.0,0.0,-4200135.0,8.288758277893066,202.37677001953125,0.00017947808373719454,69491.234375,1.2251532077789307
63100.0,0.0,0.0,-4200130.0,9.566740036010742,195.56402587890625,-0.0014658331638202071,69489.1796875,1.225189447402954
63200.0,0.0,0.0,-4200135.0,8.595736503601074,200.2836456298828,-0.0007899021729826927,69479.921875,1.2253526449203491
63300.0,0.0,0.0,-4200136.5,8.791977882385254,203.27626037597656,0.0005282034398987889,69462.953125,1.2256520986557007
63400.0,0.0,0.0,-4200129.0,9.465726852416992,197.72763061523438,-0.00012448581401258707,69440.6328125,1.2260459661483765
63500.0,0.0,0.0,-4200132.0,10.564685821533203,201.89602661132812,0.0008232780965045094,69412.125,1.226549506187439
63600.0,0.0,0.0,-4200127.5,10.51092529296875,196.55169677734375,-0.002962438389658928,69379.484375,1.2271267175674438
63700.0,0.0,0.0,-4200131.5,9.731939315795898,198.64700317382812,0.0007149088196456432,69340.796875,1.227811336517334
63800.0,0.0,0.0,-4200130.5,8.221693992614746,196.8147430419922,6.548268720507622e-05,69299.0390625,1.2285511493682861
63900.0,0.0,0.0,-4200135.0,7.454463481903076,200.6531219482422,0.0007503883680328727,69254.171875,1.2293469905853271
64000.0,0.0,0.0,-4200131.0,8.438770294189453,200.38453674316406,-0.0015102277975529432,69208.0,1.230167269706726
64100.0,0.0,0.0,-4200135.0,6.921641826629639,204.14918518066406,-0.0021432549692690372,69159.6953125,1.2310264110565186
64200.0,0.0,0.0,-4200133.5,7.590681076049805,202.4594268798828,0.0013230224139988422,69110.3515625,1.231905221939087
64300.0,0.0,0.0,-4200131.0,7.7864885330200195,200.62091064453125,0.0005367228295654058,69061.734375,1.2327724695205688
64400.0,0.0,0.0,-4200133.5,7.822872638702393,202.55751037597656,0.0019928468391299248,69014.5703125,1.2336149215698242
64500.0,0.0,0.0,-4200133.0,8.949973106384277,200.38304138183594,-0.002068811561912298,68969.6796875,1.2344180345535278
64600.0,0.0,0.0,-4200133.0,8.454727172851562,203.82540893554688,-0.00010802655015140772,68926.171875,1.2351971864700317
64700.0,0.0,0.0,-4200129.0,9.121573448181152,200.07286071777344,-4.223280120640993e-05,68885.78125,1.2359213829040527
64800.0,0.0,0.0,-4200130.5,10.816309928894043,201.74623107910156,0.0025217123329639435,68849.265625,1.2365769147872925
64900.0,0.0,0.0,-4200130.5,9.102680206298828,200.5273895263672,0.0009054885013028979,68817.4453125,1.237148642539978
65000.0,0.0,0.0,-4200132.0,9.950737953186035,200.8733367919922,-0.0008795347530394793,68789.65625,1.237648367881775
65100.0,0.0,0.0,-4200136.0,7.3610358238220215,202.98526000976562,-0.0005357918562367558,68765.3671875,1.2380856275558472
65200.0,0.0,0.0,-4200132.0,8.27392292022705,197.33189392089844,-0.0010965332621708512,68746.2109375,1.2384305000305176
65300.0,0.0,0.0,-4200137.0,8.461228370666504,202.00086975097656,0.001387561671435833,68730.8125,1.2387080192565918
65400.0,0.0,0.0,-4200131.5,7.5823073387146,195.92860412597656,0.001350277685560286,68721.3515625,1.238878607749939
65500.0,0.0,0.0,-4200138.0,7.624509334564209,203.4585418701172,0.0012510432861745358,68718.1796875,1.2389357089996338
65600.0,0.0,0.0,-4200132.5,8.7940092086792,198.73643493652344,-0.00034929742105305195,68720.546875,1.2388930320739746
65700.0,0.0,0.0,-4200131.5,9.062487602233887,200.48500061035156,-0.0006399417761713266,68727.765625,1.2387628555297852
65800.0,0.0,0.0,-4200131.5,8.527596473693848,202.4254608154297,0.00030564330518245697,68739.90625,1.2385441064834595
65900.0,0.0,0.0,-4200130.0,8.530878067016602,203.32077026367188,0.0007786658825352788,68757.0546875,1.2382352352142334
66000.0,0.0,0.0,-4200131.5,7.487451076507568,203.8866729736328,0.0010524896206334233,68779.3203125,1.2378343343734741
66100.0,0.0,0.0,-4200132.0,8.713044166564941,203.3113555908203,-1.7102225683629513e-05,68805.9296875,1.2373558282852173
66200.0,0.0,0.0,-4200131.0,7.577772617340088,201.34481811523438,0.0004168781451880932,68836.6171875,1.2368040084838867
66300.0,0.0,0.0,-4200130.5,8.218193054199219,200.77877807617188,-1.41877681016922e-05,68870.9296875,1.2361878156661987
66400.0,0.0,0.0,-4200133.0,7.779057502746582,202.46673583984375,0.00030321674421429634,68909.390625,1.2354978322982788
66500.0,0.0,0.0,-4200129.5,8.186653137207031,199.4237518310547,-0.00042094860691577196,68950.2734375,1.2347652912139893
66600.0,0.0,0.0,-4200129.5,7.699880599975586,198.41981506347656,0.00024813879281282425,68991.9609375,1.23401939868927
66700.0,0.0,0.0,-4200133.5,9.184025764465332,201.16925048828125,9.342597331851721e-05,69034.546875,1.2332582473754883
66800.0,0.0,0.0,-4200130.0,7.969573020935059,196.82723999023438,-0.00012302747927606106,69077.5703125,1.232489824295044
66900.0,0.0,0.0,-4200135.0,7.359844207763672,201.57943725585938,6.871100049465895e-05,69119.7734375,1.231737494468689
67000.0,0.0,0.0,-4200134.0,7.790339946746826,200.73995971679688,-0.000368734123185277,69159.78125,1.2310248613357544
67100.0,0.0,0.0,-4200137.5,7.6369500160217285,203.29562377929688,0.0014949276810511947,69196.46875,1.2303721904754639
67200.0,0.0,0.0,-4200132.0,7.703791618347168,200.22055053710938,0.0002691560657694936,69230.75,1.229763150215149
67300.0,0.0,0.0,-4200134.0,7.1166253089904785,201.67820739746094,-0.000504627707414329,69262.7109375,1.229195475578308
67400.0,0.0,0.0,-4200134.0,7.928225994110107,200.39132690429688,-0.0032439350616186857,69291.6171875,1.2286826372146606
67500.0,0.0,0.0,-4200135.5,8.620246887207031,199.79869079589844,-0.0003028352512046695,69314.34375,1.2282798290252686
67600.0,0.0,0.0,-4200135.5,8.11100959777832,199.82742309570312,0.0011240718886256218,69331.578125,1.227974534034729
67700.0,0.0,0.0,-4200135.0,9.434450149536133,199.11976623535156,0.0016194292111322284,69345.1640625,1.2277337312698364
67800.0,0.0,0.0,-4200133.5,7.3627610206604,199.8095703125,-0.0007676149252802134,69355.5625,1.2275500297546387
67900.0,0.0,0.0,-4200130.0,7.150707244873047,197.86402893066406,-0.002732811262831092,69361.0390625,1.2274529933929443
68000.0,0.0,0.0,-4200133.0,7.4354567527771,202.50238037109375,-0.0008646254427731037,69360.3359375,1.2274653911590576
68100.0,0.0,0.0,-4200130.5,9.16952896118164,200.91648864746094,0.000784577801823616,69355.9921875,1.2275421619415283
68200.0,0.0,0.0,-4200133.0,8.994675636291504,204.4803009033203,0.002485808450728655,69348.6015625,1.2276731729507446
68300.0,0.0,0.0,-4200131.0,8.072972297668457,201.8380584716797,-0.0006996473530307412,69339.1171875,1.2278409004211426
68400.0,0.0,0.0,-4200132.5,7.5931572914123535,199.61549377441406,-0.001442891312763095,69326.3828125,1.2280664443969727
68500.0,0.0,0.0,-4200134.0,9.701964378356934,199.4248809814453,-0.0015754819614812732,69309.9921875,1.2283570766448975
68600.0,0.0,0.0,-4200136.0,7.433655261993408,201.48019409179688,0.0006721586687490344,69290.5,1.228702425956726
68700.0,0.0,0.0,-4200134.0,8.257552146911621,200.76510620117188,0.0015293426113203168,69269.25,1.2290796041488647
68800.0,0.0,0.0,-4200130.5,7.878042221069336,196.9857177734375,0.00020992860663682222,69246.7578125,1.2294789552688599
68900.0,0.0,0.0,-4200135.0,7.84282112121582,202.33848571777344,-0.00021110835950821638,69222.1953125,1.2299151420593262
69000.0,0.0,0.0,-4200133.0,8.871307373046875,202.46519470214844,-0.0012292617466300726,69195.625,1.2303870916366577
69100.0,0.0,0.0,-4200133.0,7.751153469085693,201.61740112304688,-0.00018664938397705555,69167.5,1.230887532234192
69200.0,0.0,0.0,-4200133.5,8.624460220336914,200.42019653320312,-0.0005118559347465634,69138.5078125,1.2314035892486572
69300.0,0.0,0.0,-4200132.5,7.750319004058838,197.41835021972656,0.0005053894128650427,69107.4140625,1.2319576740264893
69400.0,0.0,0.0,-4200133.0,8.315339088439941,199.50624084472656,0.0008862988324835896,69076.21875,1.2325140237808228
69500.0,0.0,0.0,-4200134.5,7.249756336212158,200.66757202148438,0.00039578310679644346,69045.4765625,1.2330628633499146
69600.0,0.0,0.0,-4200134.0,7.833237171173096,200.45692443847656,-0.001456541009247303,69015.9609375,1.2335901260375977
69700.0,0.0,0.0,-4200129.0,6.791754722595215,195.84280395507812,-0.0009260497754439712,68986.921875,1.2341094017028809
69800.0,0.0,0.0,-4200133.0,7.694027900695801,199.8760223388672,-0.00022406794596463442,68957.8359375,1.2346299886703491
69900.0,0.0,0.0,-4200129.5,8.140591621398926,195.55691528320312,0.0008729317924007773,68930.484375,1.2351198196411133
70000.0,0.0,0.0,-4200132.5,7.633009910583496,198.59632873535156,0.0014037960208952427,68905.734375,1.2355635166168213
70100.0,0.0,0.0,-4200136.0,7.153189182281494,201.15516662597656,-0.00025080679915845394,68884.6328125,1.2359418869018555
70200.0,0.0,0.0,-4200138.0,7.235386371612549,202.1498260498047,-0.0003200606442987919,68865.46875,1.2362860441207886
70300.0,0.0,0.0,-4200135.0,8.053024291992188,200.42929077148438,-0.0007729952922090888,68848.6171875,1.2365885972976685
70400.0,0.0,0.0,-4200135.5,10.115806579589844,200.63429260253906,0.0004721657605841756,68835.125,1.2368309497833252
70500.0,0.0,0.0,-4200134.5,7.681931972503662,199.21250915527344,0.00045910768676549196,68825.6171875,1.237001895904541
70600.0,0.0,0.0,-4200136.0,7.975296497344971,200.64321899414062,0.0008386754197999835,68820.59375,1.237092137336731
70700.0,0.0,0.0,-4200133.5,8.001194953918457,198.64378356933594,0.0006545266369357705,68819.6328125,1.2371093034744263
70800.0,0.0,0.0,-4200133.0,7.301743984222412,200.42520141601562,-0.0004194079665467143,68822.453125,1.2370586395263672
70900.0,0.0,0.0,-4200130.5,8.245905876159668,201.5832061767578,-0.0002277105813845992,68829.453125,1.2369327545166016
71000.0,0.0,0.0,-4200132.0,8.500605583190918,203.91055297851562,0.0003227075794711709,68839.640625,1.2367498874664307
71100.0,0.0,0.0,-4200130.0,7.1673903465271,201.67950439453125,0.00078244146425277,68852.8984375,1.2365117073059082
71200.0,0.0,0.0,-4200130.5,7.905296325683594,200.46409606933594,-0.00018655182793736458,68870.1875,1.2362011671066284
71300.0,0.0,0.0,-4200130.0,8.993348121643066,198.1807098388672,5.9743644669651985e-05,68890.15625,1.2358428239822388
71400.0,0.0,0.0,-4200134.0,6.332660675048828,201.5466766357422,0.0006543290801346302,68913.0390625,1.235432505607605
71500.0,0.0,0.0,-4200132.0,8.042545318603516,200.60787963867188,0.00046188069973140955,68938.546875,1.2349753379821777
71600.0,0.0,0.0,-4200132.0,9.353543281555176,199.93109130859375,0.0005862253019586205,68965.75,1.2344883680343628
71700.0,0.0,0.0,-4200133.5,7.235222816467285,201.525146484375,-0.000495688640512526,68994.828125,1.233967900276184
71800.0,0.0,0.0,-4200133.5,9.226664543151855,202.49607849121094,-0.0003379948902875185,69024.6640625,1.2334345579147339
71900.0,0.0,0.0,-4200130.5,8.061538696289062,198.29542541503906,8.089328184723854e-05,69055.2421875,1.2328884601593018
72000.0,0.0,0.0,-4200135.5,8.1293363571167,202.02752685546875,-0.00014996575191617012,69085.3203125,1.2323517799377441
72100.0,0.0,0.0,-4200133.0,8.473933219909668,197.69119262695312,0.0009850250789895654,69114.6328125,1.2318289279937744
72200.0,0.0,0.0,-4200133.0,8.426149368286133,200.00904846191406,-0.0008792696753516793,69144.703125,1.2312932014465332
72300.0,0.0,0.0,-4200132.0,6.756755828857422,199.04953002929688,-0.000935228425078094,69174.1171875,1.2307696342468262
72400.0,0.0,0.0,-4200130.5,10.336776733398438,197.93905639648438,-0.0002891692565754056,69201.171875,1.2302886247634888
72500.0,0.0,0.0,-4200135.0,7.242468357086182,202.47926330566406,0.00046564661897718906,69226.03125,1.229846715927124
72600.0,0.0,0.0,-4200130.0,8.752333641052246,198.51258850097656,0.0007796369027346373,69248.765625,1.2294429540634155
72700.0,0.0,0.0,-4200133.5,7.3551435470581055,202.0083770751953,-0.0006015027174726129,69268.84375,1.2290866374969482
72800.0,0.0,0.0,-4200132.5,7.409923553466797,199.85182189941406,-0.00019087479449808598,69285.1171875,1.2287980318069458
72900.0,0.0,0.0,-4200136.5,7.596304416656494,202.89759826660156,-0.0011440747184678912,69297.8359375,1.2285724878311157
73000.0,0.0,0.0,-4200131.5,6.647178649902344,196.25839233398438,0.0004979197401553392,69306.9609375,1.2284108400344849
73100.0,0.0,0.0,-4200135.5,7.02334451675415,200.4700469970703,0.0001374073326587677,69313.6015625,1.2282929420471191
73200.0,0.0,0.0,-4200135.5,8.283699035644531,198.59555053710938,0.00010886439122259617,69317.078125,1.2282313108444214
73300.0,0.0,0.0,-4200138.5,7.017025470733643,200.54127502441406,-0.0006654530297964811,69317.359375,1.2282264232635498
73400.0,0.0,0.0,-4200137.5,6.858646392822266,199.57351684570312,-0.0012837375979870558,69313.40625,1.2282965183258057
73500.0,0.0,0.0,-4200134.5,7.04280948638916,197.72703552246094,0.0003022757591679692,69305.234375,1.2284412384033203
73600.0,0.0,0.0,-4200135.5,9.16502571105957,200.81607055664062,0.0003653123276308179,69293.875,1.2286425828933716
73700.0,0.0,0.0,-4200131.0,6.354533672332764,197.79669189453125,0.0007296125404536724,69278.6484375,1.2289128303527832
73800.0,0.0,0.0,-4200134.5,7.24207878112793,203.0963134765625,-0.000884754117578268,69259.8828125,1.2292455434799194
73900.0,0.0,0.0,-4200131.0,7.194645404815674,200.70140075683594,-0.0009617467876523733,69238.8046875,1.2296198606491089
74000.0,0.0,0.0,-4200131.0,7.029933452606201,200.58006286621094,-0.00044565333519130945,69215.265625,1.230038046836853
74100.0,0.0,0.0,-4200131.5,7.69778299331665,201.17572021484375,0.000208495301194489,69189.9296875,1.2304885387420654
74200.0,0.0,0.0,-4200134.5,6.551749229431152,203.52090454101562,0.0005530461203306913,69163.2421875,1.2309632301330566
74300.0,0.0,0.0,-4200133.0,8.260881423950195,202.14466857910156,0.0009382627904415131,69134.75,1.2314704656600952
74400.0,0.0,0.0,-4200135.0,7.988420486450195,203.64447021484375,1.6108504496514797e-05,69105.546875,1.231990933418274
74500.0,0.0,0.0,-4200132.5,6.78016996383667,200.70611572265625,-0.0016278192633762956,69076.765625,1.2325043678283691
74600.0,0.0,0.0,-4200131.0,8.507295608520508,198.0094451904297,-0.000862628105096519,69046.4453125,1.2330454587936401
74700.0,0.0,0.0,-4200133.0,8.483928680419922,200.6701202392578,0.0009054059628397226,69015.59375,1.2335965633392334
74800.0,0.0,0.0,-4200128.5,8.943986892700195,195.56396484375,0.0020038133952766657,68985.0703125,1.234142541885376
74900.0,0.0,0.0,-4200132.0,6.531960964202881,199.68313598632812,-0.000908540328964591,68957.140625,1.2346423864364624
75000.0,0.0,0.0,-4200133.0,8.99960708618164,200.32086181640625,-0.00048053287900984287,68930.4140625,1.2351210117340088
75100.0,0.0,0.0,-4200133.5,8.313526153564453,198.88778686523438,-0.001269883243367076,68904.1875,1.2355912923812866
75200.0,0.0,0.0,-4200136.0,6.617082118988037,199.10986328125,0.0013497633626684546,68879.328125,1.236037254333496
75300.0,0.0,0.0,-4200139.0,7.102960109710693,200.5030975341797,0.0011928160674870014,68857.5625,1.2364277839660645
75400.0,0.0,0.0,-4200137.5,7.3995513916015625,200.17982482910156,7.63928983360529e-06,68839.265625,1.236756443977356
75500.0,0.0,0.0,-4200137.5,7.9929704666137695,200.4827880859375,-0.0004032532451674342,68823.4375,1.2370408773422241
75600.0,0.0,0.0,-4200132.0,7.4397382736206055,196.8946075439453,-0.0006098682060837746,68810.6171875,1.2372713088989258
75700.0,0.0,0.0,-4200134.0,7.260171890258789,202.29310607910156,0.0011666424106806517,68801.6015625,1.2374335527420044
75800.0,0.0,0.0,-4200130.5,6.1849045753479,200.8501434326172,-0.0006831907667219639,68798.453125,1.2374902963638306
75900.0,0.0,0.0,-4200133.5,8.734674453735352,204.79270935058594,0.0007882073987275362,68800.109375,1.2374603748321533
76000.0,0.0,0.0,-4200128.0,7.810610771179199,198.44113159179688,0.0002958776894956827,68805.8828125,1.2373565435409546
76100.0,0.0,0.0,-4200129.5,7.291073799133301,199.18270874023438,0.0007172913756221533,68815.3515625,1.2371861934661865
76200.0,0.0,0.0,-4200131.5,8.334547996520996,199.146240234375,-0.000337964971549809,68830.03125,1.2369223833084106
76300.0,0.0,0.0,-4200133.5,7.157559394836426,200.55657958984375,-0.0006304115522652864,68849.2578125,1.2365769147872925
76400.0,0.0,0.0,-4200134.0,6.389136791229248,200.51058959960938,0.0010004241485148668,68871.4453125,1.2361785173416138
76500.0,0.0,0.0,-4200132.0,7.797852039337158,197.12826538085938,0.00040486990474164486,68896.703125,1.2357256412506104
76600.0,0.0,0.0,-4200133.5,7.775242328643799,199.48561096191406,0.0009005142492242157,68924.734375,1.2352229356765747
76700.0,0.0,0.0,-4200129.0,7.466749668121338,195.8057403564453,-0.0021651023998856544,68957.375,1.2346382141113281
76800.0,0.0,0.0,-4200134.0,10.319097518920898,201.13992309570312,-0.0006620687199756503,68991.234375,1.2340322732925415
76900.0,0.0,0.0,-4200130.5,8.171540260314941,196.9223175048828,0.00063345767557621,69025.3359375,1.2334226369857788
77000.0,0.0,0.0,-4200136.0,6.77970552444458,202.5750274658203,0.0019104494713246822,69061.0625,1.2327845096588135
77100.0,0.0,0.0,-4200134.5,8.507436752319336,198.80442810058594,0.0007882190402597189,69098.9921875,1.2321077585220337
77200.0,0.0,0.0,-4200133.5,7.9467620849609375,197.07553100585938,-0.0028097585309296846,69137.5546875,1.2314203977584839
77300.0,0.0,0.0,-4200136.5,7.090901851654053,200.50790405273438,-0.0008833727333694696,69173.1875,1.2307862043380737
77400.0,0.0,0.0,-4200132.5,8.26869010925293,197.55859375,-9.325949940830469e-05,69207.2890625,1.2301799058914185
77500.0,0.0,0.0,-4200135.0,8.286835670471191,201.3766326904297,0.0025304658338427544,69239.625,1.2296054363250732
77600.0,0.0,0.0,-4200130.0,8.950668334960938,198.92642211914062,-0.0005513820797204971,69271.5078125,1.2290393114089966
77700.0,0.0,0.0,-4200132.5,8.555760383605957,203.875244140625,-0.0013261225540190935,69299.9765625,1.2285343408584595
77800.0,0.0,0.0,-4200131.5,7.808286666870117,203.58160400390625,-0.0004230821505188942,69324.4765625,1.228100299835205
77900.0,0.0,0.0,-4200130.5,8.001954078674316,202.90907287597656,9.428337216377258e-05,69346.4140625,1.227711796760559
78000.0,0.0,0.0,-4200132.5,5.998719215393066,203.8232879638672,0.0009097554138861597,69365.96875,1.2273656129837036
78100.0,0.0,0.0,-4200131.5,12.706559181213379,200.54356384277344,-0.0007267809705808759,69381.875,1.2270843982696533
78200.0,0.0,0.0,-4200132.5,6.615874290466309,200.86782836914062,-0.0004640540573745966,69391.9296875,1.226906657218933
78300.0,0.0,0.0,-4200131.5,10.693917274475098,200.2986602783203,-0.00029861077200621367,69396.640625,1.226823329925537
78400.0,0.0,0.0,-4200131.0,9.398700714111328,199.82032775878906,-9.391806088387966e-05,69396.8984375,1.226818561553955
78500.0,0.0,0.0,-4200133.0,6.519753456115723,201.91354370117188,0.00030225340742617846,69393.03125,1.2268869876861572
78600.0,0.0,0.0,-4200131.0,12.364978790283203,197.7547149658203,-0.0012396315578371286,69384.640625,1.2270352840423584
78700.0,0.0,0.0,-4200133.5,8.227141380310059,199.3176727294922,0.0006812221836298704,69370.75,1.227281093597412
78800.0,0.0,0.0,-4200133.0,8.480432510375977,198.52630615234375,0.00034741300623863935,69353.3828125,1.227588415145874
78900.0,0.0,0.0,-4200136.5,7.691117763519287,204.14320373535156,3.0828057788312435e-05,69332.5546875,1.2279572486877441
79000.0,0.0,0.0,-4200131.5,7.699097156524658,198.2738494873047,-0.0010401835897937417,69307.5,1.2284009456634521
79100.0,0.0,0.0,-4200133.0,8.08759880065918,199.88912963867188,-0.0016444105422124267,69278.4921875,1.2289154529571533
79200.0,0.0,0.0,-4200133.5,8.02743148803711,200.85769653320312,-9.947340004146099e-06,69246.375,1.2294853925704956
79300.0,0.0,0.0,-4200132.0,7.771933555603027,197.50271606445312,0.0007524508982896805,69211.640625,1.2301024198532104
79400.0,0.0,0.0,-4200132.5,8.751250267028809,198.8955535888672,0.002873660996556282,69175.6328125,1.2307426929473877
79500.0,0.0,0.0,-4200139.0,7.404177665710449,204.93734741210938,-0.0006580292247235775,69140.375,1.2313703298568726
79600.0,0.0,0.0,-4200134.5,7.126863956451416,200.00820922851562,-0.0020327246747910976,69104.09375,1.2320168018341064
79700.0,0.0,0.0,-4200134.0,6.84965181350708,199.96066284179688,-0.0016470771515741944,69066.9375,1.2326796054840088
79800.0,0.0,0.0,-4200135.0,10.306258201599121,202.33030700683594,0.0006045983172953129,69029.6328125,1.233345866203308
79900.0,0.0,0.0,-4200134.0,7.4089789390563965,201.79652404785156,0.0021898343693464994,68993.4453125,1.2339926958084106
80000.0,0.0,0.0,-4200133.5,8.22623062133789,201.10324096679688,0.0005691898986697197,68959.5625,1.234598994255066
80100.0,0.0,0.0,-4200133.0,6.80922269821167,200.3009033203125,-0.00017942814156413078,68927.0859375,1.2351806163787842
80200.0,0.0,0.0,-4200136.0,7.030062198638916,202.64517211914062,-0.0016155325574800372,68896.3828125,1.2357311248779297
80300.0,0.0,0.0,-4200132.0,7.121028900146484,196.64503479003906,0.0006864271126687527,68868.390625,1.2362335920333862
80400.0,0.0,0.0,-4200132.0,9.90731143951416,196.97410583496094,-0.0001025754027068615,68844.75,1.2366580963134766
80500.0,0.0,0.0,-4200132.0,9.322555541992188,196.23614501953125,0.0008364260429516435,68825.4140625,1.237005352973938
80600.0,0.0,0.0,-4200136.0,8.542625427246094,199.9302978515625,0.00024769885931164026,68810.1953125,1.237278938293457
80700.0,0.0,0.0,-4200136.0,8.212882041931152,200.06103515625,0.0003440690925344825,68797.671875,1.2375041246414185
80800.0,0.0,0.0,-4200133.0,7.645541191101074,198.00706481933594,-0.0006595166632905602,68789.5078125,1.237650990486145
80900.0,0.0,0.0,-4200131.5,7.337825298309326,198.72531127929688,-0.0006569678662344813,68785.9375,1.237715482711792
81000.0,0.0,0.0,-4200133.5,8.791461944580078,203.07962036132812,0.0010302274022251368,68786.7734375,1.23770010471344
81100.0,0.0,0.0,-4200130.0,9.212624549865723,200.48336791992188,0.0014331972924992442,68792.1484375,1.2376036643981934
81200.0,0.0,0.0,-4200131.5,7.041604995727539,201.80613708496094,0.001209768932312727,68802.1796875,1.237423062324524
81300.0,0.0,0.0,-4200128.0,11.907898902893066,196.8853302001953,-0.0007864657090976834,68817.765625,1.2371426820755005
81400.0,0.0,0.0,-4200133.0,7.022477626800537,201.7789764404297,-0.001213278155773878,68837.5703125,1.236786961555481
81500.0,0.0,0.0,-4200132.5,6.594799041748047,199.73590087890625,-0.0008482161210849881,68860.0703125,1.2363828420639038
81600.0,0.0,0.0,-4200132.0,6.753103733062744,198.8525390625,0.0013645896688103676,68884.765625,1.2359395027160645
81700.0,0.0,0.0,-4200132.5,7.979745864868164,200.0426788330078,0.0009520985768176615,68912.7265625,1.2354381084442139
81800.0,0.0,0.0,-4200129.5,9.709691047668457,198.11309814453125,0.0005870325258001685,68943.703125,1.2348829507827759
81900.0,0.0,0.0,-4200129.5,10.58535099029541,197.6926727294922,-0.0012487589847296476,68977.3515625,1.2342805862426758
82000.0,0.0,0.0,-4200133.5,6.688708782196045,201.3979949951172,-0.000518135610036552,69011.4296875,1.2336710691452026
82100.0,0.0,0.0,-4200133.0,7.34047269821167,202.01617431640625,0.0003381323767825961,69046.34375,1.2330472469329834
82200.0,0.0,0.0,-4200134.0,7.406895160675049,201.4686737060547,0.0001292800297960639,69081.625,1.2324175834655762
82300.0,0.0,0.0,-4200135.0,8.921249389648438,201.34239196777344,0.0003617856418713927,69116.296875,1.2317993640899658
82400.0,0.0,0.0,-4200131.5,7.2579216957092285,197.69052124023438,-0.0014057636726647615,69150.1796875,1.2311956882476807
82500.0,0.0,0.0,-4200133.5,8.768415451049805,199.91616821289062,7.517158519476652e-05,69181.890625,1.2306313514709473
82600.0,0.0,0.0,-4200132.5,7.450774192810059,198.96302795410156,-0.00019203161355108023,69212.234375,1.23009192943573
82700.0,0.0,0.0,-4200134.0,7.710735321044922,200.04591369628906,0.0010873314458876848,69240.296875,1.229593276977539
82800.0,0.0,0.0,-4200133.0,6.54993200302124,201.54238891601562,-0.0009979745373129845,69267.84375,1.2291045188903809
82900.0,0.0,0.0,-4200131.0,7.144197940826416,200.8098907470703,-0.0008805837715044618,69292.1796875,1.2286726236343384
83000.0,0.0,0.0,-4200131.5,8.335371971130371,200.73150634765625,2.130144275724888e-05,69312.1484375,1.228318691253662
83100.0,0.0,0.0,-4200132.5,8.129318237304688,200.64755249023438,0.00017587782349437475,69329.1015625,1.2280184030532837
83200.0,0.0,0.0,-4200131.5,8.618501663208008,198.45782470703125,0.0006032513920217752,69342.578125,1.2277796268463135
83300.0,0.0,0.0,-4200129.0,7.703088760375977,196.50665283203125,-0.0012566549703478813,69352.1484375,1.2276103496551514
83400.0,0.0,0.0,-4200131.0,7.576206207275391,199.1068878173828,0.0001370019745081663,69355.8359375,1.2275450229644775
83500.0,0.0,0.0,-4200134.0,8.179840087890625,202.8389129638672,-0.00042893842328339815,69354.734375,1.2275644540786743
83600.0,0.0,0.0,-4200132.0,7.840686798095703,201.52655029296875,0.00040280725806951523,69348.875,1.227668285369873
83700.0,0.0,0.0,-4200132.0,7.754459857940674,202.49270629882812,-0.00023707794025540352,69338.9609375,1.2278436422348022
83800.0,0.0,0.0,-4200128.0,7.365606307983398,198.50271606445312,-0.0006896182894706726,69325.3515625,1.2280848026275635
83900.0,0.0,0.0,-4200134.0,6.693073749542236,204.13389587402344,8.413486648350954e-05,69308.6328125,1.2283810377120972
84000.0,0.0,0.0,-4200134.5,8.17355728149414,202.4274444580078,-0.0002447721781209111,69288.1875,1.228743553161621
84100.0,0.0,0.0,-4200130.0,7.949476718902588,196.24905395507812,0.0006276790518313646,69265.3671875,1.2291481494903564
84200.0,0.0,0.0,-4200133.5,8.5545015335083,199.71444702148438,-0.0004794156411662698,69240.4453125,1.2295907735824585
84300.0,0.0,0.0,-4200130.0,7.552772045135498,196.70179748535156,-0.0006658661877736449,69212.8984375,1.230080008506775
84400.0,0.0,0.0,-4200137.0,8.262031555175781,204.3421630859375,-0.0002268396783620119,69183.2890625,1.2306065559387207
84500.0,0.0,0.0,-4200131.0,8.41011905670166,199.486572265625,-1.04482751339674e-06,69152.1953125,1.2311598062515259
84600.0,0.0,0.0,-4200133.0,8.363008499145508,199.41751098632812,0.00047968514263629913,69120.671875,1.23172128200531
84700.0,0.0,0.0,-4200135.0,7.610176086425781,198.96090698242188,7.202941924333572e-05,69089.7109375,1.2322734594345093
84800.0,0.0,0.0,-4200133.5,7.2562456130981445,196.36932373046875,0.0003648780984804034,69058.5234375,1.2328300476074219
84900.0,0.0,0.0,-4200134.5,7.551687717437744,197.9114227294922,-0.0009996963199228048,69028.46875,1.2333667278289795
85000.0,0.0,0.0,-4200132.5,8.664392471313477,196.47853088378906,-7.414910942316055e-05,68999.5,1.233884334564209
85100.0,0.0,0.0,-4200133.5,7.374080657958984,199.246337890625,-8.620903827250004e-05,68973.4453125,1.2343504428863525
85200.0,0.0,0.0,-4200130.5,8.122804641723633,198.8712615966797,-0.0008563210722059011,68950.15625,1.2347675561904907
85300.0,0.0,0.0,-4200130.5,7.597169876098633,198.78273010253906,0.0007530967704951763,68928.0859375,1.2351627349853516
85400.0,0.0,0.0,-4200132.0,7.81564998626709,201.61941528320312,0.0007215460063889623,68909.2734375,1.2354999780654907
85500.0,0.0,0.0,-4200131.5,7.047674179077148,201.6779327392578,0.002042236737906933,68893.6171875,1.2357808351516724
85600.0,0.0,0.0,-4200132.0,8.034106254577637,199.16140747070312,-0.0004261991707608104,68883.1328125,1.2359689474105835
85700.0,0.0,0.0,-4200133.5,7.967349052429199,197.54302978515625,-0.001237595221027732,68875.75,1.2361013889312744
85800.0,0.0,0.0,-4200132.0,7.050333023071289,195.12388610839844,-0.0004564195405691862,68870.15625,1.2362017631530762
85900.0,0.0,0.0,-4200135.0,7.300394535064697,198.53509521484375,0.0004799870075657964,68867.78125,1.2362443208694458
86000.0,0.0,0.0,-4200132.0,8.382522583007812,196.34718322753906,0.0024133091792464256,68868.78125,1.2362265586853027
86100.0,0.0,0.0,-4200137.0,8.39857006072998,202.69483947753906,-0.0006030467338860035,68874.0078125,1.2361326217651367
86200.0,0.0,0.0,-4200132.5,6.834478855133057,201.8633575439453,-0.0002517146058380604,68881.578125,1.235996961593628
86300.0,0.0,0.0,-4200131.5,6.588079452514648,202.39918518066406,-0.0010258994298055768,68891.6171875,1.2358165979385376
86400.0,0.0,0.0,-4200131.0,11.427520751953125,201.8468017578125,0.0015741667011752725,68903.1015625,1.2356106042861938
86500.0,0.0,0.0,-4200130.5,8.900091171264648,200.2072296142578,0.0009494144469499588,68917.796875,1.2353471517562866
86600.0,0.0,0.0,-4200130.5,8.319231986999512,197.44403076171875,-0.0010962769156321883,68935.140625,1.2350364923477173
86700.0,0.0,0.0,-4200134.0,8.086336135864258,198.9551544189453,8.49852804094553e-05,68954.8125,1.2346839904785156
86800.0,0.0,0.0,-4200132.5,8.344794273376465,196.41586303710938,-0.0008714753203094006,68977.4296875,1.2342792749404907
86900.0,0.0,0.0,-4200134.0,8.025017738342285,200.19418334960938,0.0017876796191558242,69002.0546875,1.233838677406311
87000.0,0.0,0.0,-4200134.5,9.144598007202148,201.93727111816406,-0.0004085053224116564,69029.484375,1.2333484888076782
87100.0,0.0,0.0,-4200132.0,6.843829154968262,199.99839782714844,0.0006299508968368173,69057.5859375,1.2328464984893799
87200.0,0.0,0.0,-4200133.5,7.478383541107178,201.380126953125,-0.0004043268272653222,69087.125,1.2323194742202759
87300.0,0.0,0.0,-4200130.5,8.321341514587402,197.81735229492188,-0.00043394090607762337,69117.5078125,1.2317776679992676
87400.0,0.0,0.0,-4200133.5,7.209981918334961,200.55953979492188,0.0006211218424141407,69148.515625,1.2312254905700684
87500.0,0.0,0.0,-4200133.5,9.41136646270752,198.2600860595703,-0.0002499110996723175,69179.09375,1.230681300163269
87600.0,0.0,0.0,-4200134.5,7.923894882202148,199.18455505371094,0.0005403365939855576,69208.28125,1.2301621437072754
87700.0,0.0,0.0,-4200135.0,7.886491298675537,201.33555603027344,-0.0011464111739769578,69236.0546875,1.2296686172485352
87800.0,0.0,0.0,-4200133.0,8.110422134399414,198.7057342529297,0.00014995248056948185,69261.109375,1.2292238473892212
87900.0,0.0,0.0,-4200134.5,9.422082901000977,199.78536987304688,-0.00023236661218106747,69283.4921875,1.2288267612457275
88000.0,0.0,0.0,-4200130.0,7.676276206970215,195.20529174804688,-0.00045421149116009474,69303.421875,1.228473424911499
88100.0,0.0,0.0,-4200135.5,7.48510217666626,202.00344848632812,-8.414546027779579e-05,69320.125,1.2281774282455444
88200.0,0.0,0.0,-4200131.0,7.191224098205566,197.7257537841797,-0.00047425844240933657,69333.65625,1.2279376983642578
88300.0,0.0,0.0,-4200133.5,8.444639205932617,200.13648986816406,0.0009397375979460776,69344.1484375,1.2277519702911377
88400.0,0.0,0.0,-4200134.0,8.830636024475098,198.96774291992188,-0.00042195292189717293,69352.1484375,1.2276102304458618
88500.0,0.0,0.0,-4200133.5,7.295740127563477,197.177001953125,-0.00035894219763576984,69357.03125,1.2275238037109375
88600.0,0.0,0.0,-4200136.0,7.698305606842041,199.82699584960938,-0.0011000026715919375,69357.6328125,1.227513313293457
88700.0,0.0,0.0,-4200132.5,8.153526306152344,196.6511993408203,0.0003089822130277753,69353.78125,1.2275813817977905
88800.0,0.0,0.0,-4200134.0,7.528168678283691,200.7196044921875,0.0005252601113170385,69346.875,1.22770357131958
88900.0,0.0,0.0,-4200133.5,8.42861557006836,201.20504760742188,-0.00034909078385680914,69337.25,1.2278740406036377
89000.0,0.0,0.0,-4200135.5,7.077762126922607,204.70928955078125,-0.0006101669277995825,69325.34375,1.228084921836853
89100.0,0.0,0.0,-4200132.5,7.044445037841797,202.20751953125,-0.0005321957869455218,69309.96875,1.2283573150634766
89200.0,0.0,0.0,-4200131.0,7.499842166900635,200.670166015625,0.00026767863892018795,69290.9296875,1.2286947965621948
89300.0,0.0,0.0,-4200130.5,7.974066734313965,199.6888885498047,9.95175214484334e-05,69270.3671875,1.2290596961975098
89400.0,0.0,0.0,-4200130.5,7.92649507522583,198.31658935546875,-0.0006667801644653082,69247.8046875,1.2294600009918213
89500.0,0.0,0.0,-4200132.5,6.737168312072754,200.464599609375,0.0001295937690883875,69222.96875,1.2299011945724487
89600.0,0.0,0.0,-4200132.0,7.1090312004089355,198.9696807861328,-0.00048172264359891415,69196.4765625,1.2303720712661743
89700.0,0.0,0.0,-4200136.0,7.567398548126221,203.45269775390625,0.0007394475396722555,69168.640625,1.2308671474456787
89800.0,0.0,0.0,-4200135.5,6.400033473968506,203.590087890625,7.618009112775326e-05,69140.59375,1.231366515159607
89900.0,0.0,0.0,-4200134.5,7.283238887786865,202.2537384033203,-0.0002944954903796315,69111.40625,1.2318865060806274
90000.0,0.0,0.0,-4200131.5,9.718445777893066,201.5832977294922,0.000885808898601681,69081.5859375,1.2324182987213135
90100.0,0.0,0.0,-4200132.0,6.6958909034729,201.30686950683594,-0.0003708632430061698,69052.3515625,1.2329399585723877
90200.0,0.0,0.0,-4200129.0,6.931040287017822,197.28866577148438,0.0006090083625167608,69023.9609375,1.2334470748901367
90300.0,0.0,0.0,-4200133.5,8.136907577514648,203.50100708007812,-0.0011341806966811419,68997.421875,1.233921766281128
90400.0,0.0,0.0,-4200133.5,7.819994926452637,201.7882537841797,-0.0008821745868772268,68972.2109375,1.2343727350234985
90500.0,0.0,0.0,-4200134.0,8.80372428894043,201.6633758544922,0.0008487190934829414,68947.5625,1.234813928604126
90600.0,0.0,0.0,-4200131.5,7.538667678833008,200.40530395507812,0.0018307792488485575,68924.75,1.235222578048706
90700.0,0.0,0.0,-4200133.0,6.883304119110107,201.06771850585938,0.0017174959648400545,68904.8984375,1.2355784177780151
90800.0,0.0,0.0,-4200130.5,7.841874122619629,197.82666015625,-0.001551802852191031,68888.59375,1.2358708381652832
90900.0,0.0,0.0,-4200128.5,8.174691200256348,197.28761291503906,-0.001452440395951271,68874.125,1.2361304759979248
91000.0,0.0,0.0,-4200134.5,9.011754035949707,201.58486938476562,-0.001012841472402215,68862.0859375,1.23634672164917
91100.0,0.0,0.0,-4200133.0,8.905306816101074,198.3870391845703,0.0021901321597397327,68853.59375,1.2364991903305054
91200.0,0.0,0.0,-4200136.0,7.769801139831543,200.92587280273438,0.0015441311988979578,68849.90625,1.236565351486206
91300.0,0.0,0.0,-4200134.0,6.6966986656188965,198.6353759765625,0.0007623611018061638,68850.75,1.2365500926971436
91400.0,0.0,0.0,-4200134.0,7.216978073120117,199.5459747314453,-0.0011521888663992286,68855.5703125,1.2364635467529297
91500.0,0.0,0.0,-4200132.0,7.229389190673828,197.7998046875,-0.000685783801600337,68862.890625,1.2363322973251343
91600.0,0.0,0.0,-4200135.0,7.579705238342285,202.21945190429688,-0.00024215434677898884,68874.09375,1.2361313104629517
91700.0,0.0,0.0,-4200132.5,8.097731590270996,199.47552490234375,0.0002965496387332678,68888.8359375,1.235866665840149
91800.0,0.0,0.0,-4200131.5,8.202278137207031,198.3570556640625,0.002156447386369109,68907.25,1.2355363368988037
91900.0,0.0,0.0,-4200133.0,7.365279197692871,199.53121948242188,-0.0005064498400315642,68929.890625,1.2351304292678833
92000.0,0.0,0.0,-4200133.0,6.679535865783691,200.32150268554688,0.0002007029252126813,68954.7734375,1.234684705734253
92100.0,0.0,0.0,-4200135.0,7.291377544403076,202.1485595703125,-0.0008403314277529716,68983.3046875,1.234174132347107
92200.0,0.0,0.0,-4200129.5,8.880866050720215,197.97850036621094,0.0008068131282925606,69014.15625,1.2336225509643555
92300.0,0.0,0.0,-4200134.5,6.982017993927002,204.07452392578125,0.0009848634945228696,69047.5390625,1.2330259084701538
92400.0,0.0,0.0,-4200129.0,8.189811706542969,197.09353637695312,-0.0004925794200971723,69082.3359375,1.2324049472808838
92500.0,0.0,0.0,-4200132.5,8.261312484741211,199.00201416015625,-0.0002647422952577472,69117.0,1.2317867279052734
92600.0,0.0,0.0,-4200132.0,8.564865112304688,196.1958465576172,-0.0010176014620810747,69151.46875,1.2311729192733765
92700.0,0.0,0.0,-4200135.0,7.1423726081848145,198.05322265625,0.00050676881801337,69185.2734375,1.2305712699890137
92800.0,0.0,0.0,-4200135.0,6.745072364807129,200.37307739257812,-0.0009887329069897532,69217.75,1.2299939393997192
92900.0,0.0,0.0,-4200134.5,7.936550617218018,201.284912109375,0.00011908693704754114,69247.390625,1.229467511177063
93000.0,0.0,0.0,-4200132.5,7.273024082183838,200.41256713867188,8.663430344313383e-05,69275.0078125,1.2289773225784302
93100.0,0.0,0.0,-4200133.5,6.794693470001221,202.6961212158203,0.0006569785764440894,69300.203125,1.2285305261611938
93200.0,0.0,0.0,-4200133.0,7.691856384277344,202.53761291503906,-0.000490725738927722,69322.9375,1.228127360343933
93300.0,0.0,0.0,-4200130.0,9.099861145019531,200.03472900390625,-0.0009835863020271063,69341.8984375,1.227791666984558
93400.0,0.0,0.0,-4200131.0,7.547006130218506,200.11891174316406,0.000333155388943851,69356.8203125,1.2275276184082031
93500.0,0.0,0.0,-4200131.5,7.523556709289551,199.78424072265625,-0.0015440097777172923,69368.328125,1.2273238897323608
93600.0,0.0,0.0,-4200129.5,8.711508750915527,195.2159881591797,0.0006527063669636846,69374.59375,1.2272131443023682
93700.0,0.0,0.0,-4200135.0,6.844366550445557,200.77569580078125,-0.00040001526940613985,69377.515625,1.2271614074707031
93800.0,0.0,0.0,-4200134.0,6.149733543395996,199.63388061523438,0.0005187923088669777,69375.765625,1.2271922826766968
93900.0,0.0,0.0,-4200137.0,6.5637922286987305,202.60133361816406,-0.00014117173850536346,69369.453125,1.2273041009902954
94000.0,0.0,0.0,-4200132.0,8.984652519226074,197.72161865234375,-0.0005996074760332704,69359.3984375,1.2274820804595947
94100.0,0.0,0.0,-4200134.0,9.261427879333496,200.95974731445312,-0.0004406251246109605,69345.5546875,1.227726936340332
94200.0,0.0,0.0,-4200128.5,8.488117218017578,198.4228057861328,-0.0008997216355055571,69327.6875,1.2280433177947998
94300.0,0.0,0.0,-4200130.0,7.873143196105957,201.62484741210938,0.0016221404075622559,69305.21875,1.2284414768218994
94400.0,0.0,0.0,-4200128.5,7.269228458404541,203.70098876953125,-0.0006230141734704375,69281.5703125,1.2288609743118286
94500.0,0.0,0.0,-4200127.5,6.981939792633057,205.18484497070312,-0.00017636909615248442,69255.8203125,1.2293176651000977
94600.0,0.0,0.0,-4200130.5,7.890777587890625,207.01412963867188,-0.0013528814306482673,69228.0,1.229811668395996
94700.0,0.0,0.0,-4200128.5,8.624982833862305,202.73629760742188,0.0007749522337689996,69197.4609375,1.2303544282913208
94800.0,0.0,0.0,-4200133.0,9.963993072509766,205.3483123779297,0.0010386047651991248,69165.5703125,1.2309218645095825
94900.0,0.0,0.0,-4200130.0,6.580765247344971,200.69564819335938,-0.00020065309945493937,69134.234375,1.2314797639846802
95000.0,0.0,0.0,-4200131.5,7.0112786293029785,200.18319702148438,-0.00010574294719845057,69102.40625,1.2320469617843628
95100.0,0.0,0.0,-4200130.0,6.847414016723633,196.9734649658203,-0.0012327769072726369,69070.2734375,1.2326202392578125
95200.0,0.0,0.0,-4200132.0,9.589813232421875,199.1840362548828,0.001400793087668717,69037.546875,1.2332043647766113
95300.0,0.0,0.0,-4200133.5,7.357977867126465,199.0963897705078,-0.00015421933494508266,69006.984375,1.2337507009506226
95400.0,0.0,0.0,-4200132.5,8.342775344848633,197.76242065429688,0.00036689371336251497,68977.796875,1.2342725992202759
95500.0,0.0,0.0,-4200136.0,7.807508945465088,201.85562133789062,-0.0009758478263393044,68948.9140625,1.2347897291183472
95600.0,0.0,0.0,-4200133.0,6.776878833770752,200.15402221679688,3.326951991766691e-05,68920.296875,1.2353023290634155
95700.0,0.0,0.0,-4200134.5,7.2169413566589355,201.4239044189453,0.0008770793210715055,68892.6640625,1.2357978820800781
95800.0,0.0,0.0,-4200132.0,7.905903339385986,198.75218200683594,0.0012089378433302045,68868.53125,1.2362309694290161
95900.0,0.0,0.0,-4200134.0,9.037395477294922,199.94822692871094,0.00036367366556078196,68848.046875,1.2365988492965698
96000.0,0.0,0.0,-4200134.5,7.93581485748291,199.0623779296875,-0.000991698820143938,68830.796875,1.2369086742401123
96100.0,0.0,0.0,-4200135.0,7.742780685424805,197.71255493164062,0.0002468978054821491,68816.03125,1.2371740341186523
96200.0,0.0,0.0,-4200135.5,6.797091960906982,198.47987365722656,-0.00018272129818797112,68805.625,1.237361192703247
96300.0,0.0,0.0,-4200134.0,7.539804935455322,197.01219177246094,0.000861501379404217,68799.15625,1.237477421760559
96400.0,0.0,0.0,-4200135.0,7.83388090133667,198.55441284179688,0.0007787809008732438,68797.7734375,1.2375023365020752
96500.0,0.0,0.0,-4200134.5,9.676351547241211,198.49342346191406,0.0001329313963651657,68800.6328125,1.2374509572982788
96600.0,0.0,0.0,-4200134.5,10.18315315246582,200.54257202148438,0.0004141121171414852,68807.609375,1.2373254299163818
96700.0,0.0,0.0,-4200131.5,7.370639801025391,197.8779754638672,-0.0003569965483620763,68819.265625,1.2371159791946411
96800.0,0.0,0.0,-4200135.0,6.88899564743042,201.9308624267578,-0.0002628135262057185,68835.6640625,1.2368214130401611
96900.0,0.0,0.0,-4200132.0,7.274395942687988,199.231201171875,7.977942004799843e-05,68856.8203125,1.2364412546157837
97000.0,0.0,0.0,-4200135.5,6.85286283493042,204.3167266845703,0.0008367092814296484,68881.9140625,1.2359907627105713
97100.0,0.0,0.0,-4200135.0,8.515104293823242,205.03915405273438,0.0008990432252176106,68910.8671875,1.2354713678359985
97200.0,0.0,0.0,-4200130.5,9.988826751708984,202.79779052734375,-0.0004657080862671137,68942.546875,1.2349038124084473
97300.0,0.0,0.0,-4200132.5,8.538898468017578,204.7149200439453,-0.0006089296657592058,68976.28125,1.2342997789382935
97400.0,0.0,0.0,-4200131.5,7.57076358795166,200.84628295898438,-0.00032292259857058525,69012.0078125,1.2336608171463013
97500.0,0.0,0.0,-4200136.0,6.90138053894043,204.67349243164062,0.0014432771131396294,69049.1875,1.2329965829849243
97600.0,0.0,0.0,-4200133.0,9.793023109436035,200.24771118164062,0.00035124376881867647,69088.1171875,1.2323018312454224
97700.0,0.0,0.0,-4200134.5,8.035624504089355,201.8214111328125,-0.0002780680079013109,69127.7578125,1.2315950393676758
97800.0,0.0,0.0,-4200131.5,7.374035835266113,197.5725860595703,-0.0008771873544901609,69166.9921875,1.2308965921401978
97900.0,0.0,0.0,-4200134.0,9.373373031616211,200.40696716308594,-0.0006466334452852607,69205.1796875,1.2302170991897583
98000.0,0.0,0.0,-4200133.0,7.903103828430176,199.1039581298828,0.0005940856644883752,69242.1328125,1.2295607328414917
98100.0,0.0,0.0,-4200133.5,8.830992698669434,198.2331085205078,0.0005361082730814815,69278.109375,1.2289222478866577
98200.0,0.0,0.0,-4200132.5,9.867279052734375,196.15357971191406,0.0006942710606381297,69312.234375,1.228317141532898
98300.0,0.0,0.0,-4200135.0,7.540329933166504,198.896728515625,-0.0012653256999328732,69343.890625,1.227756381034851
98400.0,0.0,0.0,-4200134.0,7.815687656402588,197.92169189453125,-0.0001968553988263011,69372.203125,1.2272553443908691
98500.0,0.0,0.0,-4200136.0,8.313163757324219,200.87391662597656,0.0001181687694042921,69397.640625,1.2268054485321045
98600.0,0.0,0.0,-4200133.5,7.570296764373779,198.42088317871094,0.0005300135817378759,69419.84375,1.2264131307601929
98700.0,0.0,0.0,-4200131.0,7.311588287353516,197.27586364746094,-0.0008868454024195671,69438.7734375,1.226078748703003
98800.0,0.0,0.0,-4200133.0,8.421131134033203,202.8286590576172,-0.0008695082506164908,69452.5390625,1.2258358001708984
98900.0,0.0,0.0,-4200130.0,8.147594451904297,201.4660186767578,0.0005963904550299048,69461.625,1.2256754636764526
99000.0,0.0,0.0,-4200132.0,7.623211860656738,204.07093811035156,-5.9533631429076195e-06,69467.546875,1.2255710363388062
99100.0,0.0,0.0,-4200131.0,7.910651206970215,201.76971435546875,-0.0005262150662019849,69469.2734375,1.2255406379699707
99200.0,0.0,0.0,-4200133.0,7.965188026428223,200.9222412109375,-0.0013042514910921454,69465.859375,1.2256007194519043
99300.0,0.0,0.0,-4200135.0,7.499949932098389,202.9453582763672,0.0009045087499544024,69456.3984375,1.2257676124572754
99400.0,0.0,0.0,-4200130.5,6.832954406738281,197.33367919921875,-0.00015133048873394728,69442.4375,1.2260141372680664
99500.0,0.0,0.0,-4200132.5,8.37874984741211,197.6580047607422,-3.558059688657522e-05,69423.6484375,1.2263458967208862
99600.0,0.0,0.0,-4200133.0,7.389461040496826,198.09222412109375,-0.0004019375192001462,69400.875,1.2267483472824097
99700.0,0.0,0.0,-4200135.0,7.791670322418213,201.9799346923828,-0.0002507219323888421,69372.9140625,1.2272427082061768
99800.0,0.0,0.0,-4200132.0,7.182693004608154,199.1128387451172,-0.00019797333516180515,69339.8359375,1.227828025817871
99900.0,0.0,0.0,-4200132.5,7.726742267608643,200.89291381835938,-0.0001310408115386963,69303.3984375,1.2284740209579468
100000.0,0.0,0.0,-4200130.5,7.130021572113037,201.78146362304688,0.0005239181919023395,69264.4375,1.229164719581604
100100.0,0.0,0.0,-4200131.5,7.645214557647705,204.47320556640625,-8.345372043550014e-05,69223.46875,1.2298922538757324
100200.0,0.0,0.0,-4200131.0,8.752134323120117,203.89259338378906,3.1901407055556774e-05,69179.3203125,1.2306771278381348
100300.0,0.0,0.0,-4200130.5,7.699016094207764,202.96337890625,-0.00039774051401764154,69133.65625,1.231490135192871
100400.0,0.0,0.0,-4200128.5,7.869314193725586,199.11228942871094,-0.00010113907046616077,69087.203125,1.2323180437088013
100500.0,0.0,0.0,-4200132.0,7.423961639404297,204.42710876464844,-0.0010598591761663556,69040.6328125,1.2331494092941284
100600.0,0.0,0.0,-4200129.0,7.33832311630249,199.869384765625,0.0012692216550931334,68992.8984375,1.2340025901794434
100700.0,0.0,0.0,-4200129.5,7.928456783294678,200.34226989746094,-0.00027129356749355793,68946.203125,1.2348383665084839
100800.0,0.0,0.0,-4200130.0,10.694355010986328,202.89022827148438,0.0009450428769923747,68900.5625,1.2356563806533813
100900.0,0.0,0.0,-4200130.0,8.127209663391113,202.8935089111328,-0.0009718675864860415,68857.984375,1.2364202737808228
101000.0,0.0,0.0,-4200135.0,8.08250617980957,211.3049774169922,0.00024598848540335894,68817.8984375,1.2371405363082886
101100.0,0.0,0.0,-4200133.5,8.884918212890625,207.09349060058594,0.0005808282876387239,68780.4921875,1.2378132343292236
101200.0,0.0,0.0,-4200131.5,12.924623489379883,204.1304931640625,0.00040962942875921726,68748.1640625,1.2383954524993896
101300.0,0.0,0.0,-4200134.0,6.607542037963867,203.6178741455078,0.0014416463673114777,68719.9375,1.2389041185379028
101400.0,0.0,0.0,-4200132.0,7.401278018951416,199.35336303710938,-0.0008232159307226539,68696.8984375,1.2393195629119873
101500.0,0.0,0.0,-4200133.0,10.799955368041992,199.95867919921875,-0.0006927809445187449,68678.4296875,1.2396527528762817
101600.0,0.0,0.0,-4200131.5,7.797942638397217,196.59210205078125,-0.0006339933024719357,68665.4765625,1.23988676071167
101700.0,0.0,0.0,-4200133.0,8.459306716918945,197.6580352783203,0.0016674911603331566,68658.3125,1.2400158643722534
101800.0,0.0,0.0,-4200133.5,7.1278181076049805,196.98416137695312,0.0006288449512794614,68657.3515625,1.2400333881378174
101900.0,0.0,0.0,-4200135.5,7.589903831481934,200.98878479003906,0.0005987866315990686,68662.484375,1.2399407625198364
102000.0,0.0,0.0,-4200135.0,6.6796441078186035,200.8188934326172,-0.00044383422937244177,68673.765625,1.2397370338439941
102100.0,0.0,0.0,-4200129.5,9.996112823486328,196.35845947265625,0.00023767317179590464,68690.6484375,1.2394322156906128
102200.0,0.0,0.0,-4200133.5,7.6205267906188965,203.0260772705078,-9.596999734640121e-05,68713.9296875,1.239012360572815
102300.0,0.0,0.0,-4200131.0,9.55620288848877,202.13453674316406,0.0004213922657072544,68742.515625,1.238497257232666
102400.0,0.0,0.0,-4200132.0,7.70858097076416,203.8070526123047,0.0014576634857803583,68776.734375,1.2378809452056885
102500.0,0.0,0.0,-4200130.0,7.436591625213623,201.6994171142578,0.00010580697562545538,68816.5703125,1.2371644973754883
102600.0,0.0,0.0,-4200135.0,7.549818992614746,203.9420623779297,-0.00013943389058113098,68859.4765625,1.2363934516906738
102700.0,0.0,0.0,-4200133.5,7.418483734130859,201.4169464111328,-0.0010452837450429797,68907.171875,1.2355376482009888
102800.0,0.0,0.0,-4200134.0,7.425718307495117,201.97503662109375,0.0003592349821701646,68957.9921875,1.234627366065979
102900.0,0.0,0.0,-4200134.5,7.479428768157959,201.31431579589844,0.0009233278105966747,69010.9609375,1.2336794137954712
103000.0,0.0,0.0,-4200130.0,9.147383689880371,196.37998962402344,-0.00013783725444227457,69065.3203125,1.2327083349227905
103100.0,0.0,0.0,-4200135.5,8.110614776611328,203.7896728515625,-9.553879499435425e-05,69119.5390625,1.2317414283752441
103200.0,0.0,0.0,-4200130.0,6.888946056365967,196.72494506835938,-0.0005444757407531142,69173.4921875,1.2307809591293335
103300.0,0.0,0.0,-4200134.5,8.319962501525879,202.02435302734375,0.0004087755223736167,69225.203125,1.2298614978790283
103400.0,0.0,0.0,-4200132.0,7.216269016265869,197.7227020263672,-0.0008581539150327444,69274.6875,1.228982925415039
103500.0,0.0,0.0,-4200133.0,7.821279048919678,198.97901916503906,-0.00022221636027097702,69320.2109375,1.2281757593154907
103600.0,0.0,0.0,-4200136.0,7.006349563598633,201.81137084960938,0.0002102280268445611,69362.1015625,1.2274340391159058
103700.0,0.0,0.0,-4200133.5,8.572416305541992,199.30162048339844,-0.0008307294920086861,69399.8125,1.2267670631408691
103800.0,0.0,0.0,-4200133.5,8.397795677185059,203.3291778564453,-0.00010566005948930979,69432.7734375,1.2261847257614136
103900.0,0.0,0.0,-4200124.0,7.806575775146484,193.7008819580078,-0.0008122030412778258,69459.8046875,1.2257076501846313
104000.0,0.0,0.0,-4200133.0,8.170709609985352,202.65066528320312,0.0012076598359271884,69480.1953125,1.225347876548767
104100.0,0.0,0.0,-4200131.5,7.452770233154297,199.99974060058594,-0.0003360322443768382,69495.546875,1.2250771522521973
104200.0,0.0,0.0,-4200133.0,8.361271858215332,202.17640686035156,-0.0011867731809616089,69504.6484375,1.224916696548462
104300.0,0.0,0.0,-4200132.5,7.534050464630127,200.7218017578125,-0.001599815092049539,69508.0703125,1.2248563766479492
104400.0,0.0,0.0,-4200130.5,7.927665710449219,197.60084533691406,-0.000431230291724205,69505.15625,1.2249077558517456
104500.0,0.0,0.0,-4200131.5,9.539823532104492,197.62628173828125,0.0014638489810749888,69495.671875,1.2250748872756958
104600.0,0.0,0.0,-4200131.5,6.990487098693848,196.97732543945312,4.7509209252893925e-05,69480.3359375,1.2253453731536865
104700.0,0.0,0.0,-4200134.0,8.301340103149414,201.4441680908203,0.000552094541490078,69459.265625,1.2257170677185059
104800.0,0.0,0.0,-4200131.5,6.802911281585693,197.9525909423828,-0.0019071691203862429,69432.2265625,1.2261946201324463
104900.0,0.0,0.0,-4200139.0,6.545375823974609,204.846923828125,-0.0005308383842930198,69398.796875,1.2267850637435913
105000.0,0.0,0.0,-4200132.0,7.738111972808838,195.46737670898438,-0.0004718577256426215,69361.2265625,1.2274495363235474
105100.0,0.0,0.0,-4200138.5,8.689920425415039,201.4475555419922,0.0010380756575614214,69319.546875,1.2281877994537354
105200.0,0.0,0.0,-4200138.0,7.10479736328125,200.3525390625,0.0005527045577764511,69274.6796875,1.2289830446243286
105300.0,0.0,0.0,-4200132.0,8.324174880981445,195.86343383789062,-0.0016453228890895844,69226.65625,1.2298356294631958
105400.0,0.0,0.0,-4200132.0,6.749455451965332,196.90164184570312,-0.0004895920865237713,69175.9765625,1.2307366132736206
105500.0,0.0,0.0,-4200129.5,8.129040718078613,197.4602813720703,-0.0008038227679207921,69125.71875,1.2316315174102783
105600.0,0.0,0.0,-4200132.0,7.535526275634766,201.64968872070312,0.0017694872803986073,69074.3671875,1.2325470447540283
105700.0,0.0,0.0,-4200129.5,8.732090950012207,200.78550720214844,0.0008333957521244884,69024.9453125,1.2334296703338623
105800.0,0.0,0.0,-4200132.5,8.33680248260498,203.42225646972656,0.0009649115381762385,68976.640625,1.2342933416366577
105900.0,0.0,0.0,-4200129.5,7.375432014465332,199.26731872558594,-0.0010484041413292289,68930.484375,1.2351198196411133
106000.0,0.0,0.0,-4200132.5,7.792191028594971,201.50363159179688,-0.0006395333912223577,68886.40625,1.2359100580215454
106100.0,0.0,0.0,-4200132.5,7.578219413757324,200.8824005126953,8.675525896251202e-05,68844.953125,1.236654281616211
106200.0,0.0,0.0,-4200129.5,7.555760383605957,197.66786193847656,0.0008689463138580322,68807.46875,1.2373281717300415
106300.0,0.0,0.0,-4200130.5,8.6329345703125,197.08766174316406,0.0011012415634468198,68774.421875,1.2379225492477417
106400.0,0.0,0.0,-4200132.5,8.353447914123535,198.67320251464844,0.0006903245812281966,68746.109375,1.2384324073791504
106500.0,0.0,0.0,-4200133.5,7.249008655548096,198.5473175048828,8.919381070882082e-05,68723.9375,1.238831877708435
106600.0,0.0,0.0,-4200135.5,6.371854782104492,200.609619140625,-0.0006305949063971639,68707.9921875,1.2391194105148315
106700.0,0.0,0.0,-4200135.5,7.02984094619751,201.59478759765625,0.00021823553834110498,68697.171875,1.2393145561218262
106800.0,0.0,0.0,-4200134.5,7.672479629516602,200.5792236328125,0.0015336429933086038,68691.734375,1.2394126653671265
106900.0,0.0,0.0,-4200133.5,7.462172985076904,200.0449676513672,0.000580216757953167,68692.3203125,1.2394020557403564
107000.0,0.0,0.0,-4200133.0,7.827824115753174,201.91905212402344,-0.0005213192198425531,68699.1328125,1.2392792701721191
107100.0,0.0,0.0,-4200130.0,7.577514171600342,199.93453979492188,-0.00043518119491636753,68711.4296875,1.2390574216842651
107200.0,0.0,0.0,-4200132.0,7.952932357788086,204.44003295898438,-0.0005673812702298164,68729.2421875,1.2387363910675049
107300.0,0.0,0.0,-4200130.5,7.448051452636719,202.06411743164062,0.0012874370440840721,68752.0625,1.2383251190185547
107400.0,0.0,0.0,-4200127.5,7.73438835144043,197.0087127685547,0.0006960526807233691,68780.0546875,1.2378212213516235
107500.0,0.0,0.0,-4200130.5,8.221994400024414,199.50167846679688,-0.0003050586674362421,68813.078125,1.2372270822525024
107600.0,0.0,0.0,-4200136.0,7.622878074645996,204.88674926757812,-0.000855678110383451,68850.0390625,1.2365632057189941
107700.0,0.0,0.0,-4200132.5,8.439970016479492,201.16929626464844,0.0005823743995279074,68888.6640625,1.2358697652816772
107800.0,0.0,0.0,-4200132.5,8.070608139038086,200.04525756835938,0.0012229003477841616,68929.8671875,1.235131025314331
107900.0,0.0,0.0,-4200132.5,7.456643104553223,198.85679626464844,-0.00032416777685284615,68974.484375,1.2343318462371826
108000.0,0.0,0.0,-4200131.5,7.014372825622559,197.91993713378906,-0.000355169759131968,69020.1953125,1.233514428138733
108100.0,0.0,0.0,-4200135.0,6.360710144042969,202.3191680908203,-0.001193731906823814,69066.5859375,1.2326860427856445
108200.0,0.0,0.0,-4200131.0,7.557351589202881,197.48239135742188,-9.836757089942694e-05,69110.359375,1.2319051027297974
108300.0,0.0,0.0,-4200132.0,8.402872085571289,198.23057556152344,0.0015269155846908689,69153.3203125,1.2311397790908813
108400.0,0.0,0.0,-4200132.5,7.665292263031006,196.84495544433594,-0.00011476676445454359,69195.8984375,1.2303823232650757
108500.0,0.0,0.0,-4200136.5,7.720252513885498,198.8092041015625,-0.0009681986412033439,69236.078125,1.2296682596206665
108600.0,0.0,0.0,-4200131.5,7.688774108886719,195.41905212402344,-0.002109368098899722,69271.8828125,1.2290327548980713
108700.0,0.0,0.0,-4200137.0,8.084207534790039,201.3736114501953,-6.837467662990093e-05,69303.3515625,1.2284746170043945
108800.0,0.0,0.0,-4200132.0,8.798396110534668,198.1051025390625,0.0020967943128198385,69331.078125,1.2279833555221558
108900.0,0.0,0.0,-4200134.0,8.70582103729248,201.49017333984375,0.0007235353114083409,69355.671875,1.2275480031967163
109000.0,0.0,0.0,-4200131.0,8.13785457611084,199.5338897705078,-0.0007541747763752937,69375.859375,1.227190613746643
109100.0,0.0,0.0,-4200129.0,8.484159469604492,197.4105682373047,-0.0022523035295307636,69390.6015625,1.226929783821106
109200.0,0.0,0.0,-4200134.5,8.95725154876709,202.8339080810547,-0.00011130026541650295,69399.8359375,1.2267667055130005
109300.0,0.0,0.0,-4200129.0,8.017426490783691,196.73324584960938,0.00010678323451429605,69404.4921875,1.226684331893921
109400.0,0.0,0.0,-4200136.0,7.259329319000244,202.98501586914062,0.0006121504120528698,69404.59375,1.2266825437545776
109500.0,0.0,0.0,-4200132.5,6.878338813781738,198.66964721679688,-0.00036883074790239334,69400.2265625,1.226759910583496
109600.0,0.0,0.0,-4200132.5,8.935982704162598,198.38670349121094,-0.00043923628982156515,69390.9140625,1.2269244194030762
109700.0,0.0,0.0,-4200134.5,8.110820770263672,200.76736450195312,-5.175510887056589e-05,69377.2421875,1.2271661758422852
109800.0,0.0,0.0,-4200130.5,8.6474027633667,197.0665283203125,-0.0008876465726643801,69359.453125,1.2274810075759888
109900.0,0.0,0.0,-4200133.5,6.0944695472717285,201.52426147460938,0.00020184635650366545,69337.5,1.2278695106506348
110000.0,0.0,0.0,-4200129.0,7.593764305114746,197.0357666015625,0.00015359872486442327,69312.015625,1.2283210754394531
110100.0,0.0,0.0,-4200133.5,7.9880475997924805,201.87680053710938,0.0006771377520635724,69282.8828125,1.228837490081787
110200.0,0.0,0.0,-4200132.5,7.791824817657471,200.80726623535156,-0.001003767130896449,69252.5078125,1.2293766736984253
110300.0,0.0,0.0,-4200132.0,9.256850242614746,198.30308532714844,-0.0008752214489504695,69219.6328125,1.2299604415893555
110400.0,0.0,0.0,-4200135.5,7.730494022369385,202.547119140625,0.0009593477589078248,69183.8046875,1.2305974960327148
110500.0,0.0,0.0,-4200133.0,7.636440277099609,200.44393920898438,7.943669334053993e-05,69146.9609375,1.2312530279159546
110600.0,0.0,0.0,-4200134.0,8.188403129577637,200.03831481933594,0.0005959417903795838,69109.078125,1.2319279909133911
110700.0,0.0,0.0,-4200130.5,8.600411415100098,196.6381072998047,-0.001270408509299159,69071.7109375,1.2325944900512695
110800.0,0.0,0.0,-4200136.0,7.648311614990234,203.87411499023438,-0.00048897007945925,69034.6328125,1.2332565784454346
110900.0,0.0,0.0,-4200133.5,9.614617347717285,200.20529174804688,0.0006571784615516663,68997.1875,1.233925700187683
111000.0,0.0,0.0,-4200134.5,8.196122169494629,200.17532348632812,0.001244258601218462,68961.03125,1.2345726490020752
111100.0,0.0,0.0,-4200133.0,7.222847938537598,198.390869140625,0.00014788121916353703,68927.203125,1.2351787090301514
111200.0,0.0,0.0,-4200133.5,10.001832962036133,198.50994873046875,-0.0005117180990055203,68895.109375,1.2357538938522339
111300.0,0.0,0.0,-4200132.5,7.6611127853393555,199.31039428710938,0.0003537256270647049,68865.1328125,1.236291766166687
111400.0,0.0,0.0,-4200130.0,8.645833015441895,197.04611206054688,0.00031435536220669746,68838.390625,1.2367721796035767
111500.0,0.0,0.0,-4200132.0,7.069929599761963,200.12713623046875,0.0006040314910933375,68815.875,1.2371768951416016
111600.0,0.0,0.0,-4200131.5,7.190847873687744,199.12338256835938,-3.909924998879433e-05,68797.5234375,1.2375069856643677
111700.0,0.0,0.0,-4200133.0,8.322490692138672,201.19827270507812,0.0004045739769935608,68784.1015625,1.237748384475708
111800.0,0.0,0.0,-4200133.0,6.990200996398926,201.06414794921875,-0.0006252272287383676,68776.3984375,1.2378870248794556
111900.0,0.0,0.0,-4200134.5,7.978137493133545,200.42178344726562,0.0003437913255766034,68772.3828125,1.2379592657089233
112000.0,0.0,0.0,-4200136.0,8.270597457885742,200.3258819580078,0.0006304057314991951,68772.3984375,1.2379589080810547
112100.0,0.0,0.0,-4200135.5,8.27200984954834,199.26353454589844,0.0002731047570705414,68777.328125,1.2378703355789185
112200.0,0.0,0.0,-4200132.5,8.991661071777344,197.13743591308594,-0.00017314718570560217,68786.078125,1.2377128601074219
112300.0,0.0,0.0,-4200135.0,9.018965721130371,200.6131591796875,-0.0006153532303869724,68799.078125,1.2374788522720337
112400.0,0.0,0.0,-4200134.5,9.872567176818848,200.65585327148438,0.0008210792439058423,68815.703125,1.2371797561645508
112500.0,0.0,0.0,-4200131.5,6.703612804412842,200.6302947998047,0.00011201819870620966,68836.6328125,1.2368037700653076
112600.0,0.0,0.0,-4200132.0,7.625504970550537,205.355224609375,0.0012766200816258788,68861.125,1.2363640069961548
112700.0,0.0,0.0,-4200125.0,9.640856742858887,201.6665496826172,-0.0003227408742532134,68888.484375,1.235872745513916
112800.0,0.0,0.0,-4200127.0,10.45918083190918,205.0503692626953,0.00031264370772987604,68919.578125,1.235315203666687
112900.0,0.0,0.0,-4200127.0,6.915965557098389,204.7049102783203,-0.0005303843645378947,68953.8671875,1.2347010374069214
113000.0,0.0,0.0,-4200130.5,7.72700834274292,205.57748413085938,0.00036416645161807537,68990.515625,1.2340450286865234
113100.0,0.0,0.0,-4200132.0,8.011834144592285,206.04190063476562,0.001244059414602816,69029.3671875,1.2333506345748901
113200.0,0.0,0.0,-4200131.5,7.70042610168457,203.1640167236328,-0.00013110286090523005,69070.6015625,1.232614278793335
113300.0,0.0,0.0,-4200136.0,7.938363552093506,205.06117248535156,0.00010878650937229395,69111.7421875,1.2318804264068604
113400.0,0.0,0.0,-4200131.0,6.583466529846191,198.41725158691406,-0.0006436444818973541,69152.6640625,1.2311514616012573
113500.0,0.0,0.0,-4200133.0,7.370668888092041,199.65704345703125,-1.3928627595305443e-05,69191.8984375,1.230453372001648
113600.0,0.0,0.0,-4200132.5,7.960751056671143,197.96914672851562,0.0002443332923576236,69229.4375,1.2297862768173218
113700.0,0.0,0.0,-4200134.0,8.674826622009277,198.7875213623047,0.0001020083436742425,69265.2734375,1.2291500568389893
113800.0,0.0,0.0,-4200132.0,7.176110744476318,196.64773559570312,-0.0005737099563702941,69298.609375,1.2285586595535278
113900.0,0.0,0.0,-4200133.0,6.854953289031982,199.04959106445312,-0.0010783697944134474,69328.453125,1.2280298471450806
114000.0,0.0,0.0,-4200134.5,7.925103187561035,201.86398315429688,0.0003060000017285347,69353.9453125,1.2275784015655518
114100.0,0.0,0.0,-4200131.0,6.668668746948242,199.3508758544922,0.00020447652786970139,69375.5859375,1.2271955013275146
114200.0,0.0,0.0,-4200137.0,7.817577362060547,206.43885803222656,0.0004910019924864173,69392.734375,1.2268922328948975
114300.0,0.0,0.0,-4200127.5,7.530330181121826,198.88438415527344,-0.0005832310998812318,69405.578125,1.2266651391983032
114400.0,0.0,0.0,-4200132.0,7.568981647491455,205.2904510498047,-0.0009772051125764847,69412.8671875,1.2265363931655884
114500.0,0.0,0.0,-4200128.0,6.323746204376221,201.08555603027344,-0.00039002951234579086,69415.03125,1.2264981269836426
114600.0,0.0,0.0,-4200136.0,7.401578426361084,206.8040771484375,-0.00038978829979896545,69411.953125,1.2265524864196777
114700.0,0.0,0.0,-4200131.0,6.952792167663574,198.79978942871094,0.000791674479842186,69402.9765625,1.2267112731933594
114800.0,0.0,0.0,-4200134.0,11.90556526184082,201.4102783203125,-0.0002143473830074072,69388.90625,1.2269599437713623
114900.0,0.0,0.0,-4200133.0,7.515220642089844,200.00172424316406,-0.0002744069788604975,69369.734375,1.2272990942001343
115000.0,0.0,0.0,-4200132.0,8.473261833190918,198.85943603515625,-0.0013252757489681244,69346.71875,1.2277064323425293
115100.0,0.0,0.0,-4200130.0,8.101408004760742,199.48414611816406,-0.0016522834775969386,69319.765625,1.2281837463378906
115200.0,0.0,0.0,-4200132.0,8.005101203918457,200.40036010742188,0.000575767713598907,69288.0625,1.228745937347412
115300.0,0.0,0.0,-4200132.0,8.13170337677002,199.10763549804688,0.0011132871732115746,69253.1875,1.2293643951416016
115400.0,0.0,0.0,-4200133.0,7.597028732299805,198.20494079589844,4.764413461089134e-05,69216.5,1.2300161123275757
115500.0,0.0,0.0,-4200132.5,7.428753852844238,198.95050048828125,-0.0021081045269966125,69179.4375,1.2306749820709229
115600.0,0.0,0.0,-4200134.0,6.300607681274414,200.27481079101562,-0.0007863168139010668,69139.6484375,1.2313833236694336
115700.0,0.0,0.0,-4200133.5,7.501476287841797,200.99240112304688,0.0019698352552950382,69098.3828125,1.2321187257766724
115800.0,0.0,0.0,-4200133.0,6.624607086181641,203.11854553222656,0.0005830267909914255,69058.5625,1.2328293323516846
115900.0,0.0,0.0,-4200132.5,6.738633155822754,201.80007934570312,0.0005232638213783503,69019.609375,1.233525037765503
116000.0,0.0,0.0,-4200131.0,7.765291213989258,199.52613830566406,-0.0018709659343585372,68981.9296875,1.2341989278793335
116100.0,0.0,0.0,-4200131.5,7.399069786071777,200.79055786132812,-0.00021595670841634274,68944.5625,1.2348675727844238
116200.0,0.0,0.0,-4200134.0,7.1006598472595215,202.9389190673828,0.00013240671250969172,68909.015625,1.2355046272277832
116300.0,0.0,0.0,-4200130.0,8.24721622467041,198.4335479736328,0.0008436641073785722,68875.9453125,1.236097812652588
116400.0,0.0,0.0,-4200138.5,8.24817943572998,208.03919982910156,8.847936987876892e-05,68845.9140625,1.236636996269226
116500.0,0.0,0.0,-4200129.0,8.244453430175781,197.69683837890625,-0.0010401232866570354,68818.71875,1.2371257543563843
116600.0,0.0,0.0,-4200131.5,8.522481918334961,199.81997680664062,0.0008690062095411122,68793.1796875,1.2375848293304443
116700.0,0.0,0.0,-4200131.5,7.980958461761475,198.14913940429688,0.001144026406109333,68771.6328125,1.2379727363586426
116800.0,0.0,0.0,-4200134.0,6.86186408996582,200.45042419433594,0.0017635039985179901,68755.265625,1.238267421722412
116900.0,0.0,0.0,-4200131.5,8.713582992553711,197.1498260498047,-0.001006289734505117,68743.6328125,1.2384768724441528
117000.0,0.0,0.0,-4200133.0,7.879574775695801,198.92391967773438,-0.0012504752958193421,68735.4453125,1.2386244535446167
117100.0,0.0,0.0,-4200134.0,7.855933666229248,200.80235290527344,-0.0002868412993848324,68731.0078125,1.2387044429779053
117200.0,0.0,0.0,-4200134.0,7.535225868225098,200.3173065185547,0.0019053214928135276,68731.2890625,1.2386996746063232
117300.0,0.0,0.0,-4200136.0,7.535621166229248,202.23294067382812,0.0020214621908962727,68737.828125,1.238581657409668
117400.0,0.0,0.0,-4200133.5,7.22154426574707,200.05517578125,-0.0006176010938361287,68750.03125,1.2383615970611572
117500.0,0.0,0.0,-4200136.5,7.096530914306641,200.83030700683594,-0.0013634655624628067,68766.046875,1.2380733489990234
117600.0,0.0,0.0,-4200132.0,7.493512153625488,194.2014923095703,-0.000842505949549377,68785.2890625,1.2377269268035889
117700.0,0.0,0.0,-4200134.5,6.9186201095581055,197.16224670410156,0.0015808469615876675,68808.5078125,1.2373093366622925
117800.0,0.0,0.0,-4200135.5,7.591616630554199,199.44024658203125,0.001260385732166469,68836.5078125,1.2368062734603882
117900.0,0.0,0.0,-4200133.0,7.313088893890381,200.63954162597656,0.00035898678470402956,68867.6640625,1.2362467050552368
118000.0,0.0,0.0,-4200133.0,9.965490341186523,202.30775451660156,-0.000799036119133234,68901.6796875,1.2356362342834473
118100.0,0.0,0.0,-4200131.0,6.597756385803223,203.48092651367188,-0.0014821867225691676,68936.9453125,1.2350040674209595
118200.0,0.0,0.0,-4200133.5,6.913604736328125,205.04571533203125,0.0006196730537340045,68972.8515625,1.234361171722412
118300.0,0.0,0.0,-4200132.5,6.881011962890625,203.57269287109375,-0.00031048234086483717,69010.21875,1.2336927652359009
118400.0,0.0,0.0,-4200133.0,7.679502964019775,202.83566284179688,0.0006387970643118024,69046.65625,1.2330416440963745
118500.0,0.0,0.0,-4200128.5,7.535407543182373,196.82705688476562,0.0011422771494835615,69082.4921875,1.2324020862579346
118600.0,0.0,0.0,-4200130.0,10.46216106414795,199.7523956298828,9.978667367249727e-05,69117.9609375,1.2317696809768677
118700.0,0.0,0.0,-4200132.0,7.982269287109375,201.3871612548828,-0.00037018093280494213,69152.140625,1.2311608791351318
118800.0,0.0,0.0,-4200129.5,7.0193586349487305,199.81353759765625,-0.0021796105429530144,69185.1015625,1.230574131011963
118900.0,0.0,0.0,-4200136.0,7.457233905792236,204.415283203125,0.000748081598430872,69214.8046875,1.230046272277832
119000.0,0.0,0.0,-4200133.0,7.92270040512085,200.29443359375,0.00013624387793242931,69242.6171875,1.2295522689819336
119100.0,0.0,0.0,-4200136.5,6.9803948402404785,203.13333129882812,0.0003316184738650918,69267.7265625,1.2291064262390137
119200.0,0.0,0.0,-4200131.0,8.1290922164917,198.6397247314453,-0.0017387561965733767,69289.8828125,1.2287135124206543
119300.0,0.0,0.0,-4200136.5,9.389939308166504,203.57395935058594,-0.0007049712585285306,69307.1953125,1.228406548500061
119400.0,0.0,0.0,-4200131.0,8.849189758300781,198.785400390625,-0.00017125275917351246,69319.359375,1.2281908988952637
119500.0,0.0,0.0,-4200134.0,9.123772621154785,201.68202209472656,0.0002950356574729085,69327.0703125,1.2280542850494385
119600.0,0.0,0.0,-4200136.5,7.657406806945801,201.85079956054688,0.0005675627617165446,69330.1875,1.2279990911483765
119700.0,0.0,0.0,-4200134.5,8.544143676757812,196.88865661621094,-0.001482576597481966,69329.5546875,1.2280102968215942
119800.0,0.0,0.0,-4200138.0,9.817679405212402,201.14776611328125,-0.0005025165155529976,69324.296875,1.2281033992767334
119900.0,0.0,0.0,-4200132.0,8.62959098815918,195.2130584716797,-0.0008793431334197521,69313.796875,1.2282894849777222
120000.0,0.0,0.0,-4200135.5,9.375441551208496,200.77801513671875,0.001009560190141201,69298.3203125,1.228563904762268
120100.0,0.0,0.0,-4200133.0,7.964542388916016,198.99929809570312,-0.0006754633504897356,69280.046875,1.228887915611267
120200.0,0.0,0.0,-4200130.0,8.510071754455566,197.52244567871094,-0.0004006262170150876,69258.203125,1.2292754650115967
120300.0,0.0,0.0,-4200134.0,8.589411735534668,202.3308563232422,-0.0003589523257687688,69232.9375,1.2297241687774658
120400.0,0.0,0.0,-4200130.5,11.081270217895508,199.45919799804688,0.0005886545404791832,69205.4296875,1.2302128076553345
120500.0,0.0,0.0,-4200132.5,7.749466896057129,201.024169921875,0.00010494468733668327,69176.7421875,1.2307231426239014
120600.0,0.0,0.0,-4200132.5,6.547731876373291,200.5352325439453,-0.0006314740749076009,69146.84375,1.231255292892456
120700.0,0.0,0.0,-4200135.5,7.245706081390381,202.9296417236328,-3.7456280551850796e-05,69115.2734375,1.231817603111267
120800.0,0.0,0.0,-4200135.0,7.965264320373535,200.25453186035156,-0.000423779827542603,69082.4921875,1.2324020862579346
120900.0,0.0,0.0,-4200137.0,7.000015735626221,200.06166076660156,0.00035427394323050976,69049.125,1.2329977750778198
121000.0,0.0,0.0,-4200133.5,7.809264183044434,197.371826171875,0.00013772095553576946,69016.09375,1.2335877418518066
121100.0,0.0,0.0,-4200135.5,8.201041221618652,201.13331604003906,0.000352738075889647,68983.296875,1.2341742515563965
121200.0,0.0,0.0,-4200132.5,7.486703395843506,200.81234741210938,-0.0008635504636913538,68951.6640625,1.2347406148910522
121300.0,0.0,0.0,-4200131.5,9.186986923217773,201.27291870117188,0.0005198856815695763,68921.0859375,1.2352882623672485
121400.0,0.0,0.0,-4200133.5,8.933128356933594,203.7960968017578,0.0012396462261676788,68894.0390625,1.2357733249664307
121500.0,0.0,0.0,-4200132.0,7.941955089569092,201.68728637695312,0.0002947261091321707,68870.625,1.236193299293518
121600.0,0.0,0.0,-4200136.0,8.224635124206543,203.43861389160156,-0.00043718377128243446,68850.203125,1.2365601062774658
121700.0,0.0,0.0,-4200134.5,7.335874557495117,200.7692413330078,-0.0004350678063929081,68833.0859375,1.2368675470352173
121800.0,0.0,0.0,-4200135.0,9.438692092895508,200.05206298828125,0.00011562742292881012,68820.1640625,1.2370997667312622
121900.0,0.0,0.0,-4200134.5,7.520334243774414,200.47740173339844,0.0004889449337497354,68811.3671875,1.2372578382492065
122000.0,0.0,0.0,-4200132.0,9.965972900390625,197.76901245117188,0.00016258156392723322,68807.53125,1.2373268604278564
122100.0,0.0,0.0,-4200132.0,9.78049373626709,198.63380432128906,0.0009507294744253159,68808.296875,1.2373130321502686
122200.0,0.0,0.0,-4200134.0,9.236958503723145,201.4362030029297,0.0005703242495656013,68813.46875,1.2372201681137085
122300.0,0.0,0.0,-4200130.5,9.895915985107422,198.1953582763672,-0.0004550948506221175,68823.71875,1.237035870552063
122400.0,0.0,0.0,-4200132.0,8.468040466308594,200.64663696289062,-5.825853440910578e-05,68837.984375,1.2367794513702393
122500.0,0.0,0.0,-4200132.5,7.537412643432617,201.18511962890625,0.0002574215177446604,68857.3046875,1.236432671546936
122600.0,0.0,0.0,-4200130.0,9.61449146270752,199.25509643554688,0.0009487735223956406,68880.53125,1.2360155582427979
122700.0,0.0,0.0,-4200130.5,7.653667449951172,199.93179321289062,0.0006865246687084436,68907.34375,1.23553466796875
122800.0,0.0,0.0,-4200132.0,7.100736618041992,201.35287475585938,0.0006345523288473487,68936.46875,1.2350126504898071
122900.0,0.0,0.0,-4200133.0,9.713013648986816,200.11936950683594,-0.0005144757451489568,68967.8359375,1.2344510555267334
123000.0,0.0,0.0,-4200132.5,7.344987392425537,198.40234375,-0.0002965895691886544,68999.4921875,1.2338844537734985
123100.0,0.0,0.0,-4200134.0,6.850532531738281,199.79808044433594,-0.00010529754217714071,69030.328125,1.2333333492279053
123200.0,0.0,0.0,-4200131.5,7.316728591918945,196.86859130859375,0.0010517118498682976,69061.140625,1.2327830791473389
123300.0,0.0,0.0,-4200135.0,7.135014057159424,201.33872985839844,-0.0004815590800717473,69092.0703125,1.2322314977645874
123400.0,0.0,0.0,-4200133.0,7.505091667175293,199.57290649414062,-2.394092734903097e-05,69121.234375,1.2317112684249878
123500.0,0.0,0.0,-4200132.0,9.65762710571289,199.64871215820312,-8.385197725147009e-05,69149.0078125,1.231216549873352
123600.0,0.0,0.0,-4200129.0,7.947144031524658,196.11196899414062,-0.000573900411836803,69174.3515625,1.230765461921692
123700.0,0.0,0.0,-4200132.5,9.06650447845459,199.92189025878906,-0.0002540551358833909,69197.0078125,1.2303625345230103
123800.0,0.0,0.0,-4200132.5,7.731823444366455,199.12057495117188,-0.0005299398908391595,69218.046875,1.229988694190979
123900.0,0.0,0.0,-4200135.0,7.991572380065918,201.1712646484375,0.000907264300622046,69235.203125,1.229683756828308
124000.0,0.0,0.0,-4200134.0,6.8734822273254395,199.0777587890625,-0.00013959105126559734,69249.2421875,1.2294344902038574
124100.0,0.0,0.0,-4200133.0,7.5919036865234375,197.85118103027344,-5.0990376621484756e-05,69259.9609375,1.229244351387024
124200.0,0.0,0.0,-4200131.0,10.0875825881958,195.407958984375,-0.001247452455572784,69267.9453125,1.2291024923324585
124300.0,0.0,0.0,-4200135.5,7.693784236907959,202.53086853027344,-0.00042753806337714195,69272.5,1.229021668434143
124400.0,0.0,0.0,-4200129.0,8.649667739868164,197.6077880859375,0.0005097448593005538,69273.65625,1.2290011644363403
124500.0,0.0,0.0,-4200132.0,8.50719928741455,201.74363708496094,0.00042883807327598333,69271.9765625,1.229030966758728
124600.0,0.0,0.0,-4200127.0,7.972100734710693,197.31356811523438,-0.00032284785993397236,69267.8203125,1.22910475730896
124700.0,0.0,0.0,-4200128.0,9.075521469116211,198.59353637695312,-0.0008241072064265609,69260.2578125,1.2292389869689941
124800.0,0.0,0.0,-4200131.5,8.015871047973633,201.85308837890625,-0.0006048002978786826,69249.8359375,1.229423999786377
124900.0,0.0,0.0,-4200133.0,7.139184951782227,202.8359832763672,0.00018359196837991476,69236.390625,1.2296628952026367
125000.0,0.0,0.0,-4200134.5,8.613261222839355,201.98826599121094,0.0010153492912650108,69220.5625,1.229943871498108
125100.0,0.0,0.0,-4200136.0,7.426523685455322,202.12571716308594,0.00022907089442014694,69204.0859375,1.2302366495132446
125200.0,0.0,0.0,-4200132.5,9.178189277648926,198.9756622314453,-0.0009149116231128573,69185.7265625,1.2305630445480347
125300.0,0.0,0.0,-4200135.5,7.124377727508545,201.66346740722656,-0.0005537680117413402,69165.640625,1.2309207916259766
125400.0,0.0,0.0,-4200133.5,8.470804214477539,199.7173614501953,-0.0005028772866353393,69144.1953125,1.231302261352539
125500.0,0.0,0.0,-4200132.5,7.347461223602295,199.52342224121094,2.771429717540741e-05,69121.0,1.231715440750122
125600.0,0.0,0.0,-4200132.0,6.659099102020264,199.68508911132812,-0.0001645955489948392,69096.9765625,1.232143759727478
125700.0,0.0,0.0,-4200129.0,10.591387748718262,198.37327575683594,0.0012483992613852024,69071.5625,1.2325971126556396
125800.0,0.0,0.0,-4200131.0,9.824110984802246,199.65611267089844,0.0007438326720148325,69046.875,1.2330379486083984
125900.0,0.0,0.0,-4200133.0,7.035582542419434,200.6571502685547,-0.0010848413221538067,69023.3984375,1.2334572076797485
126000.0,0.0,0.0,-4200130.5,7.65559196472168,198.35076904296875,-0.0006205748068168759,68998.8125,1.2338967323303223
126100.0,0.0,0.0,-4200134.0,9.844842910766602,200.4467010498047,-0.00044964603148400784,68974.65625,1.2343288660049438
126200.0,0.0,0.0,-4200132.0,7.8775763511657715,198.09873962402344,0.0011681485921144485,68951.2421875,1.2347480058670044
126300.0,0.0,0.0,-4200132.5,7.664162635803223,199.75009155273438,0.000628309790045023,68929.9375,1.2351295948028564
126400.0,0.0,0.0,-4200132.0,9.696839332580566,199.17703247070312,0.0005869674496352673,68910.0625,1.2354857921600342
126500.0,0.0,0.0,-4200132.0,6.864609718322754,201.14830017089844,-0.0016050292178988457,68892.6328125,1.2357984781265259
126600.0,0.0,0.0,-4200132.5,7.315549850463867,200.2363739013672,-0.0006036330014467239,68877.734375,1.2360656261444092
126700.0,0.0,0.0,-4200133.0,7.6009650230407715,199.02333068847656,0.0005392915336415172,68865.75,1.236280918121338
126800.0,0.0,0.0,-4200135.5,11.019248008728027,201.55274963378906,0.0008877331856638193,68856.984375,1.2364381551742554
126900.0,0.0,0.0,-4200131.0,8.845744132995605,195.7511749267578,0.0008925246074795723,68851.2265625,1.2365416288375854
127000.0,0.0,0.0,-4200133.0,8.794322967529297,197.92283630371094,-0.0006373756332322955,68849.015625,1.2365813255310059
127100.0,0.0,0.0,-4200132.5,7.795230388641357,198.0204620361328,-5.366699770092964e-05,68850.34375,1.2365574836730957
127200.0,0.0,0.0,-4200133.0,7.9970269203186035,200.7112579345703,-0.0012379531981423497,68855.34375,1.236467719078064
127300.0,0.0,0.0,-4200130.5,9.3292818069458,198.32127380371094,0.0009320520330220461,68862.4140625,1.2363407611846924
127400.0,0.0,0.0,-4200135.5,8.608109474182129,204.37901306152344,0.001516271149739623,68871.8828125,1.236170768737793
127500.0,0.0,0.0,-4200133.5,7.689089775085449,202.89576721191406,0.0008719583274796605,68883.9921875,1.235953688621521
127600.0,0.0,0.0,-4200132.0,7.2592339515686035,201.84634399414062,-0.000594134908169508,68898.828125,1.235687255859375
127700.0,0.0,0.0,-4200133.0,7.930474281311035,201.81558227539062,-0.0011132297804579139,68915.921875,1.23538076877594
127800.0,0.0,0.0,-4200130.5,8.496118545532227,198.427734375,-0.0004549967125058174,68934.75,1.2350434064865112
127900.0,0.0,0.0,-4200133.0,7.457886219024658,199.68568420410156,0.0011652513640001416,68955.265625,1.2346758842468262
128000.0,0.0,0.0,-4200131.5,7.786652565002441,196.8529052734375,0.001225684187375009,68978.375,1.234262228012085
128100.0,0.0,0.0,-4200138.0,8.050758361816406,202.6497039794922,-0.00034929357934743166,69003.8203125,1.2338072061538696
128200.0,0.0,0.0,-4200133.0,7.434088706970215,197.08331298828125,-0.0012800570111721754,69029.2109375,1.2333533763885498
128300.0,0.0,0.0,-4200137.5,9.202714920043945,202.90264892578125,-0.0008298085303977132,69053.78125,1.2329144477844238
128400.0,0.0,0.0,-4200132.0,8.722305297851562,198.33935546875,0.0008137397817336023,69077.71875,1.2324872016906738
128500.0,0.0,0.0,-4200131.0,7.065647602081299,199.99069213867188,0.000871549011208117,69102.15625,1.2320513725280762
128600.0,0.0,0.0,-4200131.0,8.899553298950195,202.49281311035156,-0.00023326382506638765,69126.40625,1.231619119644165
128700.0,0.0,0.0,-4200127.5,8.216226577758789,200.80352783203125,-0.0006866976618766785,69148.7109375,1.2312220335006714
128800.0,0.0,0.0,-4200129.0,10.241813659667969,202.4024658203125,-0.00035365845542401075,69170.25,1.230838656425476
128900.0,0.0,0.0,-4200128.5,7.62244176864624,200.4824676513672,-0.0001732549862936139,69190.59375,1.2304766178131104
129000.0,0.0,0.0,-4200135.5,7.956198215484619,205.9723663330078,0.0003615092718973756,69208.8828125,1.2301515340805054
129100.0,0.0,0.0,-4200132.0,8.249458312988281,201.10560607910156,0.00020757457241415977,69225.5078125,1.229856252670288
129200.0,0.0,0.0,-4200133.0,9.23034954071045,203.08917236328125,0.0007044138619676232,69239.7421875,1.2296032905578613
129300.0,0.0,0.0,-4200130.5,7.383932590484619,199.4019012451172,-0.0005036396905779839,69251.796875,1.2293891906738281
129400.0,0.0,0.0,-4200130.5,7.519149303436279,198.36203002929688,-0.0011539849219843745,69261.3671875,1.2292191982269287
129500.0,0.0,0.0,-4200133.0,7.391767978668213,200.48687744140625,-0.0006301362300291657,69268.0625,1.2291004657745361
129600.0,0.0,0.0,-4200134.5,8.604944229125977,201.4431610107422,-5.72459539398551e-05,69270.1640625,1.2290632724761963
129700.0,0.0,0.0,-4200132.0,7.947276592254639,198.05419921875,0.0008798242197372019,69268.4140625,1.22909414768219
129800.0,0.0,0.0,-4200132.0,11.941139221191406,197.63916015625,1.776323188096285e-05,69264.625,1.2291613817214966
129900.0,0.0,0.0,-4200135.0,8.245613098144531,201.2029266357422,-0.0005514010554179549,69258.375,1.229272484779358
130000.0,0.0,0.0,-4200133.0,9.219663619995117,199.417236328125,-0.000775662949308753,69248.4375,1.2294487953186035
130100.0,0.0,0.0,-4200130.0,8.878050804138184,197.91636657714844,2.5379820726811886e-05,69234.5703125,1.2296949625015259
130200.0,0.0,0.0,-4200128.0,7.254113674163818,199.720703125,0.0010529060382395983,69217.9296875,1.2299906015396118
130300.0,0.0,0.0,-4200129.5,7.858736038208008,202.9197998046875,-0.0004070423310622573,69200.2421875,1.2303050756454468
130400.0,0.0,0.0,-4200131.5,9.938156127929688,205.36392211914062,-0.0006981515325605869,69180.7578125,1.230651617050171
130500.0,0.0,0.0,-4200131.0,7.573458194732666,203.4193115234375,-0.0005259729223325849,69158.609375,1.2310457229614258
130600.0,0.0,0.0,-4200130.0,10.449430465698242,202.00790405273438,0.0006170092383399606,69133.8828125,1.2314859628677368
130700.0,0.0,0.0,-4200129.0,8.721687316894531,199.2032012939453,0.000898978381883353,69109.015625,1.2319289445877075
130800.0,0.0,0.0,-4200135.0,9.269954681396484,202.80303955078125,-1.542817335575819e-05,69084.5390625,1.232365608215332
130900.0,0.0,0.0,-4200130.5,7.891937732696533,196.18878173828125,-0.0011516856029629707,69060.078125,1.2328020334243774
131000.0,0.0,0.0,-4200137.5,7.3002424240112305,202.77784729003906,-0.0007241448620334268,69034.171875,1.233264684677124
131100.0,0.0,0.0,-4200132.5,7.480255603790283,197.4072265625,0.000551943201571703,69007.84375,1.2337353229522705
131200.0,0.0,0.0,-4200135.0,6.304096221923828,200.7713623046875,0.0010418093297630548,68983.4296875,1.2341721057891846
131300.0,0.0,0.0,-4200134.5,8.1611909866333,200.48171997070312,0.0007938867202028632,68961.2890625,1.2345682382583618
131400.0,0.0,0.0,-4200129.0,9.37922191619873,196.07113647460938,-0.0004999538650736213,68941.390625,1.234924554824829
131500.0,0.0,0.0,-4200130.5,9.31867504119873,199.99566650390625,-0.0005931637715548277,68923.0625,1.235252857208252
131600.0,0.0,0.0,-4200128.5,7.839844703674316,199.49996948242188,-0.00039801839739084244,68906.703125,1.2355461120605469
131700.0,0.0,0.0,-4200129.0,8.48494815826416,200.525390625,0.001054943073540926,68893.2265625,1.2357879877090454
131800.0,0.0,0.0,-4200130.0,9.451900482177734,201.49127197265625,0.0009987251833081245,68883.1484375,1.2359685897827148
131900.0,0.0,0.0,-4200132.0,7.3153557777404785,200.84075927734375,0.000732780434191227,68876.1875,1.2360936403274536
132000.0,0.0,0.0,-4200133.0,8.713855743408203,199.31956481933594,-0.0007219146937131882,68873.4921875,1.2361418008804321
132100.0,0.0,0.0,-4200134.0,7.366833686828613,199.92514038085938,-0.0006756229558959603,68873.4296875,1.2361432313919067
132200.0,0.0,0.0,-4200137.0,7.7596611976623535,202.81553649902344,1.601758413016796e-05,68877.265625,1.2360740900039673
132300.0,0.0,0.0,-4200130.5,7.902103900909424,195.40492248535156,0.0016004783101379871,68885.25,1.2359308004379272
132400.0,0.0,0.0,-4200134.5,7.120606899261475,200.44102478027344,0.0008628463838249445,68897.09375,1.2357183694839478
132500.0,0.0,0.0,-4200131.5,7.597473621368408,198.32139587402344,-0.0006135680014267564,68913.015625,1.2354328632354736
132600.0,0.0,0.0,-4200132.0,9.826042175292969,199.9154510498047,-0.0008700416656211019,68931.2265625,1.2351064682006836
132700.0,0.0,0.0,-4200130.0,7.518947124481201,200.0390625,-0.00012051803059875965,68951.046875,1.2347517013549805
132800.0,0.0,0.0,-4200132.0,7.575657844543457,203.58738708496094,0.0017988289473578334,68973.6484375,1.234346866607666
132900.0,0.0,0.0,-4200127.0,7.848575592041016,198.7563018798828,9.665580000728369e-05,68999.078125,1.2338920831680298
133000.0,0.0,0.0,-4200133.0,7.081284046173096,204.7372283935547,0.00011877284850925207,69025.515625,1.233419418334961
133100.0,0.0,0.0,-4200130.5,8.181901931762695,201.89369201660156,-0.001798273646272719,69053.875,1.2329127788543701
133200.0,0.0,0.0,-4200131.0,7.423523426055908,200.05528259277344,0.0006370289484038949,69082.5546875,1.232400894165039
133300.0,0.0,0.0,-4200133.5,7.4989399909973145,203.52392578125,0.0008644608315080404,69111.703125,1.2318812608718872
133400.0,0.0,0.0,-4200131.5,8.524913787841797,200.4444122314453,0.0012188141699880362,69141.4375,1.231351375579834
133500.0,0.0,0.0,-4200137.5,7.249194622039795,206.6953125,-8.20233253762126e-05,69170.484375,1.2308343648910522
133600.0,0.0,0.0,-4200131.0,7.764176845550537,199.18824768066406,-0.002705506281927228,69197.7265625,1.2303497791290283
133700.0,0.0,0.0,-4200135.5,8.389461517333984,203.25958251953125,0.000561077962629497,69221.625,1.2299251556396484
133800.0,0.0,0.0,-4200132.0,8.800990104675293,198.47943115234375,0.0003328516613692045,69243.8359375,1.2295303344726562
133900.0,0.0,0.0,-4200134.0,8.413619041442871,199.86570739746094,0.0021165101788938046,69263.15625,1.2291874885559082
134000.0,0.0,0.0,-4200131.0,7.448335647583008,198.67332458496094,-0.001830846886150539,69280.53125,1.2288792133331299
134100.0,0.0,0.0,-4200131.5,6.989536285400391,198.720947265625,-0.0010234874207526445,69294.0546875,1.2286393642425537
134200.0,0.0,0.0,-4200134.5,10.02436351776123,200.96327209472656,-0.0012024040333926678,69303.84375,1.2284659147262573
134300.0,0.0,0.0,-4200133.5,8.159455299377441,199.37576293945312,0.00012117368169128895,69309.7578125,1.228360891342163
134400.0,0.0,0.0,-4200138.5,7.205277919769287,202.31105041503906,0.0017648348584771156,69312.046875,1.2283204793930054
134500.0,0.0,0.0,-4200135.5,7.851717472076416,199.0677947998047,0.0002536515239626169,69311.4609375,1.2283308506011963
134600.0,0.0,0.0,-4200135.0,8.350149154663086,200.04019165039062,1.0764459148049355e-05,69306.890625,1.2284119129180908
134700.0,0.0,0.0,-4200130.5,8.499695777893066,195.78404235839844,-0.002591535449028015,69298.953125,1.2285528182983398
134800.0,0.0,0.0,-4200134.0,9.361788749694824,200.2088623046875,-0.0002530571073293686,69286.7890625,1.228768229484558
134900.0,0.0,0.0,-4200130.0,7.449765682220459,197.95912170410156,0.0004638362443074584,69271.0234375,1.2290480136871338
135000.0,0.0,0.0,-4200131.5,9.688016891479492,201.34368896484375,0.0015594209544360638,69252.5546875,1.2293757200241089
135100.0,0.0,0.0,-4200134.5,6.541874885559082,207.47689819335938,-0.000408454448916018,69232.453125,1.2297327518463135
135200.0,0.0,0.0,-4200134.0,8.580765724182129,205.62774658203125,-0.0009731014724820852,69210.3359375,1.2301257848739624
135300.0,0.0,0.0,-4200134.5,7.094152450561523,203.31179809570312,-0.0010584942065179348,69186.0625,1.2305573225021362
135400.0,0.0,0.0,-4200129.5,8.499778747558594,196.3228759765625,-0.0008098798571154475,69158.1875,1.2310532331466675
135500.0,0.0,0.0,-4200133.0,7.7475433349609375,200.9791259765625,0.0015185076044872403,69127.65625,1.231596827507019
135600.0,0.0,0.0,-4200131.0,8.846048355102539,197.2251739501953,0.000369097338989377,69097.4296875,1.2321356534957886
135700.0,0.0,0.0,-4200133.5,7.991530418395996,199.99520874023438,0.00045718695037066936,69066.53125,1.2326868772506714
135800.0,0.0,0.0,-4200134.0,7.994302749633789,199.14260864257812,-0.0015829005278646946,69036.515625,1.2332228422164917
135900.0,0.0,0.0,-4200134.0,8.629005432128906,198.7729949951172,0.0004755742847919464,69005.4453125,1.2337781190872192
136000.0,0.0,0.0,-4200134.5,8.614046096801758,202.18792724609375,0.0005939688999205828,68975.6328125,1.2343113422393799
136100.0,0.0,0.0,-4200132.0,7.306894302368164,199.15196228027344,0.0007572963368147612,68947.6328125,1.234812617301941
136200.0,0.0,0.0,-4200136.0,6.805340766906738,203.0555877685547,-0.00024268298875540495,68923.671875,1.2352420091629028
136300.0,0.0,0.0,-4200131.5,7.161697864532471,197.18804931640625,-0.0014955381629988551,68903.34375,1.23560631275177
136400.0,0.0,0.0,-4200136.0,9.469352722167969,201.8652801513672,0.0008383090607821941,68884.484375,1.2359446287155151
136500.0,0.0,0.0,-4200132.5,9.044768333435059,196.94708251953125,0.0007897329051047564,68869.5234375,1.2362130880355835
136600.0,0.0,0.0,-4200135.0,10.231870651245117,198.5480194091797,0.001947169890627265,68858.4453125,1.2364121675491333
136700.0,0.0,0.0,-4200131.5,8.074110984802246,196.05812072753906,-0.0008476085495203733,68852.1484375,1.2365251779556274
136800.0,0.0,0.0,-4200130.5,9.404318809509277,196.18927001953125,-0.0016819918528199196,68848.3515625,1.2365933656692505
136900.0,0.0,0.0,-4200131.0,6.966538906097412,200.03265380859375,-0.0003742004046216607,68847.3359375,1.2366114854812622
137000.0,0.0,0.0,-4200131.5,7.704856872558594,198.92788696289062,0.0010226042941212654,68850.625,1.236552357673645
137100.0,0.0,0.0,-4200135.0,10.0332670211792,201.1446075439453,0.001793168019503355,68858.703125,1.2364073991775513
137200.0,0.0,0.0,-4200130.0,8.29889965057373,194.6776123046875,-0.00032568746246397495,68870.046875,1.236203670501709
137300.0,0.0,0.0,-4200134.5,9.09427261352539,198.43988037109375,3.324868157505989e-05,68883.3984375,1.235964059829712
137400.0,0.0,0.0,-4200132.5,7.847215175628662,196.06813049316406,-0.0006307018920779228,68899.40625,1.235676884651184
137500.0,0.0,0.0,-4200135.0,6.724987983703613,200.76943969726562,0.0010321978479623795,68917.453125,1.2353534698486328
137600.0,0.0,0.0,-4200130.5,6.5268378257751465,196.41050720214844,-0.00044483807869255543,68938.0625,1.234984040260315
137700.0,0.0,0.0,-4200129.5,7.438862323760986,196.8812713623047,-0.0002484390279278159,68960.0859375,1.2345895767211914
137800.0,0.0,0.0,-4200132.0,8.090200424194336,201.91481018066406,0.00035933859180659056,68983.375,1.2341728210449219
137900.0,0.0,0.0,-4200131.5,8.293158531188965,203.80038452148438,-9.976164437830448e-05,69007.7421875,1.2337369918823242
138000.0,0.0,0.0,-4200133.5,9.191852569580078,206.5072784423828,1.127889845520258e-05,69033.8515625,1.233270525932312
138100.0,0.0,0.0,-4200130.5,8.502092361450195,203.24282836914062,-0.000680168392136693,69061.359375,1.2327791452407837
138200.0,0.0,0.0,-4200133.5,7.946543216705322,204.03582763671875,0.0008483693236485124,69087.375,1.2323150634765625
138300.0,0.0,0.0,-4200136.0,8.10786247253418,205.06265258789062,-0.00015349569730460644,69112.6640625,1.231864094734192
138400.0,0.0,0.0,-4200132.5,8.359177589416504,201.4878387451172,-0.00038613961078226566,69137.390625,1.2314236164093018
138500.0,0.0,0.0,-4200130.5,8.746540069580078,199.52513122558594,-0.0008933163480833173,69162.03125,1.2309849262237549
138600.0,0.0,0.0,-4200134.0,9.522390365600586,202.08126831054688,0.00044639676343649626,69185.578125,1.2305659055709839
138700.0,0.0,0.0,-4200131.5,8.460359573364258,196.8258819580078,0.000950010959059,69208.109375,1.2301652431488037
138800.0,0.0,0.0,-4200134.5,7.622661113739014,198.29946899414062,-0.0001662077847868204,69229.4140625,1.22978675365448
138900.0,0.0,0.0,-4200137.0,6.426504611968994,200.37086486816406,-0.0008248355006799102,69248.671875,1.2294446229934692
139000.0,0.0,0.0,-4200136.5,7.704009056091309,200.00836181640625,-0.0014058154774829745,69265.4296875,1.2291473150253296
139100.0,0.0,0.0,-4200134.5,8.04638385772705,200.95648193359375,7.195863872766495e-06,69279.15625,1.2289036512374878
139200.0,0.0,0.0,-4200132.5,6.975330829620361,201.81199645996094,0.0006004500901326537,69290.375,1.2287046909332275
139300.0,0.0,0.0,-4200131.5,8.020866394042969,202.22531127929688,0.0011332167778164148,69299.3046875,1.228546380996704
139400.0,0.0,0.0,-4200130.0,7.416163921356201,201.22438049316406,-0.0004750491352751851,69306.34375,1.2284215688705444
139500.0,0.0,0.0,-4200131.5,9.389204978942871,204.46185302734375,-0.001006216974928975,69311.421875,1.2283316850662231
139600.0,0.0,0.0,-4200127.0,8.746282577514648,197.4154815673828,-0.0001533071044832468,69313.0625,1.2283024787902832
139700.0,0.0,0.0,-4200135.0,8.658188819885254,204.1527557373047,0.000208917073905468,69311.2734375,1.2283341884613037
139800.0,0.0,0.0,-4200131.5,7.493134021759033,199.6581573486328,0.00030768162105232477,69306.9609375,1.2284106016159058
139900.0,0.0,0.0,-4200134.5,7.88884973526001,202.62347412109375,-0.0003268420696258545,69299.9921875,1.2285343408584595
140000.0,0.0,0.0,-4200132.5,8.916275978088379,199.47796630859375,-0.00016975216567516327,69289.6953125,1.2287169694900513
140100.0,0.0,0.0,-4200132.5,7.249225616455078,199.84764099121094,-0.001056563574820757,69276.8359375,1.2289447784423828
140200.0,0.0,0.0,-4200133.5,9.239357948303223,201.05638122558594,0.000504446099512279,69261.7734375,1.2292122840881348
140300.0,0.0,0.0,-4200133.0,8.112788200378418,200.39492797851562,-0.00015223445370793343,69246.078125,1.2294906377792358
140400.0,0.0,0.0,-4200135.5,10.153559684753418,201.29811096191406,0.0003094153944402933,69227.90625,1.2298134565353394
140500.0,0.0,0.0,-4200133.5,7.841174602508545,197.44920349121094,0.0004568068543449044,69207.921875,1.2301685810089111
140600.0,0.0,0.0,-4200136.5,8.110210418701172,201.6189727783203,-0.00042399426456540823,69185.5,1.230567216873169
140700.0,0.0,0.0,-4200134.0,7.870952129364014,198.24310302734375,-0.00033240357879549265,69161.0859375,1.2310017347335815
140800.0,0.0,0.0,-4200132.0,11.42413330078125,197.40769958496094,-0.001380703877657652,69136.9765625,1.2314308881759644
140900.0,0.0,0.0,-4200136.0,7.917766094207764,203.27584838867188,0.0010291531216353178,69110.6484375,1.2319000959396362
141000.0,0.0,0.0,-4200131.5,7.6327948570251465,198.82211303710938,0.0007479693740606308,69084.9453125,1.2323583364486694
141100.0,0.0,0.0,-4200133.0,8.055682182312012,200.5072021484375,0.0008014662889763713,69060.6328125,1.2327921390533447
141200.0,0.0,0.0,-4200132.0,8.825959205627441,200.2704620361328,-0.0007471450371667743,69037.671875,1.2332022190093994
141300.0,0.0,0.0,-4200131.5,7.610829830169678,201.1829376220703,-0.0011264263885095716,69016.28125,1.2335844039916992
141400.0,0.0,0.0,-4200131.0,7.2481465339660645,199.6546173095703,-0.0006449534557759762,68995.96875,1.233947515487671
141500.0,0.0,0.0,-4200136.5,8.0972318649292,202.96548461914062,-0.00023059546947479248,68976.5,1.2342958450317383
141600.0,0.0,0.0,-4200132.0,7.988715648651123,196.28347778320312,0.0021539919544011354,68960.1875,1.2345877885818481
141700.0,0.0,0.0,-4200134.5,7.043097019195557,198.4625701904297,0.00041497801430523396,68947.2265625,1.234820008277893
141800.0,0.0,0.0,-4200135.0,8.717663764953613,199.6173858642578,0.0005061563570052385,68934.9140625,1.2350404262542725
141900.0,0.0,0.0,-4200131.5,6.006518840789795,197.16973876953125,-0.001461989595554769,68925.0234375,1.2352176904678345
142000.0,0.0,0.0,-4200133.5,7.944081783294678,202.13694763183594,-0.0006998090539127588,68917.0859375,1.235360026359558
142100.0,0.0,0.0,-4200132.5,8.284517288208008,205.13905334472656,0.0016453472198918462,68912.3359375,1.2354451417922974
142200.0,0.0,0.0,-4200128.0,7.277277946472168,201.6100616455078,0.0006441917503252625,68911.1875,1.2354656457901
142300.0,0.0,0.0,-4200133.5,8.746294975280762,206.3097686767578,0.0009665682446211576,68911.34375,1.2354629039764404
142400.0,0.0,0.0,-4200130.5,7.06933069229126,201.12603759765625,-0.0005641294410452247,68914.109375,1.2354133129119873
142500.0,0.0,0.0,-4200133.5,8.630719184875488,203.24330139160156,-0.0012294368352741003,68919.1328125,1.235323190689087
142600.0,0.0,0.0,-4200132.0,9.578794479370117,201.28079223632812,-0.0011515420628711581,68926.3984375,1.2351930141448975
142700.0,0.0,0.0,-4200131.5,9.038351058959961,199.64051818847656,0.000664609600789845,68935.9296875,1.2350223064422607
142800.0,0.0,0.0,-4200132.5,7.823520183563232,200.32313537597656,0.002649102360010147,68946.90625,1.234825611114502
142900.0,0.0,0.0,-4200134.0,7.901080131530762,200.8128204345703,0.000587766757234931,68960.4921875,1.2345823049545288
143000.0,0.0,0.0,-4200132.5,8.013081550598145,197.86746215820312,-0.0012734233168885112,68976.6875,1.2342925071716309
143100.0,0.0,0.0,-4200133.0,7.3342976570129395,196.8874053955078,-0.0020611160434782505,68994.21875,1.2339788675308228
143200.0,0.0,0.0,-4200134.5,6.77970027923584,198.4250030517578,0.0006779773393645883,69012.5625,1.233650803565979
143300.0,0.0,0.0,-4200135.0,11.061503410339355,199.6273956298828,0.00170409947168082,69033.2265625,1.2332816123962402
143400.0,0.0,0.0,-4200132.5,9.282745361328125,200.5683135986328,0.0015650809509679675,69055.28125,1.2328877449035645
143500.0,0.0,0.0,-4200134.0,8.526483535766602,204.8601531982422,-0.0006010123761370778,69079.828125,1.2324496507644653
143600.0,0.0,0.0,-4200129.0,8.378278732299805,200.7201690673828,-0.0018038455164059997,69104.8125,1.2320040464401245
143700.0,0.0,0.0,-4200134.0,9.364058494567871,207.69415283203125,-0.0002896719379350543,69129.421875,1.2315654754638672
143800.0,0.0,0.0,-4200133.0,8.302403450012207,205.77345275878906,0.0007248214678838849,69154.5703125,1.231117606163025
143900.0,0.0,0.0,-4200131.5,7.841389179229736,203.44491577148438,0.0007495805621147156,69179.3203125,1.2306773662567139
144000.0,0.0,0.0,-4200131.0,8.115538597106934,202.10032653808594,0.00036898639518767595,69203.2734375,1.2302513122558594
144100.0,0.0,0.0,-4200130.5,8.990581512451172,200.172607421875,0.00011301308404654264,69226.828125,1.2298327684402466
144200.0,0.0,0.0,-4200131.5,7.95879602432251,199.55001831054688,-0.000773885753005743,69249.375,1.2294321060180664
144300.0,0.0,0.0,-4200131.0,10.175860404968262,199.78536987304688,-5.972874350845814e-05,69268.9921875,1.2290838956832886
144400.0,0.0,0.0,-4200135.5,8.252087593078613,202.57066345214844,-0.00012577208690345287,69286.1484375,1.2287795543670654
144500.0,0.0,0.0,-4200135.5,7.1174516677856445,201.8179931640625,0.00012226542457938194,69299.2890625,1.2285466194152832
144600.0,0.0,0.0,-4200134.0,8.838679313659668,199.46739196777344,0.0007570568704977632,69308.328125,1.2283865213394165
144700.0,0.0,0.0,-4200134.0,7.674347400665283,198.85484313964844,-0.000392658868804574,69314.6875,1.2282737493515015
144800.0,0.0,0.0,-4200132.5,10.04364013671875,199.4961395263672,-0.0013817902654409409,69317.5625,1.2282227277755737
144900.0,0.0,0.0,-4200133.5,7.764759063720703,200.7138214111328,-0.00140203139744699,69316.2265625,1.2282465696334839
145000.0,0.0,0.0,-4200132.0,8.737892150878906,201.27490234375,0.0004002377390861511,69310.734375,1.2283437252044678
145100.0,0.0,0.0,-4200132.0,7.790011882781982,203.9188690185547,0.0017245777416974306,69302.015625,1.2284982204437256
145200.0,0.0,0.0,-4200130.5,8.285500526428223,202.38699340820312,0.00027125817723572254,69291.265625,1.2286888360977173
145300.0,0.0,0.0,-4200132.0,8.420858383178711,202.79803466796875,-0.0012730800081044436,69277.7109375,1.2289292812347412
145400.0,0.0,0.0,-4200131.0,8.035964012145996,200.9406280517578,-0.0015748926671221852,69259.9609375,1.2292442321777344
145500.0,0.0,0.0,-4200132.5,9.405182838439941,200.68267822265625,0.000363781931810081,69238.5625,1.2296241521835327
145600.0,0.0,0.0,-4200133.0,9.723113059997559,199.67428588867188,0.0004366976208984852,69215.6328125,1.2300316095352173
145700.0,0.0,0.0,-4200133.0,7.7909770011901855,199.88272094726562,-0.00012725719716399908,69191.734375,1.2304563522338867
145800.0,0.0,0.0,-4200132.0,8.507749557495117,197.97377014160156,-0.0005154813406988978,69166.140625,1.2309116125106812
145900.0,0.0,0.0,-4200136.5,7.6059417724609375,202.8939666748047,7.042044308036566e-05,69138.546875,1.23140287399292
146000.0,0.0,0.0,-4200133.0,8.901406288146973,200.65640258789062,0.0010363096371293068,69111.1015625,1.2318919897079468
146100.0,0.0,0.0,-4200133.0,8.447108268737793,199.9840850830078,0.00032105587888509035,69084.28125,1.232370138168335
146200.0,0.0,0.0,-4200133.0,9.497895240783691,198.42910766601562,-0.0005569554632529616,69058.3671875,1.232832670211792
146300.0,0.0,0.0,-4200136.5,7.461801052093506,200.63809204101562,-0.00026957830414175987,69033.0078125,1.2332854270935059
146400.0,0.0,0.0,-4200137.5,8.488929748535156,199.54856872558594,-0.00010528136044740677,69008.3671875,1.233725905418396
146500.0,0.0,0.0,-4200134.5,8.267925262451172,197.82260131835938,0.00013803166802972555,68984.7890625,1.234147548675537
146600.0,0.0,0.0,-4200137.0,8.515518188476562,202.5479278564453,0.0005615716800093651,68962.2578125,1.2345505952835083
146700.0,0.0,0.0,-4200133.5,6.567208290100098,200.08273315429688,0.00043317931704223156,68941.328125,1.2349255084991455
146800.0,0.0,0.0,-4200129.5,9.319485664367676,197.55555725097656,2.665049396455288e-05,68921.734375,1.2352765798568726
146900.0,0.0,0.0,-4200132.0,8.299808502197266,201.694580078125,3.119104076176882e-05,68903.5,1.2356034517288208
147000.0,0.0,0.0,-4200131.0,9.321762084960938,202.5164031982422,0.000481182592920959,68888.1171875,1.2358795404434204
147100.0,0.0,0.0,-4200129.0,8.611181259155273,202.6487274169922,-0.000452954089269042,68876.484375,1.2360881567001343
147200.0,0.0,0.0,-4200130.5,7.005194187164307,204.5242156982422,-0.0001750062219798565,68867.3828125,1.2362515926361084
147300.0,0.0,0.0,-4200127.5,7.862331867218018,200.0834197998047,0.0005498183891177177,68861.359375,1.236359715461731
147400.0,0.0,0.0,-4200134.5,7.583799839019775,204.32058715820312,0.0008640362648293376,68859.1015625,1.2364002466201782
147500.0,0.0,0.0,-4200130.5,12.974864959716797,200.62001037597656,0.0005300145130604506,68860.4765625,1.2363754510879517
147600.0,0.0,0.0,-4200131.0,9.777491569519043,200.20745849609375,-0.0014152624644339085,68864.53125,1.2363027334213257
147700.0,0.0,0.0,-4200130.0,7.850544452667236,198.4885711669922,-0.00021851016208529472,68870.078125,1.2362030744552612
147800.0,0.0,0.0,-4200132.0,7.378942489624023,199.7977752685547,0.0005355025641620159,68878.6015625,1.2360503673553467
147900.0,0.0,0.0,-4200133.5,7.396581649780273,199.7063446044922,0.0017586613539606333,68889.0859375,1.2358620166778564
148000.0,0.0,0.0,-4200131.5,6.835461139678955,196.94122314453125,-4.101032391190529e-05,68902.7578125,1.2356168031692505
148100.0,0.0,0.0,-4200134.5,8.590023040771484,199.3852081298828,-0.0006013333331793547,68918.0703125,1.2353423833847046
148200.0,0.0,0.0,-4200137.0,7.607439994812012,202.0792236328125,-0.0002625627676025033,68935.9609375,1.2350218296051025
148300.0,0.0,0.0,-4200133.5,7.312073707580566,199.44078063964844,-0.00028760707937180996,68956.1015625,1.2346609830856323
148400.0,0.0,0.0,-4200132.0,8.733936309814453,199.0634765625,0.00148822832852602,68977.1875,1.234283685684204
148500.0,0.0,0.0,-4200134.0,7.135442733764648,202.9126434326172,0.00037712324410676956,69001.46875,1.233849287033081
148600.0,0.0,0.0,-4200132.5,7.036221504211426,203.30992126464844,-5.372206214815378e-05,69028.234375,1.2333707809448242
148700.0,0.0,0.0,-4200134.0,8.24853515625,206.2523956298828,-0.0009089135564863682,69057.125,1.2328547239303589
148800.0,0.0,0.0,-4200131.0,8.99458122253418,203.5191192626953,0.0005678569432348013,69086.5234375,1.2323302030563354
148900.0,0.0,0.0,-4200130.0,6.746366024017334,201.47007751464844,0.0001338277943432331,69117.0625,1.2317856550216675
149000.0,0.0,0.0,-4200131.0,8.786077499389648,200.62278747558594,2.0238105207681656e-05,69147.53125,1.2312430143356323
149100.0,0.0,0.0,-4200132.0,7.43644905090332,199.98326110839844,6.930727977305651e-05,69177.546875,1.2307088375091553
149200.0,0.0,0.0,-4200134.5,6.758638381958008,203.66714477539062,-0.0004057686310261488,69206.8046875,1.2301883697509766
149300.0,0.0,0.0,-4200131.5,7.58357572555542,200.66673278808594,0.0002907615853473544,69234.8828125,1.2296894788742065
149400.0,0.0,0.0,-4200133.0,7.823488235473633,201.07861328125,-0.00037532171700149775,69261.265625,1.2292211055755615
149500.0,0.0,0.0,-4200134.5,8.032843589782715,201.63685607910156,0.0003294828347861767,69284.578125,1.2288075685501099
149600.0,0.0,0.0,-4200134.5,7.932008743286133,200.7733917236328,-0.0005355036118999124,69305.703125,1.2284330129623413
149700.0,0.0,0.0,-4200133.0,7.857605457305908,200.0038604736328,-0.0005511739291250706,69323.671875,1.2281144857406616
149800.0,0.0,0.0,-4200134.0,8.557809829711914,200.2971954345703,-0.0006220348877832294,69338.421875,1.2278532981872559
149900.0,0.0,0.0,-4200131.5,7.0670061111450195,197.42269897460938,-9.319907985627651e-05,69349.7265625,1.2276531457901
150000.0,0.0,0.0,-4200135.0,7.696747303009033,198.51837158203125,0.0002921289997175336,69358.0078125,1.2275067567825317
150100.0,0.0,0.0,-4200136.5,6.802281856536865,198.2789764404297,-0.0004530209116637707,69363.6328125,1.2274070978164673
150200.0,0.0,0.0,-4200134.5,8.195401191711426,195.02720642089844,-0.00028164463583379984,69364.7890625,1.2273865938186646
150300.0,0.0,0.0,-4200138.0,9.869351387023926,199.96238708496094,-0.00010682828724384308,69361.8515625,1.2274384498596191
150400.0,0.0,0.0,-4200133.0,7.532387733459473,196.0316925048828,0.000361498212441802,69355.3671875,1.2275532484054565
150500.0,0.0,0.0,-4200137.5,7.604948997497559,202.57809448242188,-3.31199262291193e-05,69346.25,1.2277147769927979
150600.0,0.0,0.0,-4200130.0,8.728863716125488,195.27731323242188,-0.00024800258688628674,69334.1328125,1.2279293537139893
150700.0,0.0,0.0,-4200133.5,6.375109672546387,201.7388916015625,-0.0015481128357350826,69320.3984375,1.2281726598739624
150800.0,0.0,0.0,-4200128.0,7.750050067901611,196.34031677246094,-0.0003054541302844882,69303.4375,1.2284730672836304
150900.0,0.0,0.0,-4200131.0,8.123409271240234,200.03713989257812,0.001498623751103878,69284.0625,1.2288166284561157
151000.0,0.0,0.0,-4200129.5,7.362608432769775,198.5285186767578,0.0003846940817311406,69263.5859375,1.229179859161377
151100.0,0.0,0.0,-4200130.5,7.9921555519104,199.1304473876953,0.0002670867834240198,69240.453125,1.2295905351638794
151200.0,0.0,0.0,-4200132.5,11.891491889953613,201.16848754882812,-0.0015816459199413657,69214.9609375,1.2300435304641724
151300.0,0.0,0.0,-4200131.0,7.186086654663086,198.718017578125,-0.0012444270541891456,69186.9921875,1.2305406332015991
151400.0,0.0,0.0,-4200132.0,7.997448921203613,200.24819946289062,0.0002732544671744108,69157.1796875,1.2310712337493896
151500.0,0.0,0.0,-4200134.0,7.306762218475342,200.53564453125,0.000948447035625577,69127.328125,1.2316027879714966
151600.0,0.0,0.0,-4200131.0,7.616913795471191,198.66213989257812,0.0006085287313908339,69096.9609375,1.2321439981460571
151700.0,0.0,0.0,-4200136.5,8.025324821472168,204.90304565429688,-1.791468821465969e-05,69066.2421875,1.232692003250122
151800.0,0.0,0.0,-4200134.5,8.861750602722168,203.15480041503906,-0.0005913701606914401,69036.5625,1.2332220077514648
151900.0,0.0,0.0,-4200135.0,8.41441822052002,201.0900421142578,-0.0005662869662046432,69007.234375,1.23374605178833
152000.0,0.0,0.0,-4200135.5,7.554139614105225,199.6490020751953,0.0004294023383408785,68979.0859375,1.2342495918273926
152100.0,0.0,0.0,-4200138.0,6.985811710357666,203.32614135742188,0.0005854172632098198,68953.1640625,1.2347135543823242
152200.0,0.0,0.0,-4200130.5,9.320491790771484,196.67291259765625,0.001819878933019936,68929.09375,1.235144853591919
152300.0,0.0,0.0,-4200134.5,7.728870868682861,200.77964782714844,-0.0003252243623137474,68908.671875,1.2355108261108398
152400.0,0.0,0.0,-4200130.0,9.418255805969238,198.16336059570312,-0.001275386312045157,68890.7421875,1.2358324527740479
152500.0,0.0,0.0,-4200130.5,8.111761093139648,200.00103759765625,-0.0016601493116468191,68875.328125,1.2361091375350952
152600.0,0.0,0.0,-4200131.0,9.882990837097168,201.3615264892578,0.0009924988262355328,68861.375,1.2363593578338623
152700.0,0.0,0.0,-4200132.0,7.3436760902404785,202.2743682861328,0.0019637239165604115,68850.7265625,1.2365506887435913
152800.0,0.0,0.0,-4200130.0,7.664936065673828,198.75555419921875,0.0013692384818568826,68844.390625,1.2366644144058228
152900.0,0.0,0.0,-4200135.0,9.192069053649902,202.95912170410156,-0.0008573461091145873,68841.59375,1.2367146015167236
153000.0,0.0,0.0,-4200134.0,7.505121231079102,201.36805725097656,-0.0016186031280085444,68841.8125,1.236710786819458
153100.0,0.0,0.0,-4200129.5,8.994390487670898,198.86044311523438,-0.0005910024046897888,68845.046875,1.2366527318954468
153200.0,0.0,0.0,-4200134.5,8.5318021774292,202.29991149902344,0.0010317720007151365,68852.3828125,1.2365208864212036
153300.0,0.0,0.0,-4200131.5,8.077823638916016,197.3291473388672,0.0010763353202491999,68864.7421875,1.2362987995147705
153400.0,0.0,0.0,-4200133.0,8.208757400512695,198.02694702148438,0.0004038145998492837,68880.5859375,1.2360146045684814
153500.0,0.0,0.0,-4200133.5,8.061025619506836,198.2182159423828,0.00037189049180597067,68898.171875,1.2356992959976196
153600.0,0.0,0.0,-4200136.5,8.119000434875488,202.0558624267578,-0.00019702233839780092,68919.1015625,1.2353237867355347
153700.0,0.0,0.0,-4200133.5,8.228893280029297,199.26205444335938,-0.00061905721668154,68943.6640625,1.2348836660385132
153800.0,0.0,0.0,-4200132.0,9.7490234375,198.61595153808594,-0.00027565902564674616,68970.5625,1.234402060508728
153900.0,0.0,0.0,-4200137.0,8.222379684448242,204.8578643798828,0.0010600653477013111,68999.7265625,1.2338804006576538
154000.0,0.0,0.0,-4200131.5,8.872356414794922,200.68919372558594,0.0010811372194439173,69030.375,1.233332633972168
154100.0,0.0,0.0,-4200132.5,8.782258987426758,203.1845703125,7.305457256734371e-05,69062.7421875,1.2327544689178467
154200.0,0.0,0.0,-4200133.5,8.09238338470459,200.7200927734375,-0.0016343947499990463,69096.1328125,1.2321587800979614
154300.0,0.0,0.0,-4200133.0,7.842362880706787,198.80718994140625,-0.001515295123681426,69128.7265625,1.2315778732299805
154400.0,0.0,0.0,-4200136.5,10.269618034362793,203.40798950195312,0.0006412172224372625,69160.4609375,1.2310127019882202
154500.0,0.0,0.0,-4200130.5,9.61103343963623,196.82078552246094,0.0016930788988247514,69191.296875,1.2304641008377075
154600.0,0.0,0.0,-4200132.0,8.103240013122559,197.57945251464844,0.001510612666606903,69222.4453125,1.2299104928970337
154700.0,0.0,0.0,-4200132.5,8.455716133117676,199.00424194335938,-0.0009900156874209642,69252.7421875,1.2293723821640015
154800.0,0.0,0.0,-4200134.5,7.1533966064453125,202.192138671875,-0.001654359744861722,69279.6640625,1.228894829750061
154900.0,0.0,0.0,-4200130.0,8.176156997680664,197.06329345703125,-0.0007877470925450325,69302.4140625,1.228491187095642
155000.0,0.0,0.0,-4200134.0,8.251769065856934,203.46546936035156,0.0005848462460562587,69320.8203125,1.2281650304794312
155100.0,0.0,0.0,-4200131.5,12.680957794189453,199.79872131347656,-0.0004395304713398218,69335.671875,1.2279019355773926
155200.0,0.0,0.0,-4200135.5,7.890312194824219,201.5699005126953,0.0001947176642715931,69346.34375,1.2277129888534546
155300.0,0.0,0.0,-4200132.5,9.88073444366455,197.5067901611328,9.069452062249184e-06,69352.8203125,1.2275985479354858
155400.0,0.0,0.0,-4200132.5,8.915022850036621,196.62347412109375,-4.25633043050766e-05,69355.0703125,1.2275584936141968
155500.0,0.0,0.0,-4200134.5,8.041053771972656,199.14295959472656,5.731126293540001e-06,69354.1953125,1.2275742292404175
155600.0,0.0,0.0,-4200133.0,8.93703842163086,198.1714324951172,-0.0007211929187178612,69349.8125,1.227651596069336
155700.0,0.0,0.0,-4200133.0,6.9780683517456055,200.96371459960938,-4.154350608587265e-05,69341.8515625,1.227792739868164
155800.0,0.0,0.0,-4200128.5,8.71589469909668,199.35923767089844,-0.0006043192697688937,69330.0625,1.2280012369155884
155900.0,0.0,0.0,-4200132.0,9.022908210754395,204.3007049560547,0.00048458657693117857,69313.9453125,1.228286862373352
156000.0,0.0,0.0,-4200127.0,7.3671393394470215,199.90673828125,-8.19019041955471e-05,69296.015625,1.2286046743392944
156100.0,0.0,0.0,-4200133.5,9.692268371582031,206.72608947753906,-0.0005213009426370263,69275.0859375,1.228975772857666
156200.0,0.0,0.0,-4200128.0,9.993464469909668,199.2340850830078,0.0006171984132379293,69251.0078125,1.2294031381607056
156300.0,0.0,0.0,-4200136.0,7.748630046844482,206.91867065429688,-0.00028007407672703266,69225.5,1.2298561334609985
156400.0,0.0,0.0,-4200128.5,8.653944969177246,198.03736877441406,-0.0004752418026328087,69197.703125,1.2303500175476074
156500.0,0.0,0.0,-4200133.5,7.978814601898193,203.1431427001953,-0.0013418784365057945,69169.2421875,1.2308564186096191
156600.0,0.0,0.0,-4200134.5,8.133662223815918,202.61851501464844,0.0003822179278358817,69140.0859375,1.2313754558563232
156700.0,0.0,0.0,-4200131.5,7.960170745849609,199.83648681640625,0.0018182446947321296,69110.703125,1.2318991422653198
156800.0,0.0,0.0,-4200135.0,7.3235249519348145,203.942626953125,0.00015039520803838968,69082.15625,1.2324082851409912
156900.0,0.0,0.0,-4200132.0,7.755120277404785,199.15000915527344,-0.0011951855849474669,69053.015625,1.2329283952713013
157000.0,0.0,0.0,-4200134.5,7.100167751312256,201.2444305419922,-0.001626347890123725,69024.4296875,1.2334387302398682
157100.0,0.0,0.0,-4200133.5,8.814949989318848,199.65066528320312,0.0001367819495499134,68996.4609375,1.2339386940002441
157200.0,0.0,0.0,-4200131.0,8.95244312286377,199.0232696533203,0.002121483674272895,68970.8828125,1.2343963384628296
157300.0,0.0,0.0,-4200134.0,7.006027698516846,202.40415954589844,0.0012383825378492475,68948.1484375,1.2348034381866455
157400.0,0.0,0.0,-4200132.5,8.298055648803711,200.13275146484375,0.00013452465645968914,68927.609375,1.2351713180541992
157500.0,0.0,0.0,-4200133.5,7.688225269317627,200.44561767578125,-0.0011720893671736121,68909.2734375,1.2354999780654907
157600.0,0.0,0.0,-4200130.5,7.094680309295654,197.25376892089844,-0.0006358649116009474,68894.1171875,1.235771894454956
157700.0,0.0,0.0,-4200134.5,7.04109525680542,198.2821044921875,0.0003223869716748595,68883.0,1.235971450805664
157800.0,0.0,0.0,-4200136.5,7.024560928344727,197.33197021484375,8.897308725863695e-05,68874.984375,1.2361152172088623
157900.0,0.0,0.0,-4200136.0,8.193777084350586,197.25601196289062,5.7980185374617577e-05,68870.015625,1.2362042665481567
158000.0,0.0,0.0,-4200133.5,8.130049705505371,197.17138671875,0.00010149204172194004,68867.7265625,1.2362455129623413
158100.0,0.0,0.0,-4200133.5,7.7435832023620605,199.61940002441406,0.0014730204129591584,68869.2578125,1.2362178564071655
158200.0,0.0,0.0,-4200133.0,8.02757740020752,199.88565063476562,-0.0007508613634854555,68875.3671875,1.2361081838607788
158300.0,0.0,0.0,-4200133.0,7.112972259521484,201.84400939941406,-0.0003439615247771144,68883.5078125,1.2359623908996582
158400.0,0.0,0.0,-4200132.0,7.980684757232666,201.8675537109375,0.0006372914649546146,68894.578125,1.2357635498046875
158500.0,0.0,0.0,-4200132.5,7.828549861907959,204.02645874023438,0.0001015528105199337,68908.8671875,1.2355072498321533
158600.0,0.0,0.0,-4200129.5,10.8883638381958,200.28424072265625,0.00012663460802286863,68926.0859375,1.2351986169815063
158700.0,0.0,0.0,-4200130.5,10.196063995361328,197.7154083251953,-0.00086291937623173,68945.8046875,1.2348453998565674
158800.0,0.0,0.0,-4200131.0,11.145798683166504,197.93170166015625,0.0002924656728282571,68967.078125,1.234464406967163
158900.0,0.0,0.0,-4200130.5,8.45622444152832,196.58477783203125,0.0005182959139347076,68990.7109375,1.2340415716171265
159000.0,0.0,0.0,-4200132.5,6.680872440338135,199.3751220703125,0.00041454669553786516,69016.8359375,1.2335745096206665
159100.0,0.0,0.0,-4200134.0,8.66458511352539,200.15451049804688,-6.029754877090454e-05,69044.234375,1.233085036277771
159200.0,0.0,0.0,-4200129.0,8.031805038452148,195.12644958496094,-0.0012037812266498804,69071.6953125,1.2325947284698486
159300.0,0.0,0.0,-4200132.0,8.601033210754395,199.3574981689453,-0.00021649652626365423,69098.2265625,1.2321215867996216
159400.0,0.0,0.0,-4200132.5,7.605714321136475,198.83970642089844,0.001020497060380876,69123.8359375,1.231665015220642
159500.0,0.0,0.0,-4200134.5,8.076712608337402,199.83741760253906,0.0008106195600703359,69148.796875,1.2312206029891968
159600.0,0.0,0.0,-4200134.0,8.52502155303955,198.43902587890625,-0.0009137394372373819,69173.2890625,1.2307844161987305
159700.0,0.0,0.0,-4200133.0,8.058266639709473,196.92123413085938,-0.0012080883607268333,69195.703125,1.2303860187530518
159800.0,0.0,0.0,-4200136.0,8.235331535339355,200.31430053710938,0.00042881269473582506,69214.5546875,1.2300506830215454
159900.0,0.0,0.0,-4200136.5,7.361839771270752,201.30606079101562,0.0015338166849687696,69232.0390625,1.229740023612976
160000.0,0.0,0.0,-4200133.5,8.889568328857422,200.07254028320312,6.499665323644876e-05,69248.40625,1.2294492721557617
160100.0,0.0,0.0,-4200132.0,7.547463893890381,201.1431884765625,-0.0011940717231482267,69261.765625,1.2292122840881348
160200.0,0.0,0.0,-4200128.5,7.405120849609375,201.68698120117188,-0.0013069439446553588,69271.515625,1.2290393114089966
160300.0,0.0,0.0,-4200132.0,7.405980587005615,206.33340454101562,0.0009616994066163898,69278.828125,1.2289094924926758
160400.0,0.0,0.0,-4200131.5,10.66795825958252,204.36424255371094,0.001149905612692237,69284.0703125,1.2288165092468262
160500.0,0.0,0.0,-4200131.0,7.747817039489746,201.56381225585938,-8.013797923922539e-06,69287.234375,1.2287604808807373
160600.0,0.0,0.0,-4200132.5,12.454061508178711,201.73741149902344,-0.0009471173398196697,69287.1796875,1.2287613153457642
160700.0,0.0,0.0,-4200128.5,9.418850898742676,197.0054931640625,-0.000979760428890586,69283.7421875,1.2288222312927246
160800.0,0.0,0.0,-4200129.5,8.158893585205078,197.8936004638672,6.42421655356884e-05,69278.296875,1.2289189100265503
160900.0,0.0,0.0,-4200132.0,9.532206535339355,200.32334899902344,-9.605556260794401e-05,69270.859375,1.229050874710083
161000.0,0.0,0.0,-4200132.0,9.162809371948242,200.80714416503906,0.0010526977712288499,69261.6953125,1.2292134761810303
161100.0,0.0,0.0,-4200135.0,11.877140998840332,202.0319366455078,-0.001322240917943418,69251.421875,1.2293957471847534
161200.0,0.0,0.0,-4200137.0,7.639140605926514,202.53369140625,-0.0006898394785821438,69238.7109375,1.2296216487884521
161300.0,0.0,0.0,-4200133.0,6.905417442321777,197.534423828125,-0.0008396018529310822,69224.8515625,1.229867696762085
161400.0,0.0,0.0,-4200136.0,8.260660171508789,200.78675842285156,0.0017870769370347261,69209.296875,1.2301440238952637
161500.0,0.0,0.0,-4200134.0,9.539324760437012,198.76622009277344,0.000981025630608201,69193.9453125,1.230417013168335
161600.0,0.0,0.0,-4200130.5,11.312943458557129,197.385009765625,-0.0006362798158079386,69177.9921875,1.2307008504867554
161700.0,0.0,0.0,-4200132.0,9.045148849487305,202.96119689941406,-0.0006029236828908324,69160.59375,1.2310103178024292
161800.0,0.0,0.0,-4200125.5,8.615782737731934,198.13360595703125,-0.0013106794795021415,69142.7578125,1.2313278913497925
161900.0,0.0,0.0,-4200131.0,8.1643648147583,204.48492431640625,0.0012444142485037446,69123.875,1.2316645383834839
162000.0,0.0,0.0,-4200131.5,7.3659844398498535,203.5270538330078,0.0007298768032342196,69105.828125,1.2319859266281128
162100.0,0.0,0.0,-4200130.0,9.50680923461914,200.37290954589844,-3.127858508378267e-05,69088.453125,1.2322957515716553
162200.0,0.0,0.0,-4200133.0,7.654481410980225,204.13552856445312,-0.0009089581435546279,69071.4921875,1.2325984239578247
162300.0,0.0,0.0,-4200128.5,6.958950519561768,197.8492889404297,-0.0006014021346345544,69054.6015625,1.232899785041809
162400.0,0.0,0.0,-4200133.5,10.641974449157715,204.54591369628906,0.0010120293591171503,69038.125,1.2331942319869995
162500.0,0.0,0.0,-4200135.0,7.2087297439575195,204.15582275390625,0.00037272635381668806,69021.6484375,1.2334885597229004
162600.0,0.0,0.0,-4200133.5,8.239784240722656,201.64015197753906,-6.628851406276226e-05,69005.4765625,1.2337775230407715
162700.0,0.0,0.0,-4200133.5,8.050774574279785,199.8446807861328,-0.0002602547174319625,68989.5,1.2340633869171143
162800.0,0.0,0.0,-4200132.5,9.071392059326172,198.07933044433594,-0.0006414102390408516,68975.3515625,1.234316349029541
162900.0,0.0,0.0,-4200135.0,8.302950859069824,200.5068817138672,0.00046521215699613094,68963.796875,1.2345232963562012
163000.0,0.0,0.0,-4200137.5,7.4986162185668945,204.17202758789062,0.0002713267458602786,68954.7265625,1.2346856594085693
163100.0,0.0,0.0,-4200130.5,8.3001127243042,197.8195037841797,8.62611923366785e-05,68946.9609375,1.234824776649475
163200.0,0.0,0.0,-4200134.0,7.424342155456543,201.07656860351562,0.0003117738524451852,68940.4296875,1.2349416017532349
163300.0,0.0,0.0,-4200135.0,6.749668598175049,200.78392028808594,0.000860250205732882,68936.390625,1.2350139617919922
163400.0,0.0,0.0,-4200134.5,7.696649551391602,199.91317749023438,-0.0006926505593582988,68935.171875,1.2350358963012695
163500.0,0.0,0.0,-4200133.0,8.07794189453125,197.69313049316406,-0.00046688562724739313,68935.2109375,1.2350350618362427
163600.0,0.0,0.0,-4200136.0,7.461950778961182,199.6463165283203,0.0005533503135666251,68936.4609375,1.2350126504898071
163700.0,0.0,0.0,-4200135.5,7.334733963012695,198.5895538330078,0.0006729154847562313,68940.7265625,1.2349364757537842
163800.0,0.0,0.0,-4200132.5,8.155060768127441,197.93592834472656,0.0008296588202938437,68948.0078125,1.234805941581726
163900.0,0.0,0.0,-4200134.5,8.119197845458984,201.0093994140625,-0.0010443044593557715,68958.328125,1.2346210479736328
164000.0,0.0,0.0,-4200132.0,7.552600383758545,200.67388916015625,-1.271604560315609e-05,68970.0234375,1.2344117164611816
164100.0,0.0,0.0,-4200131.5,8.684943199157715,203.2117156982422,0.00046556885354220867,68983.015625,1.234179139137268
164200.0,0.0,0.0,-4200129.0,7.860991477966309,202.4413299560547,0.0010458937613293529,68998.7578125,1.2338976860046387
164300.0,0.0,0.0,-4200128.0,8.693269729614258,200.2510223388672,-0.0006527979858219624,69018.328125,1.2335479259490967
164400.0,0.0,0.0,-4200128.0,8.480960845947266,199.27655029296875,-0.0012062748428434134,69040.03125,1.2331600189208984
164500.0,0.0,0.0,-4200132.5,9.09943675994873,203.2822723388672,-0.00017938809469342232,69062.1953125,1.2327643632888794
164600.0,0.0,0.0,-4200131.0,10.621132850646973,200.30857849121094,0.0014950329205021262,69085.375,1.2323505878448486
164700.0,0.0,0.0,-4200133.0,7.524694442749023,202.9763641357422,0.0010621563997119665,69110.296875,1.2319064140319824
164800.0,0.0,0.0,-4200128.5,8.316551208496094,197.38023376464844,-0.0009574805153533816,69136.859375,1.2314329147338867
164900.0,0.0,0.0,-4200131.5,7.09004545211792,201.59169006347656,-0.0012610217090696096,69162.03125,1.2309849262237549
165000.0,0.0,0.0,-4200132.5,7.442166805267334,200.73550415039062,5.2559422329068184e-05,69185.2421875,1.2305717468261719
165100.0,0.0,0.0,-4200132.5,7.413913726806641,198.73202514648438,0.0005783034721389413,69207.140625,1.230182409286499
165200.0,0.0,0.0,-4200135.5,7.305426120758057,200.86196899414062,0.00046231423038989305,69229.3125,1.2297883033752441
165300.0,0.0,0.0,-4200130.0,8.735003471374512,195.97418212890625,-0.0008015962084755301,69250.375,1.2294143438339233
165400.0,0.0,0.0,-4200136.5,7.5298895835876465,203.3475799560547,-0.0004518310306593776,69267.4296875,1.229111671447754
165500.0,0.0,0.0,-4200134.5,6.346956253051758,200.9813232421875,0.00045258598402142525,69281.0859375,1.2288695573806763
165600.0,0.0,0.0,-4200133.5,8.359450340270996,201.59884643554688,0.0007243315922096372,69293.59375,1.2286475896835327
165700.0,0.0,0.0,-4200133.5,6.693607807159424,202.8083038330078,-0.000571298529393971,69304.875,1.2284475564956665
165800.0,0.0,0.0,-4200130.0,7.954119682312012,200.25881958007812,-0.0014823040692135692,69313.6328125,1.2282923460006714
165900.0,0.0,0.0,-4200133.5,7.880698204040527,204.3551788330078,-0.00023244821932166815,69318.828125,1.2282003164291382
166000.0,0.0,0.0,-4200132.5,7.558656692504883,203.34339904785156,0.0008872341713868082,69321.984375,1.2281445264816284
166100.0,0.0,0.0,-4200133.0,7.116394519805908,202.40292358398438,0.00024403049610555172,69324.1796875,1.2281055450439453
166200.0,0.0,0.0,-4200135.0,7.189315319061279,202.63839721679688,-0.00013008713722229004,69324.3125,1.2281031608581543
166300.0,0.0,0.0,-4200135.5,8.02145004272461,202.23521423339844,-0.0019877839367836714,69321.9765625,1.2281445264816284
166400.0,0.0,0.0,-4200136.5,8.096839904785156,201.65496826171875,-0.0006254808977246284,69315.7421875,1.2282549142837524
166500.0,0.0,0.0,-4200133.0,8.40964412689209,198.8792266845703,0.0005701492773368955,69306.765625,1.2284140586853027
166600.0,0.0,0.0,-4200135.0,6.565927982330322,202.1534423828125,0.0014397820923477411,69295.1640625,1.2286198139190674
166700.0,0.0,0.0,-4200129.5,8.411602020263672,196.64910888671875,9.204563684761524e-05,69281.3671875,1.2288644313812256
166800.0,0.0,0.0,-4200135.5,6.539827346801758,203.93215942382812,-0.0009771601762622595,69265.2265625,1.2291507720947266
166900.0,0.0,0.0,-4200135.5,8.081045150756836,203.25509643554688,-0.0005803386447951198,69246.7265625,1.229479193687439
167000.0,0.0,0.0,-4200135.5,8.359945297241211,202.40599060058594,0.00022439472377300262,69226.5078125,1.229838252067566
167100.0,0.0,0.0,-4200134.0,7.036491870880127,199.87986755371094,0.0008296722080558538,69205.234375,1.230216383934021
167200.0,0.0,0.0,-4200134.0,8.51107406616211,201.1629180908203,-0.0006765124853700399,69182.7734375,1.2306157350540161
167300.0,0.0,0.0,-4200133.5,7.369011878967285,198.892822265625,0.00012181210331618786,69158.0703125,1.231055498123169
167400.0,0.0,0.0,-4200136.5,7.734899520874023,201.4366455078125,-0.0007290231296792626,69131.8203125,1.2315226793289185
167500.0,0.0,0.0,-4200132.5,8.900262832641602,196.97071838378906,0.00011765747331082821,69104.5625,1.232008457183838
167600.0,0.0,0.0,-4200131.5,9.364672660827637,197.5159912109375,0.0002352643059566617,69076.8671875,1.2325024604797363
167700.0,0.0,0.0,-4200132.0,7.338768005371094,199.0598602294922,0.0006032900419086218,69049.328125,1.2329941987991333
167800.0,0.0,0.0,-4200133.5,6.774249076843262,202.34130859375,0.0006666923873126507,69022.3203125,1.2334764003753662
167900.0,0.0,0.0,-4200130.0,8.097671508789062,200.4218292236328,0.00020537280943244696,68996.3828125,1.2339400053024292
168000.0,0.0,0.0,-4200131.0,7.2952423095703125,201.70558166503906,-0.0002062253188341856,68973.34375,1.234352469444275
168100.0,0.0,0.0,-4200130.5,7.483741760253906,201.3571319580078,-0.00027598883025348186,68953.4609375,1.2347081899642944
168200.0,0.0,0.0,-4200133.0,7.031668186187744,201.83595275878906,0.0002167876809835434,68936.203125,1.2350172996520996
168300.0,0.0,0.0,-4200135.5,6.419015407562256,201.25244140625,-0.00012122408952564001,68922.046875,1.2352710962295532
168400.0,0.0,0.0,-4200132.0,8.701030731201172,197.01284790039062,0.0005816334160044789,68910.0859375,1.235485553741455
168500.0,0.0,0.0,-4200137.5,8.150598526000977,203.62744140625,0.00015018507838249207,68901.59375,1.2356375455856323
168600.0,0.0,0.0,-4200133.0,7.943931579589844,198.41111755371094,0.00015790353063493967,68897.0234375,1.2357197999954224
168700.0,0.0,0.0,-4200134.5,6.389145851135254,200.3800506591797,-0.000641360878944397,68896.9375,1.2357213497161865
168800.0,0.0,0.0,-4200134.5,8.420141220092773,201.3567352294922,0.00029860518407076597,68900.59375,1.235655665397644
168900.0,0.0,0.0,-4200131.5,8.773716926574707,199.47940063476562,0.0005418775836005807,68907.3671875,1.2355341911315918
169000.0,0.0,0.0,-4200133.0,7.343567371368408,204.22291564941406,0.0010183700360357761,68917.828125,1.235346794128418
169100.0,0.0,0.0,-4200130.5,8.936993598937988,202.4102020263672,0.00025194743648171425,68932.3125,1.2350869178771973
169200.0,0.0,0.0,-4200134.5,7.184223651885986,207.72279357910156,-0.00036925356835126877,68949.9296875,1.234771490097046
169300.0,0.0,0.0,-4200132.0,8.184015274047852,203.79653930664062,-0.0004474360030144453,68970.1015625,1.234410285949707
169400.0,0.0,0.0,-4200135.0,7.935335636138916,204.56895446777344,0.00011026870924979448,68992.7890625,1.2340043783187866
169500.0,0.0,0.0,-4200131.5,7.3741841316223145,198.6793212890625,0.00026247056666761637,69018.1171875,1.2335515022277832
169600.0,0.0,0.0,-4200135.5,8.25728988647461,202.97059631347656,2.9604416340589523e-06,69046.046875,1.2330527305603027
169700.0,0.0,0.0,-4200131.0,8.1759614944458,198.16966247558594,-0.00012055214028805494,69075.3984375,1.232528567314148
169800.0,0.0,0.0,-4200134.5,8.498868942260742,201.4167022705078,7.705471944063902e-05,69106.8203125,1.2319681644439697
169900.0,0.0,0.0,-4200134.0,10.002609252929688,201.18406677246094,0.0005642083706334233,69139.3046875,1.2313895225524902
170000.0,0.0,0.0,-4200134.0,6.697712421417236,200.7888641357422,-0.0011007945286110044,69171.4375,1.2308175563812256
170100.0,0.0,0.0,-4200134.5,8.034159660339355,200.6185760498047,-9.326764848083258e-05,69201.78125,1.23027765750885
170200.0,0.0,0.0,-4200136.0,8.249802589416504,202.39112854003906,-0.00038429698906838894,69231.203125,1.22975492477417
170300.0,0.0,0.0,-4200132.5,8.377228736877441,198.82098388671875,0.0008406863198615611,69259.5546875,1.229251503944397
170400.0,0.0,0.0,-4200135.5,9.132891654968262,202.1214599609375,-9.172467980533838e-05,69286.4296875,1.2287747859954834
170500.0,0.0,0.0,-4200131.5,9.328641891479492,199.90969848632812,-0.000780487316660583,69310.78125,1.2283430099487305
170600.0,0.0,0.0,-4200132.0,7.768294811248779,198.7958526611328,4.452979192137718e-05,69331.7421875,1.2279714345932007
170700.0,0.0,0.0,-4200132.0,8.030522346496582,198.88865661621094,-0.0010321515146642923,69349.109375,1.2276639938354492
170800.0,0.0,0.0,-4200132.0,8.726668357849121,198.1768341064453,0.0006733158370479941,69361.8828125,1.2274380922317505
170900.0,0.0,0.0,-4200133.0,7.670403003692627,198.15213012695312,-0.0009675383334979415,69371.0390625,1.2272758483886719
171000.0,0.0,0.0,-4200133.5,10.025009155273438,198.4036865234375,0.0002780925715342164,69376.046875,1.2271873950958252
171100.0,0.0,0.0,-4200134.5,8.153898239135742,201.02056884765625,-0.00040922267362475395,69377.5625,1.2271608114242554
171200.0,0.0,0.0,-4200134.5,8.708941459655762,202.18862915039062,0.00023748853709548712,69375.453125,1.2271981239318848
171300.0,0.0,0.0,-4200132.5,10.846612930297852,202.49481201171875,-0.0009233617456629872,69369.90625,1.2272961139678955
171400.0,0.0,0.0,-4200134.0,9.050081253051758,205.7217254638672,-0.0013039738405495882,69360.6796875,1.2274593114852905
171500.0,0.0,0.0,-4200132.0,7.608939170837402,205.66098022460938,-0.0006379130063578486,69347.7421875,1.2276883125305176
171600.0,0.0,0.0,-4200130.5,9.791284561157227,203.35427856445312,0.0007729099597781897,69330.6875,1.2279903888702393
171700.0,0.0,0.0,-4200130.0,7.973654270172119,199.63612365722656,0.0023524288553744555,69310.421875,1.2283493280410767
171800.0,0.0,0.0,-4200133.0,7.5833868980407715,200.79347229003906,-0.0009963359916582704,69288.890625,1.2287310361862183
171900.0,0.0,0.0,-4200133.5,9.328064918518066,201.69650268554688,-0.0005116409156471491,69263.734375,1.2291772365570068
172000.0,0.0,0.0,-4200133.0,8.976238250732422,200.49879455566406,-0.0018294446635991335,69235.9921875,1.2296698093414307
172100.0,0.0,0.0,-4200133.5,5.8583197593688965,200.3240203857422,0.0008185651386156678,69205.2734375,1.2302155494689941
172200.0,0.0,0.0,-4200135.5,7.925530910491943,202.90982055664062,0.0012616801541298628,69174.0625,1.2307707071304321
172300.0,0.0,0.0,-4200134.5,7.806499004364014,201.57302856445312,0.0004031489370390773,69142.5703125,1.2313312292099
172400.0,0.0,0.0,-4200133.0,8.101530075073242,199.12535095214844,-0.0009601295460015535,69110.3671875,1.2319049835205078
172500.0,0.0,0.0,-4200131.0,8.344765663146973,196.33541870117188,-0.0012193345464766026,69077.484375,1.2324914932250977
172600.0,0.0,0.0,-4200134.0,7.877513885498047,199.15155029296875,0.0008347588591277599,69044.328125,1.2330833673477173
172700.0,0.0,0.0,-4200132.5,9.210127830505371,197.61126708984375,-0.0001243234146386385,69014.203125,1.2336214780807495
172800.0,0.0,0.0,-4200134.5,7.9301958084106445,201.0150909423828,0.0017867970746010542,68986.21875,1.2341220378875732
172900.0,0.0,0.0,-4200133.5,8.432762145996094,197.45021057128906,0.0006656921468675137,68960.5234375,1.234581708908081
173000.0,0.0,0.0,-4200136.0,10.413013458251953,196.625244140625,0.00016800477169454098,68938.1328125,1.2349827289581299
173100.0,0.0,0.0,-4200139.0,8.279301643371582,199.1794891357422,-0.0013460199115797877,68919.921875,1.23530912399292
173200.0,0.0,0.0,-4200136.0,8.09269905090332,197.2401580810547,-0.0013037133030593395,68904.3515625,1.2355883121490479
173300.0,0.0,0.0,-4200136.0,7.586607456207275,199.69187927246094,0.0012206279207020998,68891.6484375,1.235816240310669
173400.0,0.0,0.0,-4200132.5,10.076614379882812,198.83261108398438,0.0019370190566405654,68881.859375,1.2359917163848877
173500.0,0.0,0.0,-4200135.5,7.793382167816162,205.1349334716797,0.001512698596343398,68875.65625,1.2361030578613281
173600.0,0.0,0.0,-4200129.0,7.350876808166504,199.3427734375,-0.0022428035736083984,68874.5078125,1.2361236810684204
173700.0,0.0,0.0,-4200128.5,8.257537841796875,200.8104248046875,-0.00045082822907716036,68875.296875,1.2361094951629639
173800.0,0.0,0.0,-4200131.0,7.254851341247559,201.94598388671875,-0.00016148597933351994,68880.0078125,1.2360249757766724
173900.0,0.0,0.0,-4200132.5,9.009421348571777,200.96759033203125,0.0017598842969164252,68887.859375,1.235884189605713
174000.0,0.0,0.0,-4200135.0,7.067138195037842,202.84849548339844,0.0008360343053936958,68899.9921875,1.2356663942337036
174100.0,0.0,0.0,-4200133.0,8.49672794342041,200.01620483398438,-0.0007166018476709723,68915.7265625,1.2353843450546265
174200.0,0.0,0.0,-4200134.5,8.234036445617676,201.55313110351562,-0.00014939019456505775,68933.6640625,1.235062837600708
174300.0,0.0,0.0,-4200130.5,7.646673679351807,198.73275756835938,-0.0017295274883508682,68953.5625,1.2347064018249512
174400.0,0.0,0.0,-4200129.0,9.015237808227539,197.07850646972656,0.0014536806847900152,68974.453125,1.2343323230743408
174500.0,0.0,0.0,-4200134.5,7.705504417419434,201.08645629882812,2.0056613720953465e-05,68998.7109375,1.2338985204696655
174600.0,0.0,0.0,-4200133.0,8.997783660888672,198.88047790527344,0.0010285205207765102,69023.078125,1.233462929725647
174700.0,0.0,0.0,-4200137.5,7.882432460784912,204.0601806640625,-0.00025675271172076464,69048.8828125,1.2330020666122437
174800.0,0.0,0.0,-4200131.0,8.253739356994629,197.66244506835938,0.0005133545491844416,69075.3984375,1.2325286865234375
174900.0,0.0,0.0,-4200137.5,8.290608406066895,207.3547821044922,0.0007033862639218569,69101.3359375,1.2320661544799805
175000.0,0.0,0.0,-4200128.0,8.257109642028809,197.6980743408203,-0.0026834593154489994,69127.328125,1.2316027879714966
175100.0,0.0,0.0,-4200133.0,7.643400192260742,203.5483856201172,0.0002170427469536662,69152.1953125,1.2311598062515259
175200.0,0.0,0.0,-4200130.5,8.407994270324707,201.7589874267578,0.00042454409413039684,69176.84375,1.2307212352752686
175300.0,0.0,0.0,-4200131.5,7.748368740081787,201.77764892578125,0.0034212186001241207,69201.03125,1.2302910089492798
175400.0,0.0,0.0,-4200132.0,8.304544448852539,201.1398468017578,-0.0012628482654690742,69226.15625,1.229844570159912
175500.0,0.0,0.0,-4200132.5,7.277023792266846,201.41844177246094,-0.0014680385356768966,69249.40625,1.2294316291809082
175600.0,0.0,0.0,-4200131.5,9.106454849243164,202.03854370117188,-0.0014203236205503345,69269.6484375,1.2290724515914917
175700.0,0.0,0.0,-4200136.0,8.46180534362793,205.50933837890625,-7.193919736891985e-05,69287.6796875,1.2287527322769165
175800.0,0.0,0.0,-4200134.0,8.056557655334473,204.13351440429688,0.0030465805903077126,69304.2890625,1.2284579277038574
175900.0,0.0,0.0,-4200131.5,7.713726043701172,199.89036560058594,-3.8583530113101006e-05,69320.2578125,1.2281749248504639
176000.0,0.0,0.0,-4200131.5,6.992658615112305,201.23049926757812,0.0006665523396804929,69332.9140625,1.2279508113861084
176100.0,0.0,0.0,-4200134.5,8.779640197753906,203.58226013183594,-0.0016607402358204126,69342.5234375,1.2277805805206299
176200.0,0.0,0.0,-4200132.0,6.60390043258667,199.61883544921875,-0.0005622030002996325,69347.9453125,1.2276846170425415
176300.0,0.0,0.0,-4200134.5,7.559470176696777,204.23545837402344,-0.00035295262932777405,69349.75,1.2276527881622314
176400.0,0.0,0.0,-4200130.5,8.936867713928223,200.1595916748047,-0.0004103748360648751,69347.5546875,1.2276915311813354
176500.0,0.0,0.0,-4200133.0,8.264698028564453,202.4595947265625,0.0005472713382914662,69340.390625,1.2278183698654175
176600.0,0.0,0.0,-4200132.5,11.349320411682129,200.5661163330078,-0.0005666193319484591,69328.59375,1.22802734375
176700.0,0.0,0.0,-4200135.0,9.01015853881836,204.6382598876953,0.0005456656217575073,69311.7890625,1.2283248901367188
176800.0,0.0,0.0,-4200133.5,9.49963665008545,203.53958129882812,-0.0017382182413712144,69292.9296875,1.2286593914031982
176900.0,0.0,0.0,-4200135.0,7.390347480773926,205.54776000976562,-0.0003078273730352521,69269.625,1.2290726900100708
177000.0,0.0,0.0,-4200132.0,7.240428924560547,204.55813598632812,-0.0001427195966243744,69242.765625,1.229549527168274
177100.0,0.0,0.0,-4200133.5,8.672797203063965,206.54473876953125,0.0007591171888634562,69211.71875,1.2301011085510254
177200.0,0.0,0.0,-4200133.0,7.584992408752441,204.7777862548828,0.000881231389939785,69178.4140625,1.2306932210922241
177300.0,0.0,0.0,-4200130.5,9.379490852355957,202.075927734375,-0.0011224935296922922,69144.9609375,1.2312887907028198
177400.0,0.0,0.0,-4200132.5,8.211355209350586,204.2737274169922,-6.109185051172972e-05,69108.6015625,1.2319364547729492
177500.0,0.0,0.0,-4200130.5,6.150833606719971,201.2333984375,-0.0006748629966750741,69072.09375,1.2325875759124756
177600.0,0.0,0.0,-4200132.0,8.663304328918457,200.9518585205078,0.0016257722163572907,69035.03125,1.2332491874694824
177700.0,0.0,0.0,-4200131.5,8.349888801574707,199.28712463378906,-0.00018614495638757944,68998.78125,1.2338972091674805
177800.0,0.0,0.0,-4200130.0,9.947071075439453,199.29269409179688,0.0004525369731709361,68963.703125,1.2345248460769653
177900.0,0.0,0.0,-4200137.5,8.765918731689453,206.06150817871094,-0.0006642891094088554,68929.140625,1.2351438999176025
178000.0,0.0,0.0,-4200134.5,9.105424880981445,201.69007873535156,-7.457169704139233e-05,68896.0859375,1.2357364892959595
178100.0,0.0,0.0,-4200132.0,6.695469856262207,198.91285705566406,0.0006153736030682921,68865.3125,1.2362887859344482
178200.0,0.0,0.0,-4200132.0,7.301272869110107,199.5384063720703,-0.000296858255751431,68837.8046875,1.2367827892303467
178300.0,0.0,0.0,-4200135.5,7.513631820678711,202.43861389160156,-0.00010576751083135605,68813.859375,1.2372130155563354
178400.0,0.0,0.0,-4200133.0,9.428717613220215,201.28912353515625,0.0005856363568454981,68793.5390625,1.2375785112380981
178500.0,0.0,0.0,-4200131.5,7.982234954833984,199.46908569335938,0.0009094234555959702,68777.484375,1.2378673553466797
178600.0,0.0,0.0,-4200133.0,9.939252853393555,201.4463653564453,0.00026511866599321365,68766.0390625,1.238073468208313
178700.0,0.0,0.0,-4200131.0,8.251981735229492,199.31874084472656,-5.9829093515872955e-05,68758.5859375,1.2382075786590576
178800.0,0.0,0.0,-4200130.0,7.724440574645996,198.35171508789062,0.00016979710198938847,68755.515625,1.2382628917694092
178900.0,0.0,0.0,-4200133.5,8.276268005371094,201.87132263183594,-0.0009009259520098567,68757.1171875,1.238234043121338
179000.0,0.0,0.0,-4200132.5,7.939236640930176,200.16575622558594,0.0002732624998316169,68761.6796875,1.238152027130127
179100.0,0.0,0.0,-4200130.5,8.644867897033691,198.5374755859375,0.0011548246257007122,68770.1328125,1.237999677658081
179200.0,0.0,0.0,-4200135.5,8.54026985168457,203.4434051513672,0.0011871627066284418,68783.484375,1.2377594709396362
179300.0,0.0,0.0,-4200133.5,7.805678844451904,199.21530151367188,0.0001007808605208993,68801.6328125,1.2374329566955566
179400.0,0.0,0.0,-4200132.0,9.850473403930664,195.6795654296875,-0.0014555469388142228,68824.53125,1.2370212078094482
179500.0,0.0,0.0,-4200133.0,8.06464672088623,199.28509521484375,-0.000590938376262784,68849.4765625,1.2365729808807373
179600.0,0.0,0.0,-4200138.0,7.15496826171875,203.2367706298828,0.00026310852263122797,68877.1953125,1.2360754013061523
179700.0,0.0,0.0,-4200128.5,7.966618537902832,196.55050659179688,0.0032798806205391884,68907.4296875,1.2355329990386963
179800.0,0.0,0.0,-4200134.0,9.322854995727539,200.10330200195312,8.466991130262613e-05,68942.5859375,1.23490309715271
179900.0,0.0,0.0,-4200134.0,9.590341567993164,197.19546508789062,0.00023190455976873636,68978.7890625,1.2342548370361328
180000.0,0.0,0.0,-4200135.0,7.110227584838867,197.18931579589844,-0.0012889956124126911,69015.828125,1.2335925102233887
180100.0,0.0,0.0,-4200137.0,7.120838165283203,200.15260314941406,-6.348476745188236e-06,69052.84375,1.2329312562942505
180200.0,0.0,0.0,-4200134.5,8.709659576416016,197.8437042236328,0.0005283454665914178,69090.5546875,1.2322583198547363
180300.0,0.0,0.0,-4200131.5,8.48287582397461,197.86245727539062,-0.0011022334219887853,69127.9453125,1.231591820716858
180400.0,0.0,0.0,-4200129.0,10.021668434143066,199.0890655517578,0.0006476264679804444,69163.9921875,1.230949878692627
180500.0,0.0,0.0,-4200132.5,9.146761894226074,203.5420684814453,-0.00012083642650395632,69199.015625,1.2303268909454346
180600.0,0.0,0.0,-4200131.0,11.961727142333984,203.5718231201172,0.0018050235230475664,69232.453125,1.2297327518463135
180700.0,0.0,0.0,-4200132.5,7.807732105255127,204.40699768066406,-0.001309000770561397,69265.7421875,1.2291417121887207
180800.0,0.0,0.0,-4200131.0,7.0023016929626465,202.42481994628906,-0.0006052036769688129,69295.671875,1.2286107540130615
180900.0,0.0,0.0,-4200131.5,8.508294105529785,202.4237060546875,-0.0009909899672493339,69322.03125,1.228143572807312
181000.0,0.0,0.0,-4200133.5,8.346238136291504,202.48428344726562,0.0004610799951478839,69345.0625,1.2277356386184692
181100.0,0.0,0.0,-4200132.0,10.228937149047852,199.9801788330078,0.0005967736942693591,69366.03125,1.2273646593093872
181200.0,0.0,0.0,-4200131.5,8.019980430603027,200.06849670410156,0.00035384518560022116,69383.875,1.2270489931106567
181300.0,0.0,0.0,-4200131.0,10.522089958190918,197.93087768554688,-0.0006967163644731045,69397.875,1.2268015146255493
181400.0,0.0,0.0,-4200130.5,8.230086326599121,198.1145782470703,-0.001850016531534493,69405.828125,1.2266607284545898
181500.0,0.0,0.0,-4200132.0,8.696849822998047,198.8299102783203,-0.0001189579488709569,69408.6875,1.2266101837158203
181600.0,0.0,0.0,-4200133.5,7.848896026611328,200.95541381835938,0.0001238791737705469,69408.0703125,1.226621150970459
181700.0,0.0,0.0,-4200134.5,8.027504920959473,199.5417022705078,0.00036264315713196993,69403.359375,1.2267043590545654
181800.0,0.0,0.0,-4200133.0,11.196761131286621,197.6665802001953,-0.0002511105267331004,69394.0234375,1.2268694639205933
181900.0,0.0,0.0,-4200135.0,8.659806251525879,198.8246307373047,-0.00046066963113844395,69379.6796875,1.2271230220794678
182000.0,0.0,0.0,-4200136.0,8.759392738342285,201.05316162109375,-0.00046282552648335695,69360.734375,1.2274583578109741
182100.0,0.0,0.0,-4200132.5,8.887409210205078,196.8485870361328,-0.0005275123985484242,69338.0,1.227860689163208
182200.0,0.0,0.0,-4200131.5,7.918467998504639,196.0166473388672,-0.0002007099101319909,69310.7578125,1.2283433675765991
182300.0,0.0,0.0,-4200132.0,9.634063720703125,196.85044860839844,0.00019415002316236496,69278.8359375,1.2289092540740967
182400.0,0.0,0.0,-4200136.0,8.931753158569336,202.45301818847656,0.0010973409516736865,69243.2890625,1.229540467262268
182500.0,0.0,0.0,-4200134.5,7.589348793029785,202.1139678955078,-0.00017513625789433718,69205.5703125,1.2302104234695435
182600.0,0.0,0.0,-4200136.0,8.513683319091797,205.20608520507812,-0.00034322321880608797,69166.828125,1.2308995723724365
182700.0,0.0,0.0,-4200129.5,6.992247581481934,200.20849609375,-0.0014518739189952612,69127.1484375,1.231605887413025
182800.0,0.0,0.0,-4200132.5,8.938216209411621,203.31764221191406,0.0005237868754193187,69085.671875,1.232345461845398
182900.0,0.0,0.0,-4200129.5,9.284911155700684,198.2708282470703,0.00024116411805152893,69045.5234375,1.2330620288848877
183000.0,0.0,0.0,-4200134.0,10.195920944213867,200.64845275878906,0.0005111430073156953,69006.234375,1.2337639331817627
183100.0,0.0,0.0,-4200130.5,9.666467666625977,195.22190856933594,0.00031279725953936577,68969.21875,1.2344261407852173
183200.0,0.0,0.0,-4200130.5,8.10434341430664,195.56439208984375,-0.0007756041595712304,68934.125,1.2350547313690186
183300.0,0.0,0.0,-4200135.0,7.24582052230835,200.2369842529297,0.0007762897294014692,68900.8671875,1.2356507778167725
183400.0,0.0,0.0,-4200130.5,6.97471284866333,198.35281372070312,-0.0007757375715300441,68870.9296875,1.2361878156661987
183500.0,0.0,0.0,-4200131.0,8.401915550231934,199.17880249023438,0.00030862807761877775,68843.9921875,1.2366715669631958
183600.0,0.0,0.0,-4200132.5,9.750321388244629,201.0107421875,-0.000854550045914948,68820.7109375,1.237089991569519
183700.0,0.0,0.0,-4200129.5,8.390176773071289,197.17181396484375,0.0005531073547899723,68800.3671875,1.2374558448791504
183800.0,0.0,0.0,-4200137.0,7.540611743927002,202.9619598388672,0.0012628239346668124,68783.453125,1.2377599477767944
183900.0,0.0,0.0,-4200136.0,7.120687007904053,199.36302185058594,0.00015311117749661207,68771.359375,1.2379776239395142
184000.0,0.0,0.0,-4200135.5,8.693086624145508,197.29119873046875,0.0004324378678575158,68764.4765625,1.238101601600647
184100.0,0.0,0.0,-4200135.0,6.884831428527832,198.04656982421875,-0.0011245209025219083,68762.5546875,1.2381361722946167
184200.0,0.0,0.0,-4200134.5,6.90040397644043,200.6512451171875,0.0009209322743117809,68764.359375,1.2381037473678589
184300.0,0.0,0.0,-4200133.0,8.858566284179688,200.44363403320312,0.0009024280006997287,68769.7890625,1.2380058765411377
184400.0,0.0,0.0,-4200132.0,8.65114688873291,200.52142333984375,0.0004472999135032296,68779.125,1.2378379106521606
184500.0,0.0,0.0,-4200135.5,8.128708839416504,206.39273071289062,0.00101040443405509,68792.34375,1.2375999689102173
184600.0,0.0,0.0,-4200131.5,7.350374221801758,201.39862060546875,-0.0008942062268033624,68809.390625,1.2372933626174927
184700.0,0.0,0.0,-4200131.0,6.993946075439453,197.9352569580078,0.0009579999605193734,68830.0546875,1.2369221448898315
184800.0,0.0,0.0,-4200134.5,9.400803565979004,200.6249237060547,-0.001026600832119584,68854.46875,1.2364833354949951
184900.0,0.0,0.0,-4200136.0,7.4775567054748535,202.2890167236328,0.0010762757156044245,68881.5546875,1.235997200012207
185000.0,0.0,0.0,-4200136.5,6.698453903198242,202.66709899902344,0.00025284558068960905,68911.4921875,1.2354601621627808
185100.0,0.0,0.0,-4200132.0,9.674715995788574,199.0855712890625,-0.00023034110199660063,68941.9375,1.2349146604537964
185200.0,0.0,0.0,-4200134.0,8.645244598388672,201.5360870361328,0.0007982898969203234,68973.734375,1.234345555305481
185300.0,0.0,0.0,-4200134.5,9.10964584350586,201.77870178222656,-0.0005450816825032234,69006.828125,1.2337534427642822
185400.0,0.0,0.0,-4200135.0,8.076422691345215,200.96090698242188,0.0005909106694161892,69039.96875,1.2331610918045044
185500.0,0.0,0.0,-4200132.5,6.567772388458252,200.7274169921875,-0.0013961349613964558,69074.1796875,1.2325503826141357
185600.0,0.0,0.0,-4200135.5,7.844110488891602,201.89926147460938,0.000869874726049602,69106.421875,1.2319755554199219
185700.0,0.0,0.0,-4200135.5,7.392664909362793,199.86924743652344,0.0008415565825998783,69137.5,1.231421709060669
185800.0,0.0,0.0,-4200133.5,8.01677131652832,197.90155029296875,-6.120884791016579e-06,69167.0,1.2308963537216187
185900.0,0.0,0.0,-4200136.0,9.1587495803833,200.85369873046875,7.531768642365932e-05,69193.4453125,1.2304259538650513
186000.0,0.0,0.0,-4200135.5,7.376147747039795,201.83615112304688,-0.0010468693217262626,69216.6875,1.2300127744674683
186100.0,0.0,0.0,-4200133.5,9.056007385253906,200.8455810546875,-0.00050350371748209,69235.46875,1.2296791076660156
186200.0,0.0,0.0,-4200134.5,7.706918239593506,203.54690551757812,-0.00011685071513056755,69251.0,1.2294032573699951
186300.0,0.0,0.0,-4200131.5,7.929174423217773,203.44236755371094,0.0005054690409451723,69263.1796875,1.2291873693466187
186400.0,0.0,0.0,-4200126.5,7.139689922332764,199.84552001953125,-5.914038047194481e-05,69272.4296875,1.2290229797363281
186500.0,0.0,0.0,-4200128.0,7.9847517013549805,201.6532745361328,-0.00024281442165374756,69278.3671875,1.2289175987243652
186600.0,0.0,0.0,-4200133.0,9.070394515991211,205.33428955078125,-0.0001516849733889103,69281.0,1.2288708686828613
186700.0,0.0,0.0,-4200130.5,8.472366333007812,201.27059936523438,-0.0004596348153427243,69279.8671875,1.228891134262085
186800.0,0.0,0.0,-4200133.0,9.583590507507324,203.6453857421875,-0.00012111873365938663,69275.7578125,1.228963851928711
186900.0,0.0,0.0,-4200133.0,7.929673194885254,202.76046752929688,-0.00018203456420451403,69268.7265625,1.2290886640548706
187000.0,0.0,0.0,-4200131.0,7.775388240814209,199.06900024414062,0.0007907418766990304,69258.046875,1.2292782068252563
187100.0,0.0,0.0,-4200134.0,6.937147617340088,201.55714416503906,-0.0005340432981029153,69245.7890625,1.229495882987976
187200.0,0.0,0.0,-4200132.0,8.77064323425293,200.00161743164062,0.0008602321613579988,69230.2109375,1.2297725677490234
187300.0,0.0,0.0,-4200130.0,7.278896331787109,196.25389099121094,-0.0016743559390306473,69213.671875,1.2300665378570557
187400.0,0.0,0.0,-4200137.0,8.845454216003418,202.80186462402344,-0.0005272085545584559,69195.75,1.2303849458694458
187500.0,0.0,0.0,-4200131.5,9.200632095336914,197.44366455078125,0.00039528473280370235,69175.8671875,1.2307387590408325
187600.0,0.0,0.0,-4200131.5,8.226819038391113,197.70254516601562,0.000783751136623323,69154.2734375,1.2311228513717651
187700.0,0.0,0.0,-4200131.5,7.402054786682129,196.9700164794922,0.0002843413967639208,69131.7890625,1.2315232753753662
187800.0,0.0,0.0,-4200131.5,7.767390727996826,196.451171875,-0.0013609013985842466,69108.328125,1.2319416999816895
187900.0,0.0,0.0,-4200133.0,9.047661781311035,197.41439819335938,-1.8827500753104687e-05,69083.9453125,1.2323763370513916
188000.0,0.0,0.0,-4200136.0,10.275187492370605,199.87518310546875,-0.000659178476780653,69058.640625,1.2328276634216309
188100.0,0.0,0.0,-4200137.5,8.999995231628418,201.0779266357422,0.0008459317614324391,69031.875,1.233305811882019
188200.0,0.0,0.0,-4200134.0,7.896417617797852,198.6502227783203,-4.6148430556058884e-05,69005.953125,1.233769178390503
188300.0,0.0,0.0,-4200135.5,7.937378883361816,200.47142028808594,0.00010287959594279528,68980.3359375,1.2342274188995361
188400.0,0.0,0.0,-4200135.5,8.094780921936035,203.37571716308594,-0.0006243216339498758,68955.84375,1.2346655130386353
188500.0,0.0,0.0,-4200130.5,7.3604044914245605,200.98126220703125,-0.00014249864034354687,68932.71875,1.2350797653198242
188600.0,0.0,0.0,-4200131.5,8.393831253051758,203.64535522460938,0.00023334822617471218,68911.796875,1.235454797744751
188700.0,0.0,0.0,-4200130.0,8.24763011932373,203.6350860595703,0.0003232015296816826,68894.8984375,1.235757827758789
188800.0,0.0,0.0,-4200129.0,9.489105224609375,200.50491333007812,0.0009472311940044165,68882.03125,1.2359886169433594
188900.0,0.0,0.0,-4200131.5,7.875150203704834,202.62013244628906,0.0006087460787966847,68872.609375,1.236157774925232
189000.0,0.0,0.0,-4200129.0,6.967735290527344,199.7079315185547,-0.00012750725727528334,68866.4140625,1.2362688779830933
189100.0,0.0,0.0,-4200133.0,7.042871475219727,202.7771759033203,-0.0005041133845224977,68864.2109375,1.2363084554672241
189200.0,0.0,0.0,-4200131.5,8.021770477294922,200.29910278320312,-0.0002639393787831068,68865.421875,1.2362867593765259
189300.0,0.0,0.0,-4200133.0,8.140082359313965,200.4822998046875,0.00028653559274971485,68869.875,1.2362067699432373
189400.0,0.0,0.0,-4200131.0,9.458033561706543,196.9861602783203,0.0011898819357156754,68876.734375,1.236083745956421
189500.0,0.0,0.0,-4200134.0,8.319697380065918,199.94677734375,0.0012322698021307588,68887.1953125,1.2358962297439575
189600.0,0.0,0.0,-4200135.0,7.292069911956787,200.70127868652344,-6.752624176442623e-05,68901.7734375,1.235634446144104
189700.0,0.0,0.0,-4200130.5,7.685537338256836,195.54888916015625,-0.0013839821331202984,68919.1875,1.23532235622406
189800.0,0.0,0.0,-4200134.0,6.94236946105957,199.2069549560547,-0.0002871262840926647,68938.21875,1.2349812984466553
189900.0,0.0,0.0,-4200132.5,7.871160507202148,198.4917449951172,0.000294483732432127,68959.1171875,1.2346069812774658
190000.0,0.0,0.0,-4200132.0,8.436254501342773,199.15451049804688,0.0017194041283801198,68982.765625,1.234183669090271
190100.0,0.0,0.0,-4200132.5,8.248867988586426,201.6922607421875,0.0003315022913739085,69008.125,1.2337301969528198
190200.0,0.0,0.0,-4200129.5,6.978515148162842,201.7324981689453,-0.0010043502552434802,69034.0859375,1.2332662343978882
190300.0,0.0,0.0,-4200131.5,7.365180969238281,205.07476806640625,-0.0007068918785080314,69059.9609375,1.232804298400879
190400.0,0.0,0.0,-4200131.0,8.938170433044434,202.8612823486328,0.00012014992535114288,69085.84375,1.2323423624038696
190500.0,0.0,0.0,-4200131.0,7.045045375823975,201.46157836914062,0.0009372907807119191,69111.78125,1.2318798303604126
190600.0,0.0,0.0,-4200129.5,7.500516891479492,197.8433837890625,-0.00027349009178578854,69137.890625,1.231414556503296
190700.0,0.0,0.0,-4200132.0,10.794589042663574,199.90823364257812,-0.00041962519753724337,69161.3671875,1.2309967279434204
190800.0,0.0,0.0,-4200133.5,7.105380535125732,200.272705078125,-0.000458364374935627,69182.75,1.2306160926818848
190900.0,0.0,0.0,-4200133.0,8.352408409118652,200.29116821289062,0.0004250194178894162,69202.8046875,1.2302595376968384
191000.0,0.0,0.0,-4200136.0,7.599969387054443,202.71493530273438,-0.0001165829598903656,69222.2578125,1.2299137115478516
191100.0,0.0,0.0,-4200133.5,7.305879592895508,199.12008666992188,-0.000724331708624959,69239.6953125,1.2296040058135986
191200.0,0.0,0.0,-4200131.0,8.313615798950195,197.0708465576172,-0.0005010353634133935,69253.875,1.2293522357940674
191300.0,0.0,0.0,-4200134.5,7.554742336273193,200.6470489501953,-0.00013848498929291964,69265.6015625,1.2291440963745117
191400.0,0.0,0.0,-4200132.5,8.579113006591797,197.77662658691406,0.0009198508923873305,69273.9453125,1.2289961576461792
191500.0,0.0,0.0,-4200134.5,7.6966328620910645,199.03594970703125,-0.00019488565158098936,69279.4921875,1.2288978099822998
191600.0,0.0,0.0,-4200132.0,9.76733112335205,195.8356475830078,-0.0011316485470160842,69282.125,1.2288509607315063
191700.0,0.0,0.0,-4200133.0,8.412872314453125,197.91018676757812,-0.0006953204283490777,69280.484375,1.2288800477981567
191800.0,0.0,0.0,-4200134.5,7.658975601196289,201.5782470703125,0.0007021204801276326,69275.2578125,1.2289729118347168
191900.0,0.0,0.0,-4200132.5,8.713400840759277,201.27272033691406,0.0012416018871590495,69268.5625,1.2290915250778198
192000.0,0.0,0.0,-4200133.5,7.3951311111450195,204.03977966308594,-0.0009495504200458527,69260.3203125,1.2292377948760986
192100.0,0.0,0.0,-4200130.0,7.300407886505127,200.45550537109375,-0.0013327777851372957,69249.1640625,1.229435920715332
192200.0,0.0,0.0,-4200130.5,8.695771217346191,200.3917999267578,-0.0003658210625872016,69234.90625,1.2296890020370483
192300.0,0.0,0.0,-4200131.5,8.917757034301758,200.35726928710938,0.0010649989126250148,69218.640625,1.2299782037734985
192400.0,0.0,0.0,-4200134.0,6.835474014282227,201.78472900390625,0.0004137447103857994,69201.3671875,1.2302850484848022
192500.0,0.0,0.0,-4200133.0,10.946554183959961,201.5768280029297,0.00021959503646939993,69182.40625,1.2306222915649414
192600.0,0.0,0.0,-4200133.0,6.800182819366455,200.29222106933594,-0.0011445137206465006,69163.0,1.2309675216674805
192700.0,0.0,0.0,-4200135.0,8.862677574157715,202.25662231445312,0.0001862822100520134,69142.9140625,1.2313252687454224
192800.0,0.0,0.0,-4200132.5,6.812182903289795,198.88194274902344,-0.00021957606077194214,69123.46875,1.2316715717315674
192900.0,0.0,0.0,-4200134.0,7.82728910446167,200.69137573242188,-0.00015473784878849983,69105.1875,1.2319974899291992
193000.0,0.0,0.0,-4200134.5,9.47081470489502,201.20303344726562,-0.0001995519269257784,69086.984375,1.2323219776153564
193100.0,0.0,0.0,-4200134.0,8.466826438903809,200.8046875,0.00046769483014941216,69068.78125,1.2326469421386719
193200.0,0.0,0.0,-4200133.0,8.770830154418945,200.78875732421875,0.0009909020736813545,69050.7421875,1.2329686880111694
193300.0,0.0,0.0,-4200131.5,7.519774913787842,198.35557556152344,-0.0007714536041021347,69034.796875,1.2332534790039062
193400.0,0.0,0.0,-4200133.5,8.63899040222168,199.6636199951172,-0.0005805495893582702,69019.2890625,1.2335306406021118
193500.0,0.0,0.0,-4200131.5,8.375813484191895,195.73936462402344,-0.0004217257956042886,69004.0859375,1.2338025569915771
193600.0,0.0,0.0,-4200135.5,7.502287864685059,199.97923278808594,0.001571452827192843,68989.453125,1.2340641021728516
193700.0,0.0,0.0,-4200136.5,9.20917797088623,200.49795532226562,0.0006197524489834905,68977.171875,1.2342838048934937
193800.0,0.0,0.0,-4200134.0,7.799540996551514,197.73016357421875,-0.00035785255022346973,68966.71875,1.2344708442687988
193900.0,0.0,0.0,-4200132.5,8.300312042236328,196.93820190429688,-0.001671497360803187,68957.7109375,1.234632134437561
194000.0,0.0,0.0,-4200133.5,8.42868423461914,200.13186645507812,-0.00012940727174282074,68949.796875,1.2347739934921265
194100.0,0.0,0.0,-4200130.0,9.685393333435059,201.4514923095703,0.001512759830802679,68944.6640625,1.2348657846450806
194200.0,0.0,0.0,-4200129.5,9.278788566589355,202.12538146972656,0.0012490814551711082,68942.8203125,1.2348988056182861
194300.0,0.0,0.0,-4200129.0,9.144685745239258,201.1519012451172,7.59045360609889e-05,68945.34375,1.2348536252975464
194400.0,0.0,0.0,-4200134.5,6.604153633117676,205.10699462890625,-0.0012556803412735462,68950.3359375,1.2347642183303833
194500.0,0.0,0.0,-4200135.0,7.153913974761963,203.36636352539062,0.0004034667508676648,68956.2890625,1.234657645225525
194600.0,0.0,0.0,-4200134.0,7.557892799377441,202.2154083251953,1.4894991181790829e-05,68965.1171875,1.2344995737075806
194700.0,0.0,0.0,-4200134.0,7.7922139167785645,201.3822021484375,0.000783437630161643,68976.8046875,1.234290361404419
194800.0,0.0,0.0,-4200133.0,8.634000778198242,198.94029235839844,0.00016784656327217817,68991.6015625,1.2340257167816162
194900.0,0.0,0.0,-4200136.0,10.31026554107666,202.33721923828125,-0.00017932907212525606,69008.4140625,1.2337250709533691
195000.0,0.0,0.0,-4200133.0,7.436902046203613,198.76303100585938,0.000325774890370667,69026.484375,1.2334020137786865
195100.0,0.0,0.0,-4200134.5,7.379300117492676,200.04820251464844,0.0006099141901358962,69046.640625,1.2330421209335327
195200.0,0.0,0.0,-4200135.5,7.430510520935059,202.4071807861328,0.00065395119599998,69067.9921875,1.2326607704162598
195300.0,0.0,0.0,-4200134.0,7.872915267944336,201.45584106445312,-0.0007115057669579983,69090.7578125,1.2322546243667603
195400.0,0.0,0.0,-4200131.0,7.280572891235352,201.54598999023438,-0.0011319926707074046,69112.8671875,1.2318603992462158
195500.0,0.0,0.0,-4200132.5,8.049235343933105,204.1201629638672,-0.0002755805617198348,69134.6875,1.2314718961715698
195600.0,0.0,0.0,-4200129.5,7.276040554046631,202.3243408203125,0.0012132709380239248,69156.7890625,1.231078028678894
195700.0,0.0,0.0,-4200131.0,10.201437950134277,202.07028198242188,0.0006503554759547114,69178.3359375,1.2306946516036987
195800.0,0.0,0.0,-4200132.5,8.290013313293457,200.69915771484375,-4.576623905450106e-05,69198.3671875,1.2303383350372314
195900.0,0.0,0.0,-4200132.0,8.296934127807617,200.69363403320312,-0.0012547210790216923,69216.7265625,1.230012059211731
196000.0,0.0,0.0,-4200133.5,6.397528171539307,200.6858673095703,-0.0011855069315060973,69232.5390625,1.2297310829162598
196100.0,0.0,0.0,-4200132.0,6.902584552764893,201.2299346923828,3.3900607377290726e-05,69246.890625,1.2294762134552002
196200.0,0.0,0.0,-4200134.5,7.677711009979248,203.36294555664062,0.0010393536649644375,69260.03125,1.2292430400848389
196300.0,0.0,0.0,-4200131.5,7.708871364593506,198.54347229003906,0.0008997669210657477,69271.09375,1.2290467023849487
196400.0,0.0,0.0,-4200136.0,7.729144096374512,201.692138671875,-0.0005209544906392694,69279.875,1.2288908958435059
196500.0,0.0,0.0,-4200134.5,6.961272716522217,201.4575958251953,-0.0005584361497312784,69285.5625,1.2287901639938354
196600.0,0.0,0.0,-4200133.0,7.4977803230285645,199.48648071289062,-0.0012186531675979495,69288.7578125,1.2287334203720093
196700.0,0.0,0.0,-4200132.0,7.537895679473877,198.237548828125,-0.0002816094784066081,69289.359375,1.2287226915359497
196800.0,0.0,0.0,-4200131.0,9.128662109375,196.8800506591797,0.00011441274546086788,69287.3359375,1.2287585735321045
196900.0,0.0,0.0,-4200133.5,10.086689949035645,198.3474884033203,0.0010695608798414469,69282.9296875,1.2288368940353394
197000.0,0.0,0.0,-4200134.0,10.723187446594238,196.563720703125,7.430859841406345e-05,69276.546875,1.228950023651123
197100.0,0.0,0.0,-4200135.5,8.140247344970703,197.6440887451172,-0.0010004087816923857,69267.21875,1.22911536693573
197200.0,0.0,0.0,-4200136.0,7.774787902832031,197.77296447753906,-0.0009649398270994425,69254.171875,1.2293471097946167
197300.0,0.0,0.0,-4200134.5,7.512415409088135,197.37916564941406,-0.0005953122163191438,69239.890625,1.2296005487442017
197400.0,0.0,0.0,-4200136.0,7.6738996505737305,200.96934509277344,0.0006731873145326972,69223.9609375,1.2298835515975952
197500.0,0.0,0.0,-4200133.0,7.960686206817627,200.2159881591797,0.0007119588553905487,69206.3984375,1.2301956415176392
197600.0,0.0,0.0,-4200131.5,7.963685035705566,199.87326049804688,0.0004245693562552333,69187.609375,1.230529546737671
197700.0,0.0,0.0,-4200131.5,8.852838516235352,199.98602294921875,-0.0010752842063084245,69168.2265625,1.2308745384216309
197800.0,0.0,0.0,-4200130.5,8.339677810668945,199.25949096679688,-0.00023925176355987787,69148.96875,1.231217384338379
197900.0,0.0,0.0,-4200131.5,7.498694896697998,200.3761444091797,-0.00032121536787599325,69129.890625,1.2315571308135986
198000.0,0.0,0.0,-4200131.5,7.429868698120117,198.68740844726562,0.0008733525173738599,69110.6171875,1.231900691986084
198100.0,0.0,0.0,-4200133.5,8.068052291870117,199.57789611816406,0.00033471686765551567,69092.0859375,1.2322311401367188
198200.0,0.0,0.0,-4200133.5,6.61378812789917,199.55850219726562,-0.0005321394419297576,69073.3515625,1.23256516456604
198300.0,0.0,0.0,-4200136.0,7.719216823577881,202.7078094482422,-0.0009547264780849218,69054.4375,1.2329027652740479
198400.0,0.0,0.0,-4200133.0,9.011209487915039,198.6923065185547,2.895435318350792e-05,69035.3359375,1.2332440614700317
198500.0,0.0,0.0,-4200132.5,8.219858169555664,198.34075927734375,0.0015697757480666041,69018.015625,1.233553409576416
198600.0,0.0,0.0,-4200136.0,8.567525863647461,201.66143798828125,-0.0002200310118496418,69003.765625,1.233808159828186
198700.0,0.0,0.0,-4200126.5,7.62177848815918,192.7125701904297,-0.0007864109938964248,68991.3671875,1.23403000831604
198800.0,0.0,0.0,-4200136.0,7.50598669052124,203.96817016601562,-0.0007183848647400737,68981.4296875,1.2342076301574707
198900.0,0.0,0.0,-4200129.5,9.111483573913574,200.62281799316406,0.0014455483760684729,68974.265625,1.2343357801437378
199000.0,0.0,0.0,-4200132.5,7.278418064117432,205.29994201660156,0.0015141568146646023,68972.078125,1.234375
199100.0,0.0,0.0,-4200128.5,7.164450645446777,201.31695556640625,-0.001199930440634489,68974.78125,1.234326720237732
199200.0,0.0,0.0,-4200130.0,7.011116027832031,202.30711364746094,-0.0009442336158826947,68979.8359375,1.2342361211776733
199300.0,0.0,0.0,-4200133.0,7.203011512756348,203.03753662109375,0.00032705580815672874,68987.0234375,1.2341077327728271
199400.0,0.0,0.0,-4200130.0,8.693522453308105,197.02392578125,0.0015731676248833537,68997.6640625,1.233917236328125
199500.0,0.0,0.0,-4200135.0,7.74676513671875,202.1352996826172,0.0002702487399801612,69012.0703125,1.2336596250534058
199600.0,0.0,0.0,-4200129.0,7.852725982666016,196.304931640625,-0.0012175029842182994,69029.0625,1.23335599899292
199700.0,0.0,0.0,-4200133.0,7.367672443389893,199.82720947265625,-0.0004602891858667135,69046.515625,1.2330442667007446
199800.0,0.0,0.0,-4200134.0,7.974830627441406,200.03697204589844,-7.519801147282124e-05,69064.28125,1.2327271699905396
199900.0,0.0,0.0,-4200133.0,7.413574695587158,198.3815460205078,0.0012608051765710115,69083.75,1.232379674911499
