step,graph_idx,status,energy,fmax,temperature,pressure_eV_A3,volume_A3,density_g_cm3
0.0,0.0,0.0,-4200134.0,7.44439697265625,198.61233520507812,-0.00014559202827513218,69390.4453125,1.2269327640533447
100.0,0.0,0.0,-4200134.5,7.916532516479492,199.8133087158203,0.0006891080411151052,69399.2890625,1.2267764806747437
200.0,0.0,0.0,-4200135.5,7.244179725646973,200.5436553955078,-0.000761781819164753,69406.3515625,1.226651668548584
300.0,0.0,0.0,-4200135.0,8.343213081359863,199.75633239746094,-0.0003982646157965064,69411.0625,1.2265682220458984
400.0,0.0,0.0,-4200137.5,8.739776611328125,203.49046325683594,-0.000846153823658824,69412.0390625,1.2265510559082031
500.0,0.0,0.0,-4200131.5,6.856101036071777,200.35301208496094,0.0005623666802421212,69409.4140625,1.226597547531128
600.0,0.0,0.0,-4200132.0,7.752834796905518,202.84326171875,0.0012709245784208179,69405.125,1.2266732454299927
700.0,0.0,0.0,-4200129.5,10.145064353942871,202.13052368164062,-0.0009483448229730129,69400.3359375,1.2267580032348633
800.0,0.0,0.0,-4200129.0,8.540149688720703,203.23802185058594,-0.001072671147994697,69393.296875,1.2268823385238647
900.0,0.0,0.0,-4200126.5,10.175889015197754,201.68978881835938,-0.0008299926994368434,69383.4765625,1.2270559072494507
1000.0,0.0,0.0,-4200131.5,9.7974853515625,203.6075439453125,0.0014807250117883086,69371.71875,1.2272639274597168
1100.0,0.0,0.0,-4200132.5,9.947258949279785,202.53321838378906,0.001229063025675714,69359.3828125,1.2274821996688843
1200.0,0.0,0.0,-4200132.5,8.377141952514648,203.30609130859375,-0.0006113059353083372,69346.484375,1.2277106046676636
1300.0,0.0,0.0,-4200134.0,8.088473320007324,202.9901123046875,-0.0009803028078749776,69331.4375,1.22797691822052
1400.0,0.0,0.0,-4200133.0,7.754315376281738,200.25706481933594,-0.0016756613040342927,69313.9765625,1.2282863855361938
1500.0,0.0,0.0,-4200133.0,6.975509166717529,199.05352783203125,0.0010025124065577984,69294.0703125,1.2286391258239746
1600.0,0.0,0.0,-4200128.5,8.564805030822754,195.40267944335938,0.0011954744113609195,69274.4609375,1.2289868593215942
1700.0,0.0,0.0,-4200136.5,8.158950805664062,203.5518341064453,0.0014432836323976517,69255.8515625,1.2293171882629395
1800.0,0.0,0.0,-4200128.5,8.982587814331055,194.05300903320312,-0.0006885034963488579,69236.9375,1.229653000831604
1900.0,0.0,0.0,-4200134.5,7.151742458343506,199.89967346191406,-0.0018844078294932842,69216.4375,1.2300173044204712
2000.0,0.0,0.0,-4200129.0,9.228419303894043,195.0132293701172,8.003984112292528e-05,69194.9453125,1.230399250984192
2100.0,0.0,0.0,-4200134.0,7.356417179107666,199.14346313476562,0.0001470154384151101,69175.1796875,1.2307507991790771
2200.0,0.0,0.0,-4200138.0,7.01227331161499,202.2625274658203,0.0009337253286503255,69156.9453125,1.2310752868652344
2300.0,0.0,0.0,-4200133.5,7.301814556121826,197.0994110107422,-0.0003214942989870906,69139.625,1.2313836812973022
2400.0,0.0,0.0,-4200138.0,7.040478706359863,200.68394470214844,0.00019301963038742542,69121.6484375,1.2317038774490356
2500.0,0.0,0.0,-4200133.5,6.911613941192627,196.1079559326172,0.0003574806032702327,69105.8984375,1.2319846153259277
2600.0,0.0,0.0,-4200135.5,9.963031768798828,199.4890899658203,-0.00014036742504686117,69092.875,1.2322168350219727
2700.0,0.0,0.0,-4200129.5,8.377496719360352,196.0837860107422,0.00046474288683384657,69081.390625,1.2324219942092896
2800.0,0.0,0.0,-4200131.5,7.673644065856934,201.08425903320312,-0.0008309266995638609,69071.3828125,1.2326003313064575
2900.0,0.0,0.0,-4200129.0,10.166440963745117,199.9303436279297,0.0018082866445183754,69062.3515625,1.2327616214752197
3000.0,0.0,0.0,-4200132.5,8.264492988586426,203.48556518554688,0.0001426534727215767,69057.5,1.2328482866287231
3100.0,0.0,0.0,-4200133.5,6.8989458084106445,203.15399169921875,-0.00020773569121956825,69055.1171875,1.2328906059265137
3200.0,0.0,0.0,-4200128.5,8.599443435668945,196.0076904296875,-0.0013004873180761933,69054.8984375,1.2328946590423584
3300.0,0.0,0.0,-4200133.0,6.57885217666626,200.7935028076172,-0.00039944821037352085,69056.53125,1.2328654527664185
3400.0,0.0,0.0,-4200133.5,8.36732292175293,202.09307861328125,0.0012497836723923683,69059.9140625,1.2328051328659058
3500.0,0.0,0.0,-4200133.0,7.695953845977783,200.89784240722656,0.0003174130106344819,69066.65625,1.23268461227417
3600.0,0.0,0.0,-4200131.0,8.70797061920166,198.2620086669922,0.0007139577064663172,69075.7890625,1.2325217723846436
3700.0,0.0,0.0,-4200132.5,8.464893341064453,199.0452117919922,-0.0013266662135720253,69086.40625,1.2323323488235474
3800.0,0.0,0.0,-4200131.5,9.075294494628906,199.18580627441406,0.00041751330718398094,69097.9296875,1.2321268320083618
3900.0,0.0,0.0,-4200132.0,7.428421497344971,198.8749237060547,-0.0003707228461280465,69112.59375,1.231865406036377
4000.0,0.0,0.0,-4200134.5,7.687150001525879,200.55958557128906,-0.00034834188409149647,69129.7265625,1.2315599918365479
4100.0,0.0,0.0,-4200132.5,9.258197784423828,198.5884246826172,2.9376358725130558e-05,69148.9765625,1.2312171459197998
4200.0,0.0,0.0,-4200136.0,7.621710300445557,199.80548095703125,0.0007659746333956718,69169.3125,1.2308552265167236
4300.0,0.0,0.0,-4200136.5,9.402585983276367,198.85874938964844,0.0010535334004089236,69191.0390625,1.2304686307907104
4400.0,0.0,0.0,-4200131.5,7.2373881340026855,194.49069213867188,-0.0013157931389287114,69214.4296875,1.2300529479980469
4500.0,0.0,0.0,-4200135.0,8.586926460266113,198.00709533691406,-0.0012804858852177858,69236.7578125,1.2296563386917114
4600.0,0.0,0.0,-4200133.0,9.066877365112305,199.800048828125,-4.3031759560108185e-06,69258.671875,1.2292672395706177
4700.0,0.0,0.0,-4200134.0,8.300904273986816,202.19053649902344,0.002056494588032365,69280.421875,1.2288812398910522
4800.0,0.0,0.0,-4200132.5,9.381000518798828,202.58499145507812,0.0005715390434488654,69302.4921875,1.228489875793457
4900.0,0.0,0.0,-4200128.0,8.401591300964355,199.9744110107422,-0.0003339769318699837,69324.71875,1.2280960083007812
5000.0,0.0,0.0,-4200129.0,8.636262893676758,202.99362182617188,-0.00248204474337399,69346.0859375,1.2277175188064575
5100.0,0.0,0.0,-4200128.0,10.891423225402832,203.48898315429688,-0.0010742915328592062,69364.5625,1.2273905277252197
5200.0,0.0,0.0,-4200130.5,9.356698036193848,203.6824188232422,0.0017402032390236855,69381.5546875,1.2270898818969727
5300.0,0.0,0.0,-4200132.5,9.583789825439453,203.4643096923828,0.0007235839730128646,69398.875,1.2267836332321167
5400.0,0.0,0.0,-4200130.5,7.826858043670654,199.59249877929688,-0.00021162140183150768,69415.4140625,1.2264913320541382
5500.0,0.0,0.0,-4200132.0,8.447985649108887,199.24844360351562,-0.0024048900231719017,69430.515625,1.2262245416641235
5600.0,0.0,0.0,-4200133.0,8.027016639709473,199.9742431640625,-0.00036210345569998026,69442.0859375,1.2260204553604126
5700.0,0.0,0.0,-4200133.0,7.2413225173950195,198.9770965576172,0.0013226992450654507,69451.2265625,1.2258589267730713
5800.0,0.0,0.0,-4200130.0,6.776587963104248,194.44677734375,0.0012595141306519508,69458.15625,1.2257367372512817
5900.0,0.0,0.0,-4200135.0,9.361310005187988,199.49267578125,-6.364134605973959e-05,69463.4140625,1.2256439924240112
6000.0,0.0,0.0,-4200133.5,8.367864608764648,198.77500915527344,-0.0021453381050378084,69466.5234375,1.2255890369415283
6100.0,0.0,0.0,-4200132.0,8.49834156036377,199.0176239013672,-0.00041593238711357117,69465.6875,1.225603699684143
6200.0,0.0,0.0,-4200132.0,6.909595489501953,200.96519470214844,0.0005503819556906819,69463.4140625,1.2256438732147217
6300.0,0.0,0.0,-4200130.5,6.789499759674072,201.2023468017578,0.0013605864951387048,69459.0234375,1.2257213592529297
6400.0,0.0,0.0,-4200134.5,6.787235736846924,206.61346435546875,-0.0002056807279586792,69452.359375,1.2258390188217163
6500.0,0.0,0.0,-4200132.0,10.447880744934082,203.3772735595703,-0.001167326234281063,69442.9765625,1.2260046005249023
6600.0,0.0,0.0,-4200131.5,7.944708347320557,200.9076385498047,-0.0006944077322259545,69431.4765625,1.2262076139450073
6700.0,0.0,0.0,-4200131.5,7.768113136291504,198.5816650390625,-0.0003531496040523052,69418.7578125,1.2264324426651
6800.0,0.0,0.0,-4200133.5,7.688427448272705,199.34323120117188,0.0010551642626523972,69404.390625,1.2266861200332642
6900.0,0.0,0.0,-4200133.0,6.669678211212158,199.2899932861328,6.859446875751019e-05,69387.5078125,1.2269846200942993
7000.0,0.0,0.0,-4200132.0,8.028915405273438,199.85655212402344,-0.00015345425345003605,69367.6640625,1.2273356914520264
7100.0,0.0,0.0,-4200129.0,9.35152530670166,197.41165161132812,-0.0011850951705127954,69345.0,1.2277367115020752
7200.0,0.0,0.0,-4200129.5,9.566718101501465,197.64857482910156,-4.765740595757961e-05,69321.4609375,1.2281537055969238
7300.0,0.0,0.0,-4200133.0,8.363157272338867,200.42367553710938,0.0007575276540592313,69297.9140625,1.2285710573196411
7400.0,0.0,0.0,-4200131.5,7.315789222717285,197.96885681152344,0.0009967765072360635,69273.375,1.2290061712265015
7500.0,0.0,0.0,-4200134.0,7.146078109741211,199.93878173828125,0.00014199060387909412,69246.8359375,1.2294771671295166
7600.0,0.0,0.0,-4200133.0,7.261650085449219,199.33950805664062,-0.0012625525705516338,69219.8515625,1.2299567461013794
7700.0,0.0,0.0,-4200137.5,7.42559289932251,202.63851928710938,-0.0002116071991622448,69193.8125,1.230419397354126
7800.0,0.0,0.0,-4200134.5,8.472216606140137,199.960205078125,0.00019918265752494335,69168.15625,1.2308757305145264
7900.0,0.0,0.0,-4200133.5,6.465588569641113,198.35415649414062,0.0014073657803237438,69142.578125,1.2313311100006104
8000.0,0.0,0.0,-4200134.0,6.522330284118652,197.26866149902344,0.0002654960844665766,69118.15625,1.2317662239074707
8100.0,0.0,0.0,-4200136.5,7.6948370933532715,199.0420684814453,0.00037685513962060213,69095.484375,1.2321704626083374
8200.0,0.0,0.0,-4200139.5,8.229249954223633,199.9460906982422,-0.0010714614763855934,69076.171875,1.2325149774551392
8300.0,0.0,0.0,-4200137.0,6.831629753112793,197.48118591308594,-0.001071193371899426,69058.8046875,1.2328249216079712
8400.0,0.0,0.0,-4200134.5,7.219345569610596,196.59671020507812,0.0006352661876007915,69042.8515625,1.2331095933914185
8500.0,0.0,0.0,-4200130.5,8.488824844360352,195.8976287841797,0.002720641903579235,69029.0390625,1.2333563566207886
8600.0,0.0,0.0,-4200133.0,7.409456253051758,199.66165161132812,0.00098382995929569,69018.7734375,1.2335398197174072
8700.0,0.0,0.0,-4200127.0,7.7936692237854,194.38597106933594,-0.00204278202727437,69012.15625,1.2336581945419312
8800.0,0.0,0.0,-4200128.5,7.646238803863525,198.65701293945312,-0.0016940078930929303,69008.0234375,1.233731985092163
8900.0,0.0,0.0,-4200128.5,7.979782581329346,198.29739379882812,0.00028542301151901484,69006.5,1.2337592840194702
9000.0,0.0,0.0,-4200133.5,7.455877780914307,202.04856872558594,0.002062383806332946,69008.03125,1.2337318658828735
9100.0,0.0,0.0,-4200134.0,7.202160358428955,201.4984893798828,0.0006862804293632507,69013.9375,1.2336262464523315
9200.0,0.0,0.0,-4200132.0,7.716763496398926,198.5617218017578,-0.0007165122078731656,69024.1171875,1.2334444522857666
9300.0,0.0,0.0,-4200132.5,7.915243625640869,198.62046813964844,-0.0016028836835175753,69036.484375,1.23322331905365
9400.0,0.0,0.0,-4200132.0,7.272119522094727,198.18434143066406,0.0010716512333601713,69049.1171875,1.2329978942871094
9500.0,0.0,0.0,-4200135.5,7.605443000793457,201.86228942871094,0.001694442005828023,69065.7578125,1.2327007055282593
9600.0,0.0,0.0,-4200135.5,8.309223175048828,203.0982666015625,0.0006912427488714457,69085.1875,1.2323540449142456
9700.0,0.0,0.0,-4200132.5,8.524696350097656,197.49888610839844,-0.001273512956686318,69105.734375,1.2319878339767456
9800.0,0.0,0.0,-4200137.0,7.398410797119141,199.1255340576172,-0.0011526431189849973,69126.0625,1.2316253185272217
9900.0,0.0,0.0,-4200136.0,9.287464141845703,198.20346069335938,0.0009855602402240038,69145.25,1.2312835454940796
10000.0,0.0,0.0,-4200134.0,7.687839031219482,197.24026489257812,0.0010620604734867811,69165.8671875,1.2309165000915527
10100.0,0.0,0.0,-4200134.0,8.114189147949219,199.33636474609375,0.00039436237420886755,69187.28125,1.2305355072021484
10200.0,0.0,0.0,-4200131.5,9.198640823364258,198.58035278320312,-0.0011927573941648006,69208.0,1.230167269706726
10300.0,0.0,0.0,-4200133.5,9.284392356872559,202.900146484375,-0.0012377782259136438,69228.28125,1.2298067808151245
10400.0,0.0,0.0,-4200130.5,7.830542087554932,201.04747009277344,0.0006837351247668266,69248.125,1.2294543981552124
10500.0,0.0,0.0,-4200129.5,7.389423370361328,199.7689666748047,0.0009587358217686415,69268.078125,1.2291001081466675
10600.0,0.0,0.0,-4200133.0,9.502366065979004,202.90274047851562,0.0005186154739931226,69287.671875,1.228752613067627
10700.0,0.0,0.0,-4200132.5,7.411169528961182,199.9674530029297,-0.001286455080844462,69305.796875,1.228431224822998
10800.0,0.0,0.0,-4200135.5,9.015180587768555,200.7653350830078,-0.0007483195513486862,69322.2890625,1.228139042854309
10900.0,0.0,0.0,-4200136.0,7.498390197753906,201.33384704589844,-5.818821955472231e-05,69337.25,1.2278740406036377
11000.0,0.0,0.0,-4200134.0,8.977517127990723,199.14028930664062,0.0004039122723042965,69350.84375,1.2276334762573242
11100.0,0.0,0.0,-4200133.0,10.313065528869629,198.94277954101562,-0.00011628074571490288,69362.8046875,1.227421760559082
11200.0,0.0,0.0,-4200133.0,8.211691856384277,199.3475341796875,-0.0001487394329160452,69371.84375,1.2272616624832153
11300.0,0.0,0.0,-4200134.0,8.097012519836426,201.23121643066406,0.0003830118803307414,69377.703125,1.2271580696105957
11400.0,0.0,0.0,-4200131.0,7.695107936859131,200.160888671875,-0.0008502756245434284,69382.3125,1.2270766496658325
11500.0,0.0,0.0,-4200133.0,8.414982795715332,203.7412109375,-0.00091503094881773,69384.9296875,1.2270302772521973
11600.0,0.0,0.0,-4200126.0,7.15627384185791,197.56195068359375,-8.38153064250946e-05,69383.984375,1.2270469665527344
11700.0,0.0,0.0,-4200129.5,9.910011291503906,201.38304138183594,0.0006720991805195808,69379.5078125,1.2271262407302856
11800.0,0.0,0.0,-4200129.5,10.217238426208496,199.68988037109375,0.001059924135915935,69372.5546875,1.227249264717102
11900.0,0.0,0.0,-4200130.5,8.76706314086914,198.11891174316406,-0.000889607472345233,69363.9296875,1.227401852607727
12000.0,0.0,0.0,-4200134.0,6.949814796447754,200.96861267089844,-0.0013740616850554943,69351.765625,1.2276171445846558
12100.0,0.0,0.0,-4200133.5,8.565624237060547,200.38804626464844,-0.0005831192247569561,69335.53125,1.2279044389724731
12200.0,0.0,0.0,-4200134.0,8.779956817626953,201.10133361816406,0.0005642740288749337,69316.296875,1.2282451391220093
12300.0,0.0,0.0,-4200135.5,7.41392183303833,201.6890106201172,0.0007993262261152267,69295.9765625,1.2286053895950317
12400.0,0.0,0.0,-4200132.5,7.980520725250244,198.03790283203125,-0.0009576159063726664,69274.96875,1.228977918624878
12500.0,0.0,0.0,-4200134.0,6.9970831871032715,199.14430236816406,0.00015706056728959084,69252.84375,1.2293705940246582
12600.0,0.0,0.0,-4200132.5,7.061297416687012,198.277587890625,-0.0004353158874437213,69230.0390625,1.2297756671905518
12700.0,0.0,0.0,-4200133.0,10.832863807678223,200.4506072998047,0.0008951606578193605,69206.6875,1.2301905155181885
12800.0,0.0,0.0,-4200130.5,7.294284820556641,200.312744140625,-0.0005233343690633774,69184.75,1.2305806875228882
12900.0,0.0,0.0,-4200133.0,6.9083428382873535,204.81430053710938,-0.00036245433147996664,69162.9765625,1.2309679985046387
13000.0,0.0,0.0,-4200132.0,8.433924674987793,204.21914672851562,0.0002627123612910509,69142.328125,1.2313355207443237
13100.0,0.0,0.0,-4200133.0,6.480736255645752,203.59580993652344,0.000663840095512569,69122.1953125,1.231694221496582
13200.0,0.0,0.0,-4200132.5,7.731775760650635,200.5337371826172,0.0012490160297602415,69104.9140625,1.2320022583007812
13300.0,0.0,0.0,-4200135.0,7.351812839508057,202.78977966308594,0.00041016435716301203,69091.0234375,1.2322498559951782
13400.0,0.0,0.0,-4200132.5,7.469736099243164,199.54696655273438,-0.00044445821549743414,69080.2109375,1.2324427366256714
13500.0,0.0,0.0,-4200132.0,9.150415420532227,198.94296264648438,-0.00054405746050179,69072.2578125,1.2325847148895264
13600.0,0.0,0.0,-4200133.5,6.918088912963867,200.31715393066406,0.0004024402005597949,69066.1171875,1.232694387435913
13700.0,0.0,0.0,-4200132.5,8.420543670654297,201.2189483642578,0.000841069791931659,69063.90625,1.2327338457107544
13800.0,0.0,0.0,-4200131.5,7.011797904968262,199.2189178466797,0.0002625883789733052,69064.796875,1.2327178716659546
13900.0,0.0,0.0,-4200130.5,8.94789981842041,198.00856018066406,-0.000503264251165092,69067.03125,1.232677936553955
14000.0,0.0,0.0,-4200136.0,6.767737865447998,202.64720153808594,-0.00012752576731145382,69070.6171875,1.2326140403747559
14100.0,0.0,0.0,-4200134.0,8.053887367248535,198.71954345703125,0.0007078347261995077,69075.953125,1.2325189113616943
14200.0,0.0,0.0,-4200131.5,8.754209518432617,199.6016845703125,7.987685967236757e-05,69083.8984375,1.2323769330978394
14300.0,0.0,0.0,-4200129.5,8.318613052368164,197.32138061523438,0.0007454024162143469,69094.8046875,1.2321826219558716
14400.0,0.0,0.0,-4200134.5,8.600388526916504,204.15518188476562,-0.0016897422028705478,69108.5703125,1.2319374084472656
14500.0,0.0,0.0,-4200133.0,7.2031707763671875,202.67825317382812,0.00018789013847708702,69123.296875,1.2316746711730957
14600.0,0.0,0.0,-4200135.0,7.133440971374512,204.59210205078125,0.0002426145365461707,69140.6796875,1.2313648462295532
14700.0,0.0,0.0,-4200134.0,9.624076843261719,202.196533203125,0.001398903550580144,69158.78125,1.231042742729187
14800.0,0.0,0.0,-4200135.0,7.51561164855957,201.2795867919922,0.0007787859067320824,69178.5859375,1.2306901216506958
14900.0,0.0,0.0,-4200134.0,6.365788459777832,199.41099548339844,-0.0019016281003132463,69200.328125,1.2303036451339722
15000.0,0.0,0.0,-4200135.5,7.900982856750488,203.38348388671875,-0.0006616449682042003,69221.765625,1.2299225330352783
15100.0,0.0,0.0,-4200132.0,6.926563262939453,199.46231079101562,-0.00034378282725811005,69243.7578125,1.2295318841934204
15200.0,0.0,0.0,-4200133.0,7.475443363189697,200.49937438964844,0.0015670038992539048,69266.921875,1.2291208505630493
15300.0,0.0,0.0,-4200130.5,7.290750026702881,199.53411865234375,0.0004239535192027688,69291.2265625,1.2286895513534546
15400.0,0.0,0.0,-4200135.0,7.6342363357543945,203.58251953125,0.00040590495336800814,69315.453125,1.2282601594924927
15500.0,0.0,0.0,-4200132.5,7.864983081817627,198.9907989501953,-0.002231215126812458,69338.4296875,1.2278530597686768
15600.0,0.0,0.0,-4200133.0,7.40208625793457,196.53228759765625,-0.00044446391984820366,69359.1015625,1.227487325668335
15700.0,0.0,0.0,-4200135.0,6.585350513458252,199.49334716796875,0.0001683359732851386,69379.0234375,1.2271348237991333
15800.0,0.0,0.0,-4200133.0,7.014230251312256,198.2906951904297,0.0011188555508852005,69397.765625,1.2268034219741821
15900.0,0.0,0.0,-4200135.0,7.815993785858154,201.74325561523438,0.00017596094403415918,69414.921875,1.2265002727508545
16000.0,0.0,0.0,-4200133.0,7.016232967376709,200.45895385742188,-0.0012236065231263638,69428.859375,1.2262541055679321
16100.0,0.0,0.0,-4200137.0,7.750542640686035,205.26930236816406,3.0025956220924854e-05,69439.3671875,1.226068377494812
16200.0,0.0,0.0,-4200131.0,6.778807163238525,200.9141845703125,-0.0004251222126185894,69448.1796875,1.2259128093719482
16300.0,0.0,0.0,-4200129.5,7.340098857879639,199.83375549316406,0.00013858138117939234,69454.0859375,1.2258086204528809
16400.0,0.0,0.0,-4200132.5,9.18885612487793,202.7185821533203,-0.0004263013834133744,69456.65625,1.225763201713562
16500.0,0.0,0.0,-4200129.5,8.583213806152344,200.19703674316406,0.00017066765576601028,69455.640625,1.225780963897705
16600.0,0.0,0.0,-4200136.0,9.240792274475098,205.64852905273438,6.717094220221043e-05,69452.046875,1.2258445024490356
16700.0,0.0,0.0,-4200126.5,9.612571716308594,194.31350708007812,-0.0011731479316949844,69446.640625,1.2259398698806763
16800.0,0.0,0.0,-4200137.0,6.499786376953125,204.6078338623047,-0.0002108525950461626,69437.734375,1.2260973453521729
16900.0,0.0,0.0,-4200132.5,7.862037181854248,202.57034301757812,-0.00036751304287463427,69425.09375,1.226320505142212
17000.0,0.0,0.0,-4200134.0,10.07645034790039,204.23403930664062,0.0010986480629071593,69409.15625,1.2266020774841309
17100.0,0.0,0.0,-4200129.5,7.795769214630127,198.30484008789062,-0.0002496223896741867,69391.859375,1.2269078493118286
17200.0,0.0,0.0,-4200135.0,10.77796459197998,203.98080444335938,-0.0004311017692089081,69372.7265625,1.2272461652755737
17300.0,0.0,0.0,-4200132.0,8.246870994567871,200.4361114501953,8.997390978038311e-05,69349.5859375,1.2276555299758911
17400.0,0.0,0.0,-4200132.5,8.209248542785645,200.49671936035156,-0.0002019507810473442,69323.1875,1.2281230688095093
17500.0,0.0,0.0,-4200134.5,6.5212860107421875,201.89759826660156,0.0004485242534428835,69295.109375,1.2286206483840942
17600.0,0.0,0.0,-4200132.0,9.214611053466797,200.88287353515625,-0.0014638883294537663,69266.3125,1.2291314601898193
17700.0,0.0,0.0,-4200130.0,7.366400241851807,198.9705810546875,2.9441434890031815e-07,69235.765625,1.2296738624572754
17800.0,0.0,0.0,-4200129.0,11.554180145263672,198.73533630371094,0.0004893024452030659,69203.4453125,1.230248212814331
17900.0,0.0,0.0,-4200127.0,8.601127624511719,198.08045959472656,0.0018473105737939477,69169.828125,1.2308460474014282
18000.0,0.0,0.0,-4200133.0,9.19304370880127,203.17381286621094,-0.00034639565274119377,69137.1015625,1.231428861618042
18100.0,0.0,0.0,-4200132.0,9.001394271850586,201.8744354248047,-0.0015905097825452685,69104.1640625,1.2320157289505005
18200.0,0.0,0.0,-4200135.5,8.346833229064941,204.82505798339844,-0.001409786636941135,69071.1640625,1.2326042652130127
18300.0,0.0,0.0,-4200134.5,7.968531608581543,202.7758331298828,0.0007026860257610679,69038.0234375,1.2331959009170532
18400.0,0.0,0.0,-4200133.0,7.7251973152160645,203.7364501953125,0.003293425776064396,69006.09375,1.2337664365768433
18500.0,0.0,0.0,-4200127.5,8.347702980041504,198.21218872070312,-0.0002317599719390273,68977.6484375,1.2342753410339355
18600.0,0.0,0.0,-4200130.5,8.920868873596191,199.69110107421875,-0.0006139223696663976,68950.3671875,1.234763741493225
18700.0,0.0,0.0,-4200133.0,8.176193237304688,200.3174285888672,-0.0022110668942332268,68924.9921875,1.2352182865142822
18800.0,0.0,0.0,-4200131.0,8.376331329345703,197.35614013671875,0.0010101186344400048,68901.40625,1.2356411218643188
18900.0,0.0,0.0,-4200134.0,8.627809524536133,201.8710479736328,0.0008654516423121095,68880.7421875,1.2360117435455322
19000.0,0.0,0.0,-4200130.0,7.976363182067871,198.29348754882812,0.0005043785786256194,68864.09375,1.2363107204437256
19100.0,0.0,0.0,-4200131.0,8.588857650756836,198.28041076660156,0.0008694935822859406,68851.296875,1.2365403175354004
19200.0,0.0,0.0,-4200136.0,11.246030807495117,202.12142944335938,-0.0004156050272285938,68842.375,1.2367006540298462
19300.0,0.0,0.0,-4200132.5,8.343645095825195,197.5224151611328,-0.0007882710779085755,68837.0859375,1.2367956638336182
19400.0,0.0,0.0,-4200130.0,7.916290283203125,194.2482147216797,-0.0003600446507334709,68836.203125,1.2368115186691284
19500.0,0.0,0.0,-4200133.0,9.002969741821289,198.86627197265625,0.0015524337068200111,68838.6484375,1.2367676496505737
19600.0,0.0,0.0,-4200133.5,8.680967330932617,199.14463806152344,0.0011991469655185938,68846.0546875,1.236634612083435
19700.0,0.0,0.0,-4200131.5,7.721812725067139,199.12472534179688,-0.0006859726272523403,68858.71875,1.2364071607589722
19800.0,0.0,0.0,-4200135.0,6.928776741027832,203.40484619140625,-0.0014919869136065245,68875.3828125,1.2361080646514893
19900.0,0.0,0.0,-4200131.0,9.32563591003418,198.88687133789062,-0.0005111668724566698,68895.859375,1.2357406616210938
20000.0,0.0,0.0,-4200132.0,10.265235900878906,200.17501831054688,0.001983573194593191,68919.4453125,1.235317587852478
20100.0,0.0,0.0,-4200132.0,10.374825477600098,199.6868133544922,0.0015347320586442947,68947.6328125,1.234812617301941
20200.0,0.0,0.0,-4200133.5,8.749516487121582,199.95213317871094,3.251899033784866e-05,68979.0703125,1.2342499494552612
20300.0,0.0,0.0,-4200132.5,7.345060348510742,197.05453491210938,-0.002186956349760294,69012.8046875,1.2336466312408447
20400.0,0.0,0.0,-4200134.0,9.188636779785156,197.23886108398438,-0.0018565381178632379,69046.8515625,1.2330381870269775
20500.0,0.0,0.0,-4200134.0,8.664504051208496,196.61370849609375,0.0013527546543627977,69080.8046875,1.232432246208191
20600.0,0.0,0.0,-4200133.0,7.147586345672607,196.9812774658203,0.0011119120754301548,69115.4609375,1.2318142652511597
20700.0,0.0,0.0,-4200133.0,6.692646026611328,197.9008331298828,0.0008812213782221079,69149.90625,1.2312005758285522
20800.0,0.0,0.0,-4200136.5,7.489982604980469,202.5667724609375,-0.0011809890856966376,69184.3359375,1.2305879592895508
20900.0,0.0,0.0,-4200131.0,8.45708179473877,197.69737243652344,-0.001627743011340499,69217.15625,1.2300044298171997
21000.0,0.0,0.0,-4200131.0,9.876729011535645,199.1551971435547,-0.0003793133655562997,69247.96875,1.229457139968872
21100.0,0.0,0.0,-4200130.0,6.804316997528076,198.9296875,0.00017170899081975222,69277.96875,1.2289246320724487
21200.0,0.0,0.0,-4200132.0,8.742264747619629,201.126708984375,0.0019408452790230513,69306.8203125,1.2284131050109863
21300.0,0.0,0.0,-4200130.5,7.803439140319824,198.8191375732422,-7.86373857408762e-06,69335.0859375,1.227912425994873
21400.0,0.0,0.0,-4200134.5,9.076626777648926,200.4431915283203,-0.0002986057661473751,69359.6875,1.227476954460144
21500.0,0.0,0.0,-4200133.5,6.974222660064697,198.1497344970703,-0.0016173070762306452,69382.046875,1.2270811796188354
21600.0,0.0,0.0,-4200136.0,7.870407581329346,199.339599609375,-0.0002245916984975338,69401.0078125,1.2267459630966187
21700.0,0.0,0.0,-4200131.5,8.12813663482666,197.4291229248047,0.0008469573804177344,69416.015625,1.2264807224273682
21800.0,0.0,0.0,-4200131.5,7.000348091125488,198.9501953125,-0.00022346735931932926,69427.2421875,1.2262824773788452
21900.0,0.0,0.0,-4200132.0,7.800832271575928,200.35232543945312,0.00044759525917470455,69433.421875,1.2261732816696167
22000.0,0.0,0.0,-4200134.0,7.802256107330322,202.3058624267578,-0.001515819225460291,69435.5625,1.2261356115341187
22100.0,0.0,0.0,-4200129.5,7.43126916885376,199.97232055664062,-0.00039759359788149595,69433.515625,1.2261717319488525
22200.0,0.0,0.0,-4200134.5,8.87531852722168,204.6082763671875,-0.0008190474472939968,69426.0078125,1.2263041734695435
22300.0,0.0,0.0,-4200133.0,8.719155311584473,202.06280517578125,0.001626251614652574,69413.9921875,1.2265164852142334
22400.0,0.0,0.0,-4200131.0,8.677424430847168,197.57412719726562,-0.0004878813633695245,69399.3671875,1.226775050163269
22500.0,0.0,0.0,-4200132.5,7.5466108322143555,198.59889221191406,-0.0017444503027945757,69380.6328125,1.2271063327789307
22600.0,0.0,0.0,-4200132.0,7.6163177490234375,198.69598388671875,0.0005653802072629333,69357.34375,1.2275183200836182
22700.0,0.0,0.0,-4200130.5,7.413471221923828,197.0967254638672,-6.507826037704945e-05,69331.1015625,1.227982997894287
22800.0,0.0,0.0,-4200130.0,7.524989604949951,197.9227752685547,0.00022502790670841932,69302.1640625,1.2284955978393555
22900.0,0.0,0.0,-4200129.5,7.411417484283447,197.76034545898438,-0.0010003155330196023,69271.875,1.2290328741073608
23000.0,0.0,0.0,-4200135.0,7.554576873779297,203.4970703125,-4.185957368463278e-05,69239.2890625,1.2296111583709717
23100.0,0.0,0.0,-4200130.0,8.453940391540527,198.23435974121094,0.0009971070103347301,69205.734375,1.2302074432373047
23200.0,0.0,0.0,-4200134.5,6.599081993103027,201.7801513671875,0.000921180413570255,69173.0,1.2307896614074707
23300.0,0.0,0.0,-4200131.5,7.693398952484131,198.25135803222656,-0.0009434187086299062,69140.890625,1.2313611507415771
23400.0,0.0,0.0,-4200134.0,7.776455879211426,202.90145874023438,-0.0011680618626996875,69108.4921875,1.231938362121582
23500.0,0.0,0.0,-4200134.5,7.95100736618042,203.11141967773438,0.0003639782080426812,69076.2109375,1.2325142621994019
23600.0,0.0,0.0,-4200133.0,8.430387496948242,201.5588836669922,0.0025574814062565565,69048.546875,1.2330079078674316
23700.0,0.0,0.0,-4200136.0,8.784651756286621,203.69515991210938,-8.077151142060757e-05,69026.5859375,1.2334002256393433
23800.0,0.0,0.0,-4200128.0,9.001212120056152,194.06846618652344,-0.0005648856749758124,69007.1171875,1.233748435974121
23900.0,0.0,0.0,-4200135.5,7.111209392547607,200.3329315185547,-0.0002655208809301257,68990.078125,1.2340530157089233
24000.0,0.0,0.0,-4200132.0,8.55978012084961,195.5119171142578,0.0005996536929160357,68975.828125,1.2343080043792725
24100.0,0.0,0.0,-4200137.5,6.742747783660889,200.46987915039062,0.0012017753906548023,68965.1484375,1.2344990968704224
24200.0,0.0,0.0,-4200135.0,6.531275272369385,199.68096923828125,-0.0012121249455958605,68958.8359375,1.234611988067627
24300.0,0.0,0.0,-4200132.5,6.641101360321045,194.81192016601562,0.0001562128309160471,68955.03125,1.23468017578125
24400.0,0.0,0.0,-4200138.0,8.22719669342041,199.37025451660156,2.8357491828501225e-05,68953.171875,1.2347135543823242
24500.0,0.0,0.0,-4200131.5,10.143230438232422,192.4176788330078,0.0011006506392732263,68953.078125,1.2347151041030884
24600.0,0.0,0.0,-4200137.0,8.811217308044434,199.87149047851562,-0.0002756285248324275,68958.140625,1.2346245050430298
24700.0,0.0,0.0,-4200130.5,8.35044002532959,197.681396484375,-0.0007924464298412204,68967.40625,1.234458565711975
24800.0,0.0,0.0,-4200132.5,7.667869567871094,202.00148010253906,9.957095608115196e-05,68978.4140625,1.2342616319656372
24900.0,0.0,0.0,-4200132.0,6.425861835479736,203.1261444091797,0.0010284390300512314,68991.015625,1.2340362071990967
25000.0,0.0,0.0,-4200131.0,7.418785572052002,202.16680908203125,0.0012450838694348931,69007.2421875,1.23374605178833
25100.0,0.0,0.0,-4200133.5,9.107583999633789,205.69027709960938,-0.0007758946157991886,69026.7578125,1.233397126197815
25200.0,0.0,0.0,-4200128.5,7.819643497467041,199.0770721435547,-0.000916078919544816,69047.9921875,1.2330178022384644
25300.0,0.0,0.0,-4200128.5,12.264970779418945,199.5941925048828,-0.0013590690214186907,69069.796875,1.232628583908081
25400.0,0.0,0.0,-4200129.0,6.888260841369629,199.0225067138672,0.0021865658927708864,69090.8515625,1.232253074645996
25500.0,0.0,0.0,-4200128.0,7.171148777008057,198.32240295410156,0.0012859574053436518,69113.6484375,1.231846570968628
25600.0,0.0,0.0,-4200132.0,11.566167831420898,202.00509643554688,-0.0007616915972903371,69137.3125,1.2314249277114868
25700.0,0.0,0.0,-4200133.0,7.714555263519287,202.4133758544922,-0.0015920333098620176,69159.84375,1.2310237884521484
25800.0,0.0,0.0,-4200132.5,9.028754234313965,200.21804809570312,-0.0008549705380573869,69179.375,1.230676293373108
25900.0,0.0,0.0,-4200134.5,7.731906890869141,201.5028076171875,0.0018374129431322217,69196.4375,1.2303727865219116
26000.0,0.0,0.0,-4200132.5,7.032939910888672,199.08651733398438,0.0007225843146443367,69213.0703125,1.2300770282745361
26100.0,0.0,0.0,-4200135.0,7.5926923751831055,203.07699584960938,-0.000622532912530005,69228.6796875,1.2297996282577515
26200.0,0.0,0.0,-4200129.5,9.846207618713379,198.40431213378906,-0.002271250355988741,69241.375,1.2295743227005005
26300.0,0.0,0.0,-4200130.0,7.966835021972656,198.50340270996094,0.000662440899759531,69250.25,1.2294166088104248
26400.0,0.0,0.0,-4200132.5,10.966879844665527,200.68357849121094,0.001972119091078639,69257.2734375,1.2292919158935547
26500.0,0.0,0.0,-4200133.5,8.146556854248047,200.57684326171875,0.001055456348694861,69262.5859375,1.2291977405548096
26600.0,0.0,0.0,-4200134.5,7.069357395172119,200.09243774414062,-0.0009652581065893173,69265.5703125,1.229144811630249
26700.0,0.0,0.0,-4200133.0,7.964329719543457,198.1890869140625,-0.0021085618063807487,69265.484375,1.2291462421417236
26800.0,0.0,0.0,-4200134.0,6.562699317932129,200.2358856201172,-0.0007105496479198337,69261.1640625,1.2292228937149048
26900.0,0.0,0.0,-4200135.0,7.130924224853516,201.5446014404297,0.0008776705944910645,69253.8203125,1.2293531894683838
27000.0,0.0,0.0,-4200135.0,7.276553630828857,202.76797485351562,0.002018133644014597,69243.7109375,1.2295327186584473
27100.0,0.0,0.0,-4200130.5,8.396149635314941,199.06793212890625,-0.0008877565851435065,69232.75,1.2297275066375732
27200.0,0.0,0.0,-4200132.0,9.74808406829834,200.7816619873047,-0.0015942489262670279,69218.4765625,1.2299810647964478
27300.0,0.0,0.0,-4200133.0,9.550960540771484,202.2154541015625,-0.0011564461747184396,69200.0078125,1.2303093671798706
27400.0,0.0,0.0,-4200133.5,10.868298530578613,201.9312744140625,0.0018094009719789028,69179.6171875,1.230672001838684
27500.0,0.0,0.0,-4200131.5,8.69921588897705,198.77809143066406,0.0009436667896807194,69159.0078125,1.2310385704040527
27600.0,0.0,0.0,-4200133.0,6.312699794769287,199.04087829589844,-0.0007528926944360137,69137.078125,1.2314292192459106
27700.0,0.0,0.0,-4200133.0,7.247108459472656,197.26353454589844,-0.0012207189574837685,69113.6015625,1.2318474054336548
27800.0,0.0,0.0,-4200136.0,9.250757217407227,200.13377380371094,-0.0003671989543363452,69088.0703125,1.2323025465011597
27900.0,0.0,0.0,-4200137.5,8.305387496948242,202.67413330078125,0.001977188279852271,69062.2890625,1.2327626943588257
28000.0,0.0,0.0,-4200136.0,7.850531101226807,202.32838439941406,-5.8098346926271915e-05,69038.5,1.2331874370574951
28100.0,0.0,0.0,-4200133.0,9.28197193145752,200.4186248779297,-0.0007853115675970912,69015.375,1.2336007356643677
28200.0,0.0,0.0,-4200135.5,8.901272773742676,205.34140014648438,-0.0011195912957191467,68991.703125,1.234023928642273
28300.0,0.0,0.0,-4200129.5,6.672210693359375,201.6976318359375,0.0009398398105986416,68967.828125,1.2344510555267334
28400.0,0.0,0.0,-4200130.0,9.419469833374023,205.62875366210938,0.0008222231408581138,68946.7109375,1.234829068183899
28500.0,0.0,0.0,-4200126.5,7.637722492218018,202.38778686523438,-0.00033573678229004145,68928.234375,1.235160231590271
28600.0,0.0,0.0,-4200131.0,7.4682745933532715,204.74078369140625,-0.00014661974273622036,68911.2890625,1.2354638576507568
28700.0,0.0,0.0,-4200127.5,8.642531394958496,199.55023193359375,-0.0006915442645549774,68895.6015625,1.2357453107833862
28800.0,0.0,0.0,-4200132.0,8.682275772094727,203.07798767089844,0.0015127500519156456,68882.5234375,1.2359799146652222
28900.0,0.0,0.0,-4200130.5,7.635299205780029,199.6768798828125,-3.0409893952310085e-05,68873.875,1.2361351251602173
29000.0,0.0,0.0,-4200133.0,7.485114574432373,199.9968719482422,0.0007031820714473724,68869.0859375,1.2362209558486938
29100.0,0.0,0.0,-4200136.0,7.327777862548828,203.75634765625,-0.0002255369909107685,68867.703125,1.2362457513809204
29200.0,0.0,0.0,-4200138.0,9.433317184448242,205.27740478515625,0.00019455980509519577,68868.5078125,1.2362314462661743
29300.0,0.0,0.0,-4200136.5,8.207611083984375,202.9912872314453,0.00016428146045655012,68871.890625,1.2361706495285034
29400.0,0.0,0.0,-4200135.5,10.498795509338379,200.86427307128906,-0.0008441262179985642,68879.015625,1.2360427379608154
29500.0,0.0,0.0,-4200135.0,8.197203636169434,201.86972045898438,-0.00015815137885510921,68889.1171875,1.2358614206314087
29600.0,0.0,0.0,-4200133.0,9.658208847045898,199.4359588623047,-0.0003722165711224079,68901.65625,1.2356367111206055
29700.0,0.0,0.0,-4200134.5,9.855809211730957,199.80015563964844,0.002167627215385437,68915.234375,1.2353931665420532
29800.0,0.0,0.0,-4200135.0,6.6826558113098145,199.80796813964844,-0.00040956330485641956,68931.84375,1.235095500946045
29900.0,0.0,0.0,-4200136.5,9.27253532409668,199.24884033203125,-0.0003542671911418438,68950.609375,1.2347594499588013
30000.0,0.0,0.0,-4200136.5,7.823588848114014,199.32742309570312,-0.001818158314563334,68969.703125,1.23441743850708
30100.0,0.0,0.0,-4200136.5,10.703100204467773,200.32672119140625,0.0008245417848229408,68988.3359375,1.2340840101242065
30200.0,0.0,0.0,-4200133.5,8.04670238494873,197.8642120361328,0.001246791798621416,69008.421875,1.2337249517440796
30300.0,0.0,0.0,-4200131.0,8.838698387145996,198.6208038330078,0.0004152505425736308,69030.3359375,1.2333333492279053
30400.0,0.0,0.0,-4200129.0,9.218185424804688,197.0556640625,0.00015576521400362253,69053.6328125,1.2329171895980835
30500.0,0.0,0.0,-4200128.0,8.154120445251465,196.45005798339844,-0.0016969667049124837,69077.4765625,1.2324914932250977
30600.0,0.0,0.0,-4200134.0,6.799911022186279,203.03985595703125,0.0009657045593485236,69099.8359375,1.2320927381515503
30700.0,0.0,0.0,-4200130.0,7.858645915985107,197.55606079101562,0.00043787143658846617,69123.8203125,1.2316652536392212
30800.0,0.0,0.0,-4200130.5,8.200809478759766,200.522216796875,0.0011500002583488822,69148.6484375,1.2312231063842773
30900.0,0.0,0.0,-4200135.5,8.887659072875977,205.3872833251953,-0.0010446507949382067,69174.6328125,1.2307604551315308
31000.0,0.0,0.0,-4200131.0,8.175999641418457,200.538818359375,-0.0008818022906780243,69198.734375,1.2303320169448853
31100.0,0.0,0.0,-4200133.5,7.466068267822266,202.86009216308594,2.56288331001997e-06,69221.140625,1.2299336194992065
31200.0,0.0,0.0,-4200128.5,8.644425392150879,196.70310974121094,0.0006421358557417989,69242.375,1.2295564413070679
31300.0,0.0,0.0,-4200131.5,7.973379611968994,198.96182250976562,0.001012024818919599,69261.6015625,1.229215145111084
31400.0,0.0,0.0,-4200130.5,8.005217552185059,199.12969970703125,-0.0022751702927052975,69280.109375,1.2288868427276611
31500.0,0.0,0.0,-4200135.0,8.788675308227539,203.84629821777344,-0.0009855111129581928,69294.7734375,1.2286266088485718
31600.0,0.0,0.0,-4200132.5,7.264278888702393,200.80482482910156,0.00023644068278372288,69306.9609375,1.2284107208251953
31700.0,0.0,0.0,-4200133.5,10.250306129455566,200.9312744140625,0.001534169539809227,69317.203125,1.2282291650772095
31800.0,0.0,0.0,-4200131.5,7.25761604309082,197.94871520996094,0.0004743610043078661,69325.3203125,1.2280852794647217
31900.0,0.0,0.0,-4200131.5,7.193541526794434,196.82264709472656,-0.001136097707785666,69330.3828125,1.227995753288269
32000.0,0.0,0.0,-4200136.0,8.087959289550781,200.0310516357422,-0.0006328999297693372,69331.9296875,1.2279682159423828
32100.0,0.0,0.0,-4200132.0,7.269444465637207,195.8975372314453,-0.0013617314398288727,69331.7890625,1.2279707193374634
32200.0,0.0,0.0,-4200134.0,8.026095390319824,199.12620544433594,0.0016274804947897792,69328.953125,1.2280210256576538
32300.0,0.0,0.0,-4200131.0,8.10647201538086,195.56590270996094,0.0005727324169129133,69325.2109375,1.228087306022644
32400.0,0.0,0.0,-4200135.5,8.207468032836914,202.32260131835938,0.0007435305742546916,69319.3046875,1.2281919717788696
32500.0,0.0,0.0,-4200130.5,7.562888145446777,198.52392578125,-0.0016035769367590547,69310.984375,1.2283393144607544
32600.0,0.0,0.0,-4200133.0,8.78842830657959,204.01849365234375,-0.0012589645339176059,69299.546875,1.2285420894622803
32700.0,0.0,0.0,-4200131.5,7.669654846191406,202.60606384277344,0.0005349594866856933,69286.2109375,1.2287784814834595
32800.0,0.0,0.0,-4200133.5,7.999945163726807,204.87008666992188,0.0014960520202293992,69271.5703125,1.2290382385253906
32900.0,0.0,0.0,-4200137.0,7.56008243560791,206.4738311767578,0.000815380597487092,69256.421875,1.2293070554733276
33000.0,0.0,0.0,-4200129.0,7.727618217468262,196.42230224609375,-0.0015280729858204722,69240.46875,1.2295902967453003
33100.0,0.0,0.0,-4200133.5,8.105578422546387,201.5540008544922,-0.0003739396343007684,69222.9609375,1.2299011945724487
33200.0,0.0,0.0,-4200130.5,7.355226039886475,197.34097290039062,-0.000526637420989573,69205.0859375,1.2302188873291016
33300.0,0.0,0.0,-4200132.5,7.9567179679870605,198.5052490234375,0.0010481494246050715,69186.6640625,1.230546474456787
33400.0,0.0,0.0,-4200133.5,8.641120910644531,199.39308166503906,0.0003075163112953305,69168.3125,1.2308729887008667
33500.0,0.0,0.0,-4200132.5,7.211606502532959,198.7281951904297,-0.0002617683494463563,69149.796875,1.2312026023864746
33600.0,0.0,0.0,-4200135.5,7.128686428070068,202.82081604003906,-0.000593445380218327,69131.1640625,1.2315343618392944
33700.0,0.0,0.0,-4200130.0,6.986664295196533,198.72642517089844,-0.00103660486638546,69112.265625,1.231871247291565
33800.0,0.0,0.0,-4200130.0,7.751175880432129,199.98475646972656,0.0003122367197647691,69092.734375,1.2322193384170532
33900.0,0.0,0.0,-4200129.0,7.997901916503906,201.58270263671875,0.00022466841619461775,69073.8671875,1.2325561046600342
34000.0,0.0,0.0,-4200130.0,7.28171968460083,203.03073120117188,0.0002151586813852191,69055.7265625,1.2328797578811646
34100.0,0.0,0.0,-4200127.0,7.035895347595215,200.60964965820312,0.0012036259286105633,69038.671875,1.2331843376159668
34200.0,0.0,0.0,-4200133.5,8.659879684448242,204.7089080810547,-0.00018631003331393003,69024.5859375,1.233436107635498
34300.0,0.0,0.0,-4200129.0,9.094963073730469,198.21327209472656,-0.00011481717228889465,69012.15625,1.2336581945419312
34400.0,0.0,0.0,-4200133.0,8.032209396362305,201.2205810546875,-0.0005791232688352466,69000.84375,1.2338604927062988
34500.0,0.0,0.0,-4200131.0,7.701390743255615,200.98422241210938,0.0012893520761281252,68990.203125,1.2340507507324219
34600.0,0.0,0.0,-4200130.5,8.258462905883789,198.65341186523438,0.0005893087945878506,68981.9921875,1.2341976165771484
34700.0,0.0,0.0,-4200130.5,8.885967254638672,197.6344451904297,0.00019811349920928478,68976.65625,1.2342931032180786
34800.0,0.0,0.0,-4200135.0,7.513222694396973,201.7563018798828,-0.0009006945183500648,68972.71875,1.2343634366989136
34900.0,0.0,0.0,-4200133.0,8.078371047973633,199.14163208007812,-0.00043108826503157616,68968.671875,1.2344359159469604
35000.0,0.0,0.0,-4200136.0,7.628347396850586,203.45570373535156,0.0021478342823684216,68966.375,1.234477162361145
35100.0,0.0,0.0,-4200132.0,7.104039669036865,198.0352325439453,0.00022632814943790436,68968.0078125,1.2344478368759155
35200.0,0.0,0.0,-4200131.5,8.428446769714355,197.994384765625,-0.0005622290773317218,68972.109375,1.2343744039535522
35300.0,0.0,0.0,-4200132.0,7.1472883224487305,197.03799438476562,-0.001971767283976078,68976.4296875,1.2342971563339233
35400.0,0.0,0.0,-4200135.5,8.206389427185059,200.86489868164062,0.0016776900738477707,68980.3671875,1.2342265844345093
35500.0,0.0,0.0,-4200133.5,9.75261402130127,198.03253173828125,0.0017038345104083419,68986.125,1.234123706817627
35600.0,0.0,0.0,-4200135.5,6.569267272949219,199.8848114013672,0.00019755761604756117,68993.7890625,1.233986496925354
35700.0,0.0,0.0,-4200132.5,7.313516616821289,196.46890258789062,-0.002010126132518053,69001.921875,1.233841061592102
35800.0,0.0,0.0,-4200129.0,7.407444000244141,193.68814086914062,-0.001628040918149054,69007.6484375,1.2337387800216675
35900.0,0.0,0.0,-4200133.5,7.540536880493164,199.44979858398438,0.0019591068848967552,69011.828125,1.2336639165878296
36000.0,0.0,0.0,-4200133.0,8.05593490600586,200.88955688476562,0.0004161880351603031,69017.5078125,1.2335624694824219
36100.0,0.0,0.0,-4200132.0,7.888186454772949,200.15908813476562,0.0004899186315014958,69023.1640625,1.2334614992141724
36200.0,0.0,0.0,-4200130.0,10.13479232788086,198.58383178710938,-0.002102549886330962,69028.1015625,1.2333731651306152
36300.0,0.0,0.0,-4200134.0,7.703658580780029,202.69900512695312,0.0008243878837674856,69031.0625,1.2333202362060547
36400.0,0.0,0.0,-4200134.5,7.110973834991455,203.24960327148438,0.0006788431201130152,69033.96875,1.2332682609558105
36500.0,0.0,0.0,-4200131.5,9.541638374328613,199.9709930419922,-6.823218427598476e-05,69037.546875,1.2332043647766113
36600.0,0.0,0.0,-4200132.5,7.341428279876709,200.8138885498047,-0.0005887070437893271,69039.7578125,1.23316490650177
36700.0,0.0,0.0,-4200133.5,7.847945213317871,201.9583282470703,-0.0005106113385409117,69039.40625,1.2331713438034058
36800.0,0.0,0.0,-4200136.0,7.470517635345459,203.80184936523438,0.0014513642527163029,69037.28125,1.233209252357483
36900.0,0.0,0.0,-4200131.0,9.33587646484375,197.6774444580078,-0.00024117378052324057,69035.984375,1.2332323789596558
37000.0,0.0,0.0,-4200134.0,8.815892219543457,199.94442749023438,-5.517760291695595e-05,69035.0,1.2332499027252197
37100.0,0.0,0.0,-4200134.5,7.2217116355896,198.8686065673828,-0.0012750362511724234,69033.5390625,1.2332760095596313
37200.0,0.0,0.0,-4200135.5,7.127324104309082,199.66793823242188,0.0006372539792209864,69030.390625,1.2333323955535889
37300.0,0.0,0.0,-4200131.5,8.517765045166016,194.51739501953125,0.000554389669559896,69028.703125,1.2333624362945557
37400.0,0.0,0.0,-4200137.0,7.256601810455322,199.5277557373047,-0.00022367679048329592,69029.25,1.233352780342102
37500.0,0.0,0.0,-4200136.0,8.834345817565918,196.5420379638672,-0.00035418698098510504,69030.8671875,1.2333238124847412
37600.0,0.0,0.0,-4200138.5,7.124422073364258,200.13265991210938,-0.00036525423638522625,69032.515625,1.2332943677902222
37700.0,0.0,0.0,-4200135.0,9.985823631286621,197.9142303466797,0.0015130139654502273,69033.3984375,1.233278512954712
37800.0,0.0,0.0,-4200134.5,10.980831146240234,199.5255889892578,0.001072254148311913,69035.671875,1.2332379817962646
37900.0,0.0,0.0,-4200131.0,8.9287691116333,198.9789276123047,-0.0017573087243363261,69039.9375,1.2331616878509521
38000.0,0.0,0.0,-4200131.5,9.592844009399414,200.85794067382812,-0.0014978343388065696,69043.140625,1.2331044673919678
38100.0,0.0,0.0,-4200129.0,8.575821876525879,199.9641876220703,-0.00019148376304656267,69046.015625,1.2330533266067505
38200.0,0.0,0.0,-4200130.5,7.510494232177734,202.31759643554688,0.002851222176104784,69048.5625,1.233007788658142
38300.0,0.0,0.0,-4200128.0,8.310173988342285,198.16265869140625,0.001676089596003294,69053.0625,1.2329275608062744
38400.0,0.0,0.0,-4200134.0,7.65330696105957,202.3697509765625,-0.00165994290728122,69059.015625,1.232820987701416
38500.0,0.0,0.0,-4200132.5,7.790471076965332,200.54586791992188,-0.0025732715148478746,69063.6328125,1.232738733291626
38600.0,0.0,0.0,-4200132.0,10.307398796081543,199.2417449951172,-0.00019779487047344446,69066.4609375,1.232688069343567
38700.0,0.0,0.0,-4200136.0,7.721994400024414,202.5067138671875,0.0021625421941280365,69070.1171875,1.2326229810714722
38800.0,0.0,0.0,-4200132.5,7.520726203918457,199.57083129882812,-2.1660118363797665e-05,69075.2578125,1.2325313091278076
38900.0,0.0,0.0,-4200132.0,7.541844367980957,200.2249298095703,-0.0010547222336754203,69080.6484375,1.2324349880218506
39000.0,0.0,0.0,-4200132.5,7.932094097137451,200.35336303710938,-0.0013354131951928139,69084.5,1.2323662042617798
39100.0,0.0,0.0,-4200133.0,7.634735107421875,200.13502502441406,0.0008675348944962025,69086.671875,1.2323274612426758
39200.0,0.0,0.0,-4200132.5,7.896160125732422,197.72254943847656,0.0003714710474014282,69089.6328125,1.2322747707366943
39300.0,0.0,0.0,-4200136.0,7.451652526855469,199.34230041503906,-0.0006982444319874048,69091.7265625,1.2322375774383545
39400.0,0.0,0.0,-4200133.5,7.549807071685791,198.11744689941406,-0.0007917734328657389,69092.1171875,1.2322304248809814
39500.0,0.0,0.0,-4200134.0,6.495329856872559,199.5363311767578,0.00042663468047976494,69091.4296875,1.2322427034378052
39600.0,0.0,0.0,-4200133.0,7.824625015258789,199.572021484375,0.000836217135656625,69091.2734375,1.2322454452514648
39700.0,0.0,0.0,-4200132.5,7.9737420082092285,200.41183471679688,-0.00016353372484445572,69092.15625,1.2322297096252441
39800.0,0.0,0.0,-4200130.0,7.001823425292969,199.77769470214844,-0.00014336570166051388,69092.9453125,1.2322156429290771
39900.0,0.0,0.0,-4200131.5,10.074318885803223,205.0045166015625,-0.0005610634107142687,69092.578125,1.232222318649292
40000.0,0.0,0.0,-4200127.0,7.058888912200928,203.2349853515625,0.0006287430878728628,69092.203125,1.2322291135787964
40100.0,0.0,0.0,-4200131.0,8.40512752532959,207.77145385742188,-0.0001646954333409667,69092.7421875,1.2322193384170532
40200.0,0.0,0.0,-4200128.0,9.542045593261719,202.52281188964844,0.0002955682575702667,69092.265625,1.2322278022766113
40300.0,0.0,0.0,-4200130.5,10.402358055114746,203.14808654785156,-0.00040800520218908787,69090.9921875,1.232250452041626
40400.0,0.0,0.0,-4200132.0,9.715619087219238,203.7691192626953,0.00014922907575964928,69088.796875,1.2322896718978882
40500.0,0.0,0.0,-4200130.0,8.69827651977539,200.51278686523438,-0.00022231333423405886,69087.0546875,1.2323206663131714
40600.0,0.0,0.0,-4200134.0,8.175408363342285,202.49960327148438,-0.00012450444046407938,69085.765625,1.2323437929153442
40700.0,0.0,0.0,-4200137.5,6.638205051422119,203.80043029785156,-0.00016653630882501602,69083.46875,1.2323848009109497
40800.0,0.0,0.0,-4200134.0,9.340201377868652,198.7498016357422,3.886525519192219e-05,69079.921875,1.2324479818344116
40900.0,0.0,0.0,-4200135.5,8.06666374206543,200.16709899902344,0.0002189889783039689,69077.015625,1.2324997186660767
41000.0,0.0,0.0,-4200137.5,8.160358428955078,203.11090087890625,-0.000595269026234746,69074.984375,1.2325360774993896
41100.0,0.0,0.0,-4200135.0,8.832854270935059,200.0469970703125,-0.00017415895126760006,69073.515625,1.2325621843338013
41200.0,0.0,0.0,-4200133.0,7.844048500061035,198.95516967773438,0.00034096522722393274,69072.4609375,1.2325810194015503
41300.0,0.0,0.0,-4200134.5,7.004238605499268,202.93016052246094,0.00032456114422529936,69071.3828125,1.2326003313064575
41400.0,0.0,0.0,-4200133.5,6.484661102294922,203.82252502441406,0.0005769013660028577,69071.1484375,1.2326045036315918
41500.0,0.0,0.0,-4200128.5,8.239860534667969,198.75379943847656,-0.0005888850428164005,69072.53125,1.2325799465179443
41600.0,0.0,0.0,-4200134.5,6.685366630554199,205.17295837402344,-0.0007670583436265588,69074.7578125,1.2325400114059448
41700.0,0.0,0.0,-4200128.5,6.271677017211914,198.05450439453125,0.00028137711342424154,69077.59375,1.2324895858764648
41800.0,0.0,0.0,-4200132.0,6.44875431060791,200.32418823242188,0.00023578491527587175,69081.703125,1.2324161529541016
41900.0,0.0,0.0,-4200134.5,7.335737228393555,201.92828369140625,0.0005530612543225288,69087.015625,1.2323213815689087
42000.0,0.0,0.0,-4200131.5,6.358442783355713,198.24295043945312,-0.0005281774792820215,69092.921875,1.2322161197662354
42100.0,0.0,0.0,-4200133.5,7.360511302947998,200.39430236816406,-0.00028078770264983177,69099.0859375,1.2321062088012695
42200.0,0.0,0.0,-4200134.0,7.202151775360107,200.77679443359375,-0.00012873683590441942,69105.7109375,1.2319880723953247
42300.0,0.0,0.0,-4200133.0,6.779926776885986,199.7902374267578,0.0010437981691211462,69111.6796875,1.2318817377090454
42400.0,0.0,0.0,-4200134.5,6.59414005279541,200.91319274902344,-0.00012788455933332443,69118.2890625,1.2317638397216797
42500.0,0.0,0.0,-4200134.0,6.948449611663818,200.6038818359375,-0.0003322083503007889,69125.1015625,1.231642484664917
42600.0,0.0,0.0,-4200131.0,8.600587844848633,198.44554138183594,-0.0003925667842850089,69130.828125,1.2315404415130615
42700.0,0.0,0.0,-4200133.5,8.991537094116211,201.53524780273438,-0.00015917269047349691,69135.6171875,1.2314550876617432
42800.0,0.0,0.0,-4200133.0,7.125046730041504,201.5923309326172,5.321856588125229e-05,69138.765625,1.2313989400863647
42900.0,0.0,0.0,-4200126.5,8.0674467086792,195.88800048828125,-0.0004938989877700806,69140.859375,1.231361985206604
43000.0,0.0,0.0,-4200133.0,6.463619232177734,202.5580291748047,0.0009198441402986646,69141.734375,1.2313461303710938
43100.0,0.0,0.0,-4200131.5,7.778792381286621,200.66285705566406,0.00022860255558043718,69141.7265625,1.2313463687896729
43200.0,0.0,0.0,-4200132.5,7.277658939361572,201.10980224609375,-0.00013937056064605713,69141.109375,1.2313573360443115
43300.0,0.0,0.0,-4200132.5,7.2029337882995605,200.55941772460938,-0.0006295999046415091,69139.515625,1.231385588645935
43400.0,0.0,0.0,-4200132.0,7.8683552742004395,198.52001953125,-6.747664883732796e-06,69137.296875,1.231425166130066
43500.0,0.0,0.0,-4200132.5,10.94734001159668,198.26719665527344,0.0010990656446665525,69133.9296875,1.23148512840271
43600.0,0.0,0.0,-4200130.5,6.682942867279053,197.92013549804688,-0.0007096498738974333,69130.46875,1.2315468788146973
43700.0,0.0,0.0,-4200135.0,7.198461532592773,201.93109130859375,-0.0016408698866143823,69126.140625,1.2316240072250366
43800.0,0.0,0.0,-4200134.5,6.752262592315674,200.9824981689453,-0.001295920112170279,69120.96875,1.2317160367965698
43900.0,0.0,0.0,-4200134.5,6.7295823097229,200.8052215576172,0.0017347857356071472,69113.8984375,1.231842041015625
44000.0,0.0,0.0,-4200133.0,7.517574787139893,199.59854125976562,0.0017546950839459896,69107.4296875,1.2319574356079102
44100.0,0.0,0.0,-4200135.0,7.242541313171387,199.83123779296875,-0.00021662120707333088,69101.8984375,1.2320560216903687
44200.0,0.0,0.0,-4200130.0,7.249334335327148,192.95578002929688,-0.002466531004756689,69096.015625,1.2321608066558838
44300.0,0.0,0.0,-4200136.0,7.67629861831665,198.6384735107422,-0.0006911443779245019,69088.546875,1.2322942018508911
44400.0,0.0,0.0,-4200133.0,9.630952835083008,196.27703857421875,0.0007306808838620782,69080.4375,1.2324386835098267
44500.0,0.0,0.0,-4200136.5,8.189393997192383,201.68568420410156,0.001710729324258864,69072.6796875,1.2325772047042847
44600.0,0.0,0.0,-4200131.0,7.833955764770508,197.85794067382812,0.0006323950365185738,69065.84375,1.2326992750167847
44700.0,0.0,0.0,-4200134.0,7.7589216232299805,203.61004638671875,-0.0008700980106368661,69057.6328125,1.232845664024353
44800.0,0.0,0.0,-4200132.5,8.306124687194824,203.03448486328125,-0.0008165842154994607,69047.828125,1.2330209016799927
44900.0,0.0,0.0,-4200130.0,7.816937446594238,200.8602752685547,-0.0006237716879695654,69037.9140625,1.2331979274749756
45000.0,0.0,0.0,-4200131.5,10.44851016998291,202.68466186523438,0.0010596882784739137,69028.609375,1.2333641052246094
45100.0,0.0,0.0,-4200129.5,8.201738357543945,201.81776428222656,0.0006000999128445983,69020.5234375,1.233508586883545
45200.0,0.0,0.0,-4200131.5,7.3970417976379395,202.7615966796875,0.0006276780040934682,69012.3984375,1.2336537837982178
45300.0,0.0,0.0,-4200131.0,6.574392318725586,201.31822204589844,-0.0005783530650660396,69005.15625,1.2337833642959595
45400.0,0.0,0.0,-4200131.5,7.456302165985107,201.23098754882812,-0.00049332354683429,68998.875,1.2338955402374268
45500.0,0.0,0.0,-4200134.0,14.203553199768066,203.02976989746094,-0.0006209774874150753,68994.484375,1.2339740991592407
45600.0,0.0,0.0,-4200133.0,6.285641193389893,201.02906799316406,0.00022866623476147652,68990.5703125,1.234044075012207
45700.0,0.0,0.0,-4200132.5,8.32026195526123,200.4310760498047,0.0018387859454378486,68986.171875,1.2341228723526
45800.0,0.0,0.0,-4200134.0,8.115445137023926,201.70286560058594,0.000934571260586381,68982.8359375,1.234182596206665
45900.0,0.0,0.0,-4200135.0,7.390166759490967,201.92849731445312,-0.0008306354284286499,68981.0,1.2342153787612915
46000.0,0.0,0.0,-4200130.5,16.002798080444336,196.43478393554688,-0.0015668051782995462,68979.3828125,1.2342442274093628
46100.0,0.0,0.0,-4200132.5,8.86278247833252,198.111572265625,-0.00041186949238181114,68977.1796875,1.234283685684204
46200.0,0.0,0.0,-4200134.5,8.290497779846191,199.10043334960938,0.0011800342472270131,68975.4609375,1.2343144416809082
46300.0,0.0,0.0,-4200135.0,7.30137300491333,198.2392578125,0.0015089879743754864,68975.25,1.2343182563781738
46400.0,0.0,0.0,-4200138.0,6.582911014556885,198.59506225585938,6.322504486888647e-05,68976.9921875,1.234287142753601
46500.0,0.0,0.0,-4200136.0,8.803630828857422,195.27801513671875,-0.0014657919527962804,68980.6171875,1.2342222929000854
46600.0,0.0,0.0,-4200138.5,8.115930557250977,199.26535034179688,-0.0004407367669045925,68984.90625,1.2341454029083252
46700.0,0.0,0.0,-4200135.0,7.5517449378967285,197.9343719482422,0.0005227279616519809,68990.3125,1.234048843383789
46800.0,0.0,0.0,-4200133.5,6.960961818695068,199.60256958007812,0.0008580409339629114,68997.0,1.23392915725708
46900.0,0.0,0.0,-4200129.5,7.609408855438232,196.1956329345703,-0.00011311180423945189,69004.796875,1.2337899208068848
47000.0,0.0,0.0,-4200130.0,9.085561752319336,199.27285766601562,-0.0003135015722364187,69012.875,1.2336453199386597
47100.0,0.0,0.0,-4200127.5,7.440361976623535,197.57020568847656,-0.000997512019239366,69020.84375,1.2335028648376465
47200.0,0.0,0.0,-4200131.5,8.513419151306152,200.50396728515625,0.0012750972528010607,69029.6484375,1.233345627784729
47300.0,0.0,0.0,-4200131.0,7.375338554382324,198.73439025878906,0.0006660217186436057,69041.2578125,1.233138084411621
47400.0,0.0,0.0,-4200133.5,7.217663288116455,199.3052978515625,0.00021002558059990406,69054.4609375,1.2329022884368896
47500.0,0.0,0.0,-4200136.0,7.110639572143555,200.4840545654297,-0.00018535263370722532,69068.9375,1.232643961906433
47600.0,0.0,0.0,-4200137.5,6.832529544830322,202.0668182373047,-0.00011564069427549839,69083.375,1.2323863506317139
47700.0,0.0,0.0,-4200133.0,8.376361846923828,198.01596069335938,0.00031197606585919857,69099.0,1.2321077585220337
47800.0,0.0,0.0,-4200133.0,6.452605247497559,198.63916015625,-0.0006416620453819633,69116.28125,1.231799602508545
47900.0,0.0,0.0,-4200133.0,7.533436298370361,199.64268493652344,0.00035291549284011126,69133.0859375,1.2315001487731934
48000.0,0.0,0.0,-4200133.5,7.010945796966553,200.35012817382812,0.00048665201757103205,69150.015625,1.2311986684799194
48100.0,0.0,0.0,-4200133.0,6.311417579650879,201.4917449951172,0.00029943662229925394,69167.109375,1.2308943271636963
48200.0,0.0,0.0,-4200131.0,7.43793249130249,199.1537322998047,-0.001398779801093042,69183.0,1.230611801147461
48300.0,0.0,0.0,-4200131.0,9.345881462097168,198.77078247070312,-0.0007654436631128192,69197.28125,1.2303577661514282
48400.0,0.0,0.0,-4200132.5,7.562681198120117,199.71847534179688,0.000260869855992496,69210.1796875,1.2301284074783325
48500.0,0.0,0.0,-4200132.5,7.541111946105957,198.7039337158203,0.0012066825293004513,69222.1796875,1.2299152612686157
48600.0,0.0,0.0,-4200131.0,8.442704200744629,199.6263427734375,0.0002455456415191293,69233.9609375,1.229705810546875
48700.0,0.0,0.0,-4200132.5,6.821934223175049,200.03399658203125,-0.0010920950444415212,69244.328125,1.2295217514038086
48800.0,0.0,0.0,-4200135.0,7.550806045532227,199.65786743164062,-0.0014930306933820248,69252.90625,1.2293695211410522
48900.0,0.0,0.0,-4200136.5,5.804473876953125,198.9806671142578,-0.0004439014010131359,69257.625,1.2292859554290771
49000.0,0.0,0.0,-4200138.0,8.170372009277344,200.33604431152344,0.0011475845240056515,69260.21875,1.2292397022247314
49100.0,0.0,0.0,-4200134.5,7.264342308044434,197.7056427001953,0.000969251268543303,69262.59375,1.2291975021362305
49200.0,0.0,0.0,-4200133.5,7.9004082679748535,198.2406005859375,-0.0004315772093832493,69263.2578125,1.229185700416565
49300.0,0.0,0.0,-4200133.5,7.167672634124756,199.84703063964844,-0.0009623258374631405,69261.1953125,1.229222297668457
49400.0,0.0,0.0,-4200134.0,7.649578094482422,201.3227996826172,-0.00039572652895003557,69256.390625,1.2293076515197754
49500.0,0.0,0.0,-4200133.5,6.164871692657471,201.97593688964844,0.00027913355734199286,69249.0078125,1.2294386625289917
49600.0,0.0,0.0,-4200130.5,7.236339569091797,202.44935607910156,0.00014018674846738577,69241.2890625,1.229575753211975
49700.0,0.0,0.0,-4200128.0,6.238275051116943,199.01910400390625,-0.00017106311861425638,69232.3515625,1.2297344207763672
49800.0,0.0,0.0,-4200135.5,6.780350685119629,205.30287170410156,0.0003762270789593458,69221.75,1.2299227714538574
49900.0,0.0,0.0,-4200130.5,7.89813232421875,199.0751495361328,-0.0005136497784405947,69210.0,1.2301316261291504
50000.0,0.0,0.0,-4200130.0,6.7322678565979,199.45692443847656,-0.0008773903828114271,69196.78125,1.230366587638855
50100.0,0.0,0.0,-4200131.5,7.769876480102539,200.30181884765625,-0.00034991896245628595,69182.53125,1.23062002658844
50200.0,0.0,0.0,-4200130.0,7.079224109649658,197.6661834716797,0.00038940482772886753,69167.359375,1.230889916419983
50300.0,0.0,0.0,-4200132.0,7.728762626647949,198.74732971191406,0.0010173688642680645,69151.5390625,1.2311716079711914
50400.0,0.0,0.0,-4200131.5,7.820802688598633,197.5931396484375,-2.0189094357192516e-05,69135.7265625,1.2314531803131104
50500.0,0.0,0.0,-4200136.0,7.391902923583984,201.63427734375,-0.0005503713618963957,69119.3359375,1.2317452430725098
50600.0,0.0,0.0,-4200134.5,8.70622730255127,201.2953643798828,-0.0013989584986120462,69102.3828125,1.232047438621521
50700.0,0.0,0.0,-4200137.0,7.543232440948486,203.08042907714844,8.152530062943697e-05,69084.6640625,1.2323634624481201
50800.0,0.0,0.0,-4200135.5,7.348183631896973,199.02784729003906,0.0010238643735647202,69066.984375,1.232678771018982
50900.0,0.0,0.0,-4200136.0,5.94047212600708,197.5126190185547,0.0008618496358394623,69050.625,1.232970952987671
51000.0,0.0,0.0,-4200138.5,6.283964157104492,199.93421936035156,0.00030427053570747375,69035.625,1.233238697052002
51100.0,0.0,0.0,-4200134.0,7.6637372970581055,197.18235778808594,-0.0008795016910880804,69021.078125,1.2334986925125122
51200.0,0.0,0.0,-4200133.0,8.32523250579834,198.6363525390625,-6.56723277643323e-05,69006.5625,1.2337582111358643
51300.0,0.0,0.0,-4200129.5,6.2923712730407715,197.44544982910156,0.00018584798090159893,68993.4140625,1.2339932918548584
51400.0,0.0,0.0,-4200134.5,7.940192699432373,204.1127166748047,0.001368621364235878,68981.984375,1.234197735786438
51500.0,0.0,0.0,-4200133.0,6.2181396484375,202.34341430664062,0.00046266161371022463,68973.171875,1.2343553304672241
51600.0,0.0,0.0,-4200133.0,7.753674030303955,201.6968231201172,-0.0005049811443313956,68967.0390625,1.2344651222229004
51700.0,0.0,0.0,-4200129.5,8.45620059967041,199.52108764648438,-0.000811409205198288,68963.0859375,1.234536051750183
51800.0,0.0,0.0,-4200130.5,7.512577533721924,199.38839721679688,1.535832416266203e-05,68962.015625,1.2345551252365112
51900.0,0.0,0.0,-4200131.5,6.4603047370910645,198.29469299316406,0.0008190592052415013,68964.484375,1.2345110177993774
52000.0,0.0,0.0,-4200136.5,6.677224636077881,202.5687255859375,-5.7197525165975094e-05,68969.828125,1.2344151735305786
52100.0,0.0,0.0,-4200133.5,6.777722358703613,198.35226440429688,0.00037880497984588146,68977.2734375,1.2342820167541504
52200.0,0.0,0.0,-4200134.5,8.635892868041992,200.38746643066406,-0.0005837124772369862,68986.3359375,1.2341200113296509
52300.0,0.0,0.0,-4200134.0,7.170437335968018,200.36660766601562,-0.00010864937212318182,68997.6328125,1.2339178323745728
52400.0,0.0,0.0,-4200130.5,7.655323505401611,199.68687438964844,0.0007139075314626098,69010.0234375,1.2336962223052979
52500.0,0.0,0.0,-4200133.0,8.917132377624512,202.01661682128906,-1.3834796845912933e-05,69024.28125,1.2334414720535278
52600.0,0.0,0.0,-4200133.0,7.448220252990723,201.92178344726562,0.00044730782974511385,69038.3515625,1.2331900596618652
52700.0,0.0,0.0,-4200134.0,8.291387557983398,200.56829833984375,-0.0008012326434254646,69052.9453125,1.2329293489456177
52800.0,0.0,0.0,-4200132.5,7.824273586273193,196.61178588867188,1.6824458725750446e-05,69067.578125,1.2326682806015015
52900.0,0.0,0.0,-4200136.5,6.429232597351074,200.0831756591797,-2.7333851903676987e-05,69082.875,1.2323954105377197
53000.0,0.0,0.0,-4200133.0,7.152647495269775,197.16770935058594,0.0010838251328095794,69097.265625,1.2321385145187378
53100.0,0.0,0.0,-4200134.5,8.396684646606445,199.75721740722656,-0.00013026350643485785,69111.21875,1.2318898439407349
53200.0,0.0,0.0,-4200134.0,7.361903667449951,201.2521514892578,-0.0012696065241470933,69124.8515625,1.23164701461792
53300.0,0.0,0.0,-4200132.0,8.267435073852539,201.17344665527344,-0.00022704596631228924,69137.078125,1.231429100036621
53400.0,0.0,0.0,-4200130.0,6.958280563354492,200.48458862304688,0.0003250099252909422,69148.0546875,1.2312337160110474
53500.0,0.0,0.0,-4200129.5,7.006425857543945,202.33236694335938,0.0005681248148903251,69157.8515625,1.2310593128204346
53600.0,0.0,0.0,-4200129.0,7.314582347869873,200.2013397216797,-0.00042615504935383797,69167.2109375,1.230892539024353
53700.0,0.0,0.0,-4200130.5,8.906156539916992,197.95919799804688,1.9239960238337517e-06,69174.5390625,1.230762243270874
53800.0,0.0,0.0,-4200134.0,6.438433647155762,199.86366271972656,-0.00013974762987345457,69179.9453125,1.2306660413742065
53900.0,0.0,0.0,-4200132.5,7.467840671539307,197.94114685058594,0.00010235770605504513,69183.53125,1.2306022644042969
54000.0,0.0,0.0,-4200135.0,7.144508361816406,200.97677612304688,-0.0005296546733006835,69185.984375,1.2305585145950317
54100.0,0.0,0.0,-4200132.5,7.225198745727539,198.26223754882812,-0.0003943864721804857,69186.578125,1.2305480241775513
54200.0,0.0,0.0,-4200135.5,9.14984130859375,203.43502807617188,0.0006262966198846698,69184.6796875,1.2305818796157837
54300.0,0.0,0.0,-4200130.0,6.2976274490356445,198.8705291748047,0.00030197412706911564,69181.09375,1.2306455373764038
54400.0,0.0,0.0,-4200129.5,9.326741218566895,199.17034912109375,-0.00016570859588682652,69176.0390625,1.2307355403900146
54500.0,0.0,0.0,-4200131.5,6.468301296234131,201.02944946289062,-0.0009748401353135705,69169.859375,1.23084557056427
54600.0,0.0,0.0,-4200132.0,7.853001594543457,201.10763549804688,0.0005797608755528927,69161.6640625,1.2309913635253906
54700.0,0.0,0.0,-4200136.0,6.459939002990723,203.13983154296875,0.0011498002568259835,69152.46875,1.2311550378799438
54800.0,0.0,0.0,-4200132.5,7.2335028648376465,198.2887420654297,0.0003908050712198019,69143.53125,1.2313140630722046
54900.0,0.0,0.0,-4200135.5,7.624307632446289,201.02186584472656,-0.0009222456719726324,69134.8671875,1.2314685583114624
55000.0,0.0,0.0,-4200135.5,6.491439342498779,200.75184631347656,-0.0009724509436637163,69125.609375,1.2316335439682007
55100.0,0.0,0.0,-4200135.5,6.919528484344482,201.66476440429688,0.0008075600489974022,69115.8359375,1.2318074703216553
55200.0,0.0,0.0,-4200132.0,6.294829368591309,198.55105590820312,0.0005396613851189613,69106.2890625,1.2319778203964233
55300.0,0.0,0.0,-4200133.0,7.541134357452393,200.15003967285156,0.0006475265836343169,69098.203125,1.2321219444274902
55400.0,0.0,0.0,-4200132.0,8.285263061523438,201.19094848632812,-0.0005227889632806182,69090.734375,1.232255220413208
55500.0,0.0,0.0,-4200131.0,7.01603364944458,202.85171508789062,-0.001071773236617446,69082.671875,1.2323988676071167
55600.0,0.0,0.0,-4200129.5,7.125576972961426,204.2238311767578,0.00024628080427646637,69073.53125,1.2325620651245117
55700.0,0.0,0.0,-4200128.0,7.93910026550293,202.8108367919922,0.0010678594699129462,69064.390625,1.2327250242233276
55800.0,0.0,0.0,-4200130.0,8.356541633605957,202.02468872070312,0.0005299124168232083,69056.8359375,1.2328600883483887
55900.0,0.0,0.0,-4200132.0,6.5261077880859375,202.0994873046875,-0.0009941852185875177,69050.3359375,1.2329760789871216
56000.0,0.0,0.0,-4200133.0,7.186197280883789,201.91163635253906,-0.000902506522834301,69044.40625,1.2330819368362427
56100.0,0.0,0.0,-4200132.5,6.518528461456299,200.78570556640625,0.0007617624942213297,69039.2109375,1.2331748008728027
56200.0,0.0,0.0,-4200135.0,6.643771171569824,203.30514526367188,0.001173958764411509,69035.1484375,1.2332475185394287
56300.0,0.0,0.0,-4200132.0,7.009373188018799,199.27427673339844,1.3340380974113941e-05,69032.78125,1.2332895994186401
56400.0,0.0,0.0,-4200133.5,8.510453224182129,200.11676025390625,-0.0015266996342688799,69030.8828125,1.233323574066162
56500.0,0.0,0.0,-4200134.5,8.227209091186523,200.34864807128906,0.000150456209667027,69029.015625,1.2333568334579468
56600.0,0.0,0.0,-4200134.0,6.629064559936523,199.22335815429688,0.0004689639899879694,69028.5859375,1.2333645820617676
56700.0,0.0,0.0,-4200135.0,7.204497337341309,199.74354553222656,0.0007145873969420791,69029.7578125,1.2333436012268066
56800.0,0.0,0.0,-4200134.5,7.443429946899414,199.7250213623047,-0.0005510502960532904,69033.6953125,1.2332731485366821
56900.0,0.0,0.0,-4200134.0,5.60766077041626,202.78736877441406,-0.0005309836706146598,69038.7578125,1.2331827878952026
57000.0,0.0,0.0,-4200132.0,7.404232025146484,204.30902099609375,0.00010093045420944691,69044.171875,1.233086109161377
57100.0,0.0,0.0,-4200131.5,8.631901741027832,205.8463897705078,0.0006379866972565651,69050.3515625,1.232975721359253
57200.0,0.0,0.0,-4200132.0,6.578270435333252,205.8031463623047,0.00015248963609337807,69057.9765625,1.232839584350586
57300.0,0.0,0.0,-4200130.5,10.801543235778809,201.6210479736328,-0.0005620705196633935,69066.1484375,1.2326937913894653
57400.0,0.0,0.0,-4200135.0,6.317681789398193,204.37123107910156,-6.33950112387538e-05,69075.1484375,1.2325332164764404
57500.0,0.0,0.0,-4200133.5,8.885577201843262,201.46621704101562,0.00024437333922833204,69084.6171875,1.232364296913147
57600.0,0.0,0.0,-4200133.5,8.967731475830078,200.16152954101562,0.0003464904148131609,69094.65625,1.2321851253509521
57700.0,0.0,0.0,-4200134.0,8.293672561645508,199.9584503173828,-0.000331899500451982,69104.84375,1.2320036888122559
57800.0,0.0,0.0,-4200134.0,7.675435543060303,199.29391479492188,-0.0001683199079707265,69115.40625,1.2318153381347656
57900.0,0.0,0.0,-4200135.0,8.640892028808594,200.28500366210938,0.0004136617062613368,69126.3828125,1.2316197156906128
58000.0,0.0,0.0,-4200135.5,7.237349033355713,201.5335693359375,-0.00028967508114874363,69138.0,1.2314127683639526
58100.0,0.0,0.0,-4200132.5,7.909031867980957,199.3062744140625,-0.0004223240539431572,69149.8515625,1.2312016487121582
58200.0,0.0,0.0,-4200132.0,7.11394739151001,199.82107543945312,-0.0003040196606889367,69161.59375,1.2309925556182861
58300.0,0.0,0.0,-4200132.0,6.935196399688721,202.1106719970703,0.000572885968722403,69172.4140625,1.2308001518249512
58400.0,0.0,0.0,-4200130.0,7.744381427764893,201.5644073486328,0.00025205500423908234,69183.7734375,1.230597972869873
58500.0,0.0,0.0,-4200127.0,6.647572994232178,198.20260620117188,-0.0003589924890547991,69194.09375,1.2304145097732544
58600.0,0.0,0.0,-4200130.5,6.7720627784729,200.60507202148438,-0.00043861812446266413,69203.203125,1.2302523851394653
58700.0,0.0,0.0,-4200131.5,6.670084476470947,199.23403930664062,0.000456208479590714,69211.9921875,1.2300962209701538
58800.0,0.0,0.0,-4200135.0,7.388035297393799,200.9027862548828,0.0005203949986025691,69220.3359375,1.2299479246139526
58900.0,0.0,0.0,-4200133.5,8.471750259399414,199.24107360839844,-0.0007701967842876911,69228.65625,1.2298001050949097
59000.0,0.0,0.0,-4200132.5,7.761229038238525,199.30258178710938,-0.0006931694224476814,69236.234375,1.2296655178070068
59100.0,0.0,0.0,-4200137.0,6.762701988220215,204.5014190673828,-0.0002844888949766755,69242.578125,1.2295528650283813
59200.0,0.0,0.0,-4200131.5,7.822052955627441,198.1781005859375,0.0007420816691592336,69248.3125,1.2294509410858154
59300.0,0.0,0.0,-4200135.0,7.221710681915283,201.50628662109375,-1.1537806130945683e-05,69253.3203125,1.2293621301651
59400.0,0.0,0.0,-4200131.5,7.005302906036377,196.44163513183594,-0.0002674027346074581,69257.3046875,1.229291319847107
59500.0,0.0,0.0,-4200136.5,6.629083633422852,202.45172119140625,-0.0004473513690754771,69258.5078125,1.2292702198028564
59600.0,0.0,0.0,-4200130.5,8.2342529296875,193.94850158691406,0.0003375990781933069,69256.578125,1.229304313659668
59700.0,0.0,0.0,-4200137.0,6.515999794006348,200.12486267089844,0.0001943744719028473,69253.796875,1.2293537855148315
59800.0,0.0,0.0,-4200132.0,8.369720458984375,195.66465759277344,-0.000739048351533711,69248.8515625,1.2294414043426514
59900.0,0.0,0.0,-4200133.0,7.424228668212891,197.15036010742188,-0.0007494940655305982,69241.046875,1.2295801639556885
60000.0,0.0,0.0,-4200134.0,8.199044227600098,201.20587158203125,0.00035524647682905197,69230.3515625,1.2297699451446533
60100.0,0.0,0.0,-4200130.5,7.323076248168945,200.37803649902344,0.0004887785762548447,69218.484375,1.2299809455871582
60200.0,0.0,0.0,-4200132.5,6.888780117034912,205.24705505371094,0.00035718304570764303,69205.7421875,1.2302072048187256
60300.0,0.0,0.0,-4200125.5,7.772283554077148,200.72018432617188,-0.0005689823301509023,69191.6015625,1.2304586172103882
60400.0,0.0,0.0,-4200131.5,6.997471809387207,205.6661376953125,0.0002219245070591569,69175.3828125,1.2307472229003906
60500.0,0.0,0.0,-4200127.5,6.452166557312012,200.3870391845703,3.260339144617319e-05,69158.90625,1.231040358543396
60600.0,0.0,0.0,-4200129.5,11.939467430114746,200.66387939453125,-0.00027207040693610907,69142.5234375,1.2313320636749268
60700.0,0.0,0.0,-4200133.0,7.136533737182617,203.1479949951172,-0.00038529152516275644,69124.578125,1.231651782989502
60800.0,0.0,0.0,-4200130.5,8.415141105651855,199.07643127441406,-0.0004642490530386567,69104.890625,1.23200261592865
60900.0,0.0,0.0,-4200133.5,7.913025856018066,200.9119110107422,0.0008787293336354196,69083.1640625,1.23239004611969
61000.0,0.0,0.0,-4200130.5,6.89081335067749,197.3143768310547,0.0003984768409281969,69060.6171875,1.2327924966812134
61100.0,0.0,0.0,-4200134.0,8.339736938476562,200.574462890625,-9.319290984421968e-05,69037.796875,1.233199954032898
61200.0,0.0,0.0,-4200134.5,7.119633674621582,200.84072875976562,-0.001458854996599257,69014.6328125,1.2336139678955078
61300.0,0.0,0.0,-4200134.0,7.700842380523682,200.15257263183594,-8.884468115866184e-06,68990.65625,1.2340426445007324
61400.0,0.0,0.0,-4200132.0,7.698666095733643,197.6666259765625,0.001859899377450347,68967.203125,1.2344623804092407
61500.0,0.0,0.0,-4200134.0,6.3325700759887695,200.36004638671875,0.0009895937982946634,68946.2578125,1.2348371744155884
61600.0,0.0,0.0,-4200131.5,6.92855978012085,198.4799346923828,0.0003926928620785475,68928.171875,1.235161304473877
61700.0,0.0,0.0,-4200133.5,6.701706886291504,197.61605834960938,-0.002577479463070631,68913.2109375,1.2354295253753662
61800.0,0.0,0.0,-4200135.0,6.879822731018066,197.1717529296875,-0.0003666250267997384,68898.8515625,1.2356868982315063
61900.0,0.0,0.0,-4200136.5,6.813627243041992,199.1316375732422,0.0012385002337396145,68887.890625,1.2358835935592651
62000.0,0.0,0.0,-4200133.5,7.023331642150879,197.04171752929688,0.0011535201920196414,68880.8671875,1.2360095977783203
62100.0,0.0,0.0,-4200135.5,8.368915557861328,201.01307678222656,0.0009727941360324621,68876.9609375,1.2360795736312866
62200.0,0.0,0.0,-4200133.0,7.086483478546143,200.6993865966797,-0.002344648353755474,68876.1171875,1.2360948324203491
62300.0,0.0,0.0,-4200132.5,6.8309006690979,199.7888946533203,0.0009661126532591879,68876.625,1.2360856533050537
62400.0,0.0,0.0,-4200136.5,8.752462387084961,205.42694091796875,0.00024070159997791052,68880.8671875,1.2360094785690308
62500.0,0.0,0.0,-4200130.5,8.836076736450195,199.724365234375,0.001440122490748763,68887.7890625,1.2358852624893188
62600.0,0.0,0.0,-4200131.0,7.0471601486206055,199.94961547851562,-0.00022017094306647778,68898.1796875,1.235698938369751
62700.0,0.0,0.0,-4200135.5,8.000524520874023,203.92079162597656,-0.0005699684843420982,68911.109375,1.2354670763015747
62800.0,0.0,0.0,-4200130.5,7.317749977111816,198.03758239746094,0.0003360983682796359,68926.2890625,1.2351949214935303
62900.0,0.0,0.0,-4200133.0,7.169751167297363,199.0421600341797,-0.0007469552801921964,68944.71875,1.2348650693893433
63000.0,0.0,0.0,-4200132.5,8.980387687683105,199.07858276367188,0.0010228438768535852,68964.765625,1.2345060110092163
63100.0,0.0,0.0,-4200133.0,7.810009956359863,200.1309356689453,-0.00029458513017743826,68987.09375,1.2341063022613525
63200.0,0.0,0.0,-4200130.5,7.955055236816406,197.64979553222656,0.0014489011373370886,69010.765625,1.2336829900741577
63300.0,0.0,0.0,-4200133.5,7.208274841308594,201.0537872314453,-0.0004125590203329921,69036.453125,1.2332239151000977
63400.0,0.0,0.0,-4200133.0,6.908076763153076,201.73777770996094,-0.0011074886424466968,69063.890625,1.2327340841293335
63500.0,0.0,0.0,-4200132.5,8.2033109664917,199.92849731445312,-0.0002888636663556099,69092.1875,1.232229232788086
63600.0,0.0,0.0,-4200136.5,6.697885513305664,204.33309936523438,0.0001964876428246498,69120.2890625,1.231728196144104
63700.0,0.0,0.0,-4200130.0,7.960032939910889,194.95953369140625,0.0010743641760200262,69149.2734375,1.2312119007110596
63800.0,0.0,0.0,-4200135.5,8.142722129821777,199.6345977783203,0.0006123827770352364,69179.1015625,1.23068106174469
63900.0,0.0,0.0,-4200133.5,6.960928916931152,197.1653594970703,-0.00021452526561915874,69208.5546875,1.2301572561264038
64000.0,0.0,0.0,-4200135.5,6.1593427658081055,199.6608428955078,-0.000941413571126759,69237.6875,1.2296396493911743
64100.0,0.0,0.0,-4200132.0,7.068469524383545,199.39051818847656,-0.00014311540871858597,69264.8046875,1.2291584014892578
64200.0,0.0,0.0,-4200136.0,7.753191947937012,203.33712768554688,0.00031119072809815407,69290.890625,1.2286955118179321
64300.0,0.0,0.0,-4200130.5,7.8143110275268555,198.4453582763672,-0.0002491680206730962,69315.390625,1.2282612323760986
64400.0,0.0,0.0,-4200131.0,9.273818016052246,198.68971252441406,-0.0005017322255298495,69336.984375,1.2278788089752197
64500.0,0.0,0.0,-4200134.5,6.71294641494751,203.94107055664062,7.440254557877779e-05,69354.53125,1.2275680303573608
64600.0,0.0,0.0,-4200132.0,8.101289749145508,200.64169311523438,0.00039972830563783646,69368.375,1.2273231744766235
64700.0,0.0,0.0,-4200137.0,8.94190502166748,204.2043914794922,-0.0003633364103734493,69379.2578125,1.2271305322647095
64800.0,0.0,0.0,-4200129.0,6.737344264984131,194.54176330566406,-0.001389652956277132,69386.4375,1.227003574371338
64900.0,0.0,0.0,-4200136.5,8.242341995239258,201.2036895751953,-0.0010301611619070172,69390.0703125,1.2269394397735596
65000.0,0.0,0.0,-4200134.0,8.647242546081543,198.689697265625,0.0006317113293334842,69389.7109375,1.2269457578659058
65100.0,0.0,0.0,-4200132.5,7.5055413246154785,199.89842224121094,0.0015559279127046466,69385.703125,1.227016568183899
65200.0,0.0,0.0,-4200132.5,8.817349433898926,201.3920135498047,0.00026918621733784676,69378.7734375,1.2271391153335571
65300.0,0.0,0.0,-4200132.0,6.358241081237793,200.739990234375,-0.002133066300302744,69368.7890625,1.2273157835006714
65400.0,0.0,0.0,-4200133.5,6.9208807945251465,202.21885681152344,-0.0016884289216250181,69354.5859375,1.227567195892334
65500.0,0.0,0.0,-4200130.5,7.288537502288818,198.8980255126953,-0.0005091849016025662,69336.7265625,1.227883219718933
65600.0,0.0,0.0,-4200135.5,7.987622261047363,202.31057739257812,0.001753827091306448,69317.1484375,1.2282302379608154
65700.0,0.0,0.0,-4200132.5,7.0873942375183105,196.6859893798828,0.0016122831730172038,69295.5625,1.2286127805709839
65800.0,0.0,0.0,-4200136.5,7.067933082580566,199.4619140625,-0.00012510933447629213,69272.6015625,1.2290198802947998
65900.0,0.0,0.0,-4200133.5,7.060136318206787,196.61378479003906,-0.0017159691778942943,69247.6640625,1.2294626235961914
66000.0,0.0,0.0,-4200133.0,7.050670623779297,196.9183807373047,-0.0016237579984590411,69219.8046875,1.2299574613571167
66100.0,0.0,0.0,-4200135.0,7.228168487548828,200.76840209960938,0.0009546030196361244,69191.2890625,1.2304644584655762
66200.0,0.0,0.0,-4200134.0,6.535559177398682,201.1952362060547,0.000844535999931395,69162.2734375,1.230980396270752
66300.0,0.0,0.0,-4200130.5,9.46971607208252,198.40196228027344,0.0006383003201335669,69133.5,1.2314928770065308
66400.0,0.0,0.0,-4200133.5,7.488415718078613,202.00816345214844,-0.0010282916482537985,69106.0859375,1.2319813966751099
66500.0,0.0,0.0,-4200131.5,7.802404880523682,201.1914825439453,-2.754293382167816e-05,69078.8359375,1.2324674129486084
66600.0,0.0,0.0,-4200133.0,7.334421634674072,202.22764587402344,-0.00012446939945220947,69052.5546875,1.2329365015029907
66700.0,0.0,0.0,-4200132.0,7.749581336975098,200.64126586914062,0.0007757795974612236,69026.5859375,1.2334002256393433
66800.0,0.0,0.0,-4200133.5,7.834662437438965,201.1559295654297,0.000313563272356987,69001.96875,1.2338403463363647
66900.0,0.0,0.0,-4200131.0,7.275373458862305,196.7824249267578,-0.0003129412652924657,68979.015625,1.2342509031295776
67000.0,0.0,0.0,-4200133.5,7.496166706085205,199.11703491210938,0.00016347714699804783,68957.7109375,1.234632134437561
67100.0,0.0,0.0,-4200134.5,6.830296993255615,200.04933166503906,-0.0002404603874310851,68939.0078125,1.2349673509597778
67200.0,0.0,0.0,-4200136.0,8.701305389404297,201.19253540039062,0.0004549237200990319,68922.2265625,1.2352677583694458
67300.0,0.0,0.0,-4200131.0,7.513415813446045,196.92543029785156,-9.639840573072433e-05,68908.203125,1.235519289970398
67400.0,0.0,0.0,-4200133.5,8.425054550170898,199.98826599121094,0.0004022305365651846,68897.71875,1.23570716381073
67500.0,0.0,0.0,-4200133.5,6.573194980621338,202.89744567871094,0.0003435945836827159,68891.625,1.235816478729248
67600.0,0.0,0.0,-4200129.5,7.581293106079102,201.76947021484375,-7.879454642534256e-05,68888.4296875,1.2358739376068115
67700.0,0.0,0.0,-4200132.0,7.218810081481934,205.41415405273438,0.00047337310388684273,68888.390625,1.2358746528625488
67800.0,0.0,0.0,-4200130.0,7.7643280029296875,204.20726013183594,0.00010597356595098972,68892.828125,1.2357949018478394
67900.0,0.0,0.0,-4200131.5,8.226927757263184,204.24598693847656,0.00040393287781625986,68900.171875,1.2356632947921753
68000.0,0.0,0.0,-4200130.5,7.003975868225098,201.48843383789062,-0.00041194725781679153,68910.9296875,1.2354704141616821
68100.0,0.0,0.0,-4200130.5,8.078998565673828,200.86819458007812,0.0008207845967262983,68924.5859375,1.2352255582809448
68200.0,0.0,0.0,-4200133.0,6.402237892150879,201.6089630126953,0.0008966431487351656,68942.4375,1.23490571975708
68300.0,0.0,0.0,-4200134.0,7.39633321762085,201.5084991455078,9.306240826845169e-07,68963.8046875,1.234523057937622
68400.0,0.0,0.0,-4200132.0,6.7075886726379395,200.48016357421875,-0.0003235200420022011,68987.9609375,1.2340909242630005
68500.0,0.0,0.0,-4200134.0,8.301863670349121,202.1248016357422,-0.0006518187001347542,69014.171875,1.2336221933364868
68600.0,0.0,0.0,-4200131.0,7.251123428344727,197.21449279785156,0.0009730479796417058,69042.015625,1.2331244945526123
68700.0,0.0,0.0,-4200133.0,9.08272933959961,198.9382781982422,-0.0005196424899622798,69071.5546875,1.2325972318649292
68800.0,0.0,0.0,-4200132.0,9.001791000366211,197.47608947753906,0.0012617202010005713,69101.84375,1.232056975364685
68900.0,0.0,0.0,-4200138.5,6.550530910491943,204.69064331054688,-0.00020722998306155205,69133.359375,1.2314953804016113
69000.0,0.0,0.0,-4200131.5,6.357541561126709,197.46925354003906,-0.0007269612979143858,69164.96875,1.2309324741363525
69100.0,0.0,0.0,-4200134.0,7.047066688537598,201.11651611328125,0.00029391294810920954,69195.15625,1.2303954362869263
69200.0,0.0,0.0,-4200134.5,7.599088668823242,201.32598876953125,-0.00036397005897015333,69224.84375,1.229867935180664
69300.0,0.0,0.0,-4200130.5,9.680912017822266,198.12196350097656,0.001324301352724433,69252.9765625,1.2293682098388672
69400.0,0.0,0.0,-4200133.0,7.038071632385254,200.7838592529297,-0.0009280563099309802,69280.1484375,1.2288860082626343
69500.0,0.0,0.0,-4200133.5,6.626040935516357,201.80809020996094,0.0002488386817276478,69304.578125,1.2284528017044067
69600.0,0.0,0.0,-4200134.5,8.169707298278809,201.64404296875,-0.0013194208731874824,69326.203125,1.22806978225708
69700.0,0.0,0.0,-4200134.5,8.08493709564209,201.3699951171875,-3.27754532918334e-05,69343.1875,1.227768898010254
69800.0,0.0,0.0,-4200133.5,9.743898391723633,198.75892639160156,3.825186286121607e-05,69356.4453125,1.2275341749191284
69900.0,0.0,0.0,-4200129.0,6.828516483306885,193.3878631591797,-0.00048466084990650415,69365.3203125,1.2273770570755005
70000.0,0.0,0.0,-4200136.0,8.70940113067627,199.85336303710938,-7.137423381209373e-05,69370.0,1.227294683456421
70100.0,0.0,0.0,-4200134.5,9.264897346496582,198.4296417236328,-0.0011601035948842764,69370.9453125,1.2272776365280151
70200.0,0.0,0.0,-4200135.0,6.084351062774658,200.95236206054688,0.000739729031920433,69366.71875,1.2273523807525635
70300.0,0.0,0.0,-4200132.0,7.619229793548584,200.7108917236328,-0.0005104177398607135,69358.7421875,1.2274935245513916
70400.0,0.0,0.0,-4200132.5,8.39045238494873,202.80599975585938,-1.9462895579636097e-05,69346.2734375,1.22771418094635
70500.0,0.0,0.0,-4200132.0,7.497375965118408,202.79928588867188,-0.000785691780038178,69329.703125,1.2280076742172241
70600.0,0.0,0.0,-4200130.5,8.440840721130371,201.4373321533203,-0.00034369248896837234,69308.8046875,1.2283780574798584
70700.0,0.0,0.0,-4200131.0,7.243013381958008,201.52171325683594,0.0013126611011102796,69283.5546875,1.2288256883621216
70800.0,0.0,0.0,-4200131.5,7.472525119781494,201.60289001464844,-0.0001685343449935317,69256.2578125,1.2293100357055664
70900.0,0.0,0.0,-4200132.5,6.909646034240723,201.25975036621094,-0.00018361175898462534,69226.5,1.229838490486145
71000.0,0.0,0.0,-4200136.0,7.67093563079834,204.20428466796875,-0.0022037746384739876,69194.203125,1.230412483215332
71100.0,0.0,0.0,-4200133.0,7.82882833480835,202.97396850585938,0.00043801660649478436,69159.9296875,1.2310221195220947
71200.0,0.0,0.0,-4200133.5,7.383927345275879,202.29884338378906,0.001092372229322791,69124.515625,1.2316529750823975
71300.0,0.0,0.0,-4200129.5,7.274196147918701,198.12586975097656,0.0015576448058709502,69089.4765625,1.232277512550354
71400.0,0.0,0.0,-4200135.0,6.804408073425293,202.8330078125,-0.00012947618961334229,69055.5,1.2328838109970093
71500.0,0.0,0.0,-4200131.0,7.606449604034424,197.02511596679688,-0.0021416647359728813,69021.8515625,1.2334849834442139
71600.0,0.0,0.0,-4200135.0,7.296150207519531,201.22262573242188,-0.0006376212695613503,68987.734375,1.2340949773788452
71700.0,0.0,0.0,-4200133.0,8.117463111877441,199.84986877441406,0.00019190693274140358,68954.78125,1.234684705734253
71800.0,0.0,0.0,-4200133.0,7.646492958068848,198.77650451660156,0.0012548804515972733,68925.0234375,1.235217809677124
71900.0,0.0,0.0,-4200132.5,8.502047538757324,198.58995056152344,0.0005914549110457301,68898.90625,1.23568594455719
72000.0,0.0,0.0,-4200133.0,7.733320236206055,199.5665283203125,-0.0008044454734772444,68876.203125,1.2360931634902954
72100.0,0.0,0.0,-4200133.0,7.7025227546691895,200.82066345214844,0.0006024690810590982,68855.453125,1.2364658117294312
72200.0,0.0,0.0,-4200133.0,6.67397403717041,201.00399780273438,4.343339242041111e-06,68838.9921875,1.2367613315582275
72300.0,0.0,0.0,-4200134.5,7.874403476715088,202.49002075195312,0.0006446309853345156,68825.4609375,1.2370045185089111
72400.0,0.0,0.0,-4200131.5,7.158135890960693,200.3209686279297,0.0004358977312222123,68817.484375,1.2371479272842407
72500.0,0.0,0.0,-4200131.0,9.337544441223145,199.98838806152344,0.0005410332232713699,68814.0546875,1.237209677696228
72600.0,0.0,0.0,-4200133.0,8.150270462036133,201.4160919189453,-0.000129757565446198,68815.6171875,1.2371814250946045
72700.0,0.0,0.0,-4200133.5,7.17198371887207,201.64022827148438,-0.0005836350610479712,68822.90625,1.2370505332946777
72800.0,0.0,0.0,-4200131.5,7.591292858123779,199.2008514404297,6.264564581215382e-05,68835.6328125,1.2368220090866089
72900.0,0.0,0.0,-4200135.5,7.6191277503967285,202.21722412109375,0.000766484416089952,68853.03125,1.2365093231201172
73000.0,0.0,0.0,-4200130.5,7.530040740966797,196.452880859375,0.001590202678926289,68875.6328125,1.2361034154891968
73100.0,0.0,0.0,-4200132.0,8.207796096801758,197.15402221679688,-4.169926978647709e-05,68903.4921875,1.2356038093566895
73200.0,0.0,0.0,-4200135.5,8.143339157104492,201.17503356933594,-0.0005535302916541696,68935.515625,1.2350298166275024
73300.0,0.0,0.0,-4200134.0,6.788767337799072,199.4515838623047,-0.001597174326889217,68971.59375,1.2343837022781372
73400.0,0.0,0.0,-4200134.0,7.643351078033447,200.58445739746094,0.00027162733022123575,69009.6640625,1.2337027788162231
73500.0,0.0,0.0,-4200134.5,6.881927967071533,200.84495544433594,0.001028923550620675,69051.2734375,1.2329593896865845
73600.0,0.0,0.0,-4200129.0,7.733890056610107,200.3734130859375,0.0015044247265905142,69095.578125,1.2321686744689941
73700.0,0.0,0.0,-4200125.5,8.037508964538574,200.26803588867188,-8.839776273816824e-05,69141.5625,1.231349229812622
73800.0,0.0,0.0,-4200128.0,7.926319599151611,203.55120849609375,-0.0006820436101406813,69188.7421875,1.2305095195770264
73900.0,0.0,0.0,-4200129.0,9.76690673828125,203.1015167236328,0.00038498546928167343,69235.3671875,1.2296808958053589
74000.0,0.0,0.0,-4200132.5,6.664748191833496,203.63442993164062,-0.0001822487683966756,69282.515625,1.2288440465927124
74100.0,0.0,0.0,-4200130.5,7.136176586151123,200.0162353515625,-0.00048330100253224373,69328.8671875,1.2280224561691284
74200.0,0.0,0.0,-4200134.5,8.709044456481934,203.0663299560547,-0.001015205169096589,69373.9375,1.2272247076034546
74300.0,0.0,0.0,-4200133.0,7.161646366119385,200.51416015625,0.0006682638777419925,69416.25,1.2264765501022339
74400.0,0.0,0.0,-4200133.5,7.1522626876831055,199.62625122070312,-5.389179568737745e-05,69454.84375,1.225795030593872
74500.0,0.0,0.0,-4200133.0,6.353647232055664,198.4662322998047,0.00012466509360820055,69489.140625,1.2251900434494019
74600.0,0.0,0.0,-4200133.5,6.956750392913818,198.75094604492188,-9.731552563607693e-05,69519.3828125,1.2246570587158203
74700.0,0.0,0.0,-4200134.5,7.723255157470703,201.1138153076172,-0.0011393704917281866,69544.578125,1.2242134809494019
74800.0,0.0,0.0,-4200132.0,8.250536918640137,198.8233642578125,-0.00028272485360503197,69564.0,1.2238717079162598
74900.0,0.0,0.0,-4200134.0,7.674149990081787,203.8853302001953,-0.0003075188724324107,69577.4609375,1.223634958267212
75000.0,0.0,0.0,-4200130.0,7.11741828918457,201.67848205566406,0.0009726602584123611,69585.1640625,1.2234994173049927
75100.0,0.0,0.0,-4200128.0,6.923044681549072,200.67250061035156,-0.0013615075731649995,69589.078125,1.2234306335449219
75200.0,0.0,0.0,-4200129.5,8.202353477478027,204.02186584472656,-0.00039539800491183996,69587.109375,1.2234653234481812
75300.0,0.0,0.0,-4200131.5,7.303586006164551,203.915771484375,-0.0008090545888990164,69579.3125,1.2236024141311646
75400.0,0.0,0.0,-4200131.5,7.735301971435547,200.94906616210938,-7.039867341518402e-05,69566.2421875,1.2238322496414185
75500.0,0.0,0.0,-4200131.0,9.926900863647461,199.16558837890625,9.272131137549877e-05,69548.875,1.224137783050537
75600.0,0.0,0.0,-4200131.0,6.918462753295898,199.64743041992188,-0.0012276633642613888,69527.140625,1.2245205640792847
75700.0,0.0,0.0,-4200129.5,7.082034111022949,197.4498291015625,0.0003787419991567731,69500.0078125,1.2249984741210938
75800.0,0.0,0.0,-4200131.5,7.27871036529541,200.4729461669922,-0.001227661152370274,69468.5390625,1.2255535125732422
75900.0,0.0,0.0,-4200131.5,7.54351806640625,199.4986572265625,0.0010174260241910815,69432.59375,1.226188063621521
76000.0,0.0,0.0,-4200131.5,6.714651584625244,198.0076141357422,0.000399218057282269,69394.0859375,1.2268685102462769
76100.0,0.0,0.0,-4200132.5,7.583435535430908,198.09596252441406,0.00021541467867791653,69352.8984375,1.2275969982147217
76200.0,0.0,0.0,-4200131.5,7.318020343780518,198.32876586914062,-0.00025155243929475546,69308.609375,1.2283815145492554
76300.0,0.0,0.0,-4200133.0,6.811755657196045,199.73057556152344,-0.0013148129219189286,69261.703125,1.2292132377624512
76400.0,0.0,0.0,-4200132.0,7.8690714836120605,200.53126525878906,0.0010186485014855862,69211.8671875,1.2300983667373657
76500.0,0.0,0.0,-4200133.5,6.966980457305908,197.96083068847656,0.00010749534703791142,69161.28125,1.2309982776641846
76600.0,0.0,0.0,-4200136.0,8.316060066223145,197.8778076171875,0.0007529633585363626,69111.5625,1.2318836450576782
76700.0,0.0,0.0,-4200136.0,7.591265678405762,199.76043701171875,-0.0002830574521794915,69062.546875,1.2327580451965332
76800.0,0.0,0.0,-4200136.0,7.075406551361084,200.36485290527344,-0.0002484861761331558,69014.9296875,1.2336084842681885
76900.0,0.0,0.0,-4200131.5,8.863247871398926,198.9108123779297,0.0001458185724914074,68969.6328125,1.2344187498092651
77000.0,0.0,0.0,-4200129.0,8.529889106750488,197.6991729736328,-0.00013130635488778353,68926.6328125,1.2351888418197632
77100.0,0.0,0.0,-4200129.5,8.756830215454102,199.61935424804688,0.0010422668419778347,68887.03125,1.2358989715576172
77200.0,0.0,0.0,-4200129.0,7.659969329833984,199.160400390625,0.00022304488811641932,68851.90625,1.2365294694900513
77300.0,0.0,0.0,-4200130.0,7.611648082733154,199.83047485351562,0.00035149825271219015,68822.0546875,1.2370657920837402
77400.0,0.0,0.0,-4200132.5,7.369327545166016,200.8153839111328,-0.0005655711283907294,68796.890625,1.237518310546875
77500.0,0.0,0.0,-4200133.0,6.9237799644470215,199.9729461669922,0.0005416375352069736,68776.3515625,1.2378877401351929
77600.0,0.0,0.0,-4200136.0,8.358237266540527,201.8326416015625,0.001100804889574647,68760.7265625,1.2381691932678223
77700.0,0.0,0.0,-4200135.5,6.892401695251465,201.49612426757812,0.0005053307395428419,68750.46875,1.238353967666626
77800.0,0.0,0.0,-4200132.5,7.706353664398193,198.4107666015625,0.00022380799055099487,68745.6015625,1.2384414672851562
77900.0,0.0,0.0,-4200133.0,7.7980475425720215,199.48919677734375,-7.736962288618088e-06,68745.6796875,1.2384401559829712
78000.0,0.0,0.0,-4200132.5,8.565629005432129,199.25384521484375,0.0006062439642846584,68751.03125,1.2383437156677246
78100.0,0.0,0.0,-4200133.0,7.644899845123291,200.03892517089844,6.47007254883647e-05,68761.84375,1.2381490468978882
78200.0,0.0,0.0,-4200132.5,6.468348979949951,198.43072509765625,0.0005692655686289072,68777.3515625,1.2378697395324707
78300.0,0.0,0.0,-4200133.0,7.0470194816589355,198.63075256347656,0.0008753695874474943,68798.0234375,1.2374978065490723
78400.0,0.0,0.0,-4200133.5,6.745683670043945,199.03900146484375,0.00016790488734841347,68823.3671875,1.2370421886444092
78500.0,0.0,0.0,-4200134.0,8.238832473754883,199.51483154296875,-0.00010182859841734171,68852.953125,1.2365106344223022
78600.0,0.0,0.0,-4200133.5,8.809114456176758,200.68093872070312,-0.0022290749475359917,68885.6015625,1.2359247207641602
78700.0,0.0,0.0,-4200132.0,7.678588390350342,198.91925048828125,0.0015159575268626213,68919.421875,1.2353181838989258
78800.0,0.0,0.0,-4200132.0,9.139100074768066,201.04052734375,0.0012812309432774782,68956.125,1.2346606254577637
78900.0,0.0,0.0,-4200134.5,8.54944896697998,202.6170654296875,0.001631666556932032,68994.9765625,1.2339653968811035
79000.0,0.0,0.0,-4200132.0,7.184772968292236,198.0624542236328,-0.0020227248314768076,69036.875,1.233216404914856
79100.0,0.0,0.0,-4200132.0,7.586758613586426,199.29054260253906,-0.0015626064268872142,69078.2265625,1.232478141784668
79200.0,0.0,0.0,-4200139.0,8.009230613708496,207.11634826660156,0.000750499777495861,69116.8203125,1.2317899465560913
79300.0,0.0,0.0,-4200128.0,8.028499603271484,198.169921875,0.0023697400465607643,69155.0703125,1.2311086654663086
79400.0,0.0,0.0,-4200134.0,7.11507511138916,204.37271118164062,-0.00010229554027318954,69192.796875,1.2304375171661377
79500.0,0.0,0.0,-4200131.0,6.605968952178955,200.423095703125,-0.0016074564773589373,69228.2421875,1.2298073768615723
79600.0,0.0,0.0,-4200131.0,7.853427410125732,201.24850463867188,-0.0014771572314202785,69260.4375,1.2292357683181763
79700.0,0.0,0.0,-4200132.5,8.61866283416748,202.29690551757812,0.0005500464467331767,69288.734375,1.228733777999878
79800.0,0.0,0.0,-4200133.0,7.966921806335449,201.7952423095703,0.001413634861819446,69314.3046875,1.2282805442810059
79900.0,0.0,0.0,-4200133.5,7.779542446136475,203.1781768798828,-0.0005421986570581794,69337.640625,1.2278671264648438
80000.0,0.0,0.0,-4200129.5,9.563581466674805,198.3440399169922,-0.0006639013299718499,69355.8828125,1.2275440692901611
80100.0,0.0,0.0,-4200131.5,8.992826461791992,201.11305236816406,-0.0011375878239050508,69369.890625,1.227296233177185
80200.0,0.0,0.0,-4200133.5,8.647485733032227,201.3179931640625,0.0007281440775841475,69379.53125,1.2271257638931274
80300.0,0.0,0.0,-4200132.5,7.457883358001709,198.78372192382812,-0.0003466192865744233,69386.0625,1.2270103693008423
80400.0,0.0,0.0,-4200135.5,7.1126389503479,201.338623046875,-0.0003430676879361272,69388.4921875,1.226967215538025
80500.0,0.0,0.0,-4200128.5,7.863476276397705,196.56890869140625,-0.0007695514941588044,69386.2109375,1.2270076274871826
80600.0,0.0,0.0,-4200135.0,7.3639092445373535,203.14102172851562,0.0005748108960688114,69378.953125,1.2271358966827393
80700.0,0.0,0.0,-4200133.5,8.867778778076172,200.8547821044922,0.0017555339727550745,69368.4453125,1.2273218631744385
80800.0,0.0,0.0,-4200133.5,6.7895660400390625,197.41993713378906,-0.0007778081344440579,69355.125,1.22755765914917
80900.0,0.0,0.0,-4200135.0,9.022845268249512,197.34213256835938,-0.0016560603398829699,69337.65625,1.227866768836975
81000.0,0.0,0.0,-4200135.5,9.057514190673828,199.07972717285156,-0.001011475920677185,69315.1796875,1.2282649278640747
81100.0,0.0,0.0,-4200135.0,8.093810081481934,201.30123901367188,0.001791404327377677,69289.078125,1.2287276983261108
81200.0,0.0,0.0,-4200132.5,7.630714416503906,199.7022247314453,0.0009063261095434427,69260.609375,1.229232668876648
81300.0,0.0,0.0,-4200134.5,8.02313232421875,204.86151123046875,-0.0015083433827385306,69231.0390625,1.2297579050064087
81400.0,0.0,0.0,-4200130.0,7.484368801116943,201.98532104492188,-0.0008366466499865055,69199.09375,1.23032546043396
81500.0,0.0,0.0,-4200133.5,8.799979209899902,204.8050079345703,1.2256670743227005e-05,69165.125,1.2309297323226929
81600.0,0.0,0.0,-4200134.5,6.524703025817871,202.73294067382812,0.000993957743048668,69131.546875,1.2315276861190796
81700.0,0.0,0.0,-4200133.0,8.619853973388672,198.1184844970703,0.0004985637497156858,69098.6796875,1.2321133613586426
81800.0,0.0,0.0,-4200134.5,8.652257919311523,199.37686157226562,-0.0007317655254155397,69065.9921875,1.232696533203125
81900.0,0.0,0.0,-4200134.0,7.164671897888184,199.32540893554688,-0.0008090486517176032,69033.1640625,1.2332826852798462
82000.0,0.0,0.0,-4200134.5,7.2875518798828125,200.58932495117188,0.0006293428596109152,68999.8828125,1.2338775396347046
82100.0,0.0,0.0,-4200134.5,8.109195709228516,202.27162170410156,0.0009660855284892023,68969.796875,1.2344157695770264
82200.0,0.0,0.0,-4200134.0,8.353075981140137,202.54095458984375,0.0008792353328317404,68943.796875,1.2348814010620117
82300.0,0.0,0.0,-4200132.5,8.711013793945312,201.54615783691406,-0.0011911708861589432,68921.0234375,1.2352893352508545
82400.0,0.0,0.0,-4200131.0,6.27078104019165,200.64353942871094,-0.00012571970000863075,68900.296875,1.2356609106063843
82500.0,0.0,0.0,-4200132.0,7.961537837982178,201.48329162597656,0.0012332421028986573,68883.296875,1.2359660863876343
82600.0,0.0,0.0,-4200129.0,7.357568740844727,197.44679260253906,0.0014125657035037875,68871.3203125,1.2361809015274048
82700.0,0.0,0.0,-4200134.0,9.01767349243164,200.4827880859375,-0.00025497807655483484,68864.3515625,1.236306071281433
82800.0,0.0,0.0,-4200134.5,7.435132026672363,199.39682006835938,-0.0011032205075025558,68860.3671875,1.2363775968551636
82900.0,0.0,0.0,-4200134.0,8.521617889404297,199.05491638183594,0.0003482785541564226,68860.3828125,1.236377239227295
83000.0,0.0,0.0,-4200135.0,8.208539962768555,200.42591857910156,0.0008446178399026394,68864.140625,1.2363097667694092
83100.0,0.0,0.0,-4200133.5,6.829827785491943,199.1763916015625,0.0019472821149975061,68872.0625,1.236167550086975
83200.0,0.0,0.0,-4200136.5,7.517660140991211,204.0690155029297,0.0001724091125652194,68884.2421875,1.235948920249939
83300.0,0.0,0.0,-4200132.0,8.559261322021484,199.61834716796875,-0.0012608937686309218,68899.5625,1.235674262046814
83400.0,0.0,0.0,-4200136.5,6.880371570587158,204.3330841064453,-0.0004495230969041586,68917.4140625,1.2353541851043701
83500.0,0.0,0.0,-4200133.5,7.0634942054748535,200.90435791015625,0.00034067651722580194,68938.5703125,1.234974980354309
83600.0,0.0,0.0,-4200136.0,8.212037086486816,202.93893432617188,0.0021234024316072464,68963.2265625,1.234533429145813
83700.0,0.0,0.0,-4200133.5,8.622297286987305,199.79193115234375,-0.0005469273310154676,68991.21875,1.2340325117111206
83800.0,0.0,0.0,-4200133.5,8.014835357666016,198.49020385742188,-0.00019888603128492832,69020.65625,1.2335063219070435
83900.0,0.0,0.0,-4200133.5,7.827429294586182,199.96026611328125,-0.00030159123707562685,69050.7578125,1.2329684495925903
84000.0,0.0,0.0,-4200132.5,7.573816299438477,198.06185913085938,0.0008682420011609793,69081.9140625,1.232412338256836
84100.0,0.0,0.0,-4200132.0,7.977019309997559,197.5669708251953,-0.0002923102583736181,69113.3828125,1.2318512201309204
84200.0,0.0,0.0,-4200133.0,7.501688480377197,198.09140014648438,-0.00045786111149936914,69144.921875,1.2312893867492676
84300.0,0.0,0.0,-4200130.0,9.276265144348145,195.9180450439453,-0.00024746288545429707,69175.453125,1.2307459115982056
84400.0,0.0,0.0,-4200135.0,7.320934772491455,201.4799041748047,-0.0005065143341198564,69204.5390625,1.2302287817001343
84500.0,0.0,0.0,-4200131.5,7.067703723907471,195.50521850585938,0.00028428772930055857,69231.8359375,1.2297435998916626
84600.0,0.0,0.0,-4200135.5,7.734175205230713,199.23385620117188,0.000267765368334949,69257.96875,1.229279637336731
84700.0,0.0,0.0,-4200134.5,7.982378005981445,197.99769592285156,0.0003443711902946234,69281.484375,1.2288624048233032
84800.0,0.0,0.0,-4200129.5,10.280024528503418,195.2158203125,-0.001176344114355743,69301.03125,1.2285157442092896
84900.0,0.0,0.0,-4200133.5,8.324179649353027,200.18740844726562,-0.0009110248647630215,69317.1875,1.2282295227050781
85000.0,0.0,0.0,-4200132.5,6.445454120635986,201.8241729736328,-0.0009041477460414171,69330.375,1.227995753288269
85100.0,0.0,0.0,-4200133.0,7.625119209289551,205.6330108642578,0.0002934481017291546,69340.6640625,1.227813482284546
85200.0,0.0,0.0,-4200129.5,7.992330074310303,203.838623046875,0.0005014636553823948,69346.7890625,1.2277051210403442
85300.0,0.0,0.0,-4200127.0,8.864392280578613,199.99082946777344,-0.000453291111625731,69349.421875,1.2276585102081299
85400.0,0.0,0.0,-4200130.0,9.758291244506836,201.01498413085938,0.00014665804337710142,69348.3125,1.2276781797409058
85500.0,0.0,0.0,-4200128.5,7.575291156768799,199.45066833496094,-0.0014239037409424782,69344.671875,1.2277425527572632
85600.0,0.0,0.0,-4200129.0,7.442100524902344,200.00169372558594,0.0003775141667574644,69337.84375,1.2278635501861572
85700.0,0.0,0.0,-4200131.5,8.412086486816406,201.3593292236328,0.00021396763622760773,69328.0859375,1.2280364036560059
85800.0,0.0,0.0,-4200130.5,7.667691707611084,198.97073364257812,0.0012611944694072008,69315.40625,1.2282609939575195
85900.0,0.0,0.0,-4200135.0,9.03029727935791,202.80044555664062,-0.0005638881120830774,69300.5,1.228525161743164
86000.0,0.0,0.0,-4200133.0,7.035731315612793,199.87789916992188,-0.0013913140865042806,69283.578125,1.2288252115249634
86100.0,0.0,0.0,-4200135.0,7.860053539276123,201.24900817871094,-0.0005613777320832014,69263.0234375,1.2291899919509888
86200.0,0.0,0.0,-4200132.0,7.177611351013184,198.4342041015625,0.00028528424445539713,69239.953125,1.2295994758605957
86300.0,0.0,0.0,-4200134.0,7.8596954345703125,200.16175842285156,0.002035150770097971,69213.90625,1.2300621271133423
86400.0,0.0,0.0,-4200134.5,7.839641571044922,202.4412841796875,-0.00033869477920234203,69187.3515625,1.230534315109253
86500.0,0.0,0.0,-4200132.0,7.19937801361084,198.8000030517578,-0.00016171799506992102,69159.109375,1.231036901473999
86600.0,0.0,0.0,-4200132.0,7.405385494232178,197.36209106445312,-0.0029628905467689037,69129.40625,1.2315658330917358
86700.0,0.0,0.0,-4200134.0,8.49448013305664,199.51393127441406,0.0008545423625037074,69097.96875,1.232125997543335
86800.0,0.0,0.0,-4200134.5,8.488709449768066,200.16238403320312,0.0005652656545862556,69067.5625,1.2326685190200806
86900.0,0.0,0.0,-4200138.5,6.429086685180664,204.3848876953125,0.0010944271925836802,69036.9453125,1.233215093612671
87000.0,0.0,0.0,-4200132.5,10.017090797424316,199.0913848876953,-8.935341611504555e-05,69007.3046875,1.2337449789047241
87100.0,0.0,0.0,-4200133.0,6.102138519287109,200.18324279785156,-0.002106794621795416,68977.5,1.2342779636383057
87200.0,0.0,0.0,-4200136.0,7.6330647468566895,206.8024139404297,0.0005259778117761016,68947.5625,1.234813928604126
87300.0,0.0,0.0,-4200130.0,9.342910766601562,200.35467529296875,0.00053677789401263,68918.7421875,1.2353302240371704
87400.0,0.0,0.0,-4200131.5,9.356768608093262,200.6239013671875,0.0021120160818099976,68891.890625,1.2358119487762451
87500.0,0.0,0.0,-4200131.5,6.592849254608154,199.69300842285156,-0.0008733324939385056,68868.9765625,1.2362228631973267
87600.0,0.0,0.0,-4200133.0,7.697446823120117,199.5643310546875,-2.5027082301676273e-05,68848.265625,1.236594796180725
87700.0,0.0,0.0,-4200134.5,8.526116371154785,201.1569366455078,-0.0010588753502815962,68830.40625,1.2369155883789062
87800.0,0.0,0.0,-4200135.5,9.313862800598145,202.07887268066406,0.0007649492472410202,68814.7734375,1.237196922302246
87900.0,0.0,0.0,-4200131.5,7.014659881591797,197.76736450195312,0.0006274465704336762,68803.7734375,1.2373944520950317
88000.0,0.0,0.0,-4200136.0,6.666746139526367,203.68128967285156,0.0006959290476515889,68797.0,1.2375165224075317
88100.0,0.0,0.0,-4200134.0,7.573764324188232,200.22610473632812,0.00027410604525357485,68793.984375,1.2375705242156982
88200.0,0.0,0.0,-4200130.0,7.7629241943359375,197.3441162109375,-0.0013807403156533837,68793.8515625,1.2375730276107788
88300.0,0.0,0.0,-4200135.5,7.576529502868652,201.67495727539062,0.0004186022561043501,68796.3984375,1.2375271320343018
88400.0,0.0,0.0,-4200131.0,7.493448257446289,195.30859375,-0.00032025936525315046,68802.3671875,1.2374197244644165
88500.0,0.0,0.0,-4200133.5,9.318726539611816,198.82090759277344,0.0017478284426033497,68810.8125,1.2372678518295288
88600.0,0.0,0.0,-4200133.5,9.67215347290039,198.7599334716797,-0.0005529958289116621,68823.28125,1.237043857574463
88700.0,0.0,0.0,-4200133.0,7.112910747528076,198.60618591308594,0.00072814105078578,68837.7421875,1.2367838621139526
88800.0,0.0,0.0,-4200142.0,9.135171890258789,209.0364532470703,0.0003304225392639637,68855.5234375,1.2364643812179565
88900.0,0.0,0.0,-4200131.0,7.1784772872924805,198.3812713623047,-9.499362204223871e-05,68875.78125,1.2361007928848267
89000.0,0.0,0.0,-4200137.0,8.729599952697754,204.9367218017578,0.00033102615270763636,68898.1171875,1.2357001304626465
89100.0,0.0,0.0,-4200127.5,8.164220809936523,196.30645751953125,-0.0011368258856236935,68923.3828125,1.2352471351623535
89200.0,0.0,0.0,-4200135.0,7.2702765464782715,205.7937774658203,0.0010971627198159695,68949.5703125,1.2347780466079712
89300.0,0.0,0.0,-4200129.5,7.649808883666992,200.65194702148438,-0.0001524314284324646,68977.015625,1.2342865467071533
89400.0,0.0,0.0,-4200136.0,8.784379005432129,208.16082763671875,7.999688386917114e-05,69004.4609375,1.2337957620620728
89500.0,0.0,0.0,-4200130.5,7.381148338317871,201.35829162597656,-0.0003286461578682065,69033.25,1.233281135559082
89600.0,0.0,0.0,-4200134.5,7.248782157897949,203.97616577148438,0.0002625688211992383,69062.21875,1.2327638864517212
89700.0,0.0,0.0,-4200131.5,8.080538749694824,198.45448303222656,-9.629991836845875e-05,69090.9140625,1.2322521209716797
89800.0,0.0,0.0,-4200132.5,9.60099983215332,200.27687072753906,-0.00011915434151887894,69119.1015625,1.2317492961883545
89900.0,0.0,0.0,-4200134.5,9.538562774658203,201.48570251464844,0.0009223179658874869,69145.5625,1.2312780618667603
90000.0,0.0,0.0,-4200132.0,6.943940162658691,197.39105224609375,4.127796273678541e-05,69171.796875,1.2308109998703003
90100.0,0.0,0.0,-4200132.5,9.01036548614502,198.1627197265625,0.00036283419467508793,69196.3515625,1.2303742170333862
90200.0,0.0,0.0,-4200129.5,7.293116092681885,196.54776000976562,-0.0020049416925758123,69218.8359375,1.229974627494812
90300.0,0.0,0.0,-4200130.0,7.494918346405029,197.81549072265625,-0.0004295200342312455,69238.8125,1.2296197414398193
90400.0,0.0,0.0,-4200131.5,7.760356426239014,199.22119140625,3.374367952346802e-05,69256.2578125,1.2293100357055664
90500.0,0.0,0.0,-4200128.0,8.342375755310059,198.2671356201172,0.001267638523131609,69270.59375,1.2290555238723755
90600.0,0.0,0.0,-4200135.5,7.871181011199951,206.076904296875,7.044849917292595e-05,69282.0234375,1.2288527488708496
90700.0,0.0,0.0,-4200133.0,7.598056316375732,201.3480987548828,-0.0014416953781619668,69290.0703125,1.2287100553512573
90800.0,0.0,0.0,-4200134.5,7.945763111114502,202.68801879882812,-0.0002484857104718685,69293.4453125,1.2286502122879028
90900.0,0.0,0.0,-4200134.5,9.044787406921387,201.5166778564453,-0.0011855396442115307,69293.6796875,1.228646159172058
91000.0,0.0,0.0,-4200135.5,7.757288455963135,202.10855102539062,0.001438913051970303,69290.6640625,1.2286996841430664
91100.0,0.0,0.0,-4200131.5,8.431053161621094,196.89234924316406,0.00026599480770528316,69285.0390625,1.2287993431091309
91200.0,0.0,0.0,-4200135.0,7.330042362213135,201.1162109375,0.0005404718685895205,69276.3359375,1.2289537191390991
91300.0,0.0,0.0,-4200131.5,8.892111778259277,197.30728149414062,-0.0016599175287410617,69264.7890625,1.2291585206985474
91400.0,0.0,0.0,-4200131.5,8.084481239318848,198.03201293945312,-0.000677066040225327,69248.75,1.2294431924819946
91500.0,0.0,0.0,-4200133.0,8.452071189880371,200.57302856445312,0.0005785066168755293,69230.328125,1.2297704219818115
91600.0,0.0,0.0,-4200127.5,6.7449235916137695,197.3914794921875,-0.00045057153329253197,69210.6953125,1.2301193475723267
91700.0,0.0,0.0,-4200132.5,9.165143013000488,204.67884826660156,0.000713240122422576,69189.3671875,1.2304984331130981
91800.0,0.0,0.0,-4200130.5,7.615753650665283,202.35116577148438,-0.0012635737657546997,69167.8125,1.230881929397583
91900.0,0.0,0.0,-4200133.5,8.01841926574707,204.70358276367188,0.001296789851039648,69144.5,1.2312970161437988
92000.0,0.0,0.0,-4200130.0,8.204280853271484,199.7167205810547,-0.0007338811410591006,69122.484375,1.2316890954971313
92100.0,0.0,0.0,-4200132.5,6.978912830352783,199.8980255126953,-4.174245987087488e-05,69099.4140625,1.232100248336792
92200.0,0.0,0.0,-4200135.5,7.415101051330566,201.96493530273438,0.0003367683384567499,69076.140625,1.2325154542922974
92300.0,0.0,0.0,-4200131.0,8.078429222106934,196.64222717285156,-0.00026953767519444227,69053.421875,1.2329211235046387
92400.0,0.0,0.0,-4200136.5,7.591644287109375,203.41812133789062,0.0007309620268642902,69029.96875,1.233339786529541
92500.0,0.0,0.0,-4200128.5,6.232610702514648,195.37696838378906,-0.0007320287404581904,69008.2421875,1.2337281703948975
92600.0,0.0,0.0,-4200136.0,7.473209381103516,203.12989807128906,0.0006754640489816666,68986.828125,1.2341110706329346
92700.0,0.0,0.0,-4200132.5,6.648504734039307,198.86318969726562,-0.000874890829436481,68966.75,1.2344704866409302
92800.0,0.0,0.0,-4200135.5,6.2842183113098145,201.64599609375,0.0008112709037959576,68948.046875,1.2348052263259888
92900.0,0.0,0.0,-4200137.0,7.885928630828857,201.90748596191406,-0.0003437860868871212,68931.90625,1.2350943088531494
93000.0,0.0,0.0,-4200137.0,8.407347679138184,201.32266235351562,0.00014546455349773169,68917.25,1.2353569269180298
93100.0,0.0,0.0,-4200135.5,10.95016860961914,199.04684448242188,0.0004981011152267456,68905.2734375,1.2355717420578003
93200.0,0.0,0.0,-4200133.5,6.476168632507324,196.7042694091797,-0.0005575775867328048,68895.2890625,1.2357509136199951
93300.0,0.0,0.0,-4200135.5,8.453529357910156,199.9766082763672,0.0012718620710074902,68887.4609375,1.2358912229537964
93400.0,0.0,0.0,-4200131.0,6.6721720695495605,196.7819061279297,-0.0012803710997104645,68883.4609375,1.235962986946106
93500.0,0.0,0.0,-4200131.5,7.773968696594238,199.7469482421875,0.0006930154049769044,68880.9765625,1.2360076904296875
93600.0,0.0,0.0,-4200130.0,8.004332542419434,199.62887573242188,0.0003222922096028924,68881.25,1.2360026836395264
93700.0,0.0,0.0,-4200129.5,9.05225944519043,201.07676696777344,0.0014777861069887877,68883.4609375,1.2359631061553955
93800.0,0.0,0.0,-4200135.5,7.676157474517822,207.19993591308594,-0.0003001159057021141,68889.03125,1.2358629703521729
93900.0,0.0,0.0,-4200129.0,8.851051330566406,198.60983276367188,-0.002328466158360243,68898.03125,1.235701560974121
94000.0,0.0,0.0,-4200135.5,8.229835510253906,203.8119659423828,0.0005540449637919664,68908.9375,1.2355060577392578
94100.0,0.0,0.0,-4200130.5,7.089799404144287,197.56607055664062,0.0009367323946207762,68923.3515625,1.2352476119995117
94200.0,0.0,0.0,-4200137.0,10.379393577575684,202.98345947265625,0.001564905047416687,68940.625,1.234938144683838
94300.0,0.0,0.0,-4200130.0,7.390835762023926,197.1110076904297,-0.0006266824202612042,68960.2265625,1.2345871925354004
94400.0,0.0,0.0,-4200135.0,8.613277435302734,202.06967163085938,-0.0008960423292592168,68980.578125,1.2342228889465332
94500.0,0.0,0.0,-4200133.0,10.453304290771484,199.15708923339844,-0.00033257727045565844,69000.2578125,1.2338708639144897
94600.0,0.0,0.0,-4200134.0,7.78613805770874,200.9219207763672,0.0008385227411054075,69019.921875,1.233519434928894
94700.0,0.0,0.0,-4200135.0,8.387726783752441,200.15362548828125,0.0009475598344579339,69041.515625,1.2331336736679077
94800.0,0.0,0.0,-4200135.0,7.423905372619629,199.09825134277344,-0.0009751548059284687,69063.96875,1.2327326536178589
94900.0,0.0,0.0,-4200137.0,7.630636215209961,199.23326110839844,-0.0007029646076261997,69084.7265625,1.232362151145935
95000.0,0.0,0.0,-4200132.5,8.796089172363281,194.9576873779297,0.0008148710476234555,69103.8359375,1.232021450996399
95100.0,0.0,0.0,-4200137.0,7.522225856781006,200.4051513671875,0.0004895869642496109,69122.7890625,1.2316837310791016
95200.0,0.0,0.0,-4200134.0,7.025844097137451,199.4645538330078,0.0004600539105013013,69142.015625,1.2313411235809326
95300.0,0.0,0.0,-4200132.5,6.870927810668945,201.9458770751953,-0.0005665917415171862,69159.640625,1.231027364730835
95400.0,0.0,0.0,-4200134.5,7.983438014984131,205.54397583007812,-0.0003570911940187216,69174.75,1.230758547782898
95500.0,0.0,0.0,-4200130.0,9.894627571105957,202.47962951660156,0.0002965596504509449,69187.1953125,1.2305370569229126
95600.0,0.0,0.0,-4200129.5,6.497873306274414,200.75997924804688,-0.0001659441040828824,69198.1875,1.2303415536880493
95700.0,0.0,0.0,-4200131.0,7.746001243591309,200.62002563476562,-0.00038204644806683064,69207.8828125,1.2301692962646484
95800.0,0.0,0.0,-4200135.0,7.727668285369873,202.8115692138672,-0.00032633659429848194,69215.0,1.2300426959991455
95900.0,0.0,0.0,-4200133.0,6.593845367431641,199.97019958496094,0.0006763654528185725,69219.1640625,1.2299686670303345
96000.0,0.0,0.0,-4200136.5,7.06827974319458,202.48214721679688,-8.516188245266676e-05,69222.8515625,1.229903221130371
96100.0,0.0,0.0,-4200132.5,6.513684272766113,198.1623077392578,-0.0009555782889947295,69225.3671875,1.2298585176467896
96200.0,0.0,0.0,-4200132.5,8.237345695495605,198.02996826171875,-0.0008195805130526423,69225.6484375,1.2298535108566284
96300.0,0.0,0.0,-4200136.0,7.25421142578125,202.16729736328125,0.00029763951897621155,69223.1171875,1.2298985719680786
96400.0,0.0,0.0,-4200130.0,7.019861221313477,196.86924743652344,0.001527210115455091,69218.6484375,1.2299778461456299
96500.0,0.0,0.0,-4200132.0,6.6778974533081055,201.52000427246094,-0.00025431078393012285,69213.7109375,1.2300657033920288
96600.0,0.0,0.0,-4200130.0,7.163496017456055,202.3780975341797,-0.0008283247007057071,69207.921875,1.2301685810089111
96700.0,0.0,0.0,-4200124.5,8.362492561340332,196.967041015625,-0.00120219262316823,69199.75,1.230313777923584
96800.0,0.0,0.0,-4200129.0,9.253403663635254,202.59181213378906,6.171176210045815e-07,69189.59375,1.230494499206543
96900.0,0.0,0.0,-4200126.5,7.459769248962402,197.31893920898438,0.0013947933912277222,69178.515625,1.2306915521621704
97000.0,0.0,0.0,-4200133.0,8.826881408691406,201.6700439453125,-0.0002956048119813204,69168.296875,1.2308732271194458
97100.0,0.0,0.0,-4200129.0,9.845231056213379,197.48135375976562,0.00017055671196430922,69156.6796875,1.231080174446106
97200.0,0.0,0.0,-4200132.0,7.265897750854492,201.54644775390625,-0.0011135066160932183,69143.3046875,1.2313182353973389
97300.0,0.0,0.0,-4200131.5,9.58271312713623,200.3048858642578,0.0003929971717298031,69127.3984375,1.2316014766693115
97400.0,0.0,0.0,-4200134.0,6.505404472351074,202.8934783935547,0.000842177658341825,69111.3515625,1.2318874597549438
97500.0,0.0,0.0,-4200130.5,8.20744514465332,198.35629272460938,4.744564648717642e-05,69095.5625,1.2321689128875732
97600.0,0.0,0.0,-4200135.0,8.322514533996582,201.59046936035156,-0.00017604080494493246,69078.15625,1.232479453086853
97700.0,0.0,0.0,-4200132.5,6.9373064041137695,199.5478973388672,-0.0005303708603605628,69059.109375,1.2328194379806519
97800.0,0.0,0.0,-4200132.0,8.227245330810547,198.67190551757812,0.0009739082306623459,69039.5078125,1.233169436454773
97900.0,0.0,0.0,-4200130.5,7.055553913116455,199.358642578125,-5.950336344540119e-05,69022.34375,1.2334760427474976
98000.0,0.0,0.0,-4200133.5,6.8149333000183105,203.53475952148438,-0.0002807092387229204,69006.4609375,1.2337599992752075
98100.0,0.0,0.0,-4200131.5,7.6200714111328125,199.5921630859375,-6.363657303154469e-05,68991.140625,1.2340339422225952
98200.0,0.0,0.0,-4200132.0,6.454960823059082,198.3032989501953,0.0012284176191315055,68976.9140625,1.2342884540557861
98300.0,0.0,0.0,-4200133.0,8.652949333190918,201.47752380371094,0.0014619335997849703,68965.3828125,1.2344948053359985
98400.0,0.0,0.0,-4200130.5,7.694936275482178,199.65972900390625,-0.001411123783327639,68956.6640625,1.2346508502960205
98500.0,0.0,0.0,-4200135.0,7.985020160675049,202.8919677734375,-0.0011752080172300339,68949.0625,1.2347869873046875
98600.0,0.0,0.0,-4200137.0,7.943514823913574,204.10546875,-0.00016660185065120459,68943.1171875,1.2348934412002563
98700.0,0.0,0.0,-4200131.5,9.303730964660645,197.21578979492188,0.001292010652832687,68938.5859375,1.2349746227264404
98800.0,0.0,0.0,-4200134.5,7.272450923919678,199.6772918701172,0.0014139121631160378,68937.421875,1.2349956035614014
98900.0,0.0,0.0,-4200131.5,6.6540679931640625,196.33363342285156,-0.00038681167643517256,68939.171875,1.23496413230896
99000.0,0.0,0.0,-4200134.5,6.313498020172119,199.26190185546875,-0.000669992296025157,68941.59375,1.2349207401275635
99100.0,0.0,0.0,-4200133.5,6.877408981323242,198.11776733398438,-0.0003583719953894615,68944.25,1.2348731756210327
99200.0,0.0,0.0,-4200140.5,7.879607677459717,205.86529541015625,0.00035340769682079554,68948.46875,1.234797716140747
99300.0,0.0,0.0,-4200132.5,7.289595127105713,197.21095275878906,0.000489391153678298,68954.5859375,1.23468816280365
99400.0,0.0,0.0,-4200134.5,8.07701587677002,200.17755126953125,0.0003711144672706723,68963.3828125,1.2345305681228638
99500.0,0.0,0.0,-4200130.5,7.480624198913574,198.49363708496094,-0.00017397745978087187,68974.3046875,1.2343350648880005
99600.0,0.0,0.0,-4200133.5,6.548307418823242,203.7882080078125,0.00012502598110586405,68986.1640625,1.2341229915618896
99700.0,0.0,0.0,-4200131.5,7.924969673156738,203.41896057128906,0.00022327573969960213,69000.015625,1.2338752746582031
99800.0,0.0,0.0,-4200133.5,7.461623191833496,206.3045654296875,-3.0791969038546085e-05,69015.6484375,1.233595848083496
99900.0,0.0,0.0,-4200131.5,7.400590896606445,201.1402130126953,-0.00020734092686325312,69032.2109375,1.233299732208252
100000.0,0.0,0.0,-4200132.0,7.936674118041992,202.72691345214844,-0.0006986637599766254,69049.9375,1.232983112335205
100100.0,0.0,0.0,-4200127.0,7.651939392089844,199.6307373046875,0.0007115284679457545,69067.3046875,1.2326730489730835
100200.0,0.0,0.0,-4200128.5,7.988396167755127,201.03781127929688,9.404262527823448e-06,69085.2734375,1.2323524951934814
100300.0,0.0,0.0,-4200126.5,18.374698638916016,198.2124481201172,-0.00032144621945917606,69103.390625,1.2320294380187988
100400.0,0.0,0.0,-4200129.5,11.70846939086914,200.10354614257812,-0.0002544207964092493,69121.2578125,1.2317109107971191
100500.0,0.0,0.0,-4200130.0,8.156450271606445,201.8064727783203,0.0008903669659048319,69137.9140625,1.2314141988754272
100600.0,0.0,0.0,-4200130.5,32.538795471191406,201.6478729248047,0.00038095004856586456,69154.609375,1.2311170101165771
100700.0,0.0,0.0,-4200128.5,7.005011081695557,198.48423767089844,-0.0010689236223697662,69170.0546875,1.2308419942855835
100800.0,0.0,0.0,-4200135.0,7.235259532928467,204.00924682617188,-0.0003726509166881442,69183.8984375,1.2305957078933716
100900.0,0.0,0.0,-4200129.5,18.644250869750977,199.71871948242188,-0.0001191343180835247,69196.328125,1.2303745746612549
101000.0,0.0,0.0,-4200132.5,8.888375282287598,202.1861114501953,0.0009095340501517057,69207.7890625,1.2301709651947021
101100.0,0.0,0.0,-4200132.5,7.481268882751465,201.44686889648438,-0.0006630239076912403,69217.9140625,1.2299909591674805
101200.0,0.0,0.0,-4200132.0,18.79316520690918,200.2245330810547,-5.740264896303415e-05,69225.5078125,1.229856014251709
101300.0,0.0,0.0,-4200132.0,13.397126197814941,200.09078979492188,-0.00044840550981462,69230.8984375,1.2297604084014893
101400.0,0.0,0.0,-4200128.5,8.6991605758667,196.87709045410156,-4.473736044019461e-05,69233.046875,1.2297221422195435
101500.0,0.0,0.0,-4200130.5,7.998245716094971,198.7881317138672,0.0003497522557154298,69232.65625,1.229729175567627
101600.0,0.0,0.0,-4200131.5,11.9850492477417,199.4439697265625,-0.0003288195002824068,69229.8671875,1.2297786474227905
101700.0,0.0,0.0,-4200129.5,9.800416946411133,198.6670684814453,0.00038527289871126413,69224.171875,1.2298798561096191
101800.0,0.0,0.0,-4200133.5,7.7847981452941895,201.00376892089844,-0.0013422115007415414,69217.0390625,1.2300065755844116
101900.0,0.0,0.0,-4200131.0,11.239644050598145,196.59310913085938,2.9249116778373718e-05,69208.1796875,1.2301640510559082
102000.0,0.0,0.0,-4200138.0,7.430927276611328,202.5930938720703,-0.0005851681344211102,69197.4765625,1.2303541898727417
102100.0,0.0,0.0,-4200132.5,6.81026029586792,196.84349060058594,0.0005478238454088569,69183.6875,1.2305995225906372
102200.0,0.0,0.0,-4200135.5,7.991915225982666,200.96119689941406,0.0001915167085826397,69168.15625,1.230875849723816
102300.0,0.0,0.0,-4200134.5,7.793284893035889,200.4253692626953,-0.0005320572527125478,69150.90625,1.2311829328536987
102400.0,0.0,0.0,-4200133.0,10.080334663391113,200.35545349121094,0.0002898680977523327,69132.2578125,1.2315150499343872
102500.0,0.0,0.0,-4200132.0,7.411855697631836,200.99473571777344,-0.0008265364449471235,69112.625,1.2318646907806396
102600.0,0.0,0.0,-4200133.5,8.724137306213379,203.6398468017578,0.0008821726078167558,69091.2265625,1.2322462797164917
102700.0,0.0,0.0,-4200131.5,7.387585639953613,200.99057006835938,-0.0003215949982404709,69069.8046875,1.2326284646987915
102800.0,0.0,0.0,-4200136.5,6.875037670135498,205.5054168701172,0.0009625907987356186,69047.8984375,1.2330195903778076
102900.0,0.0,0.0,-4200133.0,6.731338024139404,199.91188049316406,-0.0009343109559267759,69027.1015625,1.233391284942627
103000.0,0.0,0.0,-4200137.0,9.312067031860352,202.85848999023438,-3.9492733776569366e-05,69005.828125,1.2337713241577148
103100.0,0.0,0.0,-4200132.5,7.871423721313477,198.12608337402344,0.0005347655387595296,68985.125,1.23414146900177
103200.0,0.0,0.0,-4200134.5,7.39137077331543,199.76258850097656,0.0004975654883310199,68965.0859375,1.2345001697540283
103300.0,0.0,0.0,-4200132.5,7.3466057777404785,197.52610778808594,0.00029321794863790274,68944.875,1.2348620891571045
103400.0,0.0,0.0,-4200135.5,9.889572143554688,201.6949462890625,-0.0007503341184929013,68926.2890625,1.2351949214935303
103500.0,0.0,0.0,-4200132.5,8.117609977722168,199.12071228027344,9.654462337493896e-05,68909.5078125,1.2354958057403564
103600.0,0.0,0.0,-4200134.0,8.665461540222168,201.53561401367188,0.00022758275736123323,68894.546875,1.2357640266418457
103700.0,0.0,0.0,-4200133.5,7.538803577423096,201.980224609375,0.0004954651230946183,68882.359375,1.2359827756881714
103800.0,0.0,0.0,-4200131.5,7.246896743774414,202.7001953125,0.00023886770941317081,68872.7890625,1.2361544370651245
103900.0,0.0,0.0,-4200131.5,7.9491658210754395,204.75572204589844,-8.333707228302956e-06,68866.234375,1.2362722158432007
104000.0,0.0,0.0,-4200128.0,8.181395530700684,201.9807586669922,6.406218744814396e-06,68863.390625,1.2363232374191284
104100.0,0.0,0.0,-4200129.0,8.126664161682129,202.52145385742188,-0.0001850547268986702,68863.7421875,1.2363169193267822
104200.0,0.0,0.0,-4200131.5,7.908362865447998,202.4468536376953,0.0003386180615052581,68867.09375,1.236256718635559
104300.0,0.0,0.0,-4200130.5,7.318824291229248,199.6036834716797,-0.0002517536049708724,68874.15625,1.236129879951477
104400.0,0.0,0.0,-4200132.0,6.899282455444336,201.93814086914062,-4.082254599779844e-05,68883.6328125,1.2359600067138672
104500.0,0.0,0.0,-4200132.0,8.731736183166504,201.3428192138672,0.0005559748969972134,68895.5625,1.235745906829834
104600.0,0.0,0.0,-4200132.5,7.541952133178711,199.86062622070312,0.0006268199067562819,68909.3046875,1.2354995012283325
104700.0,0.0,0.0,-4200136.0,7.899847984313965,204.74351501464844,0.0003481947351247072,68924.8515625,1.2352207899093628
104800.0,0.0,0.0,-4200130.0,7.502000331878662,197.421875,-0.0004377514123916626,68941.7890625,1.234917402267456
104900.0,0.0,0.0,-4200133.0,8.198010444641113,199.32443237304688,-0.000271270633675158,68959.1484375,1.2346065044403076
105000.0,0.0,0.0,-4200133.0,11.37380313873291,200.80221557617188,-0.0005087526515126228,68977.0390625,1.2342863082885742
105100.0,0.0,0.0,-4200132.5,8.108278274536133,199.71331787109375,-0.0005765841342508793,68995.7109375,1.2339521646499634
105200.0,0.0,0.0,-4200128.0,9.703557968139648,196.6604766845703,0.0016969756688922644,69013.765625,1.2336293458938599
105300.0,0.0,0.0,-4200129.0,8.44019889831543,197.70741271972656,0.0005633931141346693,69031.7890625,1.2333072423934937
105400.0,0.0,0.0,-4200134.5,7.216113090515137,202.75013732910156,0.0003609366249293089,69047.7265625,1.233022689819336
105500.0,0.0,0.0,-4200129.0,7.991878032684326,199.56719970703125,-0.0017651383532211185,69062.6015625,1.2327569723129272
105600.0,0.0,0.0,-4200132.5,9.145797729492188,202.840576171875,-0.0012950676027685404,69075.4140625,1.2325283288955688
105700.0,0.0,0.0,-4200133.5,7.615358829498291,203.12408447265625,-0.00021599815227091312,69086.0234375,1.2323390245437622
105800.0,0.0,0.0,-4200129.5,8.858599662780762,201.0956268310547,0.0012349975295364857,69095.0078125,1.2321789264678955
105900.0,0.0,0.0,-4200130.0,8.75961685180664,201.20309448242188,0.001830813940614462,69102.6640625,1.2320423126220703
106000.0,0.0,0.0,-4200130.0,9.720856666564941,198.9842529296875,-0.001396839157678187,69109.375,1.2319227457046509
106100.0,0.0,0.0,-4200131.0,8.237671852111816,198.03245544433594,-0.0013173294719308615,69114.5,1.231831431388855
106200.0,0.0,0.0,-4200132.5,8.332273483276367,198.01803588867188,-0.0014874131884425879,69118.2890625,1.2317639589309692
106300.0,0.0,0.0,-4200132.5,8.895716667175293,199.47744750976562,0.0017706165090203285,69120.09375,1.23173189163208
106400.0,0.0,0.0,-4200134.5,8.328859329223633,201.50657653808594,0.0013091129949316382,69121.421875,1.2317079305648804
106500.0,0.0,0.0,-4200132.0,9.107665061950684,198.33140563964844,-0.00037587201222777367,69121.6953125,1.2317030429840088
106600.0,0.0,0.0,-4200134.5,8.035222053527832,200.05828857421875,-0.0007734901737421751,69120.328125,1.2317274808883667
106700.0,0.0,0.0,-4200131.0,8.860024452209473,194.99452209472656,-0.001418301952071488,69117.6171875,1.2317757606506348
106800.0,0.0,0.0,-4200134.5,8.520706176757812,197.2366485595703,0.001244565355591476,69113.9765625,1.23184072971344
106900.0,0.0,0.0,-4200134.5,7.908149719238281,196.35247802734375,-0.0002597745042294264,69110.40625,1.23190438747406
107000.0,0.0,0.0,-4200132.0,8.62939739227295,194.03700256347656,0.0010682034771889448,69104.4375,1.2320107221603394
107100.0,0.0,0.0,-4200135.5,7.381086349487305,199.1517333984375,-0.001046965830028057,69097.8125,1.2321289777755737
107200.0,0.0,0.0,-4200132.0,8.441306114196777,198.869384765625,-0.0004713402595371008,69089.15625,1.2322832345962524
107300.0,0.0,0.0,-4200134.0,9.156112670898438,203.26597595214844,0.00015341874677687883,69078.703125,1.2324696779251099
107400.0,0.0,0.0,-4200128.0,8.702957153320312,197.13284301757812,-0.000531018478795886,69067.6171875,1.2326676845550537
107500.0,0.0,0.0,-4200129.5,9.37597370147705,200.4102783203125,0.0007935456233099103,69055.90625,1.2328765392303467
107600.0,0.0,0.0,-4200128.5,8.710926055908203,198.49000549316406,-0.0003074582200497389,69043.40625,1.2330998182296753
107700.0,0.0,0.0,-4200130.5,8.743051528930664,199.04151916503906,0.0017666604835540056,69030.359375,1.2333327531814575
107800.0,0.0,0.0,-4200133.0,8.827811241149902,200.6154327392578,-0.000830247881822288,69018.2265625,1.2335495948791504
107900.0,0.0,0.0,-4200128.0,10.113734245300293,195.11862182617188,-0.0004777050344273448,69006.296875,1.2337628602981567
108000.0,0.0,0.0,-4200135.5,8.02390193939209,205.04083251953125,-0.0006590845296159387,68994.71875,1.2339699268341064
108100.0,0.0,0.0,-4200132.5,7.490835666656494,200.72006225585938,0.0005446677096188068,68984.1640625,1.2341587543487549
108200.0,0.0,0.0,-4200136.5,8.888679504394531,204.25416564941406,0.0009048069478012621,68976.421875,1.234297275543213
108300.0,0.0,0.0,-4200131.5,7.798895359039307,198.30545043945312,-0.0004819118184968829,68969.65625,1.2344183921813965
108400.0,0.0,0.0,-4200137.0,6.780069351196289,203.92489624023438,0.0006522407056763768,68963.1640625,1.234534502029419
108500.0,0.0,0.0,-4200135.5,6.977149486541748,202.33177185058594,-0.0013826783979311585,68959.1484375,1.2346065044403076
108600.0,0.0,0.0,-4200135.0,7.607090473175049,201.69912719726562,0.0003369683399796486,68955.6953125,1.234668254852295
108700.0,0.0,0.0,-4200134.5,7.638620853424072,201.1945343017578,-0.00032916455529630184,68954.609375,1.2346876859664917
108800.0,0.0,0.0,-4200131.5,7.120545864105225,198.37245178222656,0.0010057324543595314,68955.1875,1.2346773147583008
108900.0,0.0,0.0,-4200135.5,7.233002185821533,203.08291625976562,0.0007171818288043141,68957.578125,1.2346346378326416
109000.0,0.0,0.0,-4200132.0,9.214699745178223,201.07733154296875,-0.00043006904888898134,68962.484375,1.2345467805862427
109100.0,0.0,0.0,-4200135.5,6.800904750823975,204.28823852539062,0.0006365549052134156,68968.859375,1.234432578086853
109200.0,0.0,0.0,-4200129.0,8.984148025512695,196.20838928222656,-0.0009085994679480791,68977.7109375,1.2342742681503296
109300.0,0.0,0.0,-4200132.5,7.76898717880249,198.71932983398438,0.0010141970124095678,68987.15625,1.2341052293777466
109400.0,0.0,0.0,-4200132.0,10.070398330688477,197.5530242919922,-0.0006547678494825959,68997.6015625,1.233918309211731
109500.0,0.0,0.0,-4200135.0,8.497903823852539,199.5616455078125,0.0012627328978851438,69009.0078125,1.2337143421173096
109600.0,0.0,0.0,-4200135.0,7.095301151275635,198.79443359375,-0.0005435008788481355,69021.6953125,1.233487606048584
109700.0,0.0,0.0,-4200134.0,8.395275115966797,197.3088836669922,6.220757495611906e-05,69033.21875,1.2332818508148193
109800.0,0.0,0.0,-4200136.0,7.389794826507568,197.3750762939453,-0.00014967750757932663,69044.8125,1.2330747842788696
109900.0,0.0,0.0,-4200135.5,7.0280961990356445,197.43768310546875,-0.0009482139721512794,69056.0234375,1.2328745126724243
110000.0,0.0,0.0,-4200132.5,8.611997604370117,194.15274047851562,0.001193108968436718,69066.3125,1.2326908111572266
110100.0,0.0,0.0,-4200134.5,7.486449718475342,197.79354858398438,-0.00074067956302315,69077.3125,1.2324944734573364
110200.0,0.0,0.0,-4200130.5,8.465468406677246,196.561279296875,0.0005457492079585791,69086.3984375,1.232332468032837
110300.0,0.0,0.0,-4200134.5,6.806077480316162,202.69290161132812,-0.0011455122148618102,69094.0859375,1.232195258140564
110400.0,0.0,0.0,-4200129.5,10.355318069458008,198.27003479003906,0.0005600234726443887,69100.0234375,1.2320894002914429
110500.0,0.0,0.0,-4200134.0,7.78250789642334,204.81434631347656,0.0003430525539442897,69105.3203125,1.2319951057434082
110600.0,0.0,0.0,-4200128.5,6.9920830726623535,197.97584533691406,-0.00018054991960525513,69110.9609375,1.2318943738937378
110700.0,0.0,0.0,-4200133.0,7.605673789978027,201.16700744628906,0.000715798232704401,69116.0703125,1.2318034172058105
110800.0,0.0,0.0,-4200128.5,8.919597625732422,195.63743591308594,-0.0013104998506605625,69121.359375,1.2317091226577759
110900.0,0.0,0.0,-4200130.5,8.644977569580078,196.93386840820312,0.00037792883813381195,69124.9296875,1.2316454648971558
111000.0,0.0,0.0,-4200130.0,8.917031288146973,196.65719604492188,-0.00025726656895130873,69127.296875,1.2316032648086548
111100.0,0.0,0.0,-4200129.5,9.229668617248535,196.02552795410156,0.0009333589114248753,69128.1171875,1.2315887212753296
111200.0,0.0,0.0,-4200134.5,6.796369552612305,201.47483825683594,-0.0008318412583321333,69128.2890625,1.2315856218338013
111300.0,0.0,0.0,-4200133.5,8.25350284576416,201.26461791992188,-0.00010570406448096037,69126.0546875,1.2316254377365112
111400.0,0.0,0.0,-4200132.0,9.442630767822266,200.63209533691406,-9.518035221844912e-05,69122.984375,1.2316802740097046
111500.0,0.0,0.0,-4200134.5,7.742340564727783,202.26361083984375,0.00036520487628877163,69118.3984375,1.2317619323730469
111600.0,0.0,0.0,-4200133.5,6.629756927490234,200.0796356201172,0.0006403489969670773,69112.7109375,1.231863260269165
111700.0,0.0,0.0,-4200131.5,8.837132453918457,196.1307373046875,-0.0010211652843281627,69106.203125,1.231979250907898
111800.0,0.0,0.0,-4200135.0,7.972255229949951,198.17254638671875,0.00021083233878016472,69097.5625,1.232133388519287
111900.0,0.0,0.0,-4200132.0,7.928049564361572,194.95765686035156,-0.0007883514044806361,69088.0625,1.2323026657104492
112000.0,0.0,0.0,-4200133.0,8.438728332519531,196.65017700195312,0.00018216075841337442,69076.828125,1.2325031757354736
112100.0,0.0,0.0,-4200131.5,7.238858222961426,198.19529724121094,-0.0005702897906303406,69063.96875,1.2327326536178589
112200.0,0.0,0.0,-4200135.0,6.548565864562988,202.91114807128906,-0.00022971665021032095,69049.6640625,1.2329881191253662
112300.0,0.0,0.0,-4200133.0,7.482384204864502,201.76773071289062,-0.0001575225032866001,69034.359375,1.2332613468170166
112400.0,0.0,0.0,-4200133.0,6.464184761047363,203.2697296142578,0.00012577022425830364,69018.578125,1.2335432767868042
112500.0,0.0,0.0,-4200132.0,7.437844753265381,201.45262145996094,0.0007143067196011543,69002.4765625,1.2338312864303589
112600.0,0.0,0.0,-4200131.5,8.3803071975708,199.92930603027344,-0.00021119811572134495,68987.1328125,1.2341057062149048
112700.0,0.0,0.0,-4200134.0,7.682971477508545,202.0236358642578,0.0006950690876692533,68972.03125,1.2343759536743164
112800.0,0.0,0.0,-4200130.0,6.69157600402832,197.3320770263672,-0.0007822713814675808,68958.2890625,1.2346217632293701
112900.0,0.0,0.0,-4200133.5,7.086345195770264,199.5933837890625,0.0005618723807856441,68945.3515625,1.2348535060882568
113000.0,0.0,0.0,-4200134.5,8.136250495910645,200.04978942871094,0.000432643573731184,68934.25,1.2350523471832275
113100.0,0.0,0.0,-4200135.5,6.7843241691589355,200.49383544921875,0.0004970865556970239,68924.25,1.235231637954712
113200.0,0.0,0.0,-4200132.5,7.734078407287598,197.48748779296875,-0.00032713485416024923,68915.3046875,1.2353919744491577
113300.0,0.0,0.0,-4200134.0,6.8877105712890625,200.4223175048828,-0.0009953681146726012,68907.6171875,1.2355296611785889
113400.0,0.0,0.0,-4200136.0,8.064125061035156,201.02699279785156,0.0004896845202893019,68900.9765625,1.23564875125885
113500.0,0.0,0.0,-4200136.5,7.8786540031433105,199.29551696777344,0.000794069143012166,68896.25,1.2357335090637207
113600.0,0.0,0.0,-4200137.5,7.4801483154296875,199.30615234375,0.0006678040372207761,68894.1484375,1.2357714176177979
113700.0,0.0,0.0,-4200133.5,8.964860916137695,195.2483367919922,-0.00010678998660296202,68894.828125,1.2357591390609741
113800.0,0.0,0.0,-4200136.5,7.370533466339111,200.34799194335938,-0.00037032796535640955,68898.6015625,1.2356913089752197
113900.0,0.0,0.0,-4200134.5,6.461169719696045,200.3391876220703,-3.87741019949317e-05,68904.40625,1.2355873584747314
114000.0,0.0,0.0,-4200133.0,7.847939491271973,201.3708038330078,0.0009433181257918477,68912.1171875,1.235448956489563
114100.0,0.0,0.0,-4200131.5,7.112739086151123,200.96656799316406,0.0005252102855592966,68922.9375,1.235255241394043
114200.0,0.0,0.0,-4200130.5,6.852044582366943,199.81671142578125,0.0004944304237142205,68935.75,1.2350256443023682
114300.0,0.0,0.0,-4200133.5,7.598104000091553,202.0520782470703,-0.0004930078284814954,68951.0546875,1.2347513437271118
114400.0,0.0,0.0,-4200133.0,7.239825248718262,200.56451416015625,-0.00024053838569670916,68968.3125,1.2344424724578857
114500.0,0.0,0.0,-4200137.5,8.181273460388184,204.50970458984375,0.0006524760974571109,68986.5859375,1.2341153621673584
114600.0,0.0,0.0,-4200131.0,8.2180814743042,196.23631286621094,0.00047059543430805206,69005.875,1.2337703704833984
114700.0,0.0,0.0,-4200136.5,7.455723762512207,201.0651092529297,-0.00019057572353631258,69025.671875,1.2334166765213013
114800.0,0.0,0.0,-4200135.5,7.854092121124268,199.4092254638672,-0.0005539124831557274,69045.75,1.2330578565597534
114900.0,0.0,0.0,-4200138.0,7.46669864654541,202.76473999023438,0.000322377891279757,69065.9921875,1.232696533203125
115000.0,0.0,0.0,-4200139.5,9.127840042114258,204.61224365234375,0.000517240958288312,69086.2109375,1.2323356866836548
115100.0,0.0,0.0,-4200131.5,7.684122562408447,198.09967041015625,-9.452574886381626e-06,69106.046875,1.2319819927215576
115200.0,0.0,0.0,-4200134.0,7.3688764572143555,201.55250549316406,-0.00024448998738080263,69125.9921875,1.2316265106201172
115300.0,0.0,0.0,-4200130.0,6.741389274597168,197.2760772705078,-0.0008505831938236952,69145.3203125,1.231282353401184
115400.0,0.0,0.0,-4200132.0,6.420407295227051,200.8708038330078,0.00037487223744392395,69163.6484375,1.230955958366394
115500.0,0.0,0.0,-4200130.5,7.664087772369385,200.03890991210938,-0.0006531971739605069,69182.3671875,1.2306230068206787
115600.0,0.0,0.0,-4200134.0,7.7939019203186035,202.18316650390625,0.0005696025909855962,69199.5859375,1.2303167581558228
115700.0,0.0,0.0,-4200135.0,7.016110897064209,200.71194458007812,0.0004154258640483022,69216.328125,1.230019211769104
115800.0,0.0,0.0,-4200135.5,7.297303676605225,199.87075805664062,0.00013712758664041758,69230.9921875,1.2297587394714355
115900.0,0.0,0.0,-4200136.5,8.939346313476562,201.09214782714844,-0.0003137278836220503,69243.7734375,1.2295316457748413
116000.0,0.0,0.0,-4200133.0,6.792821407318115,197.85397338867188,-0.001127718249335885,69254.078125,1.2293486595153809
116100.0,0.0,0.0,-4200133.5,7.230837821960449,199.88780212402344,0.0006022442830726504,69261.9296875,1.2292094230651855
116200.0,0.0,0.0,-4200133.0,7.68706750869751,201.75001525878906,-0.0003002776065841317,69268.1484375,1.229098916053772
116300.0,0.0,0.0,-4200130.0,7.741262435913086,200.24920654296875,0.0007905325619503856,69271.40625,1.2290410995483398
116400.0,0.0,0.0,-4200131.5,6.986593246459961,204.51165771484375,0.0004925571847707033,69272.9609375,1.2290135622024536
116500.0,0.0,0.0,-4200130.0,7.909395694732666,203.44515991210938,-0.0005669450620189309,69272.3046875,1.2290252447128296
116600.0,0.0,0.0,-4200128.0,10.066938400268555,202.31320190429688,-0.001097395783290267,69268.7109375,1.2290890216827393
116700.0,0.0,0.0,-4200131.0,8.744824409484863,202.85903930664062,-0.0009029994253069162,69262.234375,1.2292040586471558
116800.0,0.0,0.0,-4200132.0,6.330901622772217,201.41629028320312,0.0015772160841152072,69252.6484375,1.2293741703033447
116900.0,0.0,0.0,-4200132.5,7.615294456481934,199.93099975585938,0.00018259941134601831,69242.140625,1.2295606136322021
117000.0,0.0,0.0,-4200129.5,10.849026679992676,196.53456115722656,-0.0005730544216930866,69229.5703125,1.2297837734222412
117100.0,0.0,0.0,-4200130.5,7.496830940246582,196.49757385253906,-0.001266108127310872,69214.109375,1.2300586700439453
117200.0,0.0,0.0,-4200132.5,6.675832271575928,197.44822692871094,0.0001281446311622858,69195.796875,1.2303842306137085
117300.0,0.0,0.0,-4200131.5,6.8016486167907715,196.4214324951172,0.0006376269739121199,69175.7578125,1.2307405471801758
117400.0,0.0,0.0,-4200135.5,7.544936180114746,200.29342651367188,5.018466617912054e-05,69155.1953125,1.2311064004898071
117500.0,0.0,0.0,-4200135.5,7.262239933013916,201.13656616210938,-0.00021913344971835613,69134.125,1.231481909751892
117600.0,0.0,0.0,-4200134.0,7.10391092300415,200.37290954589844,-0.00019307690672576427,69110.8359375,1.2318967580795288
117700.0,0.0,0.0,-4200134.0,7.036159515380859,201.7733917236328,0.0003614176530390978,69086.4453125,1.2323315143585205
117800.0,0.0,0.0,-4200128.5,8.540255546569824,198.44801330566406,-0.0002601012820377946,69063.578125,1.2327396869659424
117900.0,0.0,0.0,-4200131.0,7.899160385131836,204.71463012695312,0.00026953453198075294,69042.0078125,1.233124852180481
118000.0,0.0,0.0,-4200125.0,7.960983753204346,199.33839416503906,0.0002908968599513173,69021.671875,1.2334882020950317
118100.0,0.0,0.0,-4200128.0,9.291378021240234,202.18881225585938,-0.00022813305258750916,69002.484375,1.2338311672210693
118200.0,0.0,0.0,-4200132.0,6.961857795715332,204.3301239013672,-0.000173123087733984,68983.9140625,1.2341631650924683
118300.0,0.0,0.0,-4200131.5,9.0030517578125,202.29371643066406,-0.00013812724500894547,68967.0859375,1.234464406967163
118400.0,0.0,0.0,-4200134.0,7.8942131996154785,203.67864990234375,0.0007639123359695077,68952.609375,1.2347235679626465
118500.0,0.0,0.0,-4200131.5,6.214237689971924,199.1323699951172,-1.856905873864889e-05,68940.546875,1.234939694404602
118600.0,0.0,0.0,-4200135.0,8.208991050720215,201.23109436035156,0.0004055278841406107,68930.265625,1.2351237535476685
118700.0,0.0,0.0,-4200132.5,7.607890605926514,197.33602905273438,-0.0002303686924278736,68923.375,1.2352473735809326
118800.0,0.0,0.0,-4200132.5,7.014434337615967,196.35733032226562,9.59418248385191e-05,68919.3515625,1.2353192567825317
118900.0,0.0,0.0,-4200137.5,7.487611293792725,202.4526824951172,-0.00010797125287353992,68917.7734375,1.2353477478027344
119000.0,0.0,0.0,-4200136.0,6.479920387268066,202.68666076660156,0.0007264129817485809,68917.9921875,1.2353438138961792
119100.0,0.0,0.0,-4200133.5,6.233248233795166,201.40151977539062,0.0002779442584142089,68920.328125,1.2353019714355469
119200.0,0.0,0.0,-4200129.5,8.619827270507812,199.15310668945312,-0.0003378915134817362,68925.109375,1.2352163791656494
119300.0,0.0,0.0,-4200132.5,7.180247783660889,203.65589904785156,-0.0006505551282316446,68932.2578125,1.2350879907608032
119400.0,0.0,0.0,-4200131.0,6.571254730224609,202.69017028808594,0.00019240693654865026,68942.2421875,1.234909176826477
119500.0,0.0,0.0,-4200129.5,8.234121322631836,202.24827575683594,0.0013017146848142147,68954.84375,1.2346835136413574
119600.0,0.0,0.0,-4200133.0,6.487981796264648,203.37918090820312,0.001151770120486617,68969.6875,1.2344177961349487
119700.0,0.0,0.0,-4200133.5,7.028039932250977,200.89073181152344,-0.0006069750525057316,68987.28125,1.2341029644012451
119800.0,0.0,0.0,-4200134.0,7.4771647453308105,200.9418182373047,-0.001946344505995512,69005.9375,1.233769416809082
119900.0,0.0,0.0,-4200132.0,8.008337020874023,198.4836883544922,0.00023665407206863165,69025.625,1.2334173917770386
120000.0,0.0,0.0,-4200135.0,6.559616565704346,200.70118713378906,0.0011814285535365343,69046.890625,1.2330374717712402
120100.0,0.0,0.0,-4200130.5,8.249155044555664,197.5260772705078,0.0014582346193492413,69068.96875,1.2326436042785645
120200.0,0.0,0.0,-4200135.0,7.557557106018066,202.60072326660156,-0.000593277276493609,69091.96875,1.2322330474853516
120300.0,0.0,0.0,-4200133.0,6.776569366455078,199.46084594726562,-0.0018338056979700923,69114.234375,1.2318360805511475
120400.0,0.0,0.0,-4200137.5,6.33541202545166,203.09649658203125,0.00012054108083248138,69134.6953125,1.2314715385437012
120500.0,0.0,0.0,-4200134.0,6.921697616577148,198.4006805419922,0.0005542587023228407,69154.5234375,1.2311185598373413
120600.0,0.0,0.0,-4200139.5,6.995922565460205,202.82687377929688,0.001720985397696495,69173.828125,1.2307748794555664
120700.0,0.0,0.0,-4200136.5,8.546439170837402,199.2377471923828,-0.0006824341835454106,69193.2421875,1.2304296493530273
120800.0,0.0,0.0,-4200137.5,7.274689197540283,201.0966796875,-0.00054979941342026,69210.109375,1.230129599571228
120900.0,0.0,0.0,-4200133.0,9.22342586517334,201.03111267089844,0.00020443799439817667,69224.59375,1.229872226715088
121000.0,0.0,0.0,-4200132.5,7.22703218460083,203.7034454345703,0.00013489997945725918,69236.890625,1.2296538352966309
121100.0,0.0,0.0,-4200130.5,8.842870712280273,202.969482421875,0.0008340590866282582,69247.109375,1.2294723987579346
121200.0,0.0,0.0,-4200131.5,7.454996585845947,203.66488647460938,-0.0011795342434197664,69255.8515625,1.2293171882629395
121300.0,0.0,0.0,-4200131.0,6.65299129486084,201.75503540039062,-5.2303425036370754e-05,69261.8125,1.2292113304138184
121400.0,0.0,0.0,-4200133.0,9.76688003540039,202.0927734375,-0.0010295049287378788,69265.9375,1.2291382551193237
121500.0,0.0,0.0,-4200133.5,7.012577056884766,200.63848876953125,0.0008124831365421414,69266.6328125,1.2291258573532104
121600.0,0.0,0.0,-4200134.5,7.288849830627441,201.3992462158203,0.00040805432945489883,69265.2265625,1.2291507720947266
121700.0,0.0,0.0,-4200132.0,8.54951286315918,198.53448486328125,-0.0003332816995680332,69261.453125,1.229217767715454
121800.0,0.0,0.0,-4200132.5,7.744876861572266,199.43960571289062,-0.0011013378389179707,69256.125,1.2293124198913574
121900.0,0.0,0.0,-4200131.0,8.282896995544434,197.4100799560547,-0.0008375425823032856,69247.9140625,1.229458212852478
122000.0,0.0,0.0,-4200135.0,8.55512523651123,201.4633331298828,0.00117302720900625,69237.1796875,1.2296488285064697
122100.0,0.0,0.0,-4200135.0,10.324241638183594,200.89727783203125,0.00011228874791413546,69225.4609375,1.2298569679260254
122200.0,0.0,0.0,-4200135.0,7.6680121421813965,201.40675354003906,0.00015340337995439768,69211.3984375,1.2301067113876343
122300.0,0.0,0.0,-4200135.5,9.234726905822754,199.38185119628906,-0.001650891499593854,69195.5546875,1.2303884029388428
122400.0,0.0,0.0,-4200132.0,8.693346977233887,194.5998077392578,-0.00028921605553478,69176.703125,1.2307237386703491
122500.0,0.0,0.0,-4200136.5,9.316276550292969,202.0975341796875,0.0004628140013664961,69156.59375,1.231081485748291
122600.0,0.0,0.0,-4200129.0,8.469711303710938,196.4203338623047,0.001228061504662037,69135.6953125,1.231453776359558
122700.0,0.0,0.0,-4200134.0,8.325928688049316,202.4332275390625,0.001213155803270638,69114.375,1.231833577156067
122800.0,0.0,0.0,-4200133.0,6.560094833374023,201.738525390625,-0.0015624421648681164,69093.5078125,1.2322056293487549
122900.0,0.0,0.0,-4200135.0,7.853011608123779,201.2391357421875,-0.0006870587822049856,69071.0234375,1.2326066493988037
123000.0,0.0,0.0,-4200136.0,6.517979145050049,201.1360321044922,-0.0007255531381815672,69048.40625,1.2330105304718018
123100.0,0.0,0.0,-4200136.0,7.439344882965088,200.56732177734375,0.0014715066645294428,69025.3359375,1.2334226369857788
123200.0,0.0,0.0,-4200132.5,8.05111312866211,198.49685668945312,0.001206051791086793,69003.6640625,1.2338100671768188
123300.0,0.0,0.0,-4200133.0,8.2241849899292,200.41763305664062,-0.0005047381855547428,68984.0703125,1.2341605424880981
123400.0,0.0,0.0,-4200133.0,7.195580005645752,199.9987335205078,5.290599074214697e-05,68965.140625,1.234499216079712
123500.0,0.0,0.0,-4200135.5,10.00777530670166,204.5592041015625,-0.001521805301308632,68948.0,1.2348060607910156
123600.0,0.0,0.0,-4200134.5,8.025114059448242,200.39051818847656,0.0010868909303098917,68932.9921875,1.2350749969482422
123700.0,0.0,0.0,-4200136.0,8.909049987792969,199.42552185058594,-0.0002810405567288399,68921.3828125,1.2352828979492188
123800.0,0.0,0.0,-4200134.5,9.564931869506836,196.6282958984375,0.0009421588620170951,68911.5390625,1.235459327697754
123900.0,0.0,0.0,-4200135.5,7.240494251251221,197.11936950683594,7.125083357095718e-06,68904.3984375,1.2355873584747314
124000.0,0.0,0.0,-4200132.5,7.47792911529541,195.02952575683594,-0.0007191083859652281,68899.765625,1.2356704473495483
124100.0,0.0,0.0,-4200133.0,6.931770324707031,198.40811157226562,0.0006007025949656963,68898.59375,1.2356916666030884
124200.0,0.0,0.0,-4200132.0,7.356017589569092,198.75106811523438,-0.0002731027780100703,68901.2890625,1.2356431484222412
124300.0,0.0,0.0,-4200135.5,9.203587532043457,203.58779907226562,0.0019076335011050105,68906.9453125,1.2355417013168335
124400.0,0.0,0.0,-4200130.0,7.878456115722656,197.4531707763672,-0.0004609702154994011,68916.78125,1.235365390777588
124500.0,0.0,0.0,-4200132.5,7.495904922485352,199.97634887695312,0.0006345609435811639,68929.1796875,1.2351431846618652
124600.0,0.0,0.0,-4200134.0,7.786724090576172,202.0846405029297,-0.0010910109849646688,68945.28125,1.234854817390442
124700.0,0.0,0.0,-4200128.0,8.355218887329102,194.56092834472656,-0.00027673470322042704,68962.75,1.2345420122146606
124800.0,0.0,0.0,-4200134.0,7.465476036071777,199.39242553710938,0.0013347634812816978,68982.5625,1.234187364578247
124900.0,0.0,0.0,-4200132.0,6.729900360107422,197.28448486328125,0.0005263084312900901,69005.015625,1.2337857484817505
125000.0,0.0,0.0,-4200133.5,8.44655990600586,197.6141357421875,0.0010166370775550604,69029.1328125,1.2333546876907349
125100.0,0.0,0.0,-4200137.5,7.470870494842529,200.64596557617188,-0.001860105781815946,69054.5078125,1.2329014539718628
125200.0,0.0,0.0,-4200132.0,7.23896598815918,196.4301300048828,-2.5228713639080524e-05,69079.15625,1.2324615716934204
125300.0,0.0,0.0,-4200139.0,6.917223930358887,203.61907958984375,-0.00023501110263168812,69104.4921875,1.232009768486023
125400.0,0.0,0.0,-4200133.0,7.536612510681152,197.16021728515625,0.00170142762362957,69129.0703125,1.2315716743469238
125500.0,0.0,0.0,-4200137.0,8.88758659362793,201.65843200683594,3.74446390196681e-05,69154.6796875,1.2311155796051025
125600.0,0.0,0.0,-4200129.0,7.634014129638672,194.42832946777344,-0.00196242518723011,69179.6875,1.230670690536499
125700.0,0.0,0.0,-4200132.0,7.529669761657715,197.35546875,-0.001445417758077383,69202.5859375,1.230263352394104
125800.0,0.0,0.0,-4200133.5,9.337250709533691,198.3128204345703,-0.00036362558603286743,69224.3046875,1.2298774719238281
125900.0,0.0,0.0,-4200132.0,7.249407768249512,195.9308319091797,0.0027906144969165325,69244.0859375,1.2295260429382324
126000.0,0.0,0.0,-4200135.5,6.667010307312012,199.64329528808594,0.0001500382786616683,69264.3515625,1.2291663885116577
126100.0,0.0,0.0,-4200132.0,8.39948558807373,197.78065490722656,-0.0009295034687966108,69282.2734375,1.2288484573364258
126200.0,0.0,0.0,-4200135.0,7.6501078605651855,202.67886352539062,-0.0019653155468404293,69297.28125,1.2285822629928589
126300.0,0.0,0.0,-4200130.5,7.995025157928467,199.6027374267578,-2.8483686037361622e-05,69309.3125,1.2283689975738525
126400.0,0.0,0.0,-4200133.0,8.30536937713623,205.87599182128906,0.0008334527956321836,69318.7890625,1.228201150894165
126500.0,0.0,0.0,-4200127.5,6.754348278045654,201.02191162109375,0.00019489636179059744,69326.4453125,1.2280653715133667
126600.0,0.0,0.0,-4200131.0,8.026985168457031,203.13406372070312,-0.00031380727887153625,69330.5859375,1.2279921770095825
126700.0,0.0,0.0,-4200131.0,7.831953525543213,199.8386688232422,-0.001254211994819343,69331.609375,1.2279740571975708
126800.0,0.0,0.0,-4200131.0,6.89968204498291,199.50918579101562,-0.000393917434848845,69329.3125,1.228014588356018
126900.0,0.0,0.0,-4200134.0,7.261680603027344,202.1710662841797,-0.0005448244046419859,69324.5703125,1.2280986309051514
127000.0,0.0,0.0,-4200129.0,7.306777477264404,197.86001586914062,0.0017960297409445047,69315.71875,1.2282553911209106
127100.0,0.0,0.0,-4200136.5,9.57824420928955,204.7327117919922,-0.000403602491132915,69304.3671875,1.228456735610962
127200.0,0.0,0.0,-4200130.5,8.070324897766113,197.34535217285156,-0.0006648935377597809,69290.703125,1.228698968887329
127300.0,0.0,0.0,-4200137.5,7.73367977142334,204.23976135253906,-0.0007944393437355757,69274.3828125,1.2289882898330688
127400.0,0.0,0.0,-4200129.5,7.919286251068115,195.3664093017578,-0.0009177946485579014,69256.25,1.229310154914856
127500.0,0.0,0.0,-4200136.0,7.751263618469238,200.94021606445312,0.0009254208998754621,69235.40625,1.2296802997589111
127600.0,0.0,0.0,-4200131.0,7.745772361755371,195.24554443359375,0.0006930992240086198,69213.6796875,1.2300662994384766
127700.0,0.0,0.0,-4200134.5,12.316056251525879,199.9205780029297,0.0010340597946196795,69190.8515625,1.2304719686508179
127800.0,0.0,0.0,-4200133.0,7.746887683868408,199.40667724609375,-0.0017499561654403806,69167.1796875,1.2308931350708008
127900.0,0.0,0.0,-4200131.5,9.249651908874512,199.67506408691406,-0.0004424870712682605,69141.7890625,1.2313454151153564
128000.0,0.0,0.0,-4200132.0,7.312689781188965,203.52719116210938,0.0001118307700380683,69115.046875,1.2318215370178223
128100.0,0.0,0.0,-4200129.5,8.402029037475586,201.06121826171875,0.0017788358964025974,69088.203125,1.2323002815246582
128200.0,0.0,0.0,-4200130.5,6.713418006896973,202.226318359375,0.0001850542612373829,69062.359375,1.2327615022659302
128300.0,0.0,0.0,-4200128.5,6.52720308303833,198.22694396972656,-0.001739840256050229,69036.796875,1.2332178354263306
128400.0,0.0,0.0,-4200133.5,7.8014936447143555,202.34812927246094,0.0002774718450382352,69011.4765625,1.2336703538894653
128500.0,0.0,0.0,-4200131.0,7.7152934074401855,197.9055938720703,0.00037459260784089565,68987.75,1.2340946197509766
128600.0,0.0,0.0,-4200133.0,8.010735511779785,199.3065185546875,0.001399706699885428,68965.75,1.2344883680343628
128700.0,0.0,0.0,-4200135.0,8.961255073547363,200.75892639160156,-0.0003429069183766842,68945.7578125,1.2348463535308838
128800.0,0.0,0.0,-4200131.5,7.595520973205566,196.60499572753906,-0.0006707716966047883,68927.265625,1.2351775169372559
128900.0,0.0,0.0,-4200134.5,7.683216571807861,200.23648071289062,-0.00036466983146965504,68911.09375,1.2354673147201538
129000.0,0.0,0.0,-4200132.5,8.858348846435547,199.0443572998047,0.00026714091654866934,68896.359375,1.235731601715088
129100.0,0.0,0.0,-4200132.5,7.967685699462891,200.64450073242188,0.0017157247057184577,68883.515625,1.2359620332717896
129200.0,0.0,0.0,-4200130.5,7.7391180992126465,200.58485412597656,-0.0004282912705093622,68874.4765625,1.2361242771148682
129300.0,0.0,0.0,-4200132.0,9.260567665100098,203.76522827148438,-0.00017293973360210657,68868.265625,1.2362356185913086
129400.0,0.0,0.0,-4200130.5,7.476280689239502,202.8824920654297,-0.00023575732484459877,68865.8828125,1.2362784147262573
129500.0,0.0,0.0,-4200130.5,7.271251678466797,201.63490295410156,-3.604893572628498e-05,68868.4765625,1.236232042312622
129600.0,0.0,0.0,-4200133.0,7.682477951049805,203.07498168945312,0.0005393944447860122,68875.234375,1.2361105680465698
129700.0,0.0,0.0,-4200132.0,6.865104675292969,199.7953338623047,0.000464119017124176,68885.1796875,1.2359322309494019
129800.0,0.0,0.0,-4200134.5,8.130669593811035,201.34713745117188,0.0009622324723750353,68897.7109375,1.235707402229309
129900.0,0.0,0.0,-4200127.5,6.311716079711914,195.19309997558594,-0.000914280884899199,68913.3359375,1.2354272603988647
130000.0,0.0,0.0,-4200133.0,9.971419334411621,200.73793029785156,0.00015477626584470272,68931.3515625,1.2351043224334717
130100.0,0.0,0.0,-4200134.5,6.168464660644531,200.9737091064453,0.00027501070871949196,68952.1015625,1.2347326278686523
130200.0,0.0,0.0,-4200130.5,6.542556285858154,197.57164001464844,0.00012155622243881226,68976.328125,1.2342989444732666
130300.0,0.0,0.0,-4200136.5,6.111507892608643,202.7839813232422,-2.009095624089241e-05,69002.8046875,1.2338253259658813
130400.0,0.0,0.0,-4200131.5,7.397662162780762,197.54376220703125,4.52918466180563e-05,69030.2578125,1.2333346605300903
130500.0,0.0,0.0,-4200131.5,8.016146659851074,198.9097442626953,-0.0008548294426873326,69059.34375,1.232815146446228
130600.0,0.0,0.0,-4200129.5,8.499412536621094,196.21461486816406,0.0004156002542003989,69088.7421875,1.2322907447814941
130700.0,0.0,0.0,-4200132.5,7.538759708404541,201.52911376953125,0.000969097251072526,69118.125,1.231766700744629
130800.0,0.0,0.0,-4200134.0,7.812726020812988,202.60093688964844,0.0007703840965405107,69146.734375,1.2312570810317993
130900.0,0.0,0.0,-4200133.5,6.957308292388916,203.50392150878906,-0.001247831154614687,69174.3359375,1.2307658195495605
131000.0,0.0,0.0,-4200132.0,6.459382057189941,201.63087463378906,-0.001168056740425527,69200.578125,1.2302991151809692
131100.0,0.0,0.0,-4200135.5,7.804343223571777,204.0020751953125,0.0005066607845947146,69224.34375,1.2298767566680908
131200.0,0.0,0.0,-4200132.0,7.908626079559326,200.26197814941406,0.0011208888608962297,69245.671875,1.229498028755188
131300.0,0.0,0.0,-4200135.0,9.311190605163574,201.6875762939453,0.00039520743303000927,69265.109375,1.2291529178619385
131400.0,0.0,0.0,-4200131.0,7.469074726104736,198.4669952392578,-0.0018982498440891504,69282.4765625,1.2288448810577393
131500.0,0.0,0.0,-4200131.0,7.941656589508057,199.84071350097656,-0.0014448377769440413,69297.0546875,1.228586196899414
131600.0,0.0,0.0,-4200135.5,7.427370071411133,204.5409393310547,0.0003120469627901912,69309.2734375,1.2283697128295898
131700.0,0.0,0.0,-4200129.5,7.925533294677734,197.5803985595703,0.001856478862464428,69318.1953125,1.228211522102356
131800.0,0.0,0.0,-4200134.0,7.388541221618652,201.99215698242188,0.0011806265683844686,69325.5625,1.2280809879302979
131900.0,0.0,0.0,-4200133.5,7.383768558502197,200.2448272705078,-0.0009236594196408987,69330.3828125,1.227995753288269
132000.0,0.0,0.0,-4200130.5,8.033821105957031,198.14064025878906,-0.0014872048050165176,69330.9140625,1.227986216545105
132100.0,0.0,0.0,-4200132.5,10.531768798828125,199.8683624267578,-0.0012024259194731712,69327.5625,1.2280455827713013
132200.0,0.0,0.0,-4200137.0,7.134387493133545,205.99990844726562,0.0007766728522256017,69319.046875,1.2281965017318726
132300.0,0.0,0.0,-4200132.5,6.980360984802246,201.50733947753906,0.0014026565477252007,69307.25,1.228405475616455
132400.0,0.0,0.0,-4200129.5,8.228096008300781,197.95982360839844,0.0007603358244523406,69292.3515625,1.2286696434020996
132500.0,0.0,0.0,-4200130.0,7.406435966491699,198.51446533203125,-0.001288225525058806,69274.4296875,1.2289875745773315
132600.0,0.0,0.0,-4200129.0,8.772879600524902,197.22804260253906,-0.001330316299572587,69254.53125,1.2293407917022705
132700.0,0.0,0.0,-4200134.5,8.347648620605469,202.17453002929688,-0.00048318621702492237,69232.328125,1.2297348976135254
132800.0,0.0,0.0,-4200133.0,6.852041721343994,201.325439453125,0.00031330285128206015,69209.15625,1.2301465272903442
132900.0,0.0,0.0,-4200130.5,7.0167765617370605,197.79843139648438,0.0014345389790832996,69184.140625,1.2305914163589478
133000.0,0.0,0.0,-4200129.5,7.853653430938721,197.67884826660156,-0.0007758938008919358,69157.671875,1.231062412261963
133100.0,0.0,0.0,-4200131.0,8.407622337341309,199.0785369873047,0.00022555049508810043,69129.5390625,1.2315633296966553
133200.0,0.0,0.0,-4200135.0,8.733728408813477,201.79434204101562,-6.192014552652836e-05,69101.21875,1.2320680618286133
133300.0,0.0,0.0,-4200129.0,9.14829158782959,196.217041015625,0.0006098761223256588,69072.8046875,1.2325750589370728
133400.0,0.0,0.0,-4200133.5,10.298959732055664,201.23092651367188,-0.0003688384313136339,69045.6328125,1.2330601215362549
133500.0,0.0,0.0,-4200130.0,8.15633773803711,197.41720581054688,-0.0009795721853151917,69018.84375,1.2335387468338013
133600.0,0.0,0.0,-4200133.5,10.912576675415039,199.48106384277344,-0.00015129626262933016,68992.9140625,1.2340022325515747
133700.0,0.0,0.0,-4200133.0,10.138587951660156,198.08653259277344,0.0011374377645552158,68968.4453125,1.2344399690628052
133800.0,0.0,0.0,-4200134.0,7.605592250823975,198.74526977539062,0.0012180176563560963,68945.8984375,1.2348438501358032
133900.0,0.0,0.0,-4200133.0,10.154951095581055,197.85426330566406,-0.0008050126489251852,68926.4140625,1.2351927757263184
134000.0,0.0,0.0,-4200133.5,8.859801292419434,199.6337890625,-0.0008220784366130829,68907.875,1.235525131225586
134100.0,0.0,0.0,-4200131.0,11.028937339782715,197.5802459716797,-0.0001269340282306075,68890.9765625,1.2358282804489136
134200.0,0.0,0.0,-4200133.0,9.429544448852539,200.62583923339844,0.001153804361820221,68877.65625,1.2360671758651733
134300.0,0.0,0.0,-4200136.0,7.932978630065918,205.50967407226562,0.0014276397414505482,68868.4453125,1.2362325191497803
134400.0,0.0,0.0,-4200131.0,7.815227508544922,201.70712280273438,-0.00013466342352330685,68863.8984375,1.2363141775131226
134500.0,0.0,0.0,-4200132.0,7.366374969482422,203.48377990722656,8.93670367076993e-05,68862.359375,1.2363417148590088
134600.0,0.0,0.0,-4200131.5,7.212994575500488,202.8295135498047,-0.001036674715578556,68863.78125,1.2363163232803345
134700.0,0.0,0.0,-4200131.0,7.447052955627441,200.68743896484375,0.0008951605996116996,68868.65625,1.2362287044525146
134800.0,0.0,0.0,-4200135.0,8.461974143981934,202.5998992919922,0.00046197278425097466,68877.5859375,1.2360684871673584
134900.0,0.0,0.0,-4200132.0,8.839608192443848,198.1593780517578,0.0006465326296165586,68889.6796875,1.235851526260376
135000.0,0.0,0.0,-4200136.0,6.653853893280029,201.58265686035156,0.000765041564591229,68905.5234375,1.235567331314087
135100.0,0.0,0.0,-4200132.0,6.841411113739014,197.79534912109375,-0.0009623346850275993,68924.953125,1.2352190017700195
135200.0,0.0,0.0,-4200137.0,7.323026657104492,202.74940490722656,0.00029005412943661213,68947.0859375,1.2348225116729736
135300.0,0.0,0.0,-4200129.0,7.149615287780762,195.43743896484375,-0.0007098808418959379,68972.1796875,1.2343730926513672
135400.0,0.0,0.0,-4200137.0,7.547086238861084,204.52447509765625,0.001501461723819375,68999.4765625,1.2338848114013672
135500.0,0.0,0.0,-4200132.0,7.529405117034912,200.6167449951172,0.0006321379914879799,69027.859375,1.233377456665039
135600.0,0.0,0.0,-4200131.0,8.73128890991211,199.59481811523438,0.00023121992126107216,69056.6328125,1.2328635454177856
135700.0,0.0,0.0,-4200131.0,7.5218706130981445,198.98597717285156,-0.0018497887067496777,69085.203125,1.232353687286377
135800.0,0.0,0.0,-4200134.0,7.518029689788818,201.3083953857422,-0.0012207316467538476,69113.21875,1.2318543195724487
135900.0,0.0,0.0,-4200131.5,6.66864538192749,198.3257598876953,0.0009079170413315296,69140.7734375,1.2313631772994995
136000.0,0.0,0.0,-4200133.5,8.25784969329834,199.1310577392578,0.0006250637816265225,69168.4453125,1.2308706045150757
136100.0,0.0,0.0,-4200134.0,8.429959297180176,198.52734375,0.0020385058596730232,69194.6171875,1.2304050922393799
136200.0,0.0,0.0,-4200134.0,7.66271448135376,197.8966827392578,-0.0020006876438856125,69219.90625,1.2299555540084839
136300.0,0.0,0.0,-4200134.5,7.522432804107666,198.5885467529297,-0.0009650962892919779,69242.390625,1.2295560836791992
136400.0,0.0,0.0,-4200129.0,6.590219497680664,195.5243682861328,-0.0015970021486282349,69261.6796875,1.229213833808899
136500.0,0.0,0.0,-4200132.0,8.53050422668457,203.08132934570312,0.0013063945807516575,69276.9609375,1.228942632675171
136600.0,0.0,0.0,-4200128.5,7.6964006423950195,202.8525848388672,0.001962633104994893,69290.765625,1.2286978960037231
136700.0,0.0,0.0,-4200129.5,9.067673683166504,204.64012145996094,0.0004643587162718177,69302.5625,1.228488802909851
136800.0,0.0,0.0,-4200126.0,7.144341468811035,199.77622985839844,-0.0016994617180898786,69312.828125,1.228306770324707
136900.0,0.0,0.0,-4200129.0,7.285815715789795,201.4463653564453,-0.002033964963629842,69319.9765625,1.228179931640625
137000.0,0.0,0.0,-4200131.0,8.39162540435791,203.1920928955078,4.20848373323679e-05,69322.890625,1.2281283140182495
137100.0,0.0,0.0,-4200130.0,7.230198383331299,202.29959106445312,0.001399813569150865,69321.671875,1.2281498908996582
137200.0,0.0,0.0,-4200132.5,8.89592456817627,203.05177307128906,0.0008408623980358243,69317.1328125,1.228230357170105
137300.0,0.0,0.0,-4200128.5,7.342714786529541,196.62608337402344,-0.0014586951583623886,69308.75,1.2283791303634644
137400.0,0.0,0.0,-4200131.0,7.864531517028809,197.43382263183594,-0.0009422324365004897,69294.40625,1.2286332845687866
137500.0,0.0,0.0,-4200133.0,9.807389259338379,198.68649291992188,-0.0002510577905923128,69276.5859375,1.2289493083953857
137600.0,0.0,0.0,-4200132.5,7.501911640167236,197.79568481445312,0.00047333305701613426,69256.4296875,1.229306936264038
137700.0,0.0,0.0,-4200133.0,8.15620231628418,200.00241088867188,-0.0005446664290502667,69234.515625,1.2296960353851318
137800.0,0.0,0.0,-4200134.0,6.904380798339844,200.66770935058594,-0.000697396113537252,69209.3515625,1.2301431894302368
137900.0,0.0,0.0,-4200134.5,7.206695079803467,202.4934539794922,-0.00032500457018613815,69181.75,1.2306338548660278
138000.0,0.0,0.0,-4200134.5,7.442779541015625,201.3751983642578,0.0008872498292475939,69152.796875,1.2311491966247559
138100.0,0.0,0.0,-4200134.0,8.614643096923828,199.66453552246094,0.001199283404275775,69123.1796875,1.2316768169403076
138200.0,0.0,0.0,-4200133.0,8.883138656616211,198.9334259033203,0.0010039990302175283,69093.5,1.2322057485580444
138300.0,0.0,0.0,-4200134.5,8.82252025604248,199.58013916015625,-0.0007864388171583414,69063.3515625,1.2327436208724976
138400.0,0.0,0.0,-4200132.5,7.238034248352051,198.7583465576172,-0.0005478460807353258,69033.1484375,1.2332829236984253
138500.0,0.0,0.0,-4200133.0,7.656979084014893,200.21144104003906,-0.00029019638895988464,69003.8984375,1.2338058948516846
138600.0,0.0,0.0,-4200131.5,6.711235046386719,198.27456665039062,-0.0007029129192233086,68975.3125,1.2343170642852783
138700.0,0.0,0.0,-4200132.0,7.870998382568359,198.26083374023438,0.0006136535666882992,68947.8359375,1.2348090410232544
138800.0,0.0,0.0,-4200134.0,8.662945747375488,201.62106323242188,0.00046695175115019083,68922.4765625,1.2352633476257324
138900.0,0.0,0.0,-4200131.0,7.666136741638184,195.97496032714844,0.00130455382168293,68899.1796875,1.2356810569763184
139000.0,0.0,0.0,-4200139.0,7.159834384918213,202.7888641357422,-0.001140344887971878,68878.625,1.2360498905181885
139100.0,0.0,0.0,-4200130.5,6.9547648429870605,193.37770080566406,0.0004085033433511853,68859.4921875,1.2363932132720947
139200.0,0.0,0.0,-4200133.5,8.012654304504395,196.2177734375,-0.00022627017460763454,68843.140625,1.2366869449615479
139300.0,0.0,0.0,-4200134.0,7.583113193511963,197.70745849609375,0.0009561256738379598,68828.75,1.2369455099105835
139400.0,0.0,0.0,-4200131.0,11.122321128845215,197.14663696289062,0.0005836627678945661,68817.59375,1.237146019935608
139500.0,0.0,0.0,-4200130.0,7.711443901062012,199.96592712402344,6.083701737225056e-05,68809.6015625,1.2372896671295166
139600.0,0.0,0.0,-4200131.0,7.208416938781738,202.0369110107422,0.000452475156635046,68804.59375,1.2373796701431274
139700.0,0.0,0.0,-4200133.0,7.133003234863281,203.71693420410156,-0.00045679532922804356,68803.328125,1.2374024391174316
139800.0,0.0,0.0,-4200132.0,8.36241340637207,204.52536010742188,0.0016139891231432557,68805.1953125,1.2373688220977783
139900.0,0.0,0.0,-4200133.5,10.26654052734375,205.3789825439453,-0.0006297839572653174,68812.1953125,1.2372430562973022
140000.0,0.0,0.0,-4200128.0,10.682528495788574,198.873046875,0.0006987923989072442,68821.6484375,1.2370730638504028
140100.0,0.0,0.0,-4200134.5,7.107254981994629,204.67147827148438,0.00020020757801830769,68835.0546875,1.2368321418762207
140200.0,0.0,0.0,-4200133.0,7.229953765869141,201.17103576660156,-4.4779153540730476e-05,68852.1796875,1.2365245819091797
140300.0,0.0,0.0,-4200135.5,8.241138458251953,202.61497497558594,0.0007202001288533211,68872.09375,1.2361669540405273
140400.0,0.0,0.0,-4200129.5,10.958806037902832,195.16610717773438,-0.0011046610306948423,68895.4140625,1.235748529434204
140500.0,0.0,0.0,-4200136.5,7.7765069007873535,201.53533935546875,0.0006384022999554873,68919.65625,1.235313892364502
140600.0,0.0,0.0,-4200130.0,7.741384506225586,194.90431213378906,0.00013689743354916573,68946.890625,1.2348259687423706
140700.0,0.0,0.0,-4200135.5,7.232746601104736,200.44161987304688,0.0013072857400402427,68976.171875,1.2343016862869263
140800.0,0.0,0.0,-4200134.5,7.410129547119141,200.8018035888672,0.00038356578443199396,69008.296875,1.233727216720581
140900.0,0.0,0.0,-4200130.5,9.223487854003906,198.61273193359375,-0.001756967161782086,69043.4296875,1.233099341392517
141000.0,0.0,0.0,-4200129.0,7.589818477630615,201.0037384033203,-0.0005801656516268849,69079.1328125,1.2324620485305786
141100.0,0.0,0.0,-4200132.0,10.938165664672852,205.81829833984375,-0.0007304614409804344,69115.4765625,1.2318140268325806
141200.0,0.0,0.0,-4200130.5,11.500904083251953,205.47683715820312,0.002092787530273199,69151.203125,1.231177568435669
141300.0,0.0,0.0,-4200127.0,8.581766128540039,199.71290588378906,-0.0007961681112647057,69187.2421875,1.2305362224578857
141400.0,0.0,0.0,-4200133.0,8.415525436401367,204.28811645507812,0.0007213007193058729,69221.078125,1.229934811592102
141500.0,0.0,0.0,-4200129.5,7.097128391265869,200.73599243164062,-0.0008763275109231472,69253.0234375,1.2293673753738403
141600.0,0.0,0.0,-4200133.5,7.949642658233643,203.76976013183594,3.398663830012083e-05,69282.546875,1.2288434505462646
141700.0,0.0,0.0,-4200133.5,7.4869585037231445,204.71217346191406,0.0004169788444414735,69309.8828125,1.2283589839935303
141800.0,0.0,0.0,-4200132.0,8.190399169921875,201.47850036621094,-0.0004895256133750081,69334.3984375,1.2279244661331177
141900.0,0.0,0.0,-4200132.5,7.642696380615234,200.7480926513672,0.00020412879530340433,69353.9296875,1.2275787591934204
142000.0,0.0,0.0,-4200131.5,7.308924198150635,198.53089904785156,-0.0019989898428320885,69369.34375,1.2273058891296387
142100.0,0.0,0.0,-4200135.5,8.1190824508667,202.11595153808594,0.0011970113264396787,69379.1484375,1.2271325588226318
142200.0,0.0,0.0,-4200135.5,8.636110305786133,201.4147186279297,-0.0009354195790365338,69385.9921875,1.2270114421844482
142300.0,0.0,0.0,-4200134.5,7.9534912109375,200.56980895996094,-0.00012217566836625338,69387.0234375,1.226993203163147
142400.0,0.0,0.0,-4200131.5,8.093545913696289,198.1805877685547,-0.0009910666849464178,69383.234375,1.2270601987838745
142500.0,0.0,0.0,-4200133.0,9.645516395568848,202.034912109375,-0.00012689386494457722,69374.984375,1.2272061109542847
142600.0,0.0,0.0,-4200130.0,7.568140029907227,200.28211975097656,-2.4259905330836773e-05,69362.1171875,1.2274339199066162
142700.0,0.0,0.0,-4200131.0,7.505190849304199,202.8583526611328,-0.0011795390164479613,69346.71875,1.2277063131332397
142800.0,0.0,0.0,-4200131.0,10.16994571685791,204.02288818359375,0.0007563092513009906,69327.515625,1.2280464172363281
142900.0,0.0,0.0,-4200130.5,7.971323490142822,203.06275939941406,0.0001646971795707941,69306.0234375,1.2284274101257324
143000.0,0.0,0.0,-4200132.0,8.202518463134766,202.34007263183594,0.00026891822926700115,69281.875,1.2288554906845093
143100.0,0.0,0.0,-4200129.5,7.67167329788208,197.2084197998047,-0.0013697618851438165,69256.2265625,1.2293105125427246
143200.0,0.0,0.0,-4200132.5,8.26057243347168,198.40542602539062,0.00036362255923449993,69228.0859375,1.2298102378845215
143300.0,0.0,0.0,-4200133.0,7.60103178024292,199.4157257080078,0.00029869156423956156,69198.5,1.2303359508514404
143400.0,0.0,0.0,-4200131.5,8.812270164489746,197.69659423828125,0.00047883426304906607,69167.390625,1.2308894395828247
143500.0,0.0,0.0,-4200132.5,7.37053108215332,199.41064453125,-0.0002734230365604162,69136.0390625,1.2314475774765015
143600.0,0.0,0.0,-4200132.0,7.765730381011963,198.93954467773438,-0.0010442998027428985,69103.96875,1.232019066810608
143700.0,0.0,0.0,-4200132.5,7.318206310272217,200.41476440429688,0.00019185885321348906,69071.171875,1.2326040267944336
143800.0,0.0,0.0,-4200130.0,7.665903091430664,198.9263916015625,5.500088445842266e-05,69038.859375,1.2331809997558594
143900.0,0.0,0.0,-4200131.0,7.0128350257873535,201.6239776611328,0.0012935653794556856,69007.1875,1.2337470054626465
144000.0,0.0,0.0,-4200130.5,7.6947126388549805,201.69210815429688,-0.0001859036274254322,68977.609375,1.2342760562896729
144100.0,0.0,0.0,-4200130.5,8.564009666442871,199.86270141601562,-0.00021174026187509298,68949.4453125,1.2347803115844727
144200.0,0.0,0.0,-4200135.5,10.313302993774414,202.68865966796875,-0.0005940443370491266,68923.734375,1.2352408170700073
144300.0,0.0,0.0,-4200133.0,9.441614151000977,198.76768493652344,0.000990305095911026,68900.4453125,1.2356582880020142
144400.0,0.0,0.0,-4200134.0,7.616350173950195,198.9810028076172,0.00018902798183262348,68880.796875,1.2360109090805054
144500.0,0.0,0.0,-4200134.0,8.139668464660645,198.7885284423828,0.0001710680080577731,68863.375,1.236323595046997
144600.0,0.0,0.0,-4200135.0,7.575682163238525,199.94796752929688,0.0005891001783311367,68848.9140625,1.2365831136703491
144700.0,0.0,0.0,-4200133.0,9.488299369812012,198.47442626953125,-0.00017612951342016459,68838.359375,1.2367727756500244
144800.0,0.0,0.0,-4200132.0,9.405267715454102,198.83731079101562,0.0005603787722066045,68831.765625,1.236891269683838
144900.0,0.0,0.0,-4200129.0,8.974553108215332,198.69760131835938,-0.0006480576703324914,68829.640625,1.2369294166564941
145000.0,0.0,0.0,-4200131.5,7.112941741943359,204.96270751953125,0.000520981615409255,68830.9921875,1.2369052171707153
145100.0,0.0,0.0,-4200129.0,7.802698612213135,203.5347137451172,-0.0002693510614335537,68837.2578125,1.2367925643920898
145200.0,0.0,0.0,-4200128.0,8.555974006652832,201.55577087402344,0.00021374004427343607,68847.7421875,1.2366042137145996
145300.0,0.0,0.0,-4200132.5,8.211138725280762,203.53057861328125,0.0007150094024837017,68862.2109375,1.2363444566726685
145400.0,0.0,0.0,-4200131.0,8.53292179107666,201.20614624023438,0.00020817085169255733,68880.1953125,1.2360215187072754
145500.0,0.0,0.0,-4200130.5,7.049548149108887,200.4475860595703,-0.00013133266475051641,68900.84375,1.2356512546539307
145600.0,0.0,0.0,-4200134.0,9.82089614868164,202.37948608398438,-0.0006983631756156683,68923.3125,1.2352484464645386
145700.0,0.0,0.0,-4200131.5,8.012166976928711,198.9358367919922,-9.374308865517378e-05,68947.484375,1.234815239906311
145800.0,0.0,0.0,-4200133.0,7.756816864013672,198.95899963378906,-0.00030629022512584925,68974.015625,1.2343403100967407
145900.0,0.0,0.0,-4200134.0,8.929621696472168,199.78610229492188,0.0010190799366682768,69000.8828125,1.233859658241272
146000.0,0.0,0.0,-4200135.5,8.487743377685547,201.2220458984375,0.0005682148039340973,69028.484375,1.2333662509918213
146100.0,0.0,0.0,-4200135.5,7.434720039367676,200.8817138671875,-0.0004363380139693618,69057.109375,1.232855200767517
146200.0,0.0,0.0,-4200130.5,6.901416301727295,196.96527099609375,-0.0010207378072664142,69085.7109375,1.232344627380371
146300.0,0.0,0.0,-4200134.0,7.333927631378174,200.1454315185547,-0.0008663124172016978,69113.90625,1.2318419218063354
146400.0,0.0,0.0,-4200130.0,8.807751655578613,196.89138793945312,0.0006598751060664654,69140.8828125,1.2313613891601562
146500.0,0.0,0.0,-4200133.0,9.721555709838867,199.3960418701172,0.000486134085804224,69166.90625,1.2308980226516724
146600.0,0.0,0.0,-4200135.5,8.723811149597168,199.7074432373047,0.0006094848504289985,69190.390625,1.2304801940917969
146700.0,0.0,0.0,-4200133.5,7.186500549316406,196.3094024658203,-0.002051103860139847,69211.1484375,1.2301112413406372
146800.0,0.0,0.0,-4200133.5,10.587386131286621,197.08383178710938,0.0004944721003994346,69228.796875,1.229797601699829
146900.0,0.0,0.0,-4200134.5,7.958220481872559,199.61978149414062,0.0003501987084746361,69244.9765625,1.2295103073120117
147000.0,0.0,0.0,-4200133.0,8.759575843811035,199.52890014648438,0.0004146513529121876,69258.9375,1.2292624711990356
147100.0,0.0,0.0,-4200130.5,7.385723114013672,198.110595703125,-0.0007824817439541221,69270.7734375,1.2290525436401367
147200.0,0.0,0.0,-4200128.5,8.157449722290039,199.46835327148438,-0.000580501276999712,69279.140625,1.228903889656067
147300.0,0.0,0.0,-4200132.0,7.74544620513916,204.4082489013672,0.0009280700469389558,69284.234375,1.228813648223877
147400.0,0.0,0.0,-4200134.0,7.952547550201416,206.13853454589844,0.0001175532815977931,69287.078125,1.228763222694397
147500.0,0.0,0.0,-4200132.0,8.005627632141113,203.3875274658203,0.00024256121832877398,69286.5703125,1.2287721633911133
147600.0,0.0,0.0,-4200128.0,8.68619155883789,198.4910125732422,-0.0017622025916352868,69283.3125,1.2288298606872559
147700.0,0.0,0.0,-4200128.5,7.235636234283447,198.18594360351562,-0.0004983202088624239,69276.2421875,1.2289552688598633
147800.0,0.0,0.0,-4200131.5,7.237433910369873,201.47171020507812,-0.00040989439003169537,69266.6328125,1.2291258573532104
147900.0,0.0,0.0,-4200131.0,7.100184917449951,201.09014892578125,0.0018283571116626263,69254.984375,1.2293325662612915
148000.0,0.0,0.0,-4200136.5,8.223591804504395,204.92413330078125,-0.0003550297114998102,69242.40625,1.2295559644699097
148100.0,0.0,0.0,-4200131.0,7.999831199645996,198.8383331298828,-0.0005607031052932143,69226.984375,1.2298297882080078
148200.0,0.0,0.0,-4200135.5,9.164091110229492,202.94651794433594,-0.000575573998503387,69208.78125,1.230153203010559
148300.0,0.0,0.0,-4200134.5,8.882490158081055,201.43692016601562,-0.0008473849156871438,69189.4453125,1.230497121810913
148400.0,0.0,0.0,-4200133.5,6.761078834533691,200.69631958007812,0.00040698074735701084,69168.6953125,1.2308663129806519
148500.0,0.0,0.0,-4200132.5,8.808489799499512,201.5101776123047,0.0006813235813751817,69147.9609375,1.2312355041503906
148600.0,0.0,0.0,-4200130.5,8.190357208251953,197.58958435058594,0.0011633553076535463,69126.390625,1.2316194772720337
148700.0,0.0,0.0,-4200131.5,8.086468696594238,198.14744567871094,-0.0003499611048027873,69105.0625,1.2319995164871216
148800.0,0.0,0.0,-4200131.5,8.05532455444336,197.65965270996094,0.0002712942659854889,69083.6875,1.2323808670043945
148900.0,0.0,0.0,-4200130.5,7.1870927810668945,197.1602325439453,-0.0018061947776004672,69062.890625,1.2327518463134766
149000.0,0.0,0.0,-4200132.5,7.985683917999268,199.6009521484375,0.0007371753454208374,69041.7421875,1.233129620552063
149100.0,0.0,0.0,-4200131.0,7.900168418884277,198.04833984375,0.0005334523739293218,69021.40625,1.2334928512573242
149200.0,0.0,0.0,-4200133.0,8.2716703414917,200.4972686767578,0.00023730413522571325,69003.203125,1.2338181734085083
149300.0,0.0,0.0,-4200133.0,8.821581840515137,200.66098022460938,8.746644016355276e-05,68987.28125,1.2341029644012451
149400.0,0.0,0.0,-4200133.0,8.1475248336792,199.81723022460938,-0.0013842181069776416,68973.15625,1.2343556880950928
149500.0,0.0,0.0,-4200134.5,9.272283554077148,201.2451934814453,0.0006160737248137593,68959.1328125,1.2346067428588867
149600.0,0.0,0.0,-4200133.5,9.783003807067871,199.15208435058594,0.0009017005213536322,68946.9140625,1.234825611114502
149700.0,0.0,0.0,-4200133.0,8.380693435668945,198.02857971191406,0.0014166084583848715,68937.03125,1.2350025177001953
149800.0,0.0,0.0,-4200133.5,7.945021629333496,197.67945861816406,-0.0009247252019122243,68930.0,1.2351285219192505
149900.0,0.0,0.0,-4200134.0,8.917698860168457,198.78622436523438,-0.0020653638057410717,68924.5390625,1.2352263927459717
150000.0,0.0,0.0,-4200137.5,9.206918716430664,202.64810180664062,2.1489453501999378e-05,68919.71875,1.235312819480896
150100.0,0.0,0.0,-4200133.5,8.246109008789062,201.4622802734375,0.001878176350146532,68917.7578125,1.235347867012024
150200.0,0.0,0.0,-4200132.5,7.635203838348389,201.78233337402344,0.0020797906909137964,68919.8359375,1.2353107929229736
150300.0,0.0,0.0,-4200133.0,7.381725311279297,203.94351196289062,-9.773310739547014e-05,68926.453125,1.235192060470581
150400.0,0.0,0.0,-4200131.0,7.943236827850342,204.04270935058594,-0.0016045484226197004,68936.21875,1.2350170612335205
150500.0,0.0,0.0,-4200130.0,7.237283229827881,205.60157775878906,-0.0003775206860154867,68947.7890625,1.2348098754882812
150600.0,0.0,0.0,-4200127.5,7.750143527984619,203.08090209960938,0.0005836519412696362,68962.1328125,1.2345529794692993
150700.0,0.0,0.0,-4200130.0,7.710757255554199,204.1390380859375,0.0014492243062704802,68980.2578125,1.2342286109924316
150800.0,0.0,0.0,-4200133.0,8.846869468688965,204.50711059570312,-0.00020248512737452984,69001.7734375,1.2338436841964722
150900.0,0.0,0.0,-4200131.5,6.928869724273682,201.29141235351562,-0.0010129751171916723,69025.1328125,1.2334262132644653
151000.0,0.0,0.0,-4200133.0,8.390275955200195,201.2351837158203,-0.000874814111739397,69050.015625,1.2329816818237305
151100.0,0.0,0.0,-4200130.0,9.665789604187012,197.0504608154297,0.0002965233288705349,69076.2578125,1.2325133085250854
151200.0,0.0,0.0,-4200132.5,9.380520820617676,198.54464721679688,0.0015943063190206885,69103.390625,1.2320293188095093
151300.0,0.0,0.0,-4200133.5,7.165689468383789,200.0750274658203,-0.0004371320828795433,69131.015625,1.2315369844436646
151400.0,0.0,0.0,-4200131.5,9.19559383392334,198.93182373046875,0.00011225754860788584,69158.6171875,1.2310454845428467
151500.0,0.0,0.0,-4200134.0,6.5977325439453125,201.6567840576172,-0.001153926714323461,69185.75,1.2305628061294556
151600.0,0.0,0.0,-4200135.5,6.490013599395752,201.690185546875,-7.655622903257608e-05,69212.828125,1.23008131980896
151700.0,0.0,0.0,-4200135.5,7.925036430358887,201.31813049316406,0.0003131238045170903,69239.203125,1.2296127080917358
151800.0,0.0,0.0,-4200132.0,8.34605598449707,196.68276977539062,0.000761125236749649,69263.484375,1.2291816473007202
151900.0,0.0,0.0,-4200134.5,7.496728897094727,198.18202209472656,0.0009043617756105959,69286.59375,1.2287718057632446
152000.0,0.0,0.0,-4200132.5,8.302167892456055,197.7445831298828,-0.0014045954449102283,69307.046875,1.2284090518951416
152100.0,0.0,0.0,-4200132.5,8.766758918762207,196.24993896484375,-0.0010973833268508315,69323.7578125,1.2281129360198975
152200.0,0.0,0.0,-4200134.0,7.925978660583496,197.17796325683594,-0.000829063355922699,69335.9140625,1.2278976440429688
152300.0,0.0,0.0,-4200134.5,6.998312950134277,197.0000457763672,0.00019990268629044294,69344.0859375,1.227752923965454
152400.0,0.0,0.0,-4200136.0,7.065065860748291,197.42149353027344,0.0012556194560602307,69349.203125,1.2276623249053955
152500.0,0.0,0.0,-4200134.0,7.136965274810791,196.84251403808594,-0.0004058675840497017,69352.09375,1.2276111841201782
152600.0,0.0,0.0,-4200131.5,6.671301364898682,198.327880859375,-0.0009779800893738866,69352.375,1.2276062965393066
152700.0,0.0,0.0,-4200131.0,8.018341064453125,199.00950622558594,-0.001833495101891458,69348.9609375,1.2276666164398193
152800.0,0.0,0.0,-4200133.0,7.523195266723633,202.41989135742188,8.600158616900444e-05,69341.9609375,1.2277907133102417
152900.0,0.0,0.0,-4200131.0,8.613175392150879,201.34625244140625,0.0014177007833495736,69332.421875,1.2279595136642456
153000.0,0.0,0.0,-4200132.5,6.85457181930542,202.09347534179688,3.2127019949257374e-05,69320.8046875,1.2281652688980103
153100.0,0.0,0.0,-4200132.5,7.323001861572266,201.81646728515625,-0.0011569609632715583,69306.8984375,1.2284119129180908
153200.0,0.0,0.0,-4200132.5,8.548544883728027,202.1973114013672,-0.0015351834008470178,69290.25,1.2287068367004395
153300.0,0.0,0.0,-4200134.5,6.696155548095703,203.48841857910156,0.00042806926649063826,69270.5546875,1.2290562391281128
153400.0,0.0,0.0,-4200132.5,7.159966945648193,200.89950561523438,0.0003860486904159188,69249.015625,1.2294385433197021
153500.0,0.0,0.0,-4200134.5,7.898931503295898,203.19268798828125,0.0008778251940384507,69225.3203125,1.2298595905303955
153600.0,0.0,0.0,-4200131.5,8.10576057434082,198.80792236328125,-0.0006566740339621902,69199.25,1.2303228378295898
153700.0,0.0,0.0,-4200134.5,7.7411208152771,201.07595825195312,-0.0010486688697710633,69170.8046875,1.2308286428451538
153800.0,0.0,0.0,-4200133.0,9.185386657714844,199.39138793945312,-8.718401659280062e-05,69138.9921875,1.2313951253890991
153900.0,0.0,0.0,-4200133.5,7.700096130371094,200.35025024414062,-0.00021537230350077152,69105.375,1.2319940328598022
154000.0,0.0,0.0,-4200134.0,8.355249404907227,199.36354064941406,0.0018572250846773386,69070.5859375,1.232614517211914
154100.0,0.0,0.0,-4200134.5,7.866194248199463,196.92221069335938,1.0414631105959415e-05,69036.4921875,1.2332231998443604
154200.0,0.0,0.0,-4200135.0,10.834473609924316,196.69805908203125,-8.379120845347643e-05,69002.125,1.2338374853134155
154300.0,0.0,0.0,-4200135.5,8.73189640045166,198.90036010742188,5.963281728327274e-05,68967.921875,1.2344495058059692
154400.0,0.0,0.0,-4200136.0,7.676279067993164,200.3264617919922,-2.2674561478197575e-05,68934.359375,1.2350503206253052
154500.0,0.0,0.0,-4200135.0,9.363262176513672,201.2935791015625,0.00018128030933439732,68903.4296875,1.2356048822402954
154600.0,0.0,0.0,-4200132.0,7.711207389831543,198.80331420898438,-0.00043696747161448,68874.8828125,1.2361170053482056
154700.0,0.0,0.0,-4200131.0,7.26267147064209,198.4103546142578,0.001516064046882093,68848.3671875,1.236593246459961
154800.0,0.0,0.0,-4200135.0,6.648027420043945,203.59144592285156,0.00017486652359366417,68824.953125,1.2370136976242065
154900.0,0.0,0.0,-4200132.0,9.232023239135742,200.08309936523438,-0.0007998065557330847,68805.53125,1.2373629808425903
155000.0,0.0,0.0,-4200132.0,8.346831321716309,199.41761779785156,-0.0004976709606125951,68790.1015625,1.237640380859375
155100.0,0.0,0.0,-4200131.0,7.601050853729248,197.5895233154297,-3.0848896130919456e-05,68778.4921875,1.237849235534668
155200.0,0.0,0.0,-4200134.0,7.707845211029053,197.94578552246094,0.0016767876222729683,68770.015625,1.2380019426345825
155300.0,0.0,0.0,-4200134.0,8.836160659790039,196.4586639404297,0.00015005934983491898,68765.7890625,1.2380778789520264
155400.0,0.0,0.0,-4200134.0,7.0445709228515625,199.727294921875,-0.00041160802356898785,68766.6015625,1.2380634546279907
155500.0,0.0,0.0,-4200133.5,8.724745750427246,199.41046142578125,-0.0005669962847605348,68770.9140625,1.2379858493804932
155600.0,0.0,0.0,-4200132.5,8.406682014465332,199.173828125,0.0012762263650074601,68778.8046875,1.237843632698059
155700.0,0.0,0.0,-4200133.5,6.906182765960693,201.35606384277344,0.0012165880762040615,68791.4140625,1.2376168966293335
155800.0,0.0,0.0,-4200130.5,6.99180269241333,201.01239013671875,-0.00011001317761838436,68808.484375,1.2373096942901611
155900.0,0.0,0.0,-4200133.0,8.146639823913574,204.72763061523438,-0.0007577855139970779,68830.3984375,1.236915946006775
156000.0,0.0,0.0,-4200131.0,6.752233982086182,201.99276733398438,-0.0009649760322645307,68856.4375,1.236448049545288
156100.0,0.0,0.0,-4200133.5,7.3264055252075195,202.33412170410156,0.001460147788748145,68885.140625,1.2359329462051392
156200.0,0.0,0.0,-4200134.0,7.174038887023926,202.11912536621094,0.000781860901042819,68917.703125,1.2353489398956299
156300.0,0.0,0.0,-4200131.0,8.223398208618164,199.08616638183594,0.0008932985365390778,68952.8359375,1.2347193956375122
156400.0,0.0,0.0,-4200131.5,7.873063564300537,199.05938720703125,-0.0016085909446701407,68989.875,1.2340565919876099
156500.0,0.0,0.0,-4200129.5,7.625265598297119,196.07838439941406,0.00024132360704243183,69027.46875,1.2333844900131226
156600.0,0.0,0.0,-4200132.0,7.424841403961182,197.84254455566406,0.0001572769833728671,69066.328125,1.2326905727386475
156700.0,0.0,0.0,-4200134.5,7.798781871795654,200.52012634277344,0.000520481844432652,69105.78125,1.2319868803024292
156800.0,0.0,0.0,-4200134.0,8.377315521240234,200.70504760742188,-0.00023521773982793093,69145.03125,1.2312873601913452
156900.0,0.0,0.0,-4200136.5,6.6703057289123535,202.7152557373047,-0.0006477087736129761,69183.625,1.2306005954742432
157000.0,0.0,0.0,-4200136.0,11.16636848449707,200.55996704101562,0.00048234639689326286,69220.3046875,1.2299485206604004
157100.0,0.0,0.0,-4200137.0,8.467620849609375,201.4922637939453,-0.0007439730688929558,69254.96875,1.2293329238891602
157200.0,0.0,0.0,-4200134.5,8.592288970947266,199.0199737548828,7.510441355407238e-05,69286.390625,1.2287752628326416
157300.0,0.0,0.0,-4200135.0,8.968165397644043,198.70059204101562,-5.926145240664482e-05,69314.9375,1.228269338607788
157400.0,0.0,0.0,-4200133.5,7.97750186920166,199.37379455566406,0.0012476532720029354,69339.71875,1.227830410003662
157500.0,0.0,0.0,-4200130.5,9.047759056091309,197.35687255859375,-0.0011272681877017021,69361.6015625,1.227442979812622
157600.0,0.0,0.0,-4200129.5,8.444515228271484,199.18841552734375,-0.00133051339071244,69379.078125,1.2271337509155273
157700.0,0.0,0.0,-4200132.0,7.2230939865112305,203.30735778808594,-0.0005432937759906054,69391.2578125,1.226918339729309
157800.0,0.0,0.0,-4200131.5,7.629336357116699,205.33233642578125,-4.965800326317549e-05,69398.75,1.2267858982086182
157900.0,0.0,0.0,-4200129.0,7.938697814941406,202.75714111328125,0.0007130585145205259,69402.15625,1.2267258167266846
158000.0,0.0,0.0,-4200130.0,9.507330894470215,202.0109405517578,-0.00013459555339068174,69401.53125,1.2267367839813232
158100.0,0.0,0.0,-4200132.5,10.060606002807617,203.3061065673828,0.00022907927632331848,69396.84375,1.2268195152282715
158200.0,0.0,0.0,-4200134.0,10.923872947692871,203.54347229003906,-0.00035031570587307215,69388.8671875,1.2269606590270996
158300.0,0.0,0.0,-4200132.5,6.995355129241943,200.52455139160156,-0.0011216114507988095,69377.40625,1.2271634340286255
158400.0,0.0,0.0,-4200135.0,8.203668594360352,201.6775665283203,-0.00038780749309808016,69361.703125,1.2274410724639893
158500.0,0.0,0.0,-4200134.0,10.094114303588867,199.73095703125,-0.000524396076798439,69342.5234375,1.2277806997299194
158600.0,0.0,0.0,-4200134.0,8.44092845916748,199.45687866210938,0.0009708486031740904,69320.1640625,1.2281767129898071
158700.0,0.0,0.0,-4200136.0,7.883120536804199,202.02870178222656,-8.830020669847727e-05,69295.90625,1.2286067008972168
158800.0,0.0,0.0,-4200137.0,6.767006874084473,202.98489379882812,-0.0001598784001544118,69269.8828125,1.2290681600570679
158900.0,0.0,0.0,-4200135.5,7.065213680267334,201.6500244140625,-0.00039568892680108547,69242.1953125,1.2295596599578857
159000.0,0.0,0.0,-4200134.0,7.948366641998291,201.47291564941406,0.00010234396904706955,69213.0546875,1.2300772666931152
159100.0,0.0,0.0,-4200131.0,9.073452949523926,201.41891479492188,0.0007379972375929356,69182.796875,1.2306153774261475
159200.0,0.0,0.0,-4200130.5,7.9303717613220215,201.8922882080078,-0.0005554159870371222,69152.703125,1.2311508655548096
159300.0,0.0,0.0,-4200130.0,9.146209716796875,201.19522094726562,0.0007510752184316516,69122.890625,1.2316819429397583
159400.0,0.0,0.0,-4200128.0,7.118211269378662,200.7445831298828,-0.001142926630564034,69094.578125,1.2321865558624268
159500.0,0.0,0.0,-4200129.5,8.673154830932617,199.1013946533203,4.467903636395931e-05,69066.109375,1.2326945066452026
159600.0,0.0,0.0,-4200131.5,7.454586029052734,200.0995635986328,-0.0015968898078426719,69038.7421875,1.2331830263137817
159700.0,0.0,0.0,-4200131.0,8.017451286315918,201.38381958007812,0.0014402938541024923,69011.578125,1.2336684465408325
159800.0,0.0,0.0,-4200131.0,8.709122657775879,200.6344451904297,0.001256525400094688,68986.75,1.2341123819351196
159900.0,0.0,0.0,-4200133.5,8.527139663696289,200.11956787109375,0.0003148145042359829,68965.1328125,1.234499216079712
160000.0,0.0,0.0,-4200134.5,8.094929695129395,199.905517578125,-9.242573287338018e-05,68945.9609375,1.2348425388336182
160100.0,0.0,0.0,-4200131.5,7.502770900726318,197.96388244628906,-0.001486011897213757,68930.1640625,1.2351255416870117
160200.0,0.0,0.0,-4200131.0,9.385265350341797,196.82615661621094,0.0005144828464835882,68917.0703125,1.2353602647781372
160300.0,0.0,0.0,-4200136.5,8.092660903930664,203.06541442871094,2.7308822609484196e-05,68907.9375,1.2355239391326904
160400.0,0.0,0.0,-4200133.0,8.405380249023438,199.67584228515625,0.001289194100536406,68901.2578125,1.235643744468689
160500.0,0.0,0.0,-4200133.5,8.482911109924316,199.21304321289062,1.4116405509412289e-05,68897.7890625,1.2357059717178345
160600.0,0.0,0.0,-4200135.0,8.432626724243164,199.4970245361328,0.0008310601697303355,68897.3203125,1.2357144355773926
160700.0,0.0,0.0,-4200134.0,10.749390602111816,197.70530700683594,-0.0008166950428858399,68899.71875,1.2356714010238647
160800.0,0.0,0.0,-4200133.0,8.286111831665039,197.38087463378906,-0.0006150571862235665,68904.484375,1.2355858087539673
160900.0,0.0,0.0,-4200134.5,9.099428176879883,199.54122924804688,0.0008102634456008673,68911.1640625,1.2354661226272583
161000.0,0.0,0.0,-4200126.5,9.513436317443848,193.24488830566406,0.0018057486740872264,68921.125,1.2352876663208008
161100.0,0.0,0.0,-4200130.0,9.547685623168945,197.5458984375,0.0007950190920382738,68934.4765625,1.2350484132766724
161200.0,0.0,0.0,-4200132.5,8.551509857177734,200.6921844482422,-0.0009702716488391161,68950.1484375,1.2347675561904907
161300.0,0.0,0.0,-4200136.0,7.391171932220459,203.3091583251953,-0.00019796739798039198,68966.21875,1.2344799041748047
161400.0,0.0,0.0,-4200137.0,7.833072185516357,202.1008758544922,0.000526048825122416,68984.4609375,1.2341535091400146
161500.0,0.0,0.0,-4200136.0,7.456966876983643,200.43617248535156,0.0009858792182058096,69003.4765625,1.2338134050369263
161600.0,0.0,0.0,-4200137.0,8.305291175842285,201.25535583496094,-0.0005214858101680875,69023.84375,1.2334493398666382
161700.0,0.0,0.0,-4200134.0,7.986352920532227,199.35504150390625,-0.00045850768219679594,69044.4296875,1.2330814599990845
161800.0,0.0,0.0,-4200134.0,6.914975643157959,199.99623107910156,0.0006908652139827609,69064.9453125,1.2327152490615845
161900.0,0.0,0.0,-4200132.0,8.21652603149414,199.39694213867188,0.00038939027581363916,69084.8984375,1.2323592901229858
162000.0,0.0,0.0,-4200131.0,8.127629280090332,201.07830810546875,0.00023345311637967825,69105.0,1.2320009469985962
162100.0,0.0,0.0,-4200126.5,7.876174449920654,198.5067596435547,-0.0016519553028047085,69124.75,1.2316486835479736
162200.0,0.0,0.0,-4200130.0,8.900721549987793,203.60693359375,0.00025191460736095905,69141.9609375,1.2313421964645386
162300.0,0.0,0.0,-4200126.5,8.308170318603516,199.76995849609375,0.0007128665456548333,69157.546875,1.2310645580291748
162400.0,0.0,0.0,-4200128.5,7.192812919616699,201.44015502929688,0.0009645447134971619,69172.375,1.2308006286621094
162500.0,0.0,0.0,-4200134.0,8.727388381958008,205.54830932617188,-0.0007606010185554624,69186.3515625,1.230552077293396
162600.0,0.0,0.0,-4200129.0,8.922039985656738,198.9110870361328,-0.0015084698097780347,69198.53125,1.2303354740142822
162700.0,0.0,0.0,-4200134.0,7.384852886199951,202.88035583496094,0.0001780862221494317,69208.3828125,1.2301603555679321
162800.0,0.0,0.0,-4200131.0,7.707164287567139,199.27952575683594,-0.00020193064119666815,69217.4296875,1.2299996614456177
162900.0,0.0,0.0,-4200138.0,7.132879257202148,204.70562744140625,0.0008784911478869617,69224.1015625,1.229880928993225
163000.0,0.0,0.0,-4200135.5,7.7472333908081055,201.62998962402344,-0.0012952442048117518,69229.25,1.2297896146774292
163100.0,0.0,0.0,-4200131.0,10.926535606384277,196.30740356445312,7.11251050233841e-05,69231.0703125,1.2297571897506714
163200.0,0.0,0.0,-4200135.5,7.072780609130859,202.2423858642578,-0.0001719765132293105,69229.703125,1.2297816276550293
163300.0,0.0,0.0,-4200130.5,8.570833206176758,195.9473876953125,-4.311290103942156e-05,69225.5,1.229856252670288
163400.0,0.0,0.0,-4200136.5,7.361198902130127,201.82505798339844,-8.91159288585186e-06,69218.2578125,1.2299847602844238
163500.0,0.0,0.0,-4200133.0,8.612747192382812,198.13938903808594,-0.0005675830179825425,69208.0390625,1.2301666736602783
163600.0,0.0,0.0,-4200136.0,7.915816783905029,203.70384216308594,-0.0005402206443250179,69195.984375,1.230380892753601
163700.0,0.0,0.0,-4200134.5,8.971028327941895,202.55084228515625,-0.00031858228612691164,69181.578125,1.2306370735168457
163800.0,0.0,0.0,-4200133.5,9.312613487243652,202.1576385498047,0.0003123630303889513,69165.734375,1.2309190034866333
163900.0,0.0,0.0,-4200132.5,7.678236484527588,202.43484497070312,-0.0003340725088492036,69149.390625,1.2312097549438477
164000.0,0.0,0.0,-4200131.5,7.28339958190918,201.51622009277344,-0.0003355550579726696,69130.5234375,1.2315460443496704
164100.0,0.0,0.0,-4200132.0,11.139774322509766,200.94537353515625,0.0009006940526887774,69110.796875,1.2318973541259766
164200.0,0.0,0.0,-4200133.0,7.254742622375488,200.06390380859375,-0.00021409755572676659,69090.6875,1.2322560548782349
164300.0,0.0,0.0,-4200130.5,8.209478378295898,195.53176879882812,-7.619848474860191e-05,69069.6484375,1.2326312065124512
164400.0,0.0,0.0,-4200135.0,7.133674621582031,200.73468017578125,-0.000895471777766943,69049.2578125,1.2329953908920288
164500.0,0.0,0.0,-4200133.0,11.008490562438965,200.18833923339844,-0.00022814515978097916,69028.4765625,1.23336660861969
164600.0,0.0,0.0,-4200135.0,7.032747268676758,202.28057861328125,0.0001743834000080824,69008.8515625,1.2337172031402588
164700.0,0.0,0.0,-4200134.0,7.31143856048584,202.3063201904297,0.0005246854852885008,68989.9140625,1.2340558767318726
164800.0,0.0,0.0,-4200132.0,10.005810737609863,199.4678192138672,0.0008736616000533104,68971.3828125,1.2343873977661133
164900.0,0.0,0.0,-4200134.0,7.395510196685791,201.30853271484375,0.00022492127027362585,68954.890625,1.2346826791763306
165000.0,0.0,0.0,-4200133.5,7.734673500061035,197.8647003173828,-3.124144859611988e-05,68940.4765625,1.2349408864974976
165100.0,0.0,0.0,-4200135.0,6.792634963989258,199.01766967773438,-0.000996293150819838,68927.7421875,1.2351690530776978
165200.0,0.0,0.0,-4200133.5,7.075223445892334,198.1750030517578,0.0003293099580332637,68916.671875,1.2353672981262207
165300.0,0.0,0.0,-4200132.5,9.298846244812012,200.142333984375,0.00070981215685606,68908.1875,1.2355194091796875
165400.0,0.0,0.0,-4200132.5,7.80190896987915,201.86761474609375,8.189177606254816e-05,68902.6015625,1.2356196641921997
165500.0,0.0,0.0,-4200131.0,8.569670677185059,200.7414093017578,0.0006710354937240481,68900.0859375,1.23566472530365
165600.0,0.0,0.0,-4200133.0,8.506549835205078,202.13511657714844,-0.0011230178643018007,68900.171875,1.2356631755828857
165700.0,0.0,0.0,-4200134.0,10.184122085571289,200.5348663330078,-0.00015749142039567232,68901.890625,1.2356324195861816
165800.0,0.0,0.0,-4200136.5,10.41214370727539,202.7479705810547,-8.158455602824688e-05,68905.40625,1.2355693578720093
165900.0,0.0,0.0,-4200133.5,7.782251358032227,199.0095672607422,0.001686838804744184,68910.4765625,1.2354785203933716
166000.0,0.0,0.0,-4200135.5,7.80523681640625,200.90003967285156,0.0007478616898879409,68918.5546875,1.2353335618972778
166100.0,0.0,0.0,-4200127.0,8.11528491973877,194.2282257080078,-0.001726228860206902,68929.3671875,1.2351399660110474
166200.0,0.0,0.0,-4200129.5,7.974090576171875,198.60943603515625,-0.0007273873779922724,68940.7109375,1.2349367141723633
166300.0,0.0,0.0,-4200131.5,8.632368087768555,201.47500610351562,-0.00022196199279278517,68953.8046875,1.234702229499817
166400.0,0.0,0.0,-4200134.5,8.257318496704102,204.0908966064453,0.002304673194885254,68968.671875,1.23443603515625
166500.0,0.0,0.0,-4200134.5,8.635324478149414,203.12701416015625,0.0001795920543372631,68986.1640625,1.2341228723526
166600.0,0.0,0.0,-4200132.0,8.354990005493164,198.12571716308594,-0.0002931214403361082,69004.1328125,1.2338017225265503
166700.0,0.0,0.0,-4200136.0,7.5824360847473145,200.81112670898438,-0.0010052976431325078,69022.4921875,1.233473539352417
166800.0,0.0,0.0,-4200135.0,7.1341657638549805,199.1000518798828,0.00037002877797931433,69041.625,1.2331316471099854
166900.0,0.0,0.0,-4200137.5,8.998615264892578,202.50428771972656,0.001388642005622387,69061.5625,1.2327756881713867
167000.0,0.0,0.0,-4200131.0,7.105000019073486,196.10292053222656,0.00047477055341005325,69082.09375,1.2324092388153076
167100.0,0.0,0.0,-4200137.5,8.423697471618652,206.23402404785156,-0.00024494342505931854,69102.4296875,1.2320464849472046
167200.0,0.0,0.0,-4200130.5,7.23429536819458,200.49237060546875,-0.001746692112646997,69121.96875,1.2316983938217163
167300.0,0.0,0.0,-4200134.0,6.628155708312988,204.50225830078125,6.843125447630882e-06,69139.625,1.2313836812973022
167400.0,0.0,0.0,-4200129.0,8.526684761047363,200.89425659179688,-0.00021806091535836458,69156.7421875,1.231078863143921
167500.0,0.0,0.0,-4200128.5,7.129096984863281,200.08450317382812,0.0007222342537716031,69173.2734375,1.2307846546173096
167600.0,0.0,0.0,-4200135.0,7.917475700378418,203.31698608398438,0.0002522096037864685,69188.5625,1.2305127382278442
167700.0,0.0,0.0,-4200132.0,7.0733442306518555,199.37612915039062,-0.0004641538253054023,69201.1484375,1.2302889823913574
167800.0,0.0,0.0,-4200134.5,8.267435073852539,201.7050018310547,0.0006475471891462803,69211.234375,1.230109691619873
167900.0,0.0,0.0,-4200131.0,10.318346977233887,197.38143920898438,-0.001487059285864234,69220.109375,1.2299519777297974
168000.0,0.0,0.0,-4200134.5,8.014558792114258,200.00132751464844,-0.00020570529159158468,69226.53125,1.2298377752304077
168100.0,0.0,0.0,-4200133.0,8.121087074279785,199.1286163330078,-0.0013936588075011969,69230.6875,1.2297641038894653
168200.0,0.0,0.0,-4200130.5,7.251105308532715,196.7294158935547,0.0017908941954374313,69231.1796875,1.2297554016113281
168300.0,0.0,0.0,-4200134.5,8.217347145080566,200.73892211914062,0.0002827808493748307,69230.71875,1.229763388633728
168400.0,0.0,0.0,-4200132.5,8.19453239440918,198.37452697753906,-0.0003865478793159127,69227.828125,1.2298147678375244
168500.0,0.0,0.0,-4200131.5,9.001802444458008,197.37356567382812,-0.0009638962801545858,69222.5625,1.2299084663391113
168600.0,0.0,0.0,-4200134.5,9.520901679992676,199.51182556152344,-0.0011452262988314033,69214.6328125,1.2300492525100708
168700.0,0.0,0.0,-4200135.5,8.503449440002441,199.9918975830078,0.001795006450265646,69203.9609375,1.230238914489746
168800.0,0.0,0.0,-4200131.0,8.986308097839355,195.5111083984375,0.0002743353834375739,69192.9375,1.2304351329803467
168900.0,0.0,0.0,-4200131.5,8.626482009887695,197.34230041503906,0.0005272319540381432,69180.984375,1.2306475639343262
169000.0,0.0,0.0,-4200133.5,8.334673881530762,201.43002319335938,-0.0018155132420361042,69168.2578125,1.230873942375183
169100.0,0.0,0.0,-4200128.0,9.793577194213867,197.72567749023438,0.00014299608301371336,69153.7421875,1.2311323881149292
169200.0,0.0,0.0,-4200129.5,11.454571723937988,201.65489196777344,0.00048738904297351837,69139.0390625,1.2313941717147827
169300.0,0.0,0.0,-4200128.5,8.215266227722168,201.14662170410156,0.00018051941879093647,69123.9296875,1.2316632270812988
169400.0,0.0,0.0,-4200129.0,8.551365852355957,200.40464782714844,-0.00021853006910532713,69109.21875,1.2319254875183105
169500.0,0.0,0.0,-4200131.0,8.036153793334961,199.9445037841797,-0.0008419874357059598,69094.0625,1.2321957349777222
169600.0,0.0,0.0,-4200132.0,9.336601257324219,200.40347290039062,0.0014420244842767715,69077.6640625,1.2324881553649902
169700.0,0.0,0.0,-4200131.0,7.189327239990234,199.27334594726562,9.184982627630234e-05,69062.0,1.2327678203582764
169800.0,0.0,0.0,-4200131.0,7.219424724578857,198.64247131347656,0.00033744145184755325,69046.8984375,1.2330373525619507
169900.0,0.0,0.0,-4200135.0,8.650897026062012,201.40016174316406,-0.0010350524680688977,69032.625,1.2332924604415894
170000.0,0.0,0.0,-4200131.5,8.202948570251465,197.14903259277344,5.524314474314451e-05,69018.484375,1.233544945716858
170100.0,0.0,0.0,-4200135.5,7.650944232940674,200.7821502685547,0.0004177478840574622,69005.1328125,1.2337837219238281
170200.0,0.0,0.0,-4200132.5,7.508391380310059,197.50018310546875,0.0003980181645601988,68993.78125,1.233986735343933
170300.0,0.0,0.0,-4200135.0,7.9124369621276855,199.89794921875,0.00027871690690517426,68984.6015625,1.234151005744934
170400.0,0.0,0.0,-4200134.0,11.906312942504883,199.2291717529297,-0.0010642239358276129,68976.375,1.2342982292175293
170500.0,0.0,0.0,-4200133.5,7.4119391441345215,200.94256591796875,0.0006264515686780214,68968.5546875,1.234438180923462
170600.0,0.0,0.0,-4200133.5,7.914131164550781,202.7153778076172,-2.5872024707496166e-05,68962.5625,1.2345452308654785
170700.0,0.0,0.0,-4200132.5,7.031922340393066,203.1305389404297,0.001022147829644382,68958.3671875,1.2346203327178955
170800.0,0.0,0.0,-4200131.5,8.043940544128418,202.58494567871094,0.00013161881361156702,68956.875,1.2346471548080444
170900.0,0.0,0.0,-4200128.5,7.541976451873779,198.09596252441406,-0.00031723116990178823,68957.5234375,1.2346354722976685
171000.0,0.0,0.0,-4200134.5,8.178319931030273,204.2911376953125,-0.0007127874996513128,68959.8203125,1.2345943450927734
171100.0,0.0,0.0,-4200130.5,7.278846263885498,198.0291748046875,-0.00045319576747715473,68963.609375,1.234526515007019
171200.0,0.0,0.0,-4200136.5,8.10302448272705,202.87965393066406,0.0009391815401613712,68968.53125,1.234438419342041
171300.0,0.0,0.0,-4200134.5,7.320481300354004,200.54534912109375,-5.8435951359570026e-05,68975.1484375,1.234320044517517
171400.0,0.0,0.0,-4200133.5,9.197968482971191,199.33897399902344,0.0006760217947885394,68982.1015625,1.234195590019226
171500.0,0.0,0.0,-4200130.0,7.990830421447754,195.5780792236328,-0.00044075422920286655,68990.578125,1.2340439558029175
171600.0,0.0,0.0,-4200131.5,7.7558064460754395,197.89450073242188,-0.00046678073704242706,69001.0625,1.2338565587997437
171700.0,0.0,0.0,-4200132.5,7.842623233795166,200.9208526611328,-0.0003420183202251792,69012.265625,1.2336561679840088
171800.0,0.0,0.0,-4200132.0,7.491730690002441,201.76585388183594,0.0004668867914006114,69023.59375,1.233453631401062
171900.0,0.0,0.0,-4200132.0,8.163066864013672,202.512939453125,0.0007746642222627997,69034.953125,1.2332507371902466
172000.0,0.0,0.0,-4200129.5,7.826848030090332,200.8134002685547,-0.0006954864365980029,69046.828125,1.2330386638641357
172100.0,0.0,0.0,-4200131.0,6.92363977432251,200.38372802734375,-0.0006659146165475249,69058.9296875,1.2328226566314697
172200.0,0.0,0.0,-4200134.0,7.590049743652344,201.11526489257812,-3.0128750950098038e-05,69071.140625,1.232604742050171
172300.0,0.0,0.0,-4200130.5,7.655969619750977,196.4595947265625,0.0006616903701797128,69083.390625,1.2323859930038452
172400.0,0.0,0.0,-4200132.5,7.929371356964111,197.9933624267578,0.0006406762404367328,69096.078125,1.2321597337722778
172500.0,0.0,0.0,-4200132.5,7.205114841461182,198.6588592529297,-0.0007470214040949941,69108.578125,1.2319369316101074
172600.0,0.0,0.0,-4200134.5,8.384153366088867,200.652099609375,-0.0005484507419168949,69119.296875,1.231745958328247
172700.0,0.0,0.0,-4200132.0,8.447074890136719,198.41485595703125,-0.00021593307610601187,69128.2265625,1.2315866947174072
172800.0,0.0,0.0,-4200133.5,7.049493312835693,200.9737091064453,0.00046685279812663794,69136.2421875,1.231444001197815
172900.0,0.0,0.0,-4200129.0,8.830524444580078,197.12831115722656,0.00022419821470975876,69143.8125,1.231309175491333
173000.0,0.0,0.0,-4200131.0,7.476830959320068,201.2919464111328,-0.0006797568639740348,69150.953125,1.2311819791793823
173100.0,0.0,0.0,-4200131.5,7.709808826446533,203.005126953125,-0.00011586351320147514,69157.0703125,1.231073021888733
173200.0,0.0,0.0,-4200129.5,7.516982078552246,201.35206604003906,-0.000771702267229557,69162.5546875,1.2309753894805908
173300.0,0.0,0.0,-4200131.0,9.348280906677246,201.3103485107422,0.0002764237578958273,69167.6875,1.230884075164795
173400.0,0.0,0.0,-4200132.0,8.206476211547852,199.9134063720703,2.238189335912466e-05,69173.2109375,1.230785846710205
173500.0,0.0,0.0,-4200134.5,7.087979316711426,201.81578063964844,0.000755867687985301,69178.328125,1.2306948900222778
173600.0,0.0,0.0,-4200132.5,8.348740577697754,199.52947998046875,-0.00018589547835290432,69183.0703125,1.2306103706359863
173700.0,0.0,0.0,-4200133.0,6.432075500488281,199.84951782226562,-0.0002513413783162832,69186.5546875,1.23054838180542
173800.0,0.0,0.0,-4200136.5,7.110395431518555,202.575927734375,-0.0007189090829342604,69190.375,1.230480432510376
173900.0,0.0,0.0,-4200133.5,7.783841609954834,198.6833953857422,-0.00017938879318535328,69193.2890625,1.230428695678711
174000.0,0.0,0.0,-4200137.0,7.211520195007324,202.1669158935547,0.0007817328441888094,69195.5625,1.2303882837295532
174100.0,0.0,0.0,-4200136.5,7.954524517059326,202.65203857421875,0.0005855815252289176,69197.4296875,1.230355143547058
174200.0,0.0,0.0,-4200130.0,7.462348937988281,197.43222045898438,-0.0001108755823224783,69198.609375,1.2303340435028076
174300.0,0.0,0.0,-4200134.5,8.66259479522705,205.1350555419922,-0.001633807085454464,69199.65625,1.2303156852722168
174400.0,0.0,0.0,-4200131.5,7.042339324951172,203.75660705566406,-0.0009594790171831846,69199.9609375,1.2303102016448975
174500.0,0.0,0.0,-4200131.5,6.4965081214904785,204.45709228515625,0.00024403829593211412,69199.265625,1.2303223609924316
174600.0,0.0,0.0,-4200129.5,8.875287055969238,201.5288848876953,0.0018338228110224009,69198.3515625,1.2303388118743896
174700.0,0.0,0.0,-4200131.5,8.57717227935791,200.89718627929688,0.0005038547096773982,69198.53125,1.2303355932235718
174800.0,0.0,0.0,-4200132.0,8.041062355041504,199.6451416015625,-0.0011042014230042696,69198.953125,1.2303279638290405
174900.0,0.0,0.0,-4200133.5,7.044904708862305,200.21682739257812,-0.0012504338519647717,69197.953125,1.2303457260131836
175000.0,0.0,0.0,-4200130.0,8.582066535949707,196.29025268554688,0.00010479777120053768,69195.0703125,1.23039710521698
175100.0,0.0,0.0,-4200131.0,6.929050445556641,197.51980590820312,0.0009502263856120408,69191.6953125,1.2304569482803345
175200.0,0.0,0.0,-4200133.0,7.569052696228027,200.5174102783203,0.0007732298690825701,69187.4453125,1.2305326461791992
175300.0,0.0,0.0,-4200133.0,8.282995223999023,199.87266540527344,-0.00036394852213561535,69182.3984375,1.230622410774231
175400.0,0.0,0.0,-4200136.0,7.209955215454102,203.30970764160156,-0.0008593581151217222,69176.6796875,1.2307240962982178
175500.0,0.0,0.0,-4200134.5,11.608330726623535,200.2187957763672,-5.7905446738004684e-05,69170.421875,1.2308354377746582
175600.0,0.0,0.0,-4200133.5,9.30332088470459,197.25491333007812,0.0011631776578724384,69163.9140625,1.230951189994812
175700.0,0.0,0.0,-4200134.0,7.435019493103027,198.16619873046875,0.0009103835327550769,69157.5859375,1.2310638427734375
175800.0,0.0,0.0,-4200133.5,7.843660831451416,197.71807861328125,-0.0003366105956956744,69151.6953125,1.2311687469482422
175900.0,0.0,0.0,-4200133.0,9.53358268737793,197.95513916015625,-0.0005617414135485888,69144.9375,1.231289029121399
176000.0,0.0,0.0,-4200133.5,7.019928455352783,200.28321838378906,-0.0009080483578145504,69136.890625,1.2314324378967285
176100.0,0.0,0.0,-4200132.0,6.7052812576293945,200.29977416992188,0.0004046933026984334,69128.203125,1.231587290763855
176200.0,0.0,0.0,-4200132.0,8.524954795837402,200.89320373535156,0.0005104767624288797,69119.5625,1.231741189956665
176300.0,0.0,0.0,-4200132.0,9.647201538085938,201.51162719726562,-0.00047310488298535347,69110.1796875,1.2319083213806152
176400.0,0.0,0.0,-4200131.5,8.794465065002441,203.65512084960938,7.524224929511547e-05,69099.9140625,1.2320914268493652
176500.0,0.0,0.0,-4200130.0,7.4742302894592285,202.138427734375,0.0001071767183020711,69089.5625,1.2322759628295898
176600.0,0.0,0.0,-4200133.0,7.086530685424805,204.4622802734375,0.0007699690759181976,69079.484375,1.232455849647522
176700.0,0.0,0.0,-4200128.5,9.648094177246094,198.50103759765625,-0.0006233941530808806,69069.46875,1.232634425163269
176800.0,0.0,0.0,-4200131.0,8.825153350830078,198.4751434326172,-1.3271928764879704e-05,69059.3359375,1.2328152656555176
176900.0,0.0,0.0,-4200136.0,7.57400369644165,201.7932891845703,0.0001759048318490386,69050.0390625,1.2329813241958618
177000.0,0.0,0.0,-4200133.0,7.777516841888428,197.87599182128906,0.00012131873518228531,69041.296875,1.2331374883651733
177100.0,0.0,0.0,-4200132.5,11.630037307739258,197.16639709472656,0.0005039334064349532,69034.0859375,1.2332662343978882
177200.0,0.0,0.0,-4200133.0,7.226325988769531,198.5066375732422,-0.0003168208058923483,69027.3515625,1.2333866357803345
177300.0,0.0,0.0,-4200134.5,6.916111469268799,200.93617248535156,0.000892860465683043,69021.3828125,1.2334933280944824
177400.0,0.0,0.0,-4200135.0,7.521378517150879,202.117431640625,0.00016711500938981771,69018.0234375,1.2335532903671265
177500.0,0.0,0.0,-4200132.5,6.832353591918945,201.178955078125,0.00015301501844078302,69016.875,1.2335739135742188
177600.0,0.0,0.0,-4200130.0,8.635740280151367,201.1214599609375,-0.0009267872665077448,69016.96875,1.233572244644165
177700.0,0.0,0.0,-4200131.0,11.538496971130371,203.00389099121094,0.00024889525957405567,69017.875,1.2335559129714966
177800.0,0.0,0.0,-4200130.5,7.643246173858643,202.52276611328125,0.0002859937958419323,69020.84375,1.233502984046936
177900.0,0.0,0.0,-4200128.5,7.756657123565674,199.30694580078125,0.0005864446284249425,69025.34375,1.2334223985671997
178000.0,0.0,0.0,-4200132.0,7.806222915649414,199.97482299804688,0.00047662004362791777,69032.09375,1.2333018779754639
178100.0,0.0,0.0,-4200132.0,6.977644443511963,198.7412567138672,-0.0008407735731452703,69040.625,1.233149528503418
178200.0,0.0,0.0,-4200132.5,10.827155113220215,198.87625122070312,0.00032618700060993433,69050.046875,1.2329812049865723
178300.0,0.0,0.0,-4200133.5,7.6787943840026855,198.86474609375,-0.0006684981053695083,69061.203125,1.232782006263733
178400.0,0.0,0.0,-4200135.0,7.1906962394714355,202.419677734375,0.0011122331488877535,69072.8515625,1.2325741052627563
178500.0,0.0,0.0,-4200132.5,7.956750869750977,199.4270782470703,0.00070061010774225,69086.0390625,1.232338786125183
178600.0,0.0,0.0,-4200133.0,6.977330207824707,200.26058959960938,0.00010628544259816408,69099.7890625,1.2320936918258667
178700.0,0.0,0.0,-4200129.0,7.127018928527832,196.2421417236328,-0.0010373573750257492,69113.6796875,1.2318459749221802
178800.0,0.0,0.0,-4200134.0,7.596088409423828,200.1424102783203,-0.0008258495945483446,69127.03125,1.2316081523895264
178900.0,0.0,0.0,-4200134.0,9.364118576049805,198.63473510742188,0.0007981046801432967,69139.4921875,1.2313860654830933
179000.0,0.0,0.0,-4200131.0,8.702397346496582,196.3614959716797,-0.00020503706764429808,69152.1171875,1.2311612367630005
179100.0,0.0,0.0,-4200136.5,7.229164123535156,200.99989318847656,3.3690943382680416e-05,69164.15625,1.2309468984603882
179200.0,0.0,0.0,-4200129.0,7.223618984222412,192.7451934814453,-0.0002616679994389415,69175.203125,1.2307504415512085
179300.0,0.0,0.0,-4200137.0,7.410920143127441,200.5774688720703,-0.00011249911040067673,69184.0390625,1.2305933237075806
179400.0,0.0,0.0,-4200134.5,8.414494514465332,198.6542510986328,0.00037729821633547544,69191.921875,1.2304531335830688
179500.0,0.0,0.0,-4200135.5,7.146506309509277,200.81979370117188,0.00014371052384376526,69198.578125,1.2303346395492554
179600.0,0.0,0.0,-4200133.0,7.145133018493652,200.4906005859375,-5.786493420600891e-05,69203.390625,1.2302491664886475
179700.0,0.0,0.0,-4200133.0,8.05075740814209,204.34217834472656,-0.0001836064038798213,69205.796875,1.2302063703536987
179800.0,0.0,0.0,-4200131.0,8.125402450561523,203.5905303955078,-1.3371347449719906e-05,69205.7578125,1.230207085609436
179900.0,0.0,0.0,-4200128.0,7.81919002532959,199.71092224121094,-7.548730354756117e-05,69204.2578125,1.2302337884902954
180000.0,0.0,0.0,-4200131.0,8.684065818786621,201.656982421875,-0.00017127685714513063,69201.5390625,1.230281949043274
180100.0,0.0,0.0,-4200132.0,8.573263168334961,200.73707580566406,1.6542966477572918e-05,69197.0859375,1.2303613424301147
180200.0,0.0,0.0,-4200132.0,7.292041778564453,199.6217041015625,6.576755549758673e-05,69190.7265625,1.2304743528366089
180300.0,0.0,0.0,-4200132.5,7.102499961853027,200.3962860107422,0.0007017215248197317,69182.8359375,1.2306145429611206
180400.0,0.0,0.0,-4200132.5,7.449376583099365,199.9242401123047,0.00016647891607135534,69174.9921875,1.2307541370391846
180500.0,0.0,0.0,-4200134.0,6.7613911628723145,201.39012145996094,-0.0005930325714871287,69167.2109375,1.2308926582336426
180600.0,0.0,0.0,-4200136.0,6.046483993530273,202.25350952148438,-0.000923448009416461,69158.2421875,1.2310521602630615
180700.0,0.0,0.0,-4200132.5,7.609207630157471,197.98997497558594,0.00035658874548971653,69147.1796875,1.2312490940093994
180800.0,0.0,0.0,-4200135.0,8.808279037475586,200.906982421875,0.0010110700968652964,69135.21875,1.2314622402191162
180900.0,0.0,0.0,-4200133.0,6.981669902801514,198.8330078125,0.00020799145568162203,69123.765625,1.2316662073135376
181000.0,0.0,0.0,-4200136.5,7.264896392822266,200.42694091796875,-0.0012476231204345822,69112.03125,1.2318753004074097
181100.0,0.0,0.0,-4200135.0,7.654816150665283,196.97647094726562,0.0002146983752027154,69098.671875,1.2321135997772217
181200.0,0.0,0.0,-4200135.0,7.656130313873291,196.38217163085938,0.00014950311742722988,69085.15625,1.2323545217514038
181300.0,0.0,0.0,-4200136.0,7.380695343017578,198.3162841796875,0.0002150640357285738,69072.640625,1.2325778007507324
181400.0,0.0,0.0,-4200132.0,8.145210266113281,198.21087646484375,-0.0005507509922608733,69061.0625,1.2327845096588135
181500.0,0.0,0.0,-4200135.5,6.86639404296875,204.21987915039062,-0.0007974823238328099,69049.1015625,1.2329981327056885
181600.0,0.0,0.0,-4200129.5,7.522317886352539,199.8914794921875,0.0015790497418493032,69037.015625,1.233214020729065
181700.0,0.0,0.0,-4200133.5,7.141727924346924,203.8962860107422,0.00024256540928035975,69027.2578125,1.2333883047103882
181800.0,0.0,0.0,-4200131.0,7.253786563873291,200.29588317871094,0.0002890295581892133,69019.65625,1.233524203300476
181900.0,0.0,0.0,-4200128.5,7.396142482757568,198.52394104003906,-0.0016655041836202145,69014.2890625,1.233620047569275
182000.0,0.0,0.0,-4200133.5,7.270064830780029,202.07679748535156,0.00021659955382347107,69008.703125,1.2337199449539185
182100.0,0.0,0.0,-4200130.0,8.713245391845703,196.89540100097656,0.002051394432783127,69004.9140625,1.2337876558303833
182200.0,0.0,0.0,-4200134.0,8.794795036315918,200.04258728027344,-0.0001720853615552187,69005.546875,1.233776330947876
182300.0,0.0,0.0,-4200130.5,7.706828594207764,197.37298583984375,-0.00013240182306617498,69006.953125,1.2337512969970703
182400.0,0.0,0.0,-4200133.0,6.750232696533203,199.8112030029297,-0.0010334525723010302,69009.625,1.2337034940719604
182500.0,0.0,0.0,-4200130.5,9.701495170593262,196.6212921142578,0.0010980236111208797,69012.2734375,1.2336560487747192
182600.0,0.0,0.0,-4200133.5,6.78858757019043,201.294921875,0.00117433478590101,69017.40625,1.2335642576217651
182700.0,0.0,0.0,-4200132.0,7.723845958709717,199.33755493164062,0.00013457669410854578,69025.2578125,1.2334239482879639
182800.0,0.0,0.0,-4200133.0,7.075479507446289,198.86521911621094,0.0006109218811616302,69035.046875,1.233249306678772
182900.0,0.0,0.0,-4200136.0,7.605245113372803,198.9481964111328,-0.0011985978344455361,69047.6796875,1.2330234050750732
183000.0,0.0,0.0,-4200136.0,7.24139928817749,197.9361114501953,0.0005073742941021919,69061.75,1.2327723503112793
183100.0,0.0,0.0,-4200136.5,7.6471452713012695,199.5035858154297,-0.0006613319274038076,69078.3046875,1.232476830482483
183200.0,0.0,0.0,-4200136.0,7.7343525886535645,199.8588104248047,0.0010637749219313264,69095.84375,1.2321640253067017
183300.0,0.0,0.0,-4200135.5,6.807477951049805,200.99435424804688,0.00024243048392236233,69114.0703125,1.2318390607833862
183400.0,0.0,0.0,-4200131.0,6.697786808013916,199.36505126953125,-0.00028141424991190434,69132.0078125,1.2315194606781006
183500.0,0.0,0.0,-4200133.0,7.487110137939453,202.74847412109375,-0.00045035139191895723,69149.859375,1.2312015295028687
183600.0,0.0,0.0,-4200129.5,7.982306480407715,199.19886779785156,-0.0012839960400015116,69167.671875,1.2308844327926636
183700.0,0.0,0.0,-4200131.0,6.739036560058594,200.29429626464844,0.0005988229531794786,69184.796875,1.2305797338485718
183800.0,0.0,0.0,-4200133.5,9.886676788330078,202.143798828125,0.0009223939850926399,69202.328125,1.230268120765686
183900.0,0.0,0.0,-4200134.0,7.479463577270508,201.93331909179688,0.001189693226478994,69219.6171875,1.2299607992172241
184000.0,0.0,0.0,-4200131.5,8.289259910583496,199.18841552734375,-0.0008571767248213291,69236.8828125,1.22965407371521
184100.0,0.0,0.0,-4200130.5,8.233696937561035,197.6754913330078,-0.0013562620151787996,69252.890625,1.2293697595596313
184200.0,0.0,0.0,-4200134.0,8.130311965942383,201.35897827148438,0.00040090130642056465,69267.3515625,1.229113221168518
184300.0,0.0,0.0,-4200136.0,9.832140922546387,203.4407501220703,4.240148700773716e-05,69280.40625,1.228881597518921
184400.0,0.0,0.0,-4200132.0,7.070501804351807,199.1378936767578,0.00031610915903002024,69291.6171875,1.2286826372146606
184500.0,0.0,0.0,-4200135.0,8.03132152557373,202.79736328125,-0.00015405332669615746,69302.6796875,1.2284866571426392
184600.0,0.0,0.0,-4200133.5,7.038949012756348,201.6339569091797,0.0004464151570573449,69312.703125,1.228308916091919
184700.0,0.0,0.0,-4200136.0,7.175005912780762,204.25088500976562,4.43911412730813e-05,69322.0546875,1.2281432151794434
184800.0,0.0,0.0,-4200132.5,7.725062847137451,200.19671630859375,-0.0008553666993975639,69329.46875,1.2280118465423584
184900.0,0.0,0.0,-4200130.5,6.891316890716553,197.85791015625,-0.0003689532168209553,69333.6484375,1.2279378175735474
185000.0,0.0,0.0,-4200133.5,6.883619785308838,201.3370819091797,2.8813141398131847e-05,69334.9921875,1.2279140949249268
185100.0,0.0,0.0,-4200136.5,9.167346954345703,202.7764129638672,0.0014374024467542768,69334.21875,1.2279276847839355
185200.0,0.0,0.0,-4200136.5,8.199332237243652,201.4545135498047,-2.9865303076803684e-05,69332.515625,1.227957844734192
185300.0,0.0,0.0,-4200137.5,6.801597595214844,202.7559356689453,-0.0008544957963749766,69327.234375,1.2280514240264893
185400.0,0.0,0.0,-4200137.5,7.460198402404785,201.48719787597656,-0.0012610404519364238,69318.625,1.2282038927078247
185500.0,0.0,0.0,-4200133.5,7.285295486450195,196.88172912597656,0.0001928289420902729,69307.65625,1.228398323059082
185600.0,0.0,0.0,-4200141.0,7.44482421875,204.98939514160156,0.001033959211781621,69295.4140625,1.228615403175354
185700.0,0.0,0.0,-4200130.5,7.720233917236328,196.56785583496094,0.0009828878100961447,69281.2578125,1.2288663387298584
185800.0,0.0,0.0,-4200134.0,7.073369979858398,202.60971069335938,-0.0007878923788666725,69265.03125,1.229154348373413
185900.0,0.0,0.0,-4200127.0,8.056183815002441,199.28811645507812,-0.0014649302465841174,69246.1015625,1.2294903993606567
186000.0,0.0,0.0,-4200130.5,7.55967903137207,204.31517028808594,-0.0003655670443549752,69225.3125,1.2298595905303955
186100.0,0.0,0.0,-4200133.0,7.669500350952148,205.76565551757812,-0.00035893695894628763,69203.5859375,1.230245590209961
186200.0,0.0,0.0,-4200130.5,8.352561950683594,201.4772186279297,0.0003861688310280442,69180.609375,1.230654239654541
186300.0,0.0,0.0,-4200132.5,7.675586700439453,203.5303955078125,0.0006918142316862941,69157.0703125,1.2310731410980225
186400.0,0.0,0.0,-4200130.0,8.325718879699707,199.938232421875,0.0010204561986029148,69133.3515625,1.2314954996109009
186500.0,0.0,0.0,-4200135.5,7.106543064117432,204.3289794921875,-0.0014897675719112158,69110.0703125,1.231910228729248
186600.0,0.0,0.0,-4200134.5,8.720376014709473,201.02430725097656,-0.0011001997627317905,69086.59375,1.23232901096344
186700.0,0.0,0.0,-4200132.5,8.470475196838379,199.45388793945312,-0.00045060610864311457,69062.4921875,1.2327589988708496
186800.0,0.0,0.0,-4200134.5,8.348672866821289,201.05125427246094,0.0013410492101684213,69037.8203125,1.2331995964050293
186900.0,0.0,0.0,-4200135.0,10.292363166809082,200.7986297607422,0.0016216224757954478,69014.5859375,1.2336148023605347
187000.0,0.0,0.0,-4200135.0,6.612029075622559,200.0517120361328,-0.0005900164833292365,68992.9140625,1.2340022325515747
187100.0,0.0,0.0,-4200134.5,7.822246074676514,199.8114776611328,-0.001274202368222177,68971.515625,1.2343850135803223
187200.0,0.0,0.0,-4200132.0,9.630450248718262,196.65956115722656,-0.0009626763639971614,68950.25,1.2347657680511475
187300.0,0.0,0.0,-4200133.0,7.868341445922852,198.0723876953125,0.0022316875401884317,68930.28125,1.2351233959197998
187400.0,0.0,0.0,-4200134.5,8.665670394897461,198.90098571777344,0.000945581472478807,68913.7421875,1.2354199886322021
187500.0,0.0,0.0,-4200137.5,8.151909828186035,202.9122772216797,0.00046798482071608305,68899.9140625,1.2356679439544678
187600.0,0.0,0.0,-4200133.0,8.63528823852539,199.81761169433594,-0.0010049765696749091,68889.6484375,1.2358520030975342
187700.0,0.0,0.0,-4200133.0,8.405488014221191,198.55841064453125,-0.0009334653150290251,68881.25,1.236002802848816
187800.0,0.0,0.0,-4200132.5,9.833646774291992,197.93777465820312,0.0014461262617260218,68875.2734375,1.236109972000122
187900.0,0.0,0.0,-4200135.5,6.713589191436768,201.80186462402344,0.0007570341695100069,68873.5078125,1.236141562461853
188000.0,0.0,0.0,-4200138.5,7.580819129943848,203.30404663085938,9.992974810302258e-06,68876.5234375,1.2360875606536865
188100.0,0.0,0.0,-4200131.5,8.469538688659668,194.6683807373047,-0.0008844408439472318,68882.3828125,1.2359824180603027
188200.0,0.0,0.0,-4200136.0,7.7725019454956055,197.97061157226562,0.00029469700530171394,68890.3828125,1.2358388900756836
188300.0,0.0,0.0,-4200135.5,6.940978050231934,197.9713897705078,0.0010025568772107363,68901.53125,1.2356388568878174
188400.0,0.0,0.0,-4200136.0,8.647212982177734,199.86680603027344,0.0012282533571124077,68916.859375,1.2353639602661133
188500.0,0.0,0.0,-4200129.5,8.344242095947266,197.06332397460938,-0.00047695497050881386,68935.609375,1.2350280284881592
188600.0,0.0,0.0,-4200132.5,7.37949275970459,203.14566040039062,-0.0013552873861044645,68956.203125,1.234659194946289
188700.0,0.0,0.0,-4200126.5,8.502128601074219,198.35472106933594,0.0006634979508817196,68978.09375,1.2342674732208252
188800.0,0.0,0.0,-4200129.5,7.941581726074219,201.56924438476562,0.00023966096341609955,69002.7265625,1.233826756477356
188900.0,0.0,0.0,-4200131.5,8.106353759765625,199.775390625,0.0011868097353726625,69029.0078125,1.2333570718765259
189000.0,0.0,0.0,-4200130.0,7.391298770904541,195.1693878173828,-0.0009362455457448959,69056.171875,1.2328718900680542
189100.0,0.0,0.0,-4200132.0,7.1396870613098145,198.85064697265625,-0.00027171731926500797,69082.453125,1.2324028015136719
189200.0,0.0,0.0,-4200131.0,6.8142194747924805,198.03395080566406,0.00029552436899393797,69108.78125,1.2319334745407104
189300.0,0.0,0.0,-4200133.0,7.892593860626221,200.1363983154297,0.00016464968211948872,69135.4296875,1.2314584255218506
189400.0,0.0,0.0,-4200132.5,7.91056489944458,200.42770385742188,-0.0006063918117433786,69161.0625,1.2310019731521606
189500.0,0.0,0.0,-4200132.0,10.752739906311035,197.96646118164062,-0.0007582103135064244,69184.71875,1.2305810451507568
189600.0,0.0,0.0,-4200132.0,8.390837669372559,198.69729614257812,0.0004933695308864117,69205.6328125,1.230209231376648
189700.0,0.0,0.0,-4200131.0,8.158605575561523,196.91091918945312,-0.0002924605505540967,69225.640625,1.2298537492752075
189800.0,0.0,0.0,-4200132.5,8.957867622375488,198.1886444091797,0.00039062369614839554,69244.25,1.2295231819152832
189900.0,0.0,0.0,-4200135.5,7.944451808929443,202.92620849609375,-0.0006252818275243044,69260.34375,1.2292375564575195
190000.0,0.0,0.0,-4200134.0,7.75604248046875,202.9358673095703,3.420165739953518e-06,69272.78125,1.229016661643982
190100.0,0.0,0.0,-4200135.0,7.839807033538818,201.44131469726562,-0.0005271570989862084,69282.109375,1.2288511991500854
190200.0,0.0,0.0,-4200133.0,7.636615753173828,199.11996459960938,0.00044173060450702906,69289.5625,1.2287192344665527
190300.0,0.0,0.0,-4200131.5,7.929473400115967,196.5413360595703,-0.0010746375191956758,69295.3046875,1.2286173105239868
190400.0,0.0,0.0,-4200134.5,8.781055450439453,201.18026733398438,-0.0003142374334856868,69298.046875,1.22856867313385
190500.0,0.0,0.0,-4200132.5,7.575010299682617,199.6192169189453,-0.0002527182223275304,69297.6328125,1.2285759449005127
190600.0,0.0,0.0,-4200134.0,9.088364601135254,202.38340759277344,0.0004893379518762231,69293.8515625,1.2286431789398193
190700.0,0.0,0.0,-4200133.5,7.22825813293457,202.2984619140625,0.0014311057748273015,69287.5078125,1.2287555932998657
190800.0,0.0,0.0,-4200135.5,8.06596565246582,203.97933959960938,-0.0009125894866883755,69279.984375,1.2288891077041626
190900.0,0.0,0.0,-4200131.5,7.419815540313721,198.49734497070312,-0.00113538873847574,69269.46875,1.22907555103302
191000.0,0.0,0.0,-4200137.5,8.525321960449219,203.6530303955078,-0.00021427427418529987,69255.2578125,1.22932767868042
191100.0,0.0,0.0,-4200137.0,9.60279655456543,202.59133911132812,0.0009751108009368181,69238.5078125,1.2296252250671387
191200.0,0.0,0.0,-4200134.5,8.619393348693848,199.51795959472656,0.0005926719168201089,69220.375,1.2299472093582153
191300.0,0.0,0.0,-4200134.0,8.350526809692383,199.85728454589844,-0.0008238469017669559,69201.5,1.2302827835083008
191400.0,0.0,0.0,-4200133.5,7.6440935134887695,201.98936462402344,-0.00030892924405634403,69180.3203125,1.2306594848632812
191500.0,0.0,0.0,-4200132.5,7.441135406494141,202.71435546875,-0.0005579510470852256,69158.390625,1.2310495376586914
191600.0,0.0,0.0,-4200130.5,7.949139595031738,201.75885009765625,0.0006006015464663506,69135.1484375,1.2314634323120117
191700.0,0.0,0.0,-4200130.5,9.365195274353027,198.94383239746094,-0.000403387239202857,69113.578125,1.2318477630615234
191800.0,0.0,0.0,-4200131.5,8.423762321472168,199.4692840576172,0.00026754115242511034,69091.734375,1.2322372198104858
191900.0,0.0,0.0,-4200132.5,8.251043319702148,198.80209350585938,0.0010582106187939644,69069.1171875,1.2326407432556152
192000.0,0.0,0.0,-4200135.0,7.589027404785156,201.24986267089844,0.0012614063452929258,69046.703125,1.2330408096313477
192100.0,0.0,0.0,-4200133.0,8.17898178100586,198.70909118652344,-2.3189466446638107e-05,69027.3359375,1.2333868741989136
192200.0,0.0,0.0,-4200133.5,7.367410182952881,199.2792510986328,-0.0018325289711356163,69010.5703125,1.2336864471435547
192300.0,0.0,0.0,-4200132.0,8.276053428649902,199.52357482910156,-0.0003599926130846143,68995.1953125,1.2339614629745483
192400.0,0.0,0.0,-4200131.5,9.198780059814453,200.20388793945312,0.00022222241386771202,68981.9765625,1.234197974205017
192500.0,0.0,0.0,-4200130.5,9.22570514678955,199.2707977294922,0.002144202822819352,68972.1484375,1.234373688697815
192600.0,0.0,0.0,-4200130.5,7.656393051147461,199.213134765625,-7.396179717034101e-05,68967.6328125,1.23445463180542
192700.0,0.0,0.0,-4200134.0,8.225465774536133,201.53842163085938,-0.0007119367364794016,68966.65625,1.2344720363616943
192800.0,0.0,0.0,-4200133.5,8.116366386413574,199.60850524902344,-0.000590556301176548,68967.3984375,1.2344586849212646
192900.0,0.0,0.0,-4200134.0,7.590402603149414,198.70436096191406,0.0008714167634025216,68970.328125,1.2344062328338623
193000.0,0.0,0.0,-4200134.0,8.917584419250488,199.6833038330078,0.0016502849757671356,68976.7421875,1.2342915534973145
193100.0,0.0,0.0,-4200133.5,9.005167961120605,199.1451416015625,-0.0002503062132745981,68987.6796875,1.2340959310531616
193200.0,0.0,0.0,-4200136.0,7.416911602020264,203.13392639160156,-0.0009360222611576319,69000.3984375,1.2338684797286987
193300.0,0.0,0.0,-4200134.5,6.975857257843018,202.02557373046875,-0.0018694965401664376,69013.90625,1.2336269617080688
193400.0,0.0,0.0,-4200133.0,7.990616798400879,199.1038818359375,0.0013514473102986813,69029.0546875,1.2333561182022095
193500.0,0.0,0.0,-4200132.5,8.924915313720703,197.2824249267578,0.0010082866065204144,69047.890625,1.2330197095870972
193600.0,0.0,0.0,-4200132.0,8.056201934814453,196.06533813476562,0.001609157770872116,69067.578125,1.232668161392212
193700.0,0.0,0.0,-4200131.0,7.242579460144043,194.56002807617188,-0.000893712043762207,69088.59375,1.2322933673858643
193800.0,0.0,0.0,-4200135.5,7.733781337738037,198.16839599609375,-0.001358714303933084,69109.3984375,1.2319223880767822
193900.0,0.0,0.0,-4200131.0,7.086453437805176,197.1941680908203,-0.00010263454169034958,69129.6640625,1.2315611839294434
194000.0,0.0,0.0,-4200132.5,7.30941104888916,202.28036499023438,0.00029607454780489206,69149.21875,1.2312129735946655
194100.0,0.0,0.0,-4200131.0,7.884134292602539,203.1658172607422,0.0009050644002854824,69168.0234375,1.2308781147003174
194200.0,0.0,0.0,-4200128.0,7.267688274383545,202.65896606445312,2.4102511815726757e-05,69185.875,1.2305606603622437
194300.0,0.0,0.0,-4200128.0,7.864216327667236,201.3817138671875,0.0006567629752680659,69202.3515625,1.2302675247192383
194400.0,0.0,0.0,-4200131.0,7.3086042404174805,203.23936462402344,-0.0010526898549869657,69217.4296875,1.2299995422363281
194500.0,0.0,0.0,-4200129.0,6.975193023681641,199.0194549560547,-0.000676563591696322,69231.3828125,1.2297515869140625
194600.0,0.0,0.0,-4200131.5,8.467971801757812,202.4854278564453,3.114924766123295e-06,69241.671875,1.2295689582824707
194700.0,0.0,0.0,-4200131.5,8.307896614074707,201.26136779785156,0.0004916590405628085,69249.359375,1.229432463645935
194800.0,0.0,0.0,-4200131.0,9.318571090698242,200.40957641601562,0.00010079739149659872,69254.4765625,1.2293416261672974
194900.0,0.0,0.0,-4200131.5,7.866979598999023,200.18173217773438,-0.0006315655773505569,69256.65625,1.229303002357483
195000.0,0.0,0.0,-4200135.5,18.645051956176758,205.07421875,0.0008328624535351992,69255.53125,1.2293227910995483
195100.0,0.0,0.0,-4200133.5,7.06565523147583,200.52020263671875,0.00018320907838642597,69250.9140625,1.2294049263000488
195200.0,0.0,0.0,-4200138.5,7.870448589324951,205.00631713867188,-0.0005510307382792234,69242.703125,1.2295507192611694
195300.0,0.0,0.0,-4200134.5,6.784799575805664,200.2207794189453,-0.0017744816141203046,69231.4765625,1.2297499179840088
195400.0,0.0,0.0,-4200139.0,13.936681747436523,204.67970275878906,-3.0041439458727837e-05,69216.015625,1.2300246953964233
195500.0,0.0,0.0,-4200132.5,8.878911972045898,198.52586364746094,0.0010045641101896763,69197.6875,1.2303506135940552
195600.0,0.0,0.0,-4200138.5,7.111329555511475,204.34420776367188,0.0003887179773300886,69176.890625,1.2307202816009521
195700.0,0.0,0.0,-4200130.0,12.473706245422363,195.74273681640625,-0.0009426219621673226,69153.453125,1.2311375141143799
195800.0,0.0,0.0,-4200130.5,7.780589580535889,200.2364044189453,-0.0006429502973333001,69129.1796875,1.2315698862075806
195900.0,0.0,0.0,-4200130.0,8.105439186096191,201.20449829101562,-0.0003771415213122964,69103.8671875,1.2320208549499512
196000.0,0.0,0.0,-4200132.0,8.80305290222168,205.82395935058594,0.0013505762908607721,69077.6484375,1.2324886322021484
196100.0,0.0,0.0,-4200126.0,8.887682914733887,198.3583221435547,0.0007954133907333016,69051.71875,1.2329514026641846
196200.0,0.0,0.0,-4200132.0,10.142865180969238,202.22193908691406,8.24343878775835e-05,69025.90625,1.233412504196167
196300.0,0.0,0.0,-4200131.0,9.006144523620605,198.99212646484375,-2.3346859961748123e-05,69000.5078125,1.2338664531707764
196400.0,0.0,0.0,-4200129.5,7.179126739501953,196.20108032226562,-0.0005529016489163041,68975.0859375,1.2343212366104126
196500.0,0.0,0.0,-4200132.0,8.443766593933105,198.6944580078125,-0.0010245844023302197,68950.6640625,1.2347583770751953
196600.0,0.0,0.0,-4200134.5,7.18430233001709,200.3440399169922,0.00014789553824812174,68927.6171875,1.2351711988449097
196700.0,0.0,0.0,-4200132.0,9.195915222167969,197.62782287597656,0.0009641838842071593,68906.46875,1.2355502843856812
196800.0,0.0,0.0,-4200134.5,7.787228584289551,202.2683868408203,0.001042380928993225,68887.6171875,1.2358883619308472
196900.0,0.0,0.0,-4200137.5,6.977621555328369,204.18768310546875,-0.00025932269636541605,68871.3984375,1.2361794710159302
197000.0,0.0,0.0,-4200134.5,8.323798179626465,199.14527893066406,-0.0008153769886121154,68857.375,1.2364312410354614
197100.0,0.0,0.0,-4200134.5,7.487817287445068,199.81602478027344,0.0005907223094254732,68845.8828125,1.2366375923156738
197200.0,0.0,0.0,-4200132.0,7.526776313781738,194.76866149902344,-2.2839638404548168e-05,68838.328125,1.2367732524871826
197300.0,0.0,0.0,-4200133.0,8.759200096130371,196.98757934570312,0.0013930142158642411,68833.6796875,1.2368568181991577
197400.0,0.0,0.0,-4200132.5,7.201660633087158,197.9675750732422,-0.0003853956004604697,68832.921875,1.2368704080581665
197500.0,0.0,0.0,-4200135.0,7.605175495147705,201.7393798828125,9.266729466617107e-05,68834.203125,1.2368474006652832
197600.0,0.0,0.0,-4200133.0,7.128486633300781,200.51278686523438,-0.001435220125131309,68838.7734375,1.2367653846740723
197700.0,0.0,0.0,-4200135.5,6.723917484283447,204.65353393554688,3.224692773073912e-05,68845.2421875,1.2366490364074707
197800.0,0.0,0.0,-4200134.5,8.054364204406738,203.09878540039062,0.0003607629332691431,68854.53125,1.2364822626113892
197900.0,0.0,0.0,-4200131.0,9.272098541259766,198.2775421142578,0.0001960813533514738,68866.6484375,1.236264705657959
198000.0,0.0,0.0,-4200132.0,8.019733428955078,199.13206481933594,0.0007728157797828317,68880.71875,1.23601233959198
198100.0,0.0,0.0,-4200131.5,8.525146484375,199.80560302734375,-0.000710698077455163,68897.5546875,1.2357102632522583
198200.0,0.0,0.0,-4200134.5,8.326794624328613,200.26611328125,0.0009208366391249001,68917.6796875,1.235349416732788
198300.0,0.0,0.0,-4200135.0,7.321835994720459,196.58316040039062,-0.0014235705602914095,68941.1484375,1.234928846359253
198400.0,0.0,0.0,-4200134.0,7.6209001541137695,194.9383087158203,0.0004783179610967636,68965.25,1.2344971895217896
198500.0,0.0,0.0,-4200137.0,9.070686340332031,199.3192901611328,-0.0004905803361907601,68990.859375,1.234039068222046
198600.0,0.0,0.0,-4200133.5,7.815069198608398,197.44578552246094,0.0009185720700770617,69016.3125,1.233583927154541
198700.0,0.0,0.0,-4200134.0,7.5699238777160645,200.42591857910156,0.0009312718757428229,69043.3671875,1.233100414276123
198800.0,0.0,0.0,-4200131.5,9.002288818359375,199.5575714111328,-0.0014332374557852745,69071.5234375,1.2325979471206665
198900.0,0.0,0.0,-4200131.5,7.205636978149414,202.076171875,0.0006921867607161403,69098.6171875,1.232114553451538
199000.0,0.0,0.0,-4200133.5,7.254390716552734,203.78543090820312,-0.0012768538435921073,69125.453125,1.23163640499115
199100.0,0.0,0.0,-4200133.5,9.820408821105957,205.15249633789062,0.0012507808860391378,69151.109375,1.2311793565750122
199200.0,0.0,0.0,-4200132.5,8.623250007629395,202.48992919921875,-0.0010236192028969526,69177.1640625,1.2307156324386597
199300.0,0.0,0.0,-4200131.0,7.664698600769043,199.25856018066406,0.0009731468744575977,69200.734375,1.2302963733673096
199400.0,0.0,0.0,-4200134.0,8.612921714782715,201.22079467773438,-0.00019757170230150223,69221.9765625,1.2299187183380127
199500.0,0.0,0.0,-4200132.5,7.530554294586182,198.83526611328125,-0.00022240541875362396,69241.171875,1.2295780181884766
199600.0,0.0,0.0,-4200131.5,7.517027854919434,199.63841247558594,-0.00048598810099065304,69259.1171875,1.2292591333389282
199700.0,0.0,0.0,-4200132.5,8.378661155700684,200.50933837890625,-0.0015539458254352212,69274.5625,1.2289851903915405
199800.0,0.0,0.0,-4200132.5,7.806151866912842,199.31060791015625,0.001524150837212801,69286.0,1.228782296180725
199900.0,0.0,0.0,-4200131.0,6.849358081817627,196.41708374023438,-0.0003810047637671232,69295.078125,1.2286213636398315
