step,graph_idx,status,energy,fmax,temperature,pressure_eV_A3,volume_A3,density_g_cm3
0.0,0.0,0.0,-4200124.0,4.3290276527404785,199.14071655273438,-0.0005338294431567192,72741.2421875,1.170414686203003
100.0,0.0,0.0,-4200124.5,4.2979302406311035,200.39845275878906,0.00022949848789721727,72736.6640625,1.1704882383346558
200.0,0.0,0.0,-4200125.0,4.448390960693359,200.4012451171875,-0.00046995317097753286,72730.0234375,1.1705951690673828
300.0,0.0,0.0,-4200124.5,4.82332706451416,200.27346801757812,4.826404619961977e-05,72723.4453125,1.170701026916504
400.0,0.0,0.0,-4200122.5,4.678930759429932,199.42083740234375,0.0008322351495735347,72717.46875,1.1707971096038818
500.0,0.0,0.0,-4200121.0,4.552577018737793,200.26661682128906,-0.00023331120610237122,72712.6328125,1.170875072479248
600.0,0.0,0.0,-4200119.0,4.467170238494873,199.95704650878906,0.0007153963670134544,72707.8203125,1.170952558517456
700.0,0.0,0.0,-4200119.0,4.32127046585083,201.37417602539062,-0.0007098056375980377,72705.703125,1.1709866523742676
800.0,0.0,0.0,-4200123.0,4.546228408813477,205.45664978027344,-0.00021946930792182684,72701.0703125,1.1710612773895264
900.0,0.0,0.0,-4200121.0,4.0783514976501465,202.07223510742188,-0.00034707190934568644,72693.90625,1.1711769104003906
1000.0,0.0,0.0,-4200125.0,4.527557849884033,204.61082458496094,-0.0003004071768373251,72685.96875,1.1713045835494995
1100.0,0.0,0.0,-4200121.5,4.523715972900391,200.51829528808594,0.001249474473297596,72676.1953125,1.171462059020996
1200.0,0.0,0.0,-4200122.0,4.504417419433594,200.3052215576172,-0.00010020018089562654,72665.6875,1.1716315746307373
1300.0,0.0,0.0,-4200121.5,4.713558673858643,199.10513305664062,0.00014192855451256037,72654.15625,1.1718175411224365
1400.0,0.0,0.0,-4200121.0,4.510913372039795,198.66827392578125,-0.0006630136631429195,72643.609375,1.1719876527786255
1500.0,0.0,0.0,-4200123.0,4.0944366455078125,200.10545349121094,0.00020304089412093163,72633.1328125,1.172156572341919
1600.0,0.0,0.0,-4200121.5,4.775647163391113,197.8737335205078,0.0002743456279858947,72623.6484375,1.1723096370697021
1700.0,0.0,0.0,-4200121.5,4.977775573730469,198.0534210205078,-4.64532058686018e-05,72614.140625,1.172463297843933
1800.0,0.0,0.0,-4200123.0,4.3584980964660645,198.35169982910156,0.000149883097037673,72602.8046875,1.1726462841033936
1900.0,0.0,0.0,-4200123.5,5.142276763916016,197.27857971191406,-0.0004334694240242243,72592.3515625,1.172815203666687
2000.0,0.0,0.0,-4200128.0,4.065630912780762,200.508544921875,-7.688556797802448e-05,72580.59375,1.1730051040649414
2100.0,0.0,0.0,-4200125.5,5.580114364624023,198.42811584472656,0.0003306326689198613,72566.53125,1.1732324361801147
2200.0,0.0,0.0,-4200123.5,6.027447700500488,195.37234497070312,0.0006629466079175472,72550.9453125,1.1734845638275146
2300.0,0.0,0.0,-4200126.5,5.2773542404174805,198.7050323486328,0.00014116044621914625,72535.3125,1.1737374067306519
2400.0,0.0,0.0,-4200121.5,4.717634201049805,196.43045043945312,-0.0010661460692062974,72521.2109375,1.173965573310852
2500.0,0.0,0.0,-4200124.5,5.013326644897461,202.84840393066406,-0.0005673312116414309,72506.984375,1.1741958856582642
2600.0,0.0,0.0,-4200123.5,4.697824954986572,203.07452392578125,-0.00031948473770171404,72491.6796875,1.1744438409805298
2700.0,0.0,0.0,-4200122.5,5.264218330383301,201.7664337158203,0.0011112997308373451,72475.0703125,1.174713134765625
2800.0,0.0,0.0,-4200124.0,4.508352756500244,202.86497497558594,0.0002903591375797987,72460.421875,1.1749504804611206
2900.0,0.0,0.0,-4200124.0,4.893885612487793,201.94451904296875,-0.0002529686316847801,72447.0,1.1751681566238403
3000.0,0.0,0.0,-4200123.5,4.87376070022583,200.28578186035156,-0.0008440465899184346,72433.671875,1.1753844022750854
3100.0,0.0,0.0,-4200124.5,4.650157451629639,200.07244873046875,-0.0002524048322811723,72419.765625,1.175610065460205
3200.0,0.0,0.0,-4200123.0,5.166634559631348,198.75119018554688,0.0014233565889298916,72405.3125,1.1758447885513306
3300.0,0.0,0.0,-4200125.0,4.442510604858398,200.66456604003906,0.00017839367501437664,72390.2734375,1.1760890483856201
3400.0,0.0,0.0,-4200124.5,5.334591865539551,199.9232940673828,-0.0005355664761736989,72374.484375,1.1763455867767334
3500.0,0.0,0.0,-4200122.0,5.698801517486572,199.31834411621094,-0.0011656475253403187,72358.6015625,1.1766037940979004
3600.0,0.0,0.0,-4200122.0,5.185873031616211,200.144775390625,0.00047812622506171465,72343.046875,1.1768567562103271
3700.0,0.0,0.0,-4200124.5,5.245736122131348,204.07376098632812,0.00042350380681455135,72328.875,1.177087426185608
3800.0,0.0,0.0,-4200122.5,6.075928688049316,200.79385375976562,0.00011480622924864292,72314.9296875,1.1773145198822021
3900.0,0.0,0.0,-4200122.0,4.723426818847656,198.60372924804688,-0.0004086614353582263,72302.2265625,1.1775212287902832
4000.0,0.0,0.0,-4200124.5,5.316887855529785,199.47064208984375,-0.00046215986367315054,72290.2265625,1.177716851234436
4100.0,0.0,0.0,-4200124.5,4.694223880767822,199.3159942626953,0.000307452748529613,72278.015625,1.1779156923294067
4200.0,0.0,0.0,-4200123.0,5.550998210906982,198.9529571533203,-0.00016375991981476545,72264.703125,1.1781326532363892
4300.0,0.0,0.0,-4200123.0,5.715505123138428,199.1555633544922,-0.00011845235712826252,72252.0390625,1.1783391237258911
4400.0,0.0,0.0,-4200123.5,5.91572380065918,200.6647491455078,0.0001454364974051714,72240.4296875,1.1785285472869873
4500.0,0.0,0.0,-4200122.0,5.794002056121826,198.71170043945312,0.00028192007448524237,72228.6328125,1.1787210702896118
4600.0,0.0,0.0,-4200123.5,6.746215343475342,201.7897491455078,0.00017538666725158691,72216.4921875,1.1789190769195557
4700.0,0.0,0.0,-4200124.5,5.581665515899658,200.83763122558594,-4.861759953200817e-05,72204.859375,1.1791090965270996
4800.0,0.0,0.0,-4200125.0,4.6913275718688965,198.90029907226562,-0.0011340935016050935,72192.8515625,1.1793053150177002
4900.0,0.0,0.0,-4200125.0,5.547990322113037,198.25965881347656,-0.000610003131441772,72179.6796875,1.1795203685760498
5000.0,0.0,0.0,-4200125.5,5.7193989753723145,198.2266082763672,-0.00031532777938991785,72164.6953125,1.179765224456787
5100.0,0.0,0.0,-4200124.0,5.100247383117676,197.16339111328125,0.0013329153880476952,72148.546875,1.1800293922424316
5200.0,0.0,0.0,-4200126.0,5.325582027435303,201.20989990234375,0.00037569564301520586,72132.1484375,1.1802978515625
5300.0,0.0,0.0,-4200123.5,5.022058010101318,199.1524658203125,-0.0006606365786865354,72114.6640625,1.1805838346481323
5400.0,0.0,0.0,-4200123.0,5.365983963012695,200.17999267578125,-0.0012805226724594831,72097.5625,1.180863857269287
5500.0,0.0,0.0,-4200124.0,5.3341450691223145,200.68536376953125,-0.0008331008721143007,72080.8125,1.181138277053833
5600.0,0.0,0.0,-4200126.0,5.637121200561523,202.63612365722656,0.0010278936242684722,72065.53125,1.1813887357711792
5700.0,0.0,0.0,-4200123.5,5.984560489654541,199.1710205078125,0.0004443927900865674,72052.109375,1.18160879611969
5800.0,0.0,0.0,-4200124.5,5.26472806930542,201.0592498779297,0.001301319687627256,72039.375,1.1818177700042725
5900.0,0.0,0.0,-4200123.5,7.076045513153076,198.28053283691406,-0.0006356370868161321,72030.0,1.1819714307785034
6000.0,0.0,0.0,-4200126.0,5.658028602600098,199.0592041015625,-0.0006582774221897125,72021.3515625,1.182113528251648
6100.0,0.0,0.0,-4200125.0,4.901730537414551,197.0417022705078,-0.00033396598882973194,72013.015625,1.1822502613067627
6200.0,0.0,0.0,-4200128.5,5.185830116271973,201.7018585205078,0.00026585510931909084,72006.2890625,1.1823606491088867
6300.0,0.0,0.0,-4200127.0,5.325735092163086,199.9168243408203,0.0014928943710401654,71999.328125,1.182474970817566
6400.0,0.0,0.0,-4200124.5,5.197142601013184,198.0979766845703,0.0003187480615451932,71993.578125,1.1825695037841797
6500.0,0.0,0.0,-4200126.0,5.114996910095215,202.44847106933594,0.00022606912534683943,71988.8203125,1.1826475858688354
6600.0,0.0,0.0,-4200120.0,6.806894302368164,200.74148559570312,-0.0016380288871005177,71986.1484375,1.1826914548873901
6700.0,0.0,0.0,-4200123.5,10.016265869140625,205.267822265625,-0.0006107783410698175,71984.453125,1.182719349861145
6800.0,0.0,0.0,-4200120.0,5.600474834442139,200.0871124267578,0.000981131219305098,71984.765625,1.1827142238616943
6900.0,0.0,0.0,-4200125.0,5.32355260848999,203.1586456298828,0.0011968237813562155,71986.421875,1.1826870441436768
7000.0,0.0,0.0,-4200126.0,5.420565605163574,202.37464904785156,0.0009168600663542747,71991.234375,1.1826080083847046
7100.0,0.0,0.0,-4200123.0,5.414243698120117,198.9366455078125,-0.0012854994274675846,71999.2109375,1.1824768781661987
7200.0,0.0,0.0,-4200124.5,5.436797618865967,201.96424865722656,-0.0014594736276194453,72008.3125,1.1823275089263916
7300.0,0.0,0.0,-4200125.5,6.973485946655273,201.9546356201172,-0.00022159586660563946,72018.2890625,1.1821637153625488
7400.0,0.0,0.0,-4200126.0,5.995285511016846,200.71029663085938,0.0009295546333305538,72028.8203125,1.1819908618927002
7500.0,0.0,0.0,-4200126.0,6.644276142120361,198.72035217285156,0.0016161875100806355,72038.375,1.181834101676941
7600.0,0.0,0.0,-4200125.5,6.788628578186035,198.09400939941406,-0.0005177316488698125,72046.7109375,1.1816973686218262
7700.0,0.0,0.0,-4200127.5,4.877418518066406,200.99005126953125,-0.0002689374377951026,72053.59375,1.1815844774246216
7800.0,0.0,0.0,-4200125.0,6.928955554962158,198.07774353027344,-0.0009703278774395585,72060.25,1.181475281715393
7900.0,0.0,0.0,-4200126.5,5.9450297355651855,199.90191650390625,-0.00019228726159781218,72066.0390625,1.1813805103302002
8000.0,0.0,0.0,-4200124.5,5.103489875793457,198.3693084716797,0.0009649478597566485,72070.46875,1.1813077926635742
8100.0,0.0,0.0,-4200125.0,4.886046409606934,199.9473419189453,0.0004111082525923848,72074.15625,1.1812474727630615
8200.0,0.0,0.0,-4200127.5,5.216310024261475,204.6298828125,0.0007800078019499779,72076.5625,1.1812078952789307
8300.0,0.0,0.0,-4200122.5,5.288368225097656,201.293701171875,-0.0012994584394618869,72078.4375,1.1811771392822266
8400.0,0.0,0.0,-4200124.0,4.325984477996826,203.3748779296875,-0.0009063386823982,72079.953125,1.18115234375
8500.0,0.0,0.0,-4200121.5,6.571050643920898,201.06118774414062,-0.0004252989310771227,72078.6875,1.1811730861663818
8600.0,0.0,0.0,-4200124.5,4.954709053039551,203.26528930664062,0.00114543829113245,72074.140625,1.181247591972351
8700.0,0.0,0.0,-4200126.0,5.287532806396484,202.62710571289062,0.0007682818686589599,72067.4921875,1.1813565492630005
8800.0,0.0,0.0,-4200126.5,7.6187896728515625,201.4536590576172,-0.0011119242990389466,72058.328125,1.181506872177124
8900.0,0.0,0.0,-4200125.5,5.312526702880859,199.7974090576172,-0.0010949327843263745,72046.34375,1.1817033290863037
9000.0,0.0,0.0,-4200125.5,6.103326797485352,199.0425567626953,-0.0005226311041042209,72030.8671875,1.1819572448730469
9100.0,0.0,0.0,-4200126.5,5.7221479415893555,199.93045043945312,0.001742371590808034,72013.9921875,1.1822341680526733
9200.0,0.0,0.0,-4200126.0,6.105798244476318,199.4229736328125,0.0004315439146012068,71997.7109375,1.1825015544891357
9300.0,0.0,0.0,-4200125.5,5.254100799560547,200.51222229003906,-0.0004882392240688205,71980.203125,1.1827892065048218
9400.0,0.0,0.0,-4200125.0,5.734566688537598,200.80422973632812,-0.0010599768720567226,71959.640625,1.1831271648406982
9500.0,0.0,0.0,-4200122.5,5.165863037109375,198.76499938964844,3.2188836485147476e-05,71934.90625,1.1835341453552246
9600.0,0.0,0.0,-4200127.0,5.692704200744629,203.72467041015625,8.092098869383335e-05,71908.8046875,1.1839635372161865
9700.0,0.0,0.0,-4200120.0,5.775262832641602,197.98318481445312,-2.252089325338602e-05,71882.4375,1.18439781665802
9800.0,0.0,0.0,-4200125.0,5.301074504852295,201.02114868164062,0.00013341265730559826,71853.6875,1.184871792793274
9900.0,0.0,0.0,-4200125.0,5.586647987365723,198.96841430664062,0.000518344808369875,71824.4453125,1.185354232788086
10000.0,0.0,0.0,-4200126.0,5.714424133300781,199.10565185546875,8.146627806127071e-05,71795.90625,1.1858254671096802
10100.0,0.0,0.0,-4200126.5,5.594197750091553,200.61207580566406,-0.0014903655974194407,71767.5,1.186294674873352
10200.0,0.0,0.0,-4200125.0,5.416737079620361,198.86715698242188,-0.0002238465240225196,71738.8984375,1.186767816543579
10300.0,0.0,0.0,-4200126.0,5.94098424911499,199.08441162109375,0.00012454495299607515,71710.8515625,1.1872318983078003
10400.0,0.0,0.0,-4200124.0,6.339029312133789,196.3902587890625,0.001567572238855064,71683.2734375,1.1876885890960693
10500.0,0.0,0.0,-4200127.5,5.183286190032959,201.13473510742188,-0.00010781234595924616,71658.6796875,1.188096284866333
10600.0,0.0,0.0,-4200126.5,7.387040138244629,198.3130340576172,-0.000668250722810626,71637.03125,1.1884552240371704
10700.0,0.0,0.0,-4200127.5,6.10747766494751,197.5342559814453,-0.0006776489317417145,71616.6875,1.1887928247451782
10800.0,0.0,0.0,-4200129.5,6.000443458557129,198.74795532226562,-0.0003254096955060959,71596.375,1.1891300678253174
10900.0,0.0,0.0,-4200127.5,5.812844753265381,196.70156860351562,0.0009211802971549332,71576.609375,1.1894584894180298
11000.0,0.0,0.0,-4200129.5,5.878144264221191,200.7579803466797,0.000396768213249743,71558.6640625,1.1897568702697754
11100.0,0.0,0.0,-4200125.0,5.917602062225342,199.44964599609375,0.00064247683621943,71542.2734375,1.1900293827056885
11200.0,0.0,0.0,-4200129.0,5.882228374481201,205.99830627441406,-0.000818586559034884,71527.03125,1.190282940864563
11300.0,0.0,0.0,-4200126.0,6.595381736755371,203.31173706054688,-5.735689774155617e-05,71511.1484375,1.1905473470687866
11400.0,0.0,0.0,-4200122.0,9.159794807434082,199.98239135742188,0.00012584950309246778,71496.9140625,1.1907843351364136
11500.0,0.0,0.0,-4200122.0,7.002140522003174,199.12818908691406,0.0004411145346239209,71485.9375,1.1909672021865845
11600.0,0.0,0.0,-4200126.5,5.730576992034912,201.59320068359375,0.00017892778851091862,71476.9921875,1.191116213798523
11700.0,0.0,0.0,-4200124.0,6.3341546058654785,197.3653564453125,0.00013402116019278765,71469.2109375,1.1912459135055542
11800.0,0.0,0.0,-4200129.5,6.299007892608643,202.22235107421875,-0.00019333383534103632,71463.2890625,1.1913447380065918
11900.0,0.0,0.0,-4200127.0,5.7446746826171875,199.46287536621094,-0.000654163071885705,71459.359375,1.1914103031158447
12000.0,0.0,0.0,-4200129.0,5.793553352355957,201.3484344482422,0.00011185277253389359,71456.515625,1.1914576292037964
12100.0,0.0,0.0,-4200127.5,5.900819301605225,200.0218963623047,0.0006995648145675659,71454.75,1.1914870738983154
12200.0,0.0,0.0,-4200128.5,5.855894565582275,202.7152099609375,0.0007629195461049676,71455.6171875,1.1914725303649902
12300.0,0.0,0.0,-4200127.5,6.747877597808838,203.56320190429688,0.00010655797086656094,71459.3046875,1.191411018371582
12400.0,0.0,0.0,-4200123.0,6.322582244873047,198.90664672851562,-0.0011891599278897047,71464.84375,1.1913187503814697
12500.0,0.0,0.0,-4200126.5,7.409811973571777,200.3916778564453,4.240672569721937e-05,71472.921875,1.1911840438842773
12600.0,0.0,0.0,-4200126.5,5.751565456390381,198.51551818847656,0.0009513297700323164,71484.046875,1.1909986734390259
12700.0,0.0,0.0,-4200129.5,7.053884506225586,201.53785705566406,0.0009883808670565486,71496.6328125,1.190788984298706
12800.0,0.0,0.0,-4200125.0,6.072284698486328,196.80908203125,-0.00013402232434600592,71509.7421875,1.1905707120895386
12900.0,0.0,0.0,-4200127.0,5.785388469696045,199.40330505371094,-0.0013731160433962941,71522.296875,1.190361738204956
13000.0,0.0,0.0,-4200128.5,5.0683465003967285,201.06320190429688,-6.855942774564028e-05,71533.578125,1.1901741027832031
13100.0,0.0,0.0,-4200126.0,7.231374263763428,199.63368225097656,0.0005154851824045181,71543.984375,1.1900008916854858
13200.0,0.0,0.0,-4200127.0,5.895612716674805,203.83843994140625,0.0015888843918219209,71555.4375,1.1898103952407837
13300.0,0.0,0.0,-4200122.0,6.000636577606201,201.2975616455078,-0.0004116216441616416,71569.234375,1.189581036567688
13400.0,0.0,0.0,-4200122.0,7.651192665100098,202.46961975097656,-0.00032616336829960346,71582.2265625,1.1893651485443115
13500.0,0.0,0.0,-4200124.0,7.253427028656006,203.2980499267578,-0.0013857729500159621,71593.734375,1.189173936843872
13600.0,0.0,0.0,-4200128.0,6.252521514892578,204.6187744140625,0.00030459254048764706,71602.2109375,1.1890331506729126
13700.0,0.0,0.0,-4200125.0,6.929964542388916,198.89349365234375,0.0006816636305302382,71609.390625,1.1889139413833618
13800.0,0.0,0.0,-4200127.5,5.347869396209717,201.93223571777344,-0.00013583304826170206,71616.4453125,1.188796877861023
13900.0,0.0,0.0,-4200127.5,7.4518632888793945,201.4423065185547,7.595040369778872e-05,71623.3984375,1.1886814832687378
14000.0,0.0,0.0,-4200126.0,6.766716957092285,198.94337463378906,-0.0013297853292897344,71628.46875,1.188597321510315
14100.0,0.0,0.0,-4200125.5,6.8621673583984375,197.28147888183594,0.0005745314992964268,71631.4375,1.1885480880737305
14200.0,0.0,0.0,-4200125.5,5.728464603424072,196.77053833007812,2.3279222659766674e-05,71635.0390625,1.1884883642196655
14300.0,0.0,0.0,-4200126.5,6.127259254455566,197.65225219726562,0.0006784762954339385,71638.0234375,1.1884387731552124
14400.0,0.0,0.0,-4200126.0,6.213390827178955,197.99679565429688,-9.966595098376274e-05,71639.8671875,1.1884082555770874
14500.0,0.0,0.0,-4200128.5,5.4821696281433105,201.49114990234375,-0.0005463308189064264,71640.7734375,1.188393235206604
14600.0,0.0,0.0,-4200126.0,6.2223734855651855,199.87405395507812,0.0004566783318296075,71640.625,1.188395619392395
14700.0,0.0,0.0,-4200128.5,6.753220558166504,203.55953979492188,-0.0006739267846569419,71640.421875,1.1883989572525024
14800.0,0.0,0.0,-4200125.0,7.235935688018799,200.6618194580078,6.223772652447224e-05,71637.4921875,1.1884475946426392
14900.0,0.0,0.0,-4200126.5,8.04444408416748,201.87826538085938,-0.0007123767863959074,71631.6328125,1.1885448694229126
15000.0,0.0,0.0,-4200124.5,6.890557765960693,199.65261840820312,0.0004989223089069128,71623.875,1.1886736154556274
15100.0,0.0,0.0,-4200124.5,5.8399739265441895,197.6075897216797,0.00022287131287157536,71615.4921875,1.1888127326965332
15200.0,0.0,0.0,-4200128.0,6.9249958992004395,199.6611328125,-0.0007970647420734167,71607.953125,1.1889379024505615
15300.0,0.0,0.0,-4200125.0,6.057199954986572,197.1398162841797,0.0007318128482438624,71599.203125,1.1890830993652344
15400.0,0.0,0.0,-4200131.0,5.46001672744751,203.0735321044922,-0.0001832190901041031,71590.125,1.1892338991165161
15500.0,0.0,0.0,-4200125.5,5.380672454833984,198.4975128173828,0.0004528788849711418,71580.1796875,1.1893991231918335
15600.0,0.0,0.0,-4200129.0,5.972973823547363,201.72207641601562,-0.0006941604660823941,71570.46875,1.1895606517791748
15700.0,0.0,0.0,-4200127.5,7.3119635581970215,200.7096405029297,-0.000854917336255312,71560.796875,1.1897213459014893
15800.0,0.0,0.0,-4200130.0,5.589317798614502,200.50885009765625,0.00024578231386840343,71549.015625,1.1899172067642212
15900.0,0.0,0.0,-4200129.0,6.064112663269043,198.74546813964844,7.701711729168892e-05,71538.203125,1.1900970935821533
16000.0,0.0,0.0,-4200129.0,6.691108703613281,197.98098754882812,0.0007038686890155077,71528.890625,1.1902520656585693
16100.0,0.0,0.0,-4200131.0,6.146634101867676,200.97096252441406,-0.0002583989407867193,71520.390625,1.1903934478759766
16200.0,0.0,0.0,-4200127.5,5.181600570678711,198.1855926513672,0.0001893284497782588,71510.515625,1.190557837486267
16300.0,0.0,0.0,-4200126.5,6.362132549285889,198.49913024902344,-0.000242103124037385,71500.671875,1.190721869468689
16400.0,0.0,0.0,-4200126.5,6.9417643547058105,200.7721710205078,-8.184218313544989e-05,71491.1875,1.1908797025680542
16500.0,0.0,0.0,-4200125.0,4.729119777679443,202.67721557617188,0.00036735658068209887,71483.1640625,1.1910134553909302
16600.0,0.0,0.0,-4200126.5,5.6404595375061035,205.10716247558594,-0.00010490755084902048,71476.6484375,1.191122055053711
16700.0,0.0,0.0,-4200125.0,5.396547794342041,202.4261932373047,5.803827662020922e-05,71471.4375,1.1912089586257935
16800.0,0.0,0.0,-4200127.5,6.076074123382568,202.40582275390625,-0.0007288572378456593,71467.09375,1.1912811994552612
16900.0,0.0,0.0,-4200129.5,6.557837009429932,203.6950225830078,0.00033924460876733065,71462.3046875,1.1913610696792603
17000.0,0.0,0.0,-4200125.0,6.381768226623535,199.83384704589844,3.8883998058736324e-05,71459.0078125,1.1914160251617432
17100.0,0.0,0.0,-4200127.0,6.3611578941345215,201.11495971679688,0.0003324750578030944,71456.6875,1.1914547681808472
17200.0,0.0,0.0,-4200124.5,6.211711883544922,197.22064208984375,-0.0005623225588351488,71455.234375,1.191478967666626
17300.0,0.0,0.0,-4200129.0,6.650371551513672,200.69325256347656,4.000077024102211e-05,71453.703125,1.1915045976638794
17400.0,0.0,0.0,-4200126.0,6.934058666229248,196.68386840820312,0.0003460382577031851,71451.515625,1.1915409564971924
17500.0,0.0,0.0,-4200130.0,5.370239734649658,200.4808349609375,0.0003413446247577667,71448.734375,1.191587209701538
17600.0,0.0,0.0,-4200127.5,6.4419026374816895,197.4777069091797,-9.251642040908337e-05,71444.46875,1.1916584968566895
17700.0,0.0,0.0,-4200127.5,5.429020881652832,198.04734802246094,-0.0013522821245715022,71438.4921875,1.191758155822754
17800.0,0.0,0.0,-4200128.5,5.828627109527588,199.42185974121094,-0.0002122317673638463,71430.609375,1.1918896436691284
17900.0,0.0,0.0,-4200125.5,5.691418647766113,197.2384796142578,4.770350642502308e-05,71420.5390625,1.1920576095581055
18000.0,0.0,0.0,-4200128.0,7.800682544708252,201.35752868652344,0.0012809187173843384,71410.1796875,1.1922307014465332
18100.0,0.0,0.0,-4200124.5,5.920928478240967,200.6526336669922,-0.0009746556170284748,71400.2734375,1.1923960447311401
18200.0,0.0,0.0,-4200125.0,6.841001987457275,202.38082885742188,-0.0009421393042430282,71390.3203125,1.1925623416900635
18300.0,0.0,0.0,-4200125.5,5.214963436126709,203.8112335205078,-0.00024300662335008383,71379.9765625,1.192735195159912
18400.0,0.0,0.0,-4200126.0,5.485250473022461,203.3184051513672,0.0012899506837129593,71369.5625,1.1929091215133667
18500.0,0.0,0.0,-4200128.0,6.9457292556762695,202.62925720214844,0.0014686693903058767,71360.3828125,1.193062663078308
18600.0,0.0,0.0,-4200125.0,5.1716437339782715,198.70970153808594,-0.001505493652075529,71353.0,1.1931860446929932
18700.0,0.0,0.0,-4200126.5,5.536893844604492,199.8619384765625,-0.0009004023158922791,71344.8984375,1.1933215856552124
18800.0,0.0,0.0,-4200125.5,6.73717737197876,200.3284454345703,-0.0011526111047714949,71337.1015625,1.193452000617981
18900.0,0.0,0.0,-4200130.5,6.574634075164795,204.3536834716797,0.0013163574039936066,71328.1484375,1.1936018466949463
19000.0,0.0,0.0,-4200128.5,9.108880043029785,201.9604949951172,0.000248683150857687,71319.0234375,1.1937545537948608
19100.0,0.0,0.0,-4200129.0,5.525129795074463,201.19496154785156,-8.312379941344261e-05,71309.5625,1.1939128637313843
19200.0,0.0,0.0,-4200126.5,7.438649654388428,199.61480712890625,0.00032273889519274235,71300.71875,1.194061040878296
19300.0,0.0,0.0,-4200126.5,5.634162425994873,198.69456481933594,-0.000372436479665339,71293.84375,1.194176197052002
19400.0,0.0,0.0,-4200130.0,6.183504104614258,201.61541748046875,0.0015092933317646384,71287.71875,1.1942787170410156
19500.0,0.0,0.0,-4200126.5,5.62729549407959,198.01864624023438,-0.0006219360511749983,71281.5078125,1.194382667541504
19600.0,0.0,0.0,-4200128.5,5.501590251922607,199.6797637939453,-0.001158125582151115,71274.5625,1.194499135017395
19700.0,0.0,0.0,-4200128.0,5.337433815002441,199.79888916015625,-0.00022741756401956081,71265.2109375,1.1946560144424438
19800.0,0.0,0.0,-4200127.0,9.603882789611816,201.47769165039062,0.00020760600455105305,71254.5390625,1.1948349475860596
19900.0,0.0,0.0,-4200127.5,7.463663578033447,201.37399291992188,0.0020326939411461353,71243.2265625,1.1950246095657349
20000.0,0.0,0.0,-4200128.0,6.267394065856934,199.3690643310547,-0.0012192229041829705,71232.3125,1.1952077150344849
20100.0,0.0,0.0,-4200129.0,5.845283508300781,198.88365173339844,0.0005276957526803017,71220.375,1.1954079866409302
20200.0,0.0,0.0,-4200126.0,6.7724809646606445,195.58346557617188,-0.0005374924512580037,71208.3046875,1.1956106424331665
20300.0,0.0,0.0,-4200130.5,6.637115001678467,199.6400604248047,0.0009993609273806214,71195.9921875,1.1958175897598267
20400.0,0.0,0.0,-4200129.5,6.442565441131592,200.53306579589844,-0.00033124617766588926,71186.2421875,1.1959812641143799
20500.0,0.0,0.0,-4200128.5,8.13744831085205,200.7508087158203,-0.0008931567426770926,71174.625,1.1961764097213745
20600.0,0.0,0.0,-4200128.0,5.8646087646484375,201.81927490234375,0.000495128333568573,71161.6171875,1.1963950395584106
20700.0,0.0,0.0,-4200124.0,6.503580570220947,199.57577514648438,-0.000612762407399714,71150.5390625,1.1965813636779785
20800.0,0.0,0.0,-4200125.0,7.537589073181152,202.53994750976562,0.0012249528663232923,71142.3515625,1.1967190504074097
20900.0,0.0,0.0,-4200126.5,7.81710958480835,206.18431091308594,-0.00037640356458723545,71137.078125,1.196807861328125
21000.0,0.0,0.0,-4200124.0,7.590627670288086,201.91078186035156,0.0005694158608093858,71132.9765625,1.1968767642974854
21100.0,0.0,0.0,-4200126.5,6.350813388824463,201.5623779296875,0.0003178766928613186,71130.6875,1.1969152688980103
21200.0,0.0,0.0,-4200126.5,6.693844795227051,202.49874877929688,-0.00010686402674764395,71130.3046875,1.1969218254089355
21300.0,0.0,0.0,-4200127.0,6.393355846405029,201.724365234375,5.814083851873875e-05,71132.921875,1.1968777179718018
21400.0,0.0,0.0,-4200128.0,5.935194492340088,201.54458618164062,-0.0009490606607869267,71136.5625,1.1968165636062622
21500.0,0.0,0.0,-4200129.0,7.044073581695557,201.13134765625,6.63090031594038e-05,71140.640625,1.1967477798461914
21600.0,0.0,0.0,-4200130.0,6.3352813720703125,201.5428466796875,0.00048393255565315485,71144.515625,1.1966826915740967
21700.0,0.0,0.0,-4200127.0,6.985438823699951,197.5898895263672,0.0012079229345545173,71147.390625,1.196634292602539
21800.0,0.0,0.0,-4200128.0,6.165368556976318,199.17575073242188,4.8038549721241e-05,71151.8515625,1.1965593099594116
21900.0,0.0,0.0,-4200126.5,6.139077663421631,197.80113220214844,-0.0014761191559955478,71157.65625,1.196461796760559
22000.0,0.0,0.0,-4200129.0,6.328813552856445,200.47154235839844,-0.0007831553230062127,71162.1015625,1.1963869333267212
22100.0,0.0,0.0,-4200127.0,6.225836753845215,198.56202697753906,-0.00027691072318702936,71166.5234375,1.196312665939331
22200.0,0.0,0.0,-4200128.0,7.017600059509277,198.07325744628906,0.0012457540724426508,71170.7265625,1.196241855621338
22300.0,0.0,0.0,-4200127.0,7.529051303863525,195.3497314453125,-0.00016478809993714094,71177.109375,1.1961346864700317
22400.0,0.0,0.0,-4200130.5,7.2229719161987305,198.62759399414062,-0.00011902058031409979,71182.6875,1.1960408687591553
22500.0,0.0,0.0,-4200130.0,7.3555707931518555,197.70164489746094,-0.000511985388584435,71186.578125,1.1959755420684814
22600.0,0.0,0.0,-4200131.5,6.476905822753906,200.52725219726562,0.0003349530743435025,71188.953125,1.195935606956482
22700.0,0.0,0.0,-4200130.0,6.996848106384277,201.33392333984375,0.000631054281257093,71191.40625,1.195894479751587
22800.0,0.0,0.0,-4200126.0,9.29945182800293,200.62673950195312,-0.00023491960018873215,71194.953125,1.195834994316101
22900.0,0.0,0.0,-4200127.5,6.732052803039551,204.40907287597656,-0.00034809624776244164,71198.921875,1.1957682371139526
23000.0,0.0,0.0,-4200126.5,7.614199161529541,202.56158447265625,0.00011168932542204857,71199.921875,1.195751428604126
23100.0,0.0,0.0,-4200126.0,6.480691909790039,200.63192749023438,0.0002589417854323983,71199.8671875,1.1957522630691528
23200.0,0.0,0.0,-4200124.5,7.306334972381592,197.17086791992188,-0.0004085547989234328,71198.5859375,1.195773959159851
23300.0,0.0,0.0,-4200126.5,7.760429859161377,198.41268920898438,-0.0005916031077504158,71195.984375,1.1958175897598267
23400.0,0.0,0.0,-4200129.5,5.8763227462768555,201.0691680908203,0.00013129529543220997,71193.4296875,1.195860505104065
23500.0,0.0,0.0,-4200127.0,6.314144611358643,198.09817504882812,0.00038125738501548767,71191.546875,1.195892095565796
23600.0,0.0,0.0,-4200130.5,7.5460309982299805,202.05120849609375,0.00024405168369412422,71190.4765625,1.195910096168518
23700.0,0.0,0.0,-4200127.5,6.11876916885376,198.62570190429688,0.00023263355251401663,71190.9375,1.1959023475646973
23800.0,0.0,0.0,-4200130.5,6.347347736358643,201.10842895507812,-5.149375647306442e-05,71189.5234375,1.1959260702133179
23900.0,0.0,0.0,-4200128.5,6.5217509269714355,198.089599609375,0.0006041036685928702,71187.609375,1.1959583759307861
24000.0,0.0,0.0,-4200129.0,6.616214275360107,197.27268981933594,0.0004139901138842106,71189.109375,1.1959331035614014
24100.0,0.0,0.0,-4200130.0,6.459251403808594,198.10916137695312,-0.0012831218773499131,71192.578125,1.1958746910095215
24200.0,0.0,0.0,-4200131.0,6.493762969970703,198.71083068847656,-0.0005268321838229895,71195.421875,1.1958271265029907
24300.0,0.0,0.0,-4200129.5,7.498866081237793,197.72601318359375,-0.0002251972910016775,71196.84375,1.1958030462265015
24400.0,0.0,0.0,-4200128.0,7.052393913269043,200.1400146484375,0.0014506420120596886,71198.2734375,1.1957790851593018
24500.0,0.0,0.0,-4200128.0,7.561126232147217,202.0439453125,-0.0004856954328715801,71201.4296875,1.1957260370254517
24600.0,0.0,0.0,-4200125.5,6.392289161682129,202.07968139648438,0.00032868050038814545,71204.328125,1.195677399635315
24700.0,0.0,0.0,-4200125.5,6.516843795776367,202.9421844482422,-0.0007263071602210402,71207.9609375,1.1956164836883545
24800.0,0.0,0.0,-4200128.5,6.985561370849609,204.317138671875,0.000606041750870645,71210.328125,1.1955766677856445
24900.0,0.0,0.0,-4200126.5,6.751273155212402,201.55271911621094,0.0010121720843017101,71212.5546875,1.1955392360687256
25000.0,0.0,0.0,-4200129.0,6.587700366973877,203.74502563476562,-0.000990251894108951,71216.5078125,1.195473074913025
25100.0,0.0,0.0,-4200126.0,6.503373146057129,199.43600463867188,-0.0011050408938899636,71219.3828125,1.1954246759414673
25200.0,0.0,0.0,-4200128.0,6.649072170257568,201.50546264648438,-0.001185280503705144,71220.984375,1.1953977346420288
25300.0,0.0,0.0,-4200129.0,7.239595890045166,201.505859375,0.0017074368661269546,71221.9296875,1.1953818798065186
25400.0,0.0,0.0,-4200129.5,6.3977437019348145,200.970458984375,0.0012313416227698326,71221.8203125,1.1953837871551514
25500.0,0.0,0.0,-4200129.0,6.545062065124512,199.65318298339844,-0.0003817562246695161,71220.5234375,1.1954056024551392
25600.0,0.0,0.0,-4200128.0,6.192065238952637,197.4237823486328,-0.002352410927414894,71216.390625,1.1954748630523682
25700.0,0.0,0.0,-4200129.5,6.573470592498779,200.55239868164062,-0.00025075883604586124,71208.7109375,1.195603847503662
25800.0,0.0,0.0,-4200129.5,5.604963779449463,199.9612579345703,0.0011726261582225561,71200.2109375,1.1957465410232544
25900.0,0.0,0.0,-4200128.0,6.916159629821777,199.60484313964844,0.0008631544769741595,71192.7734375,1.1958714723587036
26000.0,0.0,0.0,-4200126.5,8.088719367980957,199.9862823486328,3.128161188215017e-05,71184.4453125,1.1960115432739258
26100.0,0.0,0.0,-4200125.5,5.863638401031494,200.9068603515625,-0.0014153721276670694,71173.5,1.1961952447891235
26200.0,0.0,0.0,-4200125.0,7.289552688598633,201.9925079345703,-1.633248757570982e-05,71160.8125,1.1964086294174194
26300.0,0.0,0.0,-4200126.5,6.917852878570557,203.63772583007812,0.00033650128170847893,71149.125,1.1966050863265991
26400.0,0.0,0.0,-4200127.0,7.642035961151123,203.22607421875,0.000845705159008503,71137.8515625,1.1967947483062744
26500.0,0.0,0.0,-4200127.0,6.555936813354492,200.21749877929688,-0.0005776729667559266,71125.0078125,1.19701087474823
26600.0,0.0,0.0,-4200127.5,6.316842555999756,198.9219512939453,-4.696368705481291e-05,71110.9765625,1.19724702835083
26700.0,0.0,0.0,-4200128.5,7.383334159851074,199.40023803710938,-0.0001705501927062869,71096.6953125,1.197487473487854
26800.0,0.0,0.0,-4200128.5,6.8322062492370605,199.58782958984375,-0.0001139607047662139,71080.9609375,1.1977527141571045
26900.0,0.0,0.0,-4200129.5,6.271306037902832,200.8999786376953,-0.0002671325346454978,71065.359375,1.198015570640564
27000.0,0.0,0.0,-4200130.0,5.558585166931152,201.6638641357422,0.0002015522914007306,71050.0,1.1982744932174683
27100.0,0.0,0.0,-4200129.0,7.091390132904053,200.76622009277344,0.0001739452127367258,71035.6484375,1.198516607284546
27200.0,0.0,0.0,-4200127.5,6.491147518157959,198.88853454589844,-8.116906974464655e-05,71022.796875,1.1987335681915283
27300.0,0.0,0.0,-4200128.0,8.122968673706055,198.8461456298828,-0.0001363877672702074,71012.9375,1.1988999843597412
27400.0,0.0,0.0,-4200128.5,7.759620666503906,201.3630828857422,-0.0007365642813965678,71005.1640625,1.1990313529968262
27500.0,0.0,0.0,-4200128.5,8.203782081604004,199.80625915527344,0.0007739114807918668,70997.2109375,1.1991654634475708
27600.0,0.0,0.0,-4200129.5,5.976254940032959,199.23594665527344,0.00011107989121228456,70991.21875,1.1992666721343994
27700.0,0.0,0.0,-4200131.5,5.8963518142700195,201.10813903808594,0.00045346433762460947,70987.546875,1.1993287801742554
27800.0,0.0,0.0,-4200128.0,6.211175441741943,197.15200805664062,-0.00018889806233346462,70985.2421875,1.199367642402649
27900.0,0.0,0.0,-4200130.5,6.158034324645996,199.4335174560547,-0.00033783691469579935,70984.0234375,1.1993882656097412
28000.0,0.0,0.0,-4200128.0,9.282476425170898,197.09507751464844,0.00027938070707023144,70981.984375,1.1994227170944214
28100.0,0.0,0.0,-4200129.0,6.019285202026367,199.85488891601562,-0.0003401917638257146,70980.1640625,1.1994534730911255
28200.0,0.0,0.0,-4200124.5,6.548532009124756,198.705810546875,-9.175273589789867e-05,70979.7421875,1.1994606256484985
28300.0,0.0,0.0,-4200127.0,6.865322113037109,203.6862335205078,-0.000492644845508039,70981.90625,1.1994240283966064
28400.0,0.0,0.0,-4200125.0,5.562213897705078,203.00071716308594,0.0009007473709061742,70984.1796875,1.199385643005371
28500.0,0.0,0.0,-4200127.0,6.142049312591553,204.20054626464844,0.0004947342677041888,70987.296875,1.1993329524993896
28600.0,0.0,0.0,-4200127.5,6.077528953552246,204.03814697265625,-0.00026232434902340174,70990.734375,1.1992748975753784
28700.0,0.0,0.0,-4200130.5,7.543322563171387,205.27584838867188,-0.0007323739118874073,70994.2890625,1.1992148160934448
28800.0,0.0,0.0,-4200128.0,7.07262659072876,201.75123596191406,-0.0003997986204922199,70997.5546875,1.1991597414016724
28900.0,0.0,0.0,-4200126.0,7.8987627029418945,198.29823303222656,0.0008000226225703955,71000.5625,1.1991088390350342
29000.0,0.0,0.0,-4200128.5,5.937408924102783,200.77259826660156,0.0004273186204954982,71002.5859375,1.1990747451782227
29100.0,0.0,0.0,-4200128.5,7.422183513641357,200.06930541992188,8.952280040830374e-05,71003.90625,1.1990524530410767
29200.0,0.0,0.0,-4200131.0,6.672520637512207,201.45986938476562,-0.0013105787802487612,71003.6015625,1.1990575790405273
29300.0,0.0,0.0,-4200129.5,6.638923168182373,198.8265838623047,-0.00027876487001776695,71000.671875,1.199107050895691
29400.0,0.0,0.0,-4200132.0,6.523573398590088,201.18630981445312,0.0007529981667175889,70995.8046875,1.199189305305481
29500.0,0.0,0.0,-4200129.5,6.866298675537109,200.2212371826172,0.000322490930557251,70990.3125,1.1992820501327515
29600.0,0.0,0.0,-4200130.5,6.311891555786133,202.56346130371094,-0.00011937425006181002,70985.0078125,1.1993716955184937
29700.0,0.0,0.0,-4200125.5,5.820766448974609,199.2122039794922,-0.0014045641291886568,70977.53125,1.199497938156128
29800.0,0.0,0.0,-4200127.0,6.721942901611328,204.22325134277344,1.6514561139047146e-05,70968.53125,1.1996501684188843
29900.0,0.0,0.0,-4200125.0,6.806325912475586,204.513671875,7.147504948079586e-05,70959.1796875,1.1998082399368286
30000.0,0.0,0.0,-4200126.5,7.664473056793213,206.2971954345703,0.0010743166785687208,70949.9765625,1.1999638080596924
30100.0,0.0,0.0,-4200127.0,7.451831817626953,204.72918701171875,-2.3940810933709145e-05,70941.1953125,1.2001123428344727
30200.0,0.0,0.0,-4200126.0,6.360345363616943,201.58753967285156,-0.0003979122266173363,70929.0078125,1.2003185749053955
30300.0,0.0,0.0,-4200130.5,5.87241792678833,204.62554931640625,-0.0006463048048317432,70913.640625,1.2005786895751953
30400.0,0.0,0.0,-4200127.5,5.918456554412842,201.23809814453125,-0.0006834899540990591,70895.7109375,1.2008823156356812
30500.0,0.0,0.0,-4200129.5,6.607611179351807,204.6139678955078,0.0012450367212295532,70875.765625,1.2012202739715576
30600.0,0.0,0.0,-4200126.0,5.991785049438477,202.06654357910156,0.00025140156503766775,70855.9140625,1.2015568017959595
30700.0,0.0,0.0,-4200128.5,7.3705549240112305,202.109619140625,-6.106041837483644e-05,70834.8046875,1.20191490650177
30800.0,0.0,0.0,-4200129.0,6.506115913391113,201.42233276367188,-0.0011022832477465272,70812.3984375,1.202295184135437
30900.0,0.0,0.0,-4200129.0,6.265263557434082,200.40228271484375,-0.0006619327468797565,70788.3515625,1.202703595161438
31000.0,0.0,0.0,-4200129.5,6.080018997192383,199.96566772460938,0.0007890749257057905,70764.1796875,1.2031145095825195
31100.0,0.0,0.0,-4200133.5,6.6054253578186035,203.2946319580078,0.0009826620807871222,70739.171875,1.2035397291183472
31200.0,0.0,0.0,-4200130.5,7.982320785522461,199.684814453125,0.0007502872031182051,70713.671875,1.2039737701416016
31300.0,0.0,0.0,-4200129.0,6.774102210998535,199.98471069335938,-0.0005197590216994286,70690.171875,1.204374074935913
31400.0,0.0,0.0,-4200130.0,9.157766342163086,200.62413024902344,-0.0011758370092138648,70668.6171875,1.2047414779663086
31500.0,0.0,0.0,-4200130.5,6.816399097442627,200.2170867919922,-0.0005757736507803202,70648.9921875,1.205075979232788
31600.0,0.0,0.0,-4200133.0,7.706296920776367,201.96864318847656,0.0013416116125881672,70630.421875,1.205392837524414
31700.0,0.0,0.0,-4200133.0,8.015274047851562,199.51515197753906,0.001013346598483622,70615.203125,1.2056527137756348
31800.0,0.0,0.0,-4200132.0,6.51766300201416,197.4259490966797,4.997663199901581e-05,70603.3671875,1.2058547735214233
31900.0,0.0,0.0,-4200131.0,7.959230422973633,196.01312255859375,-0.0005706270458176732,70594.6796875,1.206003189086914
32000.0,0.0,0.0,-4200130.0,5.895228385925293,196.91162109375,-0.00038277520798146725,70589.75,1.206087350845337
32100.0,0.0,0.0,-4200129.0,6.154132843017578,199.8340606689453,0.00012435740791261196,70587.921875,1.2061185836791992
32200.0,0.0,0.0,-4200128.0,7.268667221069336,199.7894287109375,0.0002681284677237272,70590.1640625,1.2060803174972534
32300.0,0.0,0.0,-4200129.0,7.1152567863464355,200.80113220214844,0.00134130974765867,70594.8125,1.2060010433197021
32400.0,0.0,0.0,-4200130.5,6.202169418334961,202.13943481445312,0.0003652734449133277,70603.734375,1.2058484554290771
32500.0,0.0,0.0,-4200130.5,6.264149188995361,202.9141082763672,-0.0004111586604267359,70615.21875,1.2056523561477661
32600.0,0.0,0.0,-4200130.5,6.857041835784912,204.0233612060547,-0.001136462902650237,70629.3046875,1.2054119110107422
32700.0,0.0,0.0,-4200130.5,5.990834712982178,202.81219482421875,-0.00045862607657909393,70645.25,1.2051398754119873
32800.0,0.0,0.0,-4200131.0,7.2270002365112305,201.6729278564453,0.0004983512917533517,70662.8359375,1.204840064048767
32900.0,0.0,0.0,-4200131.5,7.569596767425537,200.46429443359375,0.000960372039116919,70680.8203125,1.204533338546753
33000.0,0.0,0.0,-4200128.0,6.43487024307251,196.96627807617188,0.0003723072586581111,70698.4609375,1.2042328119277954
33100.0,0.0,0.0,-4200129.0,7.015672206878662,198.28176879882812,-0.0012162034399807453,70715.359375,1.2039450407028198
33200.0,0.0,0.0,-4200130.0,7.443234443664551,199.19046020507812,-0.0007957823108881712,70730.1484375,1.2036932706832886
33300.0,0.0,0.0,-4200130.5,6.575600624084473,200.23597717285156,-0.00031732406932860613,70743.1953125,1.2034714221954346
33400.0,0.0,0.0,-4200127.5,8.425260543823242,198.8400421142578,0.0009753750637173653,70755.3828125,1.2032639980316162
33500.0,0.0,0.0,-4200130.5,6.940085411071777,202.7605743408203,0.0006199729396030307,70766.6953125,1.2030717134475708
33600.0,0.0,0.0,-4200128.0,7.236852169036865,200.75379943847656,0.00020100350957363844,70778.4921875,1.2028712034225464
33700.0,0.0,0.0,-4200131.0,7.5399041175842285,207.93223571777344,-0.001150716096162796,70789.71875,1.2026804685592651
33800.0,0.0,0.0,-4200123.5,6.951334476470947,200.71397399902344,-0.0011098432587459683,70799.7265625,1.2025103569030762
33900.0,0.0,0.0,-4200127.0,7.245666980743408,203.18275451660156,0.000631445087492466,70808.484375,1.2023617029190063
34000.0,0.0,0.0,-4200128.5,7.497284412384033,202.97386169433594,7.651722989976406e-05,70817.7734375,1.2022039890289307
34100.0,0.0,0.0,-4200128.5,7.390492916107178,201.0028839111328,0.0009127084631472826,70825.1015625,1.2020796537399292
34200.0,0.0,0.0,-4200128.5,7.335333347320557,199.56964111328125,-0.0008412821916863322,70829.6484375,1.2020024061203003
34300.0,0.0,0.0,-4200130.0,8.332125663757324,199.91897583007812,0.00030866905581206083,70832.3359375,1.2019567489624023
34400.0,0.0,0.0,-4200131.0,7.113530158996582,199.7603302001953,-0.0005947155877947807,70835.015625,1.2019113302230835
34500.0,0.0,0.0,-4200129.0,6.935295104980469,197.18284606933594,-9.661586955189705e-05,70836.328125,1.201889157295227
34600.0,0.0,0.0,-4200132.0,5.783231258392334,203.0218963623047,0.0001523899845778942,70835.875,1.2018966674804688
34700.0,0.0,0.0,-4200126.0,7.902097702026367,199.00933837890625,-0.0005016151117160916,70834.2578125,1.2019243240356445
34800.0,0.0,0.0,-4200129.5,7.657176971435547,203.2542724609375,0.0009924694895744324,70829.671875,1.2020020484924316
34900.0,0.0,0.0,-4200123.5,7.058686256408691,195.98977661132812,-0.0002182243624702096,70824.5703125,1.2020885944366455
35000.0,0.0,0.0,-4200130.5,6.7961626052856445,202.2997589111328,0.0006061824969947338,70819.21875,1.2021794319152832
35100.0,0.0,0.0,-4200130.5,7.888988494873047,200.41604614257812,-0.0011461004614830017,70811.1015625,1.202317237854004
35200.0,0.0,0.0,-4200134.0,9.078460693359375,202.996337890625,-0.000520585454069078,70800.0390625,1.202505111694336
35300.0,0.0,0.0,-4200132.5,6.39777946472168,200.5086212158203,0.00041735393460839987,70788.0546875,1.2027086019515991
35400.0,0.0,0.0,-4200128.0,7.421974182128906,197.7325439453125,0.0006340809632092714,70777.265625,1.2028919458389282
35500.0,0.0,0.0,-4200131.5,8.07137393951416,202.4182586669922,8.91928793862462e-05,70766.1640625,1.203080654144287
35600.0,0.0,0.0,-4200126.5,6.066203594207764,198.95851135253906,-0.0005979005945846438,70754.484375,1.2032792568206787
35700.0,0.0,0.0,-4200129.5,7.075109004974365,203.31903076171875,1.2569595128297806e-05,70741.5,1.2035001516342163
35800.0,0.0,0.0,-4200128.0,6.417951583862305,203.44619750976562,-0.0002402247628197074,70729.1015625,1.2037112712860107
35900.0,0.0,0.0,-4200131.0,7.414095401763916,204.44705200195312,0.0002479748800396919,70716.6640625,1.203922986984253
36000.0,0.0,0.0,-4200129.0,6.317620754241943,199.8533935546875,0.0001468532718718052,70705.5234375,1.2041125297546387
36100.0,0.0,0.0,-4200130.5,6.371844291687012,199.86915588378906,0.0002981433644890785,70694.9375,1.2042927742004395
36200.0,0.0,0.0,-4200130.0,7.248768329620361,198.994384765625,0.0002603939501568675,70686.5,1.2044365406036377
36300.0,0.0,0.0,-4200127.0,7.896509170532227,195.5506134033203,-0.00030893669463694096,70679.3359375,1.2045586109161377
36400.0,0.0,0.0,-4200132.0,8.090569496154785,202.08718872070312,-0.0006882285233587027,70673.078125,1.2046653032302856
36500.0,0.0,0.0,-4200129.5,7.099109172821045,199.24105834960938,-1.1026277206838131e-05,70665.8046875,1.2047892808914185
36600.0,0.0,0.0,-4200130.5,6.267786979675293,200.5257110595703,0.0019404863705858588,70658.4765625,1.2049142122268677
36700.0,0.0,0.0,-4200130.0,7.384457588195801,199.4018096923828,0.0002845950657501817,70653.4140625,1.205000638961792
36800.0,0.0,0.0,-4200129.5,7.761575698852539,197.7224578857422,-0.0010398045415058732,70649.3125,1.2050706148147583
36900.0,0.0,0.0,-4200129.5,7.428952693939209,197.35560607910156,-0.0015124925412237644,70645.4609375,1.2051362991333008
37000.0,0.0,0.0,-4200135.0,6.902767658233643,202.41041564941406,0.000262164743617177,70639.5546875,1.2052370309829712
37100.0,0.0,0.0,-4200129.5,6.220707893371582,195.95928955078125,0.0016543552046641707,70632.9296875,1.2053500413894653
37200.0,0.0,0.0,-4200129.0,6.961780548095703,197.09527587890625,7.555773481726646e-05,70626.6953125,1.2054564952850342
37300.0,0.0,0.0,-4200129.5,6.812956809997559,198.17141723632812,-0.0008783383527770638,70620.546875,1.2055615186691284
37400.0,0.0,0.0,-4200131.0,6.4550251960754395,200.04672241210938,-0.0012503952020779252,70613.59375,1.2056803703308105
37500.0,0.0,0.0,-4200131.5,5.887810707092285,201.5626983642578,0.0012658498017117381,70606.7109375,1.2057976722717285
37600.0,0.0,0.0,-4200130.0,6.249152183532715,202.32559204101562,0.001012145890854299,70601.4296875,1.205887794494629
37700.0,0.0,0.0,-4200127.0,6.719239234924316,201.33250427246094,-4.145910497754812e-05,70597.2890625,1.205958604812622
37800.0,0.0,0.0,-4200127.0,6.388963222503662,202.62237548828125,-0.0008860060479491949,70593.140625,1.2060295343399048
37900.0,0.0,0.0,-4200127.0,8.043346405029297,201.72215270996094,-0.0003295642090961337,70588.90625,1.2061017751693726
38000.0,0.0,0.0,-4200127.0,6.753661632537842,199.03323364257812,0.0007010687841102481,70586.7578125,1.2061384916305542
38100.0,0.0,0.0,-4200130.5,6.746048927307129,201.12828063964844,-0.0002381510566920042,70587.25,1.2061301469802856
38200.0,0.0,0.0,-4200130.5,10.84219741821289,201.71755981445312,0.0007416880689561367,70587.5078125,1.2061257362365723
38300.0,0.0,0.0,-4200129.0,7.276072978973389,199.54298400878906,-0.00023171654902398586,70588.0546875,1.2061164379119873
38400.0,0.0,0.0,-4200132.0,6.355353832244873,202.85821533203125,0.0008725591469556093,70587.6171875,1.2061238288879395
38500.0,0.0,0.0,-4200130.0,8.544747352600098,200.12916564941406,-0.0003965006908401847,70587.9921875,1.2061175107955933
38600.0,0.0,0.0,-4200129.5,6.516524314880371,201.9129638671875,-0.0005837123608216643,70588.5,1.206108808517456
38700.0,0.0,0.0,-4200131.0,7.194828033447266,201.9944610595703,-0.000770086538977921,70590.234375,1.206079363822937
38800.0,0.0,0.0,-4200128.0,8.573773384094238,197.2443084716797,0.000452760374173522,70592.0078125,1.206048846244812
38900.0,0.0,0.0,-4200131.5,6.789163112640381,200.6725311279297,0.0012763503473252058,70594.90625,1.2059992551803589
39000.0,0.0,0.0,-4200129.0,8.095076560974121,198.69570922851562,0.0006561141926795244,70599.59375,1.2059192657470703
39100.0,0.0,0.0,-4200135.0,6.219476222991943,204.4158172607422,0.00033323524985462427,70605.5,1.2058184146881104
39200.0,0.0,0.0,-4200128.5,6.819312572479248,197.3180694580078,-0.0015169706894084811,70612.6640625,1.2056959867477417
39300.0,0.0,0.0,-4200131.0,6.96359395980835,200.8465576171875,-6.773299537599087e-05,70619.0859375,1.205586314201355
39400.0,0.0,0.0,-4200131.0,7.170791149139404,202.1851043701172,-0.00028646609280258417,70626.5390625,1.2054592370986938
39500.0,0.0,0.0,-4200130.0,6.945583343505859,203.3310546875,0.000905500550288707,70632.8671875,1.2053512334823608
39600.0,0.0,0.0,-4200129.0,7.574791431427002,201.6689453125,0.00047260476276278496,70638.96875,1.2052470445632935
39700.0,0.0,0.0,-4200127.0,7.705071926116943,197.8022003173828,-0.00029142864514142275,70642.875,1.2051804065704346
39800.0,0.0,0.0,-4200131.0,6.192922115325928,201.013671875,0.0004864567890763283,70645.3046875,1.205138921737671
39900.0,0.0,0.0,-4200125.0,7.591030120849609,195.41958618164062,-0.0012539452873170376,70647.734375,1.2050974369049072
40000.0,0.0,0.0,-4200132.5,8.065346717834473,204.03260803222656,-0.0003364216536283493,70648.109375,1.2050912380218506
40100.0,0.0,0.0,-4200127.5,7.320670127868652,197.68777465820312,-0.0008262369083240628,70643.8984375,1.2051628828048706
40200.0,0.0,0.0,-4200131.0,7.131154537200928,200.23602294921875,0.0010861894115805626,70635.578125,1.2053048610687256
40300.0,0.0,0.0,-4200130.0,6.793595790863037,200.23358154296875,0.00036230136174708605,70624.5234375,1.205493688583374
40400.0,0.0,0.0,-4200128.5,7.269927501678467,198.248046875,-0.0006542300106957555,70611.5859375,1.2057143449783325
40500.0,0.0,0.0,-4200131.5,6.611252307891846,202.52835083007812,-0.0006845729658380151,70597.984375,1.205946683883667
40600.0,0.0,0.0,-4200129.0,6.956003189086914,199.8043212890625,-0.001416445360518992,70582.71875,1.2062076330184937
40700.0,0.0,0.0,-4200130.5,6.7212300300598145,200.59747314453125,0.0015490809455513954,70564.125,1.2065253257751465
40800.0,0.0,0.0,-4200130.0,8.127824783325195,197.52325439453125,-0.00019569112919270992,70544.453125,1.206861972808838
40900.0,0.0,0.0,-4200130.5,7.483560562133789,195.1792755126953,0.0013617118820548058,70521.7265625,1.207250714302063
41000.0,0.0,0.0,-4200130.0,8.620516777038574,194.08953857421875,-0.0005734165897592902,70497.6328125,1.2076632976531982
41100.0,0.0,0.0,-4200133.5,6.467698574066162,199.90216064453125,-0.0007971924496814609,70471.078125,1.2081184387207031
41200.0,0.0,0.0,-4200132.5,6.923583507537842,200.989990234375,0.00012126099318265915,70442.8203125,1.208603024482727
41300.0,0.0,0.0,-4200130.5,5.608418941497803,201.14784240722656,-0.00036190624814480543,70412.4375,1.2091245651245117
41400.0,0.0,0.0,-4200130.0,6.646620273590088,201.5922088623047,0.001895398017950356,70380.078125,1.2096805572509766
41500.0,0.0,0.0,-4200129.0,6.664820194244385,201.49224853515625,-0.00019105093088001013,70347.9609375,1.2102327346801758
41600.0,0.0,0.0,-4200131.0,6.895626544952393,205.11285400390625,-0.0009021981386467814,70315.1015625,1.2107982635498047
41700.0,0.0,0.0,-4200127.5,7.480260848999023,199.0189208984375,-0.0008107045432552695,70281.71875,1.2113733291625977
41800.0,0.0,0.0,-4200126.5,7.907065391540527,196.12692260742188,1.1738273315131664e-05,70249.71875,1.2119253873825073
41900.0,0.0,0.0,-4200134.0,7.371359348297119,203.40289306640625,0.0013254929799586535,70218.7890625,1.2124592065811157
42000.0,0.0,0.0,-4200132.5,7.4194512367248535,201.79251098632812,-0.0002467104932293296,70189.8359375,1.2129591703414917
42100.0,0.0,0.0,-4200132.0,8.063935279846191,200.8280792236328,0.0004920896608382463,70162.4453125,1.2134326696395874
42200.0,0.0,0.0,-4200130.5,8.906599998474121,199.25816345214844,-0.000677512027323246,70137.7890625,1.2138593196868896
42300.0,0.0,0.0,-4200131.5,7.14415168762207,200.57115173339844,5.684094503521919e-06,70114.4921875,1.21426260471344
42400.0,0.0,0.0,-4200131.0,6.963311672210693,199.8051300048828,0.00022569566499441862,70092.25,1.2146480083465576
42500.0,0.0,0.0,-4200132.5,7.958297252655029,200.08517456054688,3.4036231227219105e-05,70072.4453125,1.2149912118911743
42600.0,0.0,0.0,-4200133.5,6.312711238861084,199.2132568359375,0.0011385456891730428,70055.2265625,1.215289831161499
42700.0,0.0,0.0,-4200130.5,6.826018810272217,194.80142211914062,-0.0002833239268511534,70040.1640625,1.2155512571334839
42800.0,0.0,0.0,-4200134.5,6.823136329650879,199.05319213867188,0.0005189685616642237,70028.203125,1.2157588005065918
42900.0,0.0,0.0,-4200131.5,6.74164342880249,196.96620178222656,0.00027739081997424364,70020.2265625,1.2158973217010498
43000.0,0.0,0.0,-4200133.0,6.7098259925842285,201.37339782714844,0.0001958449138328433,70015.0546875,1.2159870862960815
43100.0,0.0,0.0,-4200127.0,11.054044723510742,198.4491729736328,0.00030400464311242104,70013.265625,1.2160180807113647
43200.0,0.0,0.0,-4200128.5,8.032063484191895,201.8466339111328,-0.00043801439460366964,70014.890625,1.2159899473190308
43300.0,0.0,0.0,-4200130.5,7.827509880065918,204.51808166503906,0.0008519928669556975,70020.34375,1.2158952951431274
43400.0,0.0,0.0,-4200126.0,6.601367950439453,198.3013153076172,-0.000782046583481133,70030.5703125,1.2157177925109863
43500.0,0.0,0.0,-4200128.5,6.990146160125732,201.77899169921875,-6.0536665841937065e-05,70044.2734375,1.2154799699783325
43600.0,0.0,0.0,-4200127.5,6.519001007080078,199.09347534179688,0.00016707438044250011,70061.5703125,1.2151798009872437
43700.0,0.0,0.0,-4200131.5,8.36247444152832,204.32069396972656,0.0012032686499878764,70081.7265625,1.2148303985595703
43800.0,0.0,0.0,-4200129.0,7.120372295379639,200.2214813232422,0.00030309706926345825,70104.6171875,1.2144336700439453
43900.0,0.0,0.0,-4200129.0,8.858433723449707,200.08546447753906,-0.001212111208587885,70129.046875,1.2140105962753296
44000.0,0.0,0.0,-4200131.0,9.622550010681152,201.19314575195312,-5.863327533006668e-05,70154.2578125,1.2135741710662842
44100.0,0.0,0.0,-4200132.5,5.948879241943359,203.7332305908203,-0.00010802142787724733,70180.265625,1.2131246328353882
44200.0,0.0,0.0,-4200131.0,7.834695816040039,201.6891326904297,0.001540289493277669,70206.8125,1.2126659154891968
44300.0,0.0,0.0,-4200131.5,7.120580196380615,201.0574493408203,-0.00016250810585916042,70234.9921875,1.2121793031692505
44400.0,0.0,0.0,-4200130.0,6.859933376312256,199.60452270507812,-0.0009581999620422721,70262.109375,1.2117115259170532
44500.0,0.0,0.0,-4200129.5,8.741528511047363,198.38914489746094,-0.0012783374404534698,70287.7734375,1.2112690210342407
44600.0,0.0,0.0,-4200128.0,8.734374046325684,197.23785400390625,0.00032482994720339775,70312.8828125,1.21083664894104
44700.0,0.0,0.0,-4200131.0,6.707564353942871,200.8288116455078,0.0016798567958176136,70338.4296875,1.2103967666625977
44800.0,0.0,0.0,-4200131.5,7.950382232666016,201.66197204589844,-6.122514605522156e-06,70365.1875,1.2099366188049316
44900.0,0.0,0.0,-4200131.5,7.648109436035156,202.50338745117188,-0.0013095539761707187,70389.9453125,1.2095109224319458
45000.0,0.0,0.0,-4200129.5,7.327821731567383,198.71255493164062,-0.0004541326779872179,70411.7421875,1.2091364860534668
45100.0,0.0,0.0,-4200133.5,6.6675801277160645,199.31796264648438,0.0004243687726557255,70430.890625,1.2088077068328857
45200.0,0.0,0.0,-4200134.0,7.575952053070068,199.96937561035156,0.0009792055934667587,70447.5,1.208522915840149
45300.0,0.0,0.0,-4200132.0,7.151974201202393,197.4508056640625,-0.000258353422395885,70461.8671875,1.2082762718200684
45400.0,0.0,0.0,-4200130.5,7.214880466461182,197.49365234375,-0.0012083301553502679,70473.265625,1.2080808877944946
45500.0,0.0,0.0,-4200129.0,7.062513828277588,198.01499938964844,-0.00032970705069601536,70480.7890625,1.2079519033432007
45600.0,0.0,0.0,-4200129.0,7.591371059417725,200.89117431640625,-0.0011453679762780666,70486.359375,1.20785653591156
45700.0,0.0,0.0,-4200129.5,8.420994758605957,202.33815002441406,0.0008778131450526416,70488.6796875,1.2078168392181396
45800.0,0.0,0.0,-4200128.5,7.24375057220459,201.63189697265625,-0.00046773278154432774,70488.421875,1.2078211307525635
45900.0,0.0,0.0,-4200129.0,6.949586391448975,200.83197021484375,0.00016660068649798632,70483.7890625,1.2079005241394043
46000.0,0.0,0.0,-4200128.5,6.678032875061035,199.50038146972656,-0.00025986472610384226,70475.9140625,1.2080354690551758
46100.0,0.0,0.0,-4200132.5,8.552950859069824,202.525390625,-0.00032784894574433565,70465.296875,1.2082176208496094
46200.0,0.0,0.0,-4200130.5,6.822957992553711,199.74749755859375,0.0004512019222602248,70450.6015625,1.2084695100784302
46300.0,0.0,0.0,-4200135.0,7.940427303314209,205.42123413085938,-0.0001217889366671443,70432.2734375,1.2087839841842651
46400.0,0.0,0.0,-4200127.0,7.815547943115234,196.62481689453125,0.0003105348441749811,70411.3046875,1.2091439962387085
46500.0,0.0,0.0,-4200131.5,8.925179481506348,201.07249450683594,-0.0016213527414947748,70388.8671875,1.2095293998718262
46600.0,0.0,0.0,-4200129.0,8.245954513549805,200.4991455078125,0.0006658025085926056,70364.2421875,1.209952712059021
46700.0,0.0,0.0,-4200132.0,7.128594875335693,202.1112060546875,-9.172922000288963e-05,70337.28125,1.210416555404663
46800.0,0.0,0.0,-4200132.5,6.4574809074401855,200.47744750976562,0.0011796420440077782,70308.8203125,1.2109065055847168
46900.0,0.0,0.0,-4200135.0,7.42465353012085,202.79751586914062,-0.00038609758485108614,70281.4453125,1.2113780975341797
47000.0,0.0,0.0,-4200131.0,7.241267681121826,198.30543518066406,-0.0011847991263493896,70253.921875,1.2118526697158813
47100.0,0.0,0.0,-4200132.5,7.504827499389648,200.560546875,0.00028491439297795296,70226.40625,1.212327480316162
47200.0,0.0,0.0,-4200131.0,7.119246482849121,199.11708068847656,-0.0001907235709950328,70199.859375,1.212786078453064
47300.0,0.0,0.0,-4200129.0,8.524934768676758,198.885986328125,0.0014924787683412433,70173.6328125,1.213239312171936
47400.0,0.0,0.0,-4200127.0,10.734021186828613,196.01321411132812,-0.00040141167119145393,70149.2265625,1.2136614322662354
47500.0,0.0,0.0,-4200130.0,7.584605693817139,196.4658203125,-0.00042598554864525795,70126.171875,1.2140604257583618
47600.0,0.0,0.0,-4200133.5,6.929703235626221,197.5367889404297,-0.00013465620577335358,70104.6875,1.2144324779510498
47700.0,0.0,0.0,-4200135.5,8.175862312316895,199.32330322265625,-6.730074528604746e-05,70085.40625,1.214766502380371
47800.0,0.0,0.0,-4200137.5,7.00958776473999,201.96644592285156,0.00016000925097614527,70068.046875,1.2150675058364868
47900.0,0.0,0.0,-4200131.5,8.209668159484863,196.90109252929688,0.0004115287447348237,70051.96875,1.215346336364746
48000.0,0.0,0.0,-4200129.0,7.722651958465576,196.87905883789062,-1.084967516362667e-05,70039.8125,1.215557336807251
48100.0,0.0,0.0,-4200133.5,8.214127540588379,202.53160095214844,-0.00010619580280035734,70030.1796875,1.2157245874404907
48200.0,0.0,0.0,-4200130.0,7.270873069763184,200.56658935546875,-0.0004461121279746294,70022.5078125,1.215857744216919
48300.0,0.0,0.0,-4200131.0,7.298007965087891,202.10374450683594,0.0007959211943671107,70017.484375,1.2159450054168701
48400.0,0.0,0.0,-4200131.5,8.278867721557617,201.64495849609375,0.0012900038855150342,70016.8203125,1.2159565687179565
48500.0,0.0,0.0,-4200132.5,7.0483078956604,201.4710693359375,0.0002432714682072401,70020.3203125,1.215895652770996
48600.0,0.0,0.0,-4200131.5,10.080032348632812,198.79762268066406,-0.00012264447286725044,70027.25,1.2157753705978394
48700.0,0.0,0.0,-4200130.0,8.11894416809082,197.1670684814453,-0.0011227375362068415,70037.4140625,1.2155989408493042
48800.0,0.0,0.0,-4200132.5,7.513653755187988,199.6652374267578,0.0007688693003728986,70049.71875,1.2153854370117188
48900.0,0.0,0.0,-4200133.5,6.678759574890137,197.96214294433594,0.0006712296744808555,70063.90625,1.215139389038086
49000.0,0.0,0.0,-4200136.5,7.125681400299072,198.1132354736328,0.00030465552117675543,70080.390625,1.2148535251617432
49100.0,0.0,0.0,-4200135.0,7.408009052276611,195.5703887939453,-0.00029797188472002745,70098.390625,1.2145415544509888
49200.0,0.0,0.0,-4200134.0,6.858877182006836,195.73031616210938,-0.0005870545282959938,70116.203125,1.2142329216003418
49300.0,0.0,0.0,-4200133.0,7.714025974273682,197.32423400878906,0.0009053960675373673,70133.171875,1.2139391899108887
49400.0,0.0,0.0,-4200132.0,7.375907897949219,198.85028076171875,-0.00014659727457910776,70149.9765625,1.2136484384536743
49500.0,0.0,0.0,-4200131.0,7.551166534423828,200.8206329345703,0.0013461064081639051,70165.625,1.2133777141571045
49600.0,0.0,0.0,-4200130.0,7.230613708496094,200.6468963623047,-0.0010564071126282215,70181.625,1.2131011486053467
49700.0,0.0,0.0,-4200131.0,7.909320831298828,202.2168426513672,9.973905980587006e-05,70196.25,1.2128483057022095
49800.0,0.0,0.0,-4200127.5,6.979470729827881,198.20066833496094,-0.0005464521236717701,70211.5859375,1.2125834226608276
49900.0,0.0,0.0,-4200130.0,8.866209983825684,201.08172607421875,-0.0004047109978273511,70226.1640625,1.212331771850586
50000.0,0.0,0.0,-4200134.0,7.5235090255737305,203.36338806152344,0.0011206268100067973,70239.7734375,1.2120968103408813
50100.0,0.0,0.0,-4200133.5,8.897560119628906,201.338623046875,-0.00039083079900592566,70252.71875,1.2118735313415527
50200.0,0.0,0.0,-4200131.0,7.624720573425293,198.4098663330078,-3.285449929535389e-05,70264.375,1.2116724252700806
50300.0,0.0,0.0,-4200132.5,6.611892223358154,200.80242919921875,-0.0011216357816010714,70275.3046875,1.2114839553833008
50400.0,0.0,0.0,-4200131.0,8.059550285339355,200.08697509765625,-0.0004413365386426449,70284.1484375,1.2113316059112549
50500.0,0.0,0.0,-4200134.5,7.848891735076904,204.94155883789062,-0.00019701640121638775,70290.171875,1.2112278938293457
50600.0,0.0,0.0,-4200131.5,6.836291790008545,202.84701538085938,0.0008779222844168544,70292.1484375,1.2111937999725342
50700.0,0.0,0.0,-4200130.0,8.4476957321167,200.7958984375,2.5257118977606297e-05,70290.1875,1.2112274169921875
50800.0,0.0,0.0,-4200132.5,9.879569053649902,203.06527709960938,-0.00048809219151735306,70284.0625,1.2113330364227295
50900.0,0.0,0.0,-4200129.0,8.712567329406738,197.72682189941406,-0.0006672241725027561,70273.90625,1.21150803565979
51000.0,0.0,0.0,-4200132.5,7.807308197021484,201.6666717529297,-0.0011575653916224837,70259.8671875,1.2117501497268677
51100.0,0.0,0.0,-4200130.0,7.105161666870117,199.31431579589844,0.0003572208806872368,70241.4375,1.2120680809020996
51200.0,0.0,0.0,-4200131.5,7.181541442871094,200.71009826660156,0.000972811016254127,70221.1015625,1.212419033050537
51300.0,0.0,0.0,-4200131.5,8.794574737548828,199.8272247314453,0.0006000596331432462,70199.8125,1.2127869129180908
51400.0,0.0,0.0,-4200131.0,6.774298191070557,198.44332885742188,-0.0010948398848995566,70175.2421875,1.2132114171981812
51500.0,0.0,0.0,-4200135.0,7.989975452423096,202.8202362060547,-0.0005882912082597613,70147.4609375,1.2136919498443604
51600.0,0.0,0.0,-4200131.5,7.001603126525879,198.245361328125,0.00019352673552930355,70118.5625,1.214192271232605
51700.0,0.0,0.0,-4200133.0,7.720895767211914,199.76724243164062,0.00045161740854382515,70089.953125,1.2146878242492676
51800.0,0.0,0.0,-4200130.5,10.254082679748535,195.1848602294922,-0.0006444054888561368,70061.8828125,1.2151744365692139
51900.0,0.0,0.0,-4200134.0,8.62568187713623,197.6722869873047,-0.00024608243256807327,70031.796875,1.2156965732574463
52000.0,0.0,0.0,-4200133.5,8.548857688903809,197.1280975341797,0.0005321538774296641,70000.703125,1.2162365913391113
52100.0,0.0,0.0,-4200132.5,10.203012466430664,194.2068634033203,0.00041244574822485447,69970.1875,1.2167668342590332
52200.0,0.0,0.0,-4200132.5,8.103313446044922,194.3520965576172,4.972715396434069e-05,69940.6015625,1.2172815799713135
52300.0,0.0,0.0,-4200128.5,7.527583599090576,194.28213500976562,-0.0007705523166805506,69911.734375,1.2177842855453491
52400.0,0.0,0.0,-4200133.5,6.273512840270996,203.91128540039062,0.00016353733371943235,69881.453125,1.2183119058609009
52500.0,0.0,0.0,-4200128.0,8.15248966217041,200.39932250976562,0.0002899402752518654,69852.3203125,1.2188199758529663
52600.0,0.0,0.0,-4200128.5,8.83189582824707,201.63182067871094,0.00019085081294178963,69826.3984375,1.219272494316101
52700.0,0.0,0.0,-4200131.0,6.843562602996826,205.0077362060547,-0.0001945906551554799,69804.0,1.2196637392044067
52800.0,0.0,0.0,-4200130.0,6.265474796295166,202.24940490722656,-0.0002789937425404787,69784.2421875,1.2200090885162354
52900.0,0.0,0.0,-4200132.5,8.676103591918945,203.155029296875,0.0011373863089829683,69767.0625,1.2203094959259033
53000.0,0.0,0.0,-4200133.0,9.870401382446289,201.9907989501953,0.0008497489616274834,69753.921875,1.2205393314361572
53100.0,0.0,0.0,-4200129.0,7.740873336791992,199.57003784179688,0.00026948447339236736,69745.0234375,1.2206951379776
53200.0,0.0,0.0,-4200132.0,8.467339515686035,202.18885803222656,-0.0007124863332137465,69737.703125,1.2208231687545776
53300.0,0.0,0.0,-4200133.0,7.09451961517334,202.6930389404297,-0.0004282137379050255,69732.4140625,1.2209157943725586
53400.0,0.0,0.0,-4200131.5,7.103363037109375,199.71273803710938,0.001590404543094337,69730.234375,1.220954179763794
53500.0,0.0,0.0,-4200132.0,6.567197799682617,201.09512329101562,0.00039778626523911953,69732.4140625,1.2209157943725586
53600.0,0.0,0.0,-4200131.0,7.720609664916992,199.6011505126953,0.0008301152265630662,69738.46875,1.2208099365234375
53700.0,0.0,0.0,-4200129.0,6.682277679443359,197.17259216308594,-0.0011789491400122643,69747.453125,1.2206525802612305
53800.0,0.0,0.0,-4200132.0,7.626407623291016,201.7113494873047,6.108381785452366e-05,69757.21875,1.2204817533493042
53900.0,0.0,0.0,-4200132.5,6.620991230010986,201.39764404296875,-0.00042735785245895386,69769.359375,1.2202693223953247
54000.0,0.0,0.0,-4200130.5,8.182262420654297,202.190185546875,0.00028276850935071707,69783.328125,1.2200250625610352
54100.0,0.0,0.0,-4200130.5,6.87752103805542,201.5911102294922,0.0005408679135143757,69800.78125,1.2197200059890747
54200.0,0.0,0.0,-4200131.5,6.9449615478515625,201.48703002929688,-0.00029884546529501677,69820.640625,1.2193729877471924
54300.0,0.0,0.0,-4200130.5,8.17738151550293,201.3743133544922,0.00031534989830106497,69841.3671875,1.2190113067626953
54400.0,0.0,0.0,-4200130.0,7.892826557159424,201.37648010253906,-0.0005921025294810534,69864.0703125,1.2186150550842285
54500.0,0.0,0.0,-4200128.0,6.474033832550049,199.09136962890625,0.0006062324391677976,69887.7734375,1.218201756477356
54600.0,0.0,0.0,-4200131.0,7.060980796813965,200.48886108398438,-0.0011741872876882553,69914.359375,1.2177385091781616
54700.0,0.0,0.0,-4200132.5,8.427175521850586,201.9843292236328,0.000470456900075078,69940.78125,1.2172784805297852
54800.0,0.0,0.0,-4200130.5,8.519941329956055,199.1360626220703,0.00015463749878108501,69966.8046875,1.2168257236480713
54900.0,0.0,0.0,-4200130.5,7.067256927490234,200.6595458984375,0.0008602765155956149,69992.75,1.2163746356964111
55000.0,0.0,0.0,-4200132.0,9.0206880569458,201.29420471191406,-0.00020820344798266888,70020.2578125,1.215896725654602
55100.0,0.0,0.0,-4200129.5,9.41868782043457,200.6246795654297,-0.0015172926941886544,70047.5546875,1.2154229879379272
55200.0,0.0,0.0,-4200133.5,6.7480034828186035,203.5734405517578,4.1625346057116985e-05,70072.8828125,1.214983582496643
55300.0,0.0,0.0,-4200130.0,8.439897537231445,200.22486877441406,0.0008439922239631414,70096.7578125,1.2145698070526123
55400.0,0.0,0.0,-4200131.5,7.599693298339844,200.75445556640625,0.00023670634254813194,70118.8828125,1.2141865491867065
55500.0,0.0,0.0,-4200127.5,9.547375679016113,196.40353393554688,-0.00041729421354830265,70140.1484375,1.2138185501098633
55600.0,0.0,0.0,-4200131.0,9.104031562805176,199.5200958251953,-0.0006407314212992787,70159.2578125,1.2134878635406494
55700.0,0.0,0.0,-4200128.0,6.824883460998535,196.38697814941406,0.000775442982558161,70175.7265625,1.2132031917572021
55800.0,0.0,0.0,-4200131.0,6.582435131072998,201.50453186035156,0.000547008472494781,70191.34375,1.2129331827163696
55900.0,0.0,0.0,-4200129.5,9.7839994430542,200.79124450683594,5.3680152632296085e-05,70205.0859375,1.2126957178115845
56000.0,0.0,0.0,-4200129.0,8.202836990356445,199.57981872558594,-0.0014532784698531032,70215.765625,1.2125113010406494
56100.0,0.0,0.0,-4200129.5,7.238649368286133,199.40830993652344,-0.000642116297967732,70222.4921875,1.2123950719833374
56200.0,0.0,0.0,-4200129.5,7.059685230255127,198.44212341308594,0.00030051020439714193,70225.9296875,1.2123358249664307
56300.0,0.0,0.0,-4200133.5,6.940657615661621,201.27281188964844,0.0012205693637952209,70226.6875,1.21232271194458
56400.0,0.0,0.0,-4200132.0,8.043731689453125,196.62098693847656,0.00021271116565912962,70225.3125,1.2123463153839111
56500.0,0.0,0.0,-4200135.0,8.433460235595703,196.5885009765625,-0.0016133455792441964,70220.75,1.2124253511428833
56600.0,0.0,0.0,-4200132.5,6.696864128112793,194.51966857910156,-0.0012232079170644283,70211.609375,1.212583065032959
56700.0,0.0,0.0,-4200134.5,6.918978214263916,197.5484619140625,0.0004626653390005231,70198.015625,1.212817907333374
56800.0,0.0,0.0,-4200135.5,6.675075054168701,201.16513061523438,0.0015325425192713737,70181.1640625,1.213109016418457
56900.0,0.0,0.0,-4200131.5,6.551137447357178,199.9877471923828,-0.00046829343773424625,70161.75,1.213444709777832
57000.0,0.0,0.0,-4200129.5,8.222047805786133,200.06321716308594,-0.001642844406887889,70139.8671875,1.2138233184814453
57100.0,0.0,0.0,-4200129.5,7.381014347076416,200.6953582763672,-0.0004314323887228966,70115.0,1.2142539024353027
57200.0,0.0,0.0,-4200131.5,8.290942192077637,203.1759490966797,0.0006428954657167196,70088.3125,1.2147163152694702
57300.0,0.0,0.0,-4200133.0,7.587884426116943,205.9271240234375,0.0010831415420398116,70061.6640625,1.2151782512664795
57400.0,0.0,0.0,-4200130.0,8.301387786865234,200.62957763671875,-0.0001471394207328558,70034.6640625,1.2156466245651245
57500.0,0.0,0.0,-4200131.5,6.840366363525391,201.79690551757812,-0.0008172470843419433,70005.765625,1.2161484956741333
57600.0,0.0,0.0,-4200129.5,7.265589237213135,198.93919372558594,-0.0011452095350250602,69976.03125,1.2166653871536255
57700.0,0.0,0.0,-4200130.5,7.337065696716309,200.61000061035156,0.00028748472686856985,69944.4453125,1.2172147035598755
57800.0,0.0,0.0,-4200132.5,8.25851058959961,202.15823364257812,0.0016163564287126064,69913.3515625,1.2177560329437256
57900.0,0.0,0.0,-4200129.5,7.593647480010986,201.59568786621094,-0.0004276994150131941,69883.7578125,1.2182717323303223
58000.0,0.0,0.0,-4200129.5,7.463831901550293,200.85096740722656,-0.0006435064133256674,69852.5859375,1.2188153266906738
58100.0,0.0,0.0,-4200129.5,7.879234790802002,201.17755126953125,-0.0014283803757280111,69821.4296875,1.219359278678894
58200.0,0.0,0.0,-4200129.5,7.321195125579834,199.98355102539062,0.0010703630978241563,69791.0,1.2198909521102905
58300.0,0.0,0.0,-4200131.5,7.590034008026123,201.66282653808594,0.0010360092855989933,69763.171875,1.2203775644302368
58400.0,0.0,0.0,-4200127.5,7.889736175537109,197.1761474609375,0.0002597072161734104,69737.3046875,1.2208302021026611
58500.0,0.0,0.0,-4200134.5,6.803023338317871,205.40614318847656,-0.00017565488815307617,69712.1640625,1.2212704420089722
58600.0,0.0,0.0,-4200131.5,6.944331169128418,200.84356689453125,-0.0012362537672743201,69688.8359375,1.2216793298721313
58700.0,0.0,0.0,-4200132.0,7.454867362976074,201.7705078125,0.0012280329829081893,69667.71875,1.222049593925476
58800.0,0.0,0.0,-4200133.0,8.005889892578125,203.18771362304688,0.0006543071940541267,69650.1171875,1.2223584651947021
58900.0,0.0,0.0,-4200125.5,7.780696868896484,197.34144592285156,0.0003486606292426586,69633.9296875,1.2226425409317017
59000.0,0.0,0.0,-4200129.5,8.912120819091797,199.94503784179688,-0.0006674579344689846,69620.421875,1.2228797674179077
59100.0,0.0,0.0,-4200128.5,7.850882530212402,197.86282348632812,-0.0001630729530006647,69609.46875,1.2230720520019531
59200.0,0.0,0.0,-4200135.5,7.578232765197754,205.096923828125,0.0009879476856440306,69601.171875,1.2232179641723633
59300.0,0.0,0.0,-4200130.0,8.009775161743164,201.06341552734375,-0.0001249769702553749,69595.1171875,1.2233244180679321
59400.0,0.0,0.0,-4200127.0,8.738069534301758,196.5557098388672,-0.00020306010264903307,69591.734375,1.223383903503418
59500.0,0.0,0.0,-4200129.0,9.465356826782227,197.45936584472656,-7.619522511959076e-05,69590.1953125,1.223410964012146
59600.0,0.0,0.0,-4200131.5,8.491527557373047,199.71861267089844,0.0017497566295787692,69591.5703125,1.2233868837356567
59700.0,0.0,0.0,-4200131.5,7.948083400726318,200.06997680664062,-0.0004902367945760489,69595.6796875,1.2233145236968994
59800.0,0.0,0.0,-4200131.0,10.219951629638672,199.7752227783203,-0.0012172360438853502,69600.4609375,1.2232304811477661
59900.0,0.0,0.0,-4200132.0,7.642725467681885,200.75076293945312,-0.00026159395929425955,69605.8671875,1.2231354713439941
60000.0,0.0,0.0,-4200133.0,7.041784286499023,200.99993896484375,0.0012411270290613174,69611.9765625,1.2230281829833984
60100.0,0.0,0.0,-4200135.0,7.317657470703125,202.41493225097656,0.0014814313035458326,69618.8828125,1.2229068279266357
60200.0,0.0,0.0,-4200134.5,7.626845359802246,199.73533630371094,-0.0009982783813029528,69627.8046875,1.2227500677108765
60300.0,0.0,0.0,-4200137.5,8.253836631774902,201.00421142578125,-0.0011439601657912135,69636.96875,1.222589373588562
60400.0,0.0,0.0,-4200134.0,10.114261627197266,197.82728576660156,-0.000295087113045156,69645.4921875,1.2224395275115967
60500.0,0.0,0.0,-4200135.5,9.436076164245605,200.5607147216797,0.0011043475242331624,69653.3125,1.2223023176193237
60600.0,0.0,0.0,-4200132.5,8.21158504486084,197.9783935546875,0.0010668598115444183,69662.4921875,1.2221412658691406
60700.0,0.0,0.0,-4200133.0,8.07628059387207,198.4718780517578,8.788181003183126e-05,69672.3671875,1.2219680547714233
60800.0,0.0,0.0,-4200133.0,7.0169830322265625,199.50152587890625,-0.0010989900911226869,69683.8359375,1.2217669486999512
60900.0,0.0,0.0,-4200128.5,9.763130187988281,197.44363403320312,-0.0008708732202649117,69696.2578125,1.221549153327942
61000.0,0.0,0.0,-4200130.0,8.252511978149414,199.80023193359375,0.000636247219517827,69708.84375,1.221328616142273
61100.0,0.0,0.0,-4200131.0,8.624873161315918,200.5105743408203,0.000780593603849411,69723.4140625,1.2210733890533447
61200.0,0.0,0.0,-4200130.0,8.034626960754395,200.36572265625,-0.0001734978286549449,69738.921875,1.220801830291748
61300.0,0.0,0.0,-4200131.0,7.462691783905029,200.6803741455078,-0.0002111508511006832,69754.0859375,1.2205365896224976
61400.0,0.0,0.0,-4200132.5,7.429891109466553,198.6576385498047,-0.00011452019680291414,69768.3203125,1.220287561416626
61500.0,0.0,0.0,-4200135.5,6.587129592895508,201.4971923828125,0.00013846054207533598,69783.1015625,1.2200291156768799
61600.0,0.0,0.0,-4200131.0,8.001012802124023,196.65542602539062,0.00024666718672960997,69798.859375,1.2197535037994385
61700.0,0.0,0.0,-4200136.0,8.259248733520508,201.78021240234375,-0.0002794221509248018,69814.0078125,1.2194889783859253
61800.0,0.0,0.0,-4200126.5,8.101743698120117,195.4486083984375,-0.0006843309383839369,69827.9765625,1.2192449569702148
61900.0,0.0,0.0,-4200132.5,9.819150924682617,202.60423278808594,0.0002222884213551879,69841.2421875,1.2190134525299072
62000.0,0.0,0.0,-4200130.0,7.55755615234375,201.55599975585938,0.0004499627975746989,69853.484375,1.2187997102737427
62100.0,0.0,0.0,-4200131.0,8.340458869934082,205.27325439453125,-0.0009835396194830537,69864.4921875,1.2186076641082764
62200.0,0.0,0.0,-4200129.5,9.427644729614258,201.71246337890625,-0.00026836968027055264,69873.6640625,1.2184476852416992
62300.0,0.0,0.0,-4200129.0,9.154620170593262,198.16116333007812,0.0016781387384980917,69881.140625,1.2183175086975098
62400.0,0.0,0.0,-4200129.5,9.847967147827148,197.87835693359375,0.0002598394639790058,69888.9140625,1.218181848526001
62500.0,0.0,0.0,-4200131.5,7.934549808502197,199.77130126953125,-0.0005246506771072745,69895.796875,1.218061923980713
62600.0,0.0,0.0,-4200130.5,8.302135467529297,198.9093780517578,-0.0017257330473512411,69901.1484375,1.2179685831069946
62700.0,0.0,0.0,-4200135.5,7.5914716720581055,204.45729064941406,-0.00017702742479741573,69902.6875,1.2179417610168457
62800.0,0.0,0.0,-4200132.0,7.042809009552002,199.26559448242188,0.0012529438827186823,69899.578125,1.2179960012435913
62900.0,0.0,0.0,-4200131.5,7.204671859741211,197.9744415283203,0.0011937868548557162,69894.65625,1.2180817127227783
63000.0,0.0,0.0,-4200133.5,8.161484718322754,201.25392150878906,-0.0004318451974540949,69889.375,1.218173861503601
63100.0,0.0,0.0,-4200132.0,7.647156238555908,198.71278381347656,-0.0021133660338819027,69881.78125,1.2183061838150024
63200.0,0.0,0.0,-4200135.5,7.731967926025391,203.21168518066406,-0.0005852844333276153,69870.828125,1.2184971570968628
63300.0,0.0,0.0,-4200132.0,7.0850300788879395,197.94061279296875,0.0009279755176976323,69857.03125,1.2187378406524658
63400.0,0.0,0.0,-4200132.5,8.363082885742188,200.7536163330078,0.0028884857892990112,69842.6796875,1.218988299369812
63500.0,0.0,0.0,-4200134.0,7.750341415405273,200.61500549316406,-0.0004801313625648618,69829.3359375,1.2192212343215942
63600.0,0.0,0.0,-4200131.5,7.9486165046691895,198.01815795898438,-0.0023770153056830168,69814.0234375,1.2194886207580566
63700.0,0.0,0.0,-4200132.5,7.670347213745117,200.31272888183594,-0.0009739960078150034,69796.125,1.2198013067245483
63800.0,0.0,0.0,-4200133.5,8.192816734313965,201.8286895751953,0.0009099952876567841,69776.890625,1.220137596130371
63900.0,0.0,0.0,-4200133.5,7.055044174194336,202.53733825683594,0.0021589472889900208,69758.2265625,1.2204639911651611
64000.0,0.0,0.0,-4200131.5,8.978080749511719,201.17027282714844,-0.0010467835236340761,69740.28125,1.2207781076431274
64100.0,0.0,0.0,-4200128.5,6.65805721282959,200.34971618652344,-0.000736056943424046,69720.5625,1.2211233377456665
64200.0,0.0,0.0,-4200133.5,7.802461624145508,207.08950805664062,-0.00019525038078427315,69700.125,1.221481442451477
64300.0,0.0,0.0,-4200127.0,10.912003517150879,201.03895568847656,0.0005251530092209578,69679.7734375,1.221838116645813
64400.0,0.0,0.0,-4200128.0,8.275337219238281,202.174560546875,0.0012193466536700726,69661.1640625,1.222164511680603
64500.0,0.0,0.0,-4200129.0,8.514297485351562,203.4088897705078,-0.0008883345872163773,69644.78125,1.2224520444869995
64600.0,0.0,0.0,-4200132.0,7.370625019073486,203.37164306640625,-0.000416505616158247,69628.71875,1.2227342128753662
64700.0,0.0,0.0,-4200131.0,9.166362762451172,200.43453979492188,1.7100246623158455e-06,69613.3203125,1.2230045795440674
64800.0,0.0,0.0,-4200130.5,9.28423023223877,198.39224243164062,0.0009138059103861451,69600.765625,1.2232251167297363
64900.0,0.0,0.0,-4200130.5,8.786869049072266,197.00454711914062,0.00045562395825982094,69591.4140625,1.2233895063400269
65000.0,0.0,0.0,-4200129.5,7.5257720947265625,195.4533233642578,-0.0002839696826413274,69583.8671875,1.2235221862792969
65100.0,0.0,0.0,-4200134.5,7.6363091468811035,200.9852294921875,3.541121259331703e-05,69577.609375,1.2236322164535522
65200.0,0.0,0.0,-4200133.0,8.230154991149902,201.93911743164062,0.00024230917915701866,69574.1875,1.2236924171447754
65300.0,0.0,0.0,-4200130.0,9.215880393981934,198.38516235351562,0.0009543711203150451,69573.015625,1.2237130403518677
65400.0,0.0,0.0,-4200133.5,7.205478191375732,201.7347412109375,-0.000797302694991231,69574.8828125,1.2236801385879517
65500.0,0.0,0.0,-4200131.5,6.558642864227295,198.43597412109375,-0.0001474199816584587,69578.4609375,1.2236173152923584
65600.0,0.0,0.0,-4200135.0,9.295074462890625,201.46102905273438,0.00032095296774059534,69583.8046875,1.2235232591629028
65700.0,0.0,0.0,-4200132.0,8.329010963439941,197.73654174804688,0.00121662812307477,69592.0390625,1.2233786582946777
65800.0,0.0,0.0,-4200136.0,7.1817522048950195,201.6634063720703,-0.00028303125873208046,69602.421875,1.223196029663086
65900.0,0.0,0.0,-4200134.5,8.518169403076172,199.81430053710938,-0.0001962693640962243,69613.9375,1.2229937314987183
66000.0,0.0,0.0,-4200128.5,7.298711776733398,195.3581085205078,-0.0005474946228787303,69627.1328125,1.2227619886398315
66100.0,0.0,0.0,-4200134.5,7.140476703643799,204.57357788085938,0.00045756937470287085,69641.5078125,1.222509503364563
66200.0,0.0,0.0,-4200130.5,7.921727657318115,201.5245361328125,0.0007112586172297597,69658.1953125,1.2222167253494263
66300.0,0.0,0.0,-4200132.0,7.617125034332275,204.18914794921875,-0.00016973994206637144,69676.9453125,1.2218877077102661
66400.0,0.0,0.0,-4200129.5,8.072527885437012,202.36041259765625,0.00020635558757930994,69696.265625,1.2215490341186523
66500.0,0.0,0.0,-4200132.0,9.088869094848633,204.0466766357422,-0.0007270246278494596,69716.453125,1.2211953401565552
66600.0,0.0,0.0,-4200129.0,7.411809921264648,197.75177001953125,0.0013037135358899832,69736.1171875,1.220850944519043
66700.0,0.0,0.0,-4200132.5,8.143006324768066,199.72427368164062,-0.0002290378324687481,69757.4921875,1.2204768657684326
66800.0,0.0,0.0,-4200132.0,8.283154487609863,198.0056915283203,0.0004899492487311363,69778.7421875,1.2201051712036133
66900.0,0.0,0.0,-4200131.5,7.805877208709717,198.96998596191406,-0.0008336749160662293,69798.96875,1.2197515964508057
67000.0,0.0,0.0,-4200131.5,7.392472267150879,200.20359802246094,-0.0002691383706405759,69816.6875,1.2194421291351318
67100.0,0.0,0.0,-4200133.5,7.811612129211426,202.67649841308594,0.0009714339394122362,69831.4140625,1.2191848754882812
67200.0,0.0,0.0,-4200131.0,9.740792274475098,199.80731201171875,-0.00046881160233169794,69844.9921875,1.2189480066299438
67300.0,0.0,0.0,-4200131.5,9.859007835388184,200.2997589111328,8.396338671445847e-06,69856.4453125,1.2187480926513672
67400.0,0.0,0.0,-4200130.0,7.200306415557861,199.97463989257812,-0.0010605654679238796,69864.71875,1.2186038494110107
67500.0,0.0,0.0,-4200133.0,7.672052383422852,199.8714599609375,0.0007769641233608127,69869.296875,1.2185238599777222
67600.0,0.0,0.0,-4200132.5,7.495069980621338,198.1433868408203,0.00026830274146050215,69871.9609375,1.2184773683547974
67700.0,0.0,0.0,-4200135.0,7.913332462310791,201.2283935546875,-0.0003877350827679038,69872.1640625,1.2184739112854004
67800.0,0.0,0.0,-4200132.5,8.602974891662598,199.22967529296875,0.00024682004004716873,69869.515625,1.2185200452804565
67900.0,0.0,0.0,-4200132.5,7.49112606048584,201.6377410888672,-0.0017096825176849961,69863.71875,1.2186211347579956
68000.0,0.0,0.0,-4200131.0,8.88510799407959,200.69068908691406,0.0006415322422981262,69855.015625,1.2187730073928833
68100.0,0.0,0.0,-4200130.5,6.934561729431152,203.18478393554688,0.0007535201730206609,69844.84375,1.2189505100250244
68200.0,0.0,0.0,-4200127.5,7.355580806732178,200.6710662841797,7.350044324994087e-05,69832.921875,1.21915864944458
68300.0,0.0,0.0,-4200129.5,8.375937461853027,203.23789978027344,-0.0007117013446986675,69818.5078125,1.2194104194641113
68400.0,0.0,0.0,-4200130.0,6.681567192077637,203.4020538330078,-0.000462433323264122,69800.5859375,1.2197233438491821
68500.0,0.0,0.0,-4200129.5,8.693497657775879,201.08399963378906,0.0009994617430493236,69781.0546875,1.2200647592544556
68600.0,0.0,0.0,-4200135.0,7.733870506286621,204.8507537841797,-7.091613952070475e-05,69761.2890625,1.2204104661941528
68700.0,0.0,0.0,-4200132.5,7.8783159255981445,200.864990234375,0.0001953159226104617,69740.484375,1.220774531364441
68800.0,0.0,0.0,-4200135.5,8.362195014953613,202.98660278320312,-0.0008273930288851261,69718.4453125,1.2211604118347168
68900.0,0.0,0.0,-4200131.0,9.278800964355469,199.1649932861328,0.000568910501897335,69694.0859375,1.2215873003005981
69000.0,0.0,0.0,-4200129.5,8.469160079956055,196.80238342285156,0.0005191371310502291,69668.625,1.2220337390899658
69100.0,0.0,0.0,-4200132.0,9.098810195922852,198.6578369140625,0.0004311606753617525,69643.1484375,1.2224807739257812
69200.0,0.0,0.0,-4200134.5,7.58043909072876,202.07093811035156,-0.0008761911885812879,69618.09375,1.2229206562042236
69300.0,0.0,0.0,-4200132.0,8.205471992492676,198.05624389648438,-0.0009678223868831992,69592.609375,1.223368525505066
69400.0,0.0,0.0,-4200133.5,10.3483304977417,198.784912109375,0.001066652243025601,69567.734375,1.2238059043884277
69500.0,0.0,0.0,-4200133.5,7.768913745880127,199.7128448486328,0.0011537647806107998,69545.109375,1.224204182624817
69600.0,0.0,0.0,-4200129.0,8.951712608337402,192.62646484375,0.0005325707606971264,69524.671875,1.2245639562606812
69700.0,0.0,0.0,-4200135.0,8.099048614501953,197.92959594726562,-0.0014971019700169563,69506.25,1.2248884439468384
69800.0,0.0,0.0,-4200134.5,8.841726303100586,198.06777954101562,-0.0004160621901974082,69487.984375,1.225210428237915
69900.0,0.0,0.0,-4200132.5,7.442676067352295,196.83236694335938,0.0002876517828553915,69471.1171875,1.2255079746246338
70000.0,0.0,0.0,-4200133.5,7.028390884399414,199.15634155273438,0.0005184483015909791,69456.2265625,1.2257707118988037
70100.0,0.0,0.0,-4200134.0,9.345820426940918,200.77113342285156,0.0005748961120843887,69443.4453125,1.2259962558746338
70200.0,0.0,0.0,-4200134.0,8.751776695251465,202.05453491210938,-0.00016096793115139008,69433.140625,1.2261782884597778
70300.0,0.0,0.0,-4200130.5,7.48518180847168,199.6252899169922,4.75060660392046e-05,69424.3828125,1.2263329029083252
70400.0,0.0,0.0,-4200134.0,10.82836627960205,203.01779174804688,0.00036651594564318657,69417.90625,1.226447343826294
70500.0,0.0,0.0,-4200129.5,7.744727611541748,198.26065063476562,-3.680202644318342e-05,69414.46875,1.2265080213546753
70600.0,0.0,0.0,-4200135.5,6.887267589569092,204.0955810546875,0.0002852373290807009,69414.34375,1.2265102863311768
70700.0,0.0,0.0,-4200130.5,8.390567779541016,198.5496063232422,-3.858725540339947e-05,69417.25,1.2264589071273804
70800.0,0.0,0.0,-4200134.0,7.674565315246582,201.0827178955078,0.0003052414394915104,69422.359375,1.22636878490448
70900.0,0.0,0.0,-4200132.0,8.953017234802246,197.92715454101562,0.00065571628510952,69429.4375,1.2262437343597412
71000.0,0.0,0.0,-4200132.0,9.108940124511719,197.570556640625,-0.0006346296286210418,69437.4453125,1.2261022329330444
71100.0,0.0,0.0,-4200133.5,9.147669792175293,199.49456787109375,-0.0003826008178293705,69445.0625,1.2259677648544312
71200.0,0.0,0.0,-4200133.5,9.809662818908691,199.7921905517578,3.971031401306391e-05,69452.2265625,1.2258412837982178
71300.0,0.0,0.0,-4200133.0,7.036256313323975,200.8130340576172,0.0011151633225381374,69460.7265625,1.225691318511963
71400.0,0.0,0.0,-4200133.5,6.817932605743408,201.56837463378906,-0.00010971783194690943,69471.421875,1.225502610206604
71500.0,0.0,0.0,-4200131.5,9.047677040100098,201.0100860595703,-0.0007521824445575476,69482.8828125,1.2253005504608154
71600.0,0.0,0.0,-4200129.5,8.480454444885254,199.5650177001953,-0.0007791165262460709,69493.859375,1.2251068353652954
71700.0,0.0,0.0,-4200131.5,7.78203821182251,199.47537231445312,0.0005218730075284839,69504.25,1.2249237298965454
71800.0,0.0,0.0,-4200133.5,6.673470497131348,198.9833526611328,0.001070569735020399,69516.515625,1.2247077226638794
71900.0,0.0,0.0,-4200132.5,9.214076042175293,196.9039764404297,-0.00013581523671746254,69529.78125,1.2244740724563599
72000.0,0.0,0.0,-4200134.0,7.902055740356445,199.23342895507812,-0.000689445179887116,69543.015625,1.2242408990859985
72100.0,0.0,0.0,-4200132.0,8.179399490356445,197.3560028076172,-0.0005319240735843778,69556.546875,1.224002718925476
72200.0,0.0,0.0,-4200135.0,8.061030387878418,201.37745666503906,0.000596906989812851,69569.8203125,1.223769187927246
72300.0,0.0,0.0,-4200130.0,7.979074478149414,196.48025512695312,0.0005149180069565773,69584.0703125,1.2235186100006104
72400.0,0.0,0.0,-4200134.0,8.194636344909668,201.86520385742188,-0.00036621501203626394,69599.265625,1.223251461982727
72500.0,0.0,0.0,-4200129.5,8.174795150756836,198.32542419433594,-0.000649729510769248,69614.5078125,1.222983717918396
72600.0,0.0,0.0,-4200131.0,6.766223430633545,201.60159301757812,-0.0007229325128719211,69630.046875,1.2227107286453247
72700.0,0.0,0.0,-4200134.5,7.454083442687988,206.8810272216797,0.0009165662922896445,69644.859375,1.2224507331848145
72800.0,0.0,0.0,-4200131.0,7.020684242248535,200.38003540039062,0.0001557866344228387,69660.3125,1.2221795320510864
72900.0,0.0,0.0,-4200136.0,8.415122985839844,201.7788848876953,-5.810870788991451e-05,69674.734375,1.2219265699386597
73000.0,0.0,0.0,-4200133.5,7.142834186553955,197.68994140625,0.00023613183293491602,69689.390625,1.2216695547103882
73100.0,0.0,0.0,-4200136.0,7.0631608963012695,202.42196655273438,-0.0003882970195263624,69704.6953125,1.221401333808899
73200.0,0.0,0.0,-4200133.0,7.14075231552124,200.02296447753906,-0.000348508358001709,69719.0703125,1.2211494445800781
73300.0,0.0,0.0,-4200133.0,7.250332355499268,201.4981689453125,-0.0007545563858002424,69732.6875,1.2209110260009766
73400.0,0.0,0.0,-4200130.5,8.79507064819336,199.68121337890625,0.0004633233183994889,69744.78125,1.2206993103027344
73500.0,0.0,0.0,-4200132.0,7.896050453186035,202.80728149414062,0.0003929648082703352,69756.859375,1.2204880714416504
73600.0,0.0,0.0,-4200131.5,7.6464524269104,202.77691650390625,5.333288572728634e-05,69768.9375,1.2202765941619873
73700.0,0.0,0.0,-4200131.5,8.530458450317383,202.44973754882812,-5.734211299568415e-05,69780.1171875,1.2200813293457031
73800.0,0.0,0.0,-4200131.5,9.669157981872559,200.69869995117188,-0.0010036744643002748,69788.5859375,1.219933271408081
73900.0,0.0,0.0,-4200131.5,9.847183227539062,198.39974975585938,0.0003001019358634949,69794.3125,1.2198330163955688
74000.0,0.0,0.0,-4200136.0,7.745733261108398,202.2689971923828,-0.00042500579729676247,69797.46875,1.2197778224945068
74100.0,0.0,0.0,-4200129.0,7.458560943603516,195.13499450683594,0.0010460822377353907,69797.6484375,1.219774842262268
74200.0,0.0,0.0,-4200131.0,8.581082344055176,197.7786407470703,-0.0004914720775559545,69795.7421875,1.2198081016540527
74300.0,0.0,0.0,-4200130.5,6.938094615936279,198.54762268066406,-0.00021209369879215956,69791.1640625,1.2198880910873413
74400.0,0.0,0.0,-4200132.0,7.2973103523254395,200.65785217285156,0.00027150148525834084,69785.1015625,1.219994068145752
74500.0,0.0,0.0,-4200130.0,10.566047668457031,198.8801727294922,0.00010439904872328043,69775.4921875,1.2201621532440186
74600.0,0.0,0.0,-4200130.0,7.49719762802124,199.84364318847656,7.483689114451408e-05,69764.1875,1.2203598022460938
74700.0,0.0,0.0,-4200129.5,7.124199390411377,202.24147033691406,-0.0015045468462631106,69751.5703125,1.2205804586410522
74800.0,0.0,0.0,-4200130.5,7.400615692138672,202.95433044433594,0.0007526973495259881,69736.34375,1.2208470106124878
74900.0,0.0,0.0,-4200129.0,7.557589530944824,199.76889038085938,-0.00042381242383271456,69720.359375,1.2211270332336426
75000.0,0.0,0.0,-4200130.5,7.97599983215332,200.73777770996094,0.000712357577867806,69704.0859375,1.221411943435669
75100.0,0.0,0.0,-4200133.5,7.6220293045043945,201.33677673339844,-0.000249922857619822,69689.1953125,1.2216731309890747
75200.0,0.0,0.0,-4200131.0,8.542236328125,197.5904541015625,-0.00033060507848858833,69675.9765625,1.2219047546386719
75300.0,0.0,0.0,-4200132.5,7.666501522064209,200.54930114746094,0.0002947802422568202,69662.890625,1.2221343517303467
75400.0,0.0,0.0,-4200132.0,7.160100936889648,199.55564880371094,-2.7729780413210392e-05,69649.359375,1.2223718166351318
75500.0,0.0,0.0,-4200131.5,7.7838006019592285,198.55409240722656,0.0010570305166766047,69635.6171875,1.2226130962371826
75600.0,0.0,0.0,-4200133.5,6.861179351806641,200.7067108154297,-0.0004932167939841747,69622.4375,1.2228443622589111
75700.0,0.0,0.0,-4200132.5,7.930786609649658,200.05035400390625,0.0001764425542205572,69609.6953125,1.2230682373046875
75800.0,0.0,0.0,-4200133.0,9.268533706665039,198.41482543945312,-0.0009028686909005046,69596.84375,1.2232940196990967
75900.0,0.0,0.0,-4200131.5,6.761576175689697,195.63233947753906,4.244176670908928e-05,69583.2890625,1.2235324382781982
76000.0,0.0,0.0,-4200133.0,8.345420837402344,200.60296630859375,0.001573049696162343,69569.9296875,1.2237672805786133
76100.0,0.0,0.0,-4200131.5,6.697563648223877,198.36114501953125,0.00015444890595972538,69557.71875,1.2239820957183838
76200.0,0.0,0.0,-4200133.0,9.109638214111328,200.22265625,-0.0005211668321862817,69545.90625,1.2241899967193604
76300.0,0.0,0.0,-4200133.5,8.179228782653809,199.6874237060547,-0.0012348066084086895,69535.1171875,1.2243800163269043
76400.0,0.0,0.0,-4200133.5,9.240241050720215,200.29051208496094,0.00031080085318535566,69525.0,1.2245581150054932
76500.0,0.0,0.0,-4200137.0,6.650472164154053,204.91488647460938,0.0012243470409885049,69516.84375,1.2247018814086914
76600.0,0.0,0.0,-4200132.0,7.189295291900635,202.81692504882812,0.00036443653516471386,69509.7734375,1.224826455116272
76700.0,0.0,0.0,-4200128.0,7.758957386016846,201.43898010253906,-0.0005801446968689561,69503.859375,1.2249306440353394
76800.0,0.0,0.0,-4200127.5,7.0669965744018555,201.01348876953125,-0.001070667989552021,69501.265625,1.2249763011932373
76900.0,0.0,0.0,-4200130.0,10.063127517700195,202.0545196533203,0.0009687435813248158,69500.8984375,1.2249828577041626
77000.0,0.0,0.0,-4200129.0,7.972117900848389,199.32289123535156,0.0007546899141743779,69502.40625,1.2249562740325928
77100.0,0.0,0.0,-4200130.5,8.124765396118164,198.62088012695312,0.0004660914419218898,69505.609375,1.2248998880386353
77200.0,0.0,0.0,-4200132.0,7.332752227783203,199.50099182128906,-0.0011041633551940322,69511.8125,1.2247904539108276
77300.0,0.0,0.0,-4200128.5,7.649192810058594,196.5436553955078,-0.00021409662440419197,69519.8515625,1.2246488332748413
77400.0,0.0,0.0,-4200133.5,6.917006969451904,201.77159118652344,0.0005454232450574636,69528.96875,1.2244882583618164
77500.0,0.0,0.0,-4200129.5,9.856508255004883,197.30503845214844,0.0006569941760972142,69539.671875,1.2242999076843262
77600.0,0.0,0.0,-4200132.5,9.38692855834961,200.13677978515625,-0.0006810703780502081,69552.53125,1.2240734100341797
77700.0,0.0,0.0,-4200131.0,8.203001976013184,196.7729949951172,-0.0006331978365778923,69566.6640625,1.2238247394561768
77800.0,0.0,0.0,-4200135.5,8.403499603271484,199.83290100097656,0.0011809004936367273,69581.5859375,1.2235623598098755
77900.0,0.0,0.0,-4200136.0,9.07625961303711,198.92608642578125,0.0005311185959726572,69598.53125,1.223264455795288
78000.0,0.0,0.0,-4200133.5,7.741417407989502,199.47059631347656,-0.00023451552260667086,69614.9609375,1.222975730895996
78100.0,0.0,0.0,-4200132.0,7.275132179260254,197.92803955078125,-0.001460009953007102,69630.5390625,1.222702145576477
78200.0,0.0,0.0,-4200135.0,8.540682792663574,201.77369689941406,-0.0003106705844402313,69644.0859375,1.2224643230438232
78300.0,0.0,0.0,-4200132.0,7.557710647583008,201.65174865722656,0.0002333387965336442,69655.40625,1.222265601158142
78400.0,0.0,0.0,-4200131.0,8.99780559539795,202.15496826171875,0.0015042168088257313,69665.296875,1.2220920324325562
78500.0,0.0,0.0,-4200130.5,7.062020778656006,202.2274169921875,-5.192216485738754e-05,69674.4140625,1.2219321727752686
78600.0,0.0,0.0,-4200130.0,8.145304679870605,200.95855712890625,-0.0009871547808870673,69682.4453125,1.2217912673950195
78700.0,0.0,0.0,-4200128.5,8.095283508300781,200.23374938964844,-0.00035347265657037497,69687.625,1.2217005491256714
78800.0,0.0,0.0,-4200133.0,7.701098442077637,203.13084411621094,-0.000510193407535553,69689.359375,1.221670150756836
78900.0,0.0,0.0,-4200130.5,8.13772201538086,198.68081665039062,7.2139548137784e-05,69688.421875,1.2216867208480835
79000.0,0.0,0.0,-4200133.0,7.63437032699585,199.91793823242188,-0.0007213184144347906,69685.4453125,1.2217388153076172
79100.0,0.0,0.0,-4200127.5,8.784322738647461,195.0002899169922,0.0004782465985044837,69679.3203125,1.221846103668213
79200.0,0.0,0.0,-4200133.0,8.971009254455566,202.0994415283203,0.0004431485431268811,69670.8515625,1.2219947576522827
79300.0,0.0,0.0,-4200130.5,7.0534586906433105,198.98963928222656,0.00031743000727146864,69659.46875,1.2221943140029907
79400.0,0.0,0.0,-4200130.0,9.461904525756836,198.255859375,-0.0012464028550311923,69647.1015625,1.2224112749099731
79500.0,0.0,0.0,-4200135.0,8.145180702209473,201.7633514404297,-0.0008988658664748073,69632.578125,1.2226662635803223
79600.0,0.0,0.0,-4200134.5,6.6657609939575195,199.0526580810547,0.0012663216330111027,69614.90625,1.2229766845703125
79700.0,0.0,0.0,-4200135.0,7.35259485244751,198.15155029296875,0.0008544404990971088,69596.359375,1.2233026027679443
79800.0,0.0,0.0,-4200135.5,7.1520256996154785,198.7876739501953,0.0002950321650132537,69577.0,1.2236429452896118
79900.0,0.0,0.0,-4200136.0,8.240582466125488,202.29263305664062,-0.0011313335271552205,69556.1796875,1.2240092754364014
80000.0,0.0,0.0,-4200129.5,8.127864837646484,197.5309295654297,-0.0007808494847267866,69533.625,1.2244062423706055
80100.0,0.0,0.0,-4200131.5,9.368420600891113,200.27584838867188,0.0001474225427955389,69508.71875,1.224845051765442
80200.0,0.0,0.0,-4200134.0,7.60770845413208,203.05593872070312,0.0012923170579597354,69483.78125,1.2252845764160156
80300.0,0.0,0.0,-4200130.0,8.75222396850586,199.4512939453125,0.0008411012240685523,69460.84375,1.225689172744751
80400.0,0.0,0.0,-4200133.0,8.381413459777832,202.0734100341797,-0.0008466209983453155,69439.546875,1.2260653972625732
80500.0,0.0,0.0,-4200131.5,8.344696998596191,199.8505859375,-0.0007544034160673618,69419.1796875,1.2264248132705688
80600.0,0.0,0.0,-4200132.0,8.424184799194336,199.38577270507812,-0.00016147340647876263,69400.15625,1.226760983467102
80700.0,0.0,0.0,-4200133.0,8.30339527130127,199.38478088378906,0.0009605775703676045,69383.1953125,1.2270610332489014
80800.0,0.0,0.0,-4200133.0,8.61783218383789,199.6480255126953,0.0016033384017646313,69368.390625,1.2273228168487549
80900.0,0.0,0.0,-4200131.0,8.913941383361816,196.367431640625,-0.0002492100466042757,69357.0625,1.2275232076644897
81000.0,0.0,0.0,-4200134.0,7.415713310241699,197.72085571289062,-0.0010377255966886878,69348.3046875,1.2276784181594849
81100.0,0.0,0.0,-4200134.5,7.208025932312012,197.65731811523438,8.49459320306778e-05,69341.5859375,1.227797269821167
81200.0,0.0,0.0,-4200133.5,7.699573040008545,199.9471893310547,0.0006227612029761076,69338.265625,1.2278560400009155
81300.0,0.0,0.0,-4200134.0,9.554272651672363,201.99893188476562,0.0008879703236743808,69338.46875,1.227852463722229
81400.0,0.0,0.0,-4200129.5,8.687484741210938,197.23220825195312,-0.0001068097772076726,69341.8125,1.2277932167053223
81500.0,0.0,0.0,-4200134.0,10.258715629577637,204.7350311279297,0.000637270393781364,69346.8125,1.227704644203186
81600.0,0.0,0.0,-4200132.0,8.834612846374512,201.9274444580078,0.00010317831765860319,69354.125,1.2275751829147339
81700.0,0.0,0.0,-4200130.0,6.961254596710205,199.02825927734375,-0.00032412726432085037,69364.09375,1.2273987531661987
81800.0,0.0,0.0,-4200135.0,7.270884037017822,202.447021484375,-1.3217329978942871e-05,69377.0625,1.227169394493103
81900.0,0.0,0.0,-4200133.5,8.903312683105469,199.43235778808594,8.66968184709549e-05,69392.65625,1.226893663406372
82000.0,0.0,0.0,-4200131.0,7.662458419799805,198.7036895751953,0.0007102930685505271,69411.140625,1.2265669107437134
82100.0,0.0,0.0,-4200135.0,11.09823226928711,202.16351318359375,0.00037520762998610735,69432.078125,1.2261970043182373
82200.0,0.0,0.0,-4200133.0,6.851401329040527,199.3462677001953,-0.00030325958505272865,69454.296875,1.2258046865463257
82300.0,0.0,0.0,-4200136.0,7.9435296058654785,202.1248016357422,-0.0001545639242976904,69476.6953125,1.2254095077514648
82400.0,0.0,0.0,-4200135.0,9.447148323059082,198.5703887939453,0.00046276592183858156,69499.7421875,1.2250032424926758
82500.0,0.0,0.0,-4200134.5,6.947332382202148,196.7766571044922,-0.00014306989032775164,69523.28125,1.224588394165039
82600.0,0.0,0.0,-4200136.0,7.397822856903076,198.29209899902344,0.00015613867435604334,69546.765625,1.224174976348877
82700.0,0.0,0.0,-4200132.0,7.253046989440918,197.82461547851562,2.8123613446950912e-05,69571.1875,1.2237452268600464
82800.0,0.0,0.0,-4200126.5,8.656615257263184,195.18414306640625,-0.000181164825335145,69596.09375,1.2233072519302368
82900.0,0.0,0.0,-4200130.0,7.52296257019043,203.20343017578125,0.00010680628474801779,69620.7734375,1.222873568534851
83000.0,0.0,0.0,-4200127.5,8.076480865478516,201.29884338378906,0.0008535354863852262,69644.15625,1.2224630117416382
83100.0,0.0,0.0,-4200132.0,6.8278117179870605,204.99110412597656,8.752907160669565e-05,69666.0390625,1.2220790386199951
83200.0,0.0,0.0,-4200129.0,8.644071578979492,199.7314453125,-0.0013231284683570266,69685.5,1.2217377424240112
83300.0,0.0,0.0,-4200131.0,8.932693481445312,199.8249053955078,-0.00062692875508219,69700.7109375,1.2214711904525757
83400.0,0.0,0.0,-4200130.5,6.981207370758057,197.71315002441406,0.000364746549166739,69712.5859375,1.22126305103302
83500.0,0.0,0.0,-4200134.5,8.613677978515625,201.214599609375,0.0004043835215270519,69721.90625,1.221099853515625
83600.0,0.0,0.0,-4200132.5,8.852424621582031,200.53775024414062,0.0003020514268428087,69728.546875,1.2209835052490234
83700.0,0.0,0.0,-4200134.0,9.253313064575195,201.8550262451172,-0.0010675337398424745,69731.7109375,1.2209280729293823
83800.0,0.0,0.0,-4200132.0,8.12281322479248,198.2191619873047,-0.00028769474010914564,69731.0390625,1.2209399938583374
83900.0,0.0,0.0,-4200136.0,7.062493324279785,201.27268981933594,0.00031565793324261904,69726.9765625,1.2210110425949097
84000.0,0.0,0.0,-4200134.5,7.612051486968994,198.18568420410156,0.0003936126595363021,69720.046875,1.2211323976516724
84100.0,0.0,0.0,-4200135.5,7.762756824493408,198.39463806152344,0.00022282125428318977,69710.390625,1.221301555633545
84200.0,0.0,0.0,-4200132.5,8.422494888305664,194.8180389404297,-0.0013149898732081056,69698.203125,1.2215150594711304
84300.0,0.0,0.0,-4200133.5,8.043509483337402,197.15377807617188,0.00029211200308054686,69682.90625,1.2217833995819092
84400.0,0.0,0.0,-4200134.5,7.709558963775635,200.310791015625,-0.0005882070399820805,69665.53125,1.2220879793167114
84500.0,0.0,0.0,-4200134.0,9.299102783203125,202.8302459716797,0.0004441689234226942,69646.625,1.2224197387695312
84600.0,0.0,0.0,-4200132.5,8.24380874633789,202.94752502441406,-2.0943465642631054e-05,69626.6875,1.222769856452942
84700.0,0.0,0.0,-4200130.0,9.3184175491333,201.76947021484375,-0.0003556840820237994,69604.59375,1.2231578826904297
84800.0,0.0,0.0,-4200131.0,6.997691631317139,202.18653869628906,-5.056289955973625e-05,69581.1015625,1.2235708236694336
84900.0,0.0,0.0,-4200132.5,7.7888922691345215,203.03012084960938,-0.0002366555854678154,69556.921875,1.2239962816238403
85000.0,0.0,0.0,-4200132.0,7.423521995544434,200.68431091308594,0.0004725672770291567,69531.8359375,1.2244377136230469
85100.0,0.0,0.0,-4200135.5,8.35923957824707,203.4235382080078,0.00028730439953505993,69506.2890625,1.2248878479003906
85200.0,0.0,0.0,-4200131.5,8.817152976989746,199.99435424804688,0.0004076146287843585,69480.71875,1.2253385782241821
85300.0,0.0,0.0,-4200136.0,8.485552787780762,204.6563262939453,0.0001804589992389083,69455.953125,1.2257754802703857
85400.0,0.0,0.0,-4200129.5,8.036513328552246,197.70755004882812,-0.0007575345225632191,69432.7890625,1.2261844873428345
85500.0,0.0,0.0,-4200133.5,7.092495918273926,201.58421325683594,-0.00035850657150149345,69410.671875,1.2265751361846924
85600.0,0.0,0.0,-4200135.0,7.524077415466309,202.6314697265625,0.00027263863012194633,69389.796875,1.2269443273544312
85700.0,0.0,0.0,-4200134.0,8.738844871520996,202.4389190673828,0.0011919790413230658,69369.5,1.227303147315979
85800.0,0.0,0.0,-4200128.5,9.532130241394043,195.46058654785156,0.00020000513177365065,69350.8828125,1.2276326417922974
85900.0,0.0,0.0,-4200133.0,8.154180526733398,199.31320190429688,-6.852904334664345e-05,69335.390625,1.2279069423675537
86000.0,0.0,0.0,-4200133.0,8.492892265319824,198.58119201660156,0.00045554712414741516,69322.109375,1.228142261505127
86100.0,0.0,0.0,-4200135.5,8.544666290283203,203.1307830810547,-0.00040147954132407904,69309.9609375,1.2283574342727661
86200.0,0.0,0.0,-4200133.0,8.605847358703613,200.6012725830078,-1.2912321835756302e-05,69300.1875,1.2285306453704834
86300.0,0.0,0.0,-4200133.0,8.863770484924316,202.8035430908203,0.00019421346951276064,69292.421875,1.2286683320999146
86400.0,0.0,0.0,-4200132.5,12.25934886932373,201.25387573242188,0.0007368511287495494,69286.6640625,1.2287704944610596
86500.0,0.0,0.0,-4200134.0,8.921629905700684,204.77821350097656,-0.00020707875955849886,69283.421875,1.228827953338623
86600.0,0.0,0.0,-4200133.0,8.698223114013672,201.3611297607422,-0.0008236219873651862,69282.25,1.2288486957550049
86700.0,0.0,0.0,-4200132.0,6.967514514923096,199.38023376464844,0.00035519839730113745,69281.9609375,1.2288538217544556
86800.0,0.0,0.0,-4200135.0,10.686775207519531,201.8244171142578,0.00022291322238743305,69284.1015625,1.2288159132003784
86900.0,0.0,0.0,-4200130.5,8.807809829711914,197.56857299804688,0.000777099747210741,69288.109375,1.2287449836730957
87000.0,0.0,0.0,-4200134.0,9.724411010742188,200.8409423828125,8.666282519698143e-05,69293.453125,1.2286500930786133
87100.0,0.0,0.0,-4200129.0,8.316750526428223,196.7060546875,-0.00046404614113271236,69300.1796875,1.228530764579773
87200.0,0.0,0.0,-4200130.5,7.6010823249816895,198.95364379882812,0.00020172912627458572,69308.8203125,1.2283776998519897
87300.0,0.0,0.0,-4200130.5,9.603763580322266,200.71701049804688,0.0003331138286739588,69319.6875,1.2281852960586548
87400.0,0.0,0.0,-4200135.0,7.444075584411621,207.13253784179688,0.00024411326739937067,69331.6796875,1.2279726266860962
87500.0,0.0,0.0,-4200132.5,7.329334735870361,204.79290771484375,-0.00026685232296586037,69344.859375,1.2277392148971558
87600.0,0.0,0.0,-4200130.0,8.122247695922852,199.27073669433594,-9.540608152747154e-05,69359.4609375,1.2274807691574097
87700.0,0.0,0.0,-4200135.0,7.782382965087891,202.86668395996094,0.00024453597143292427,69376.296875,1.2271828651428223
87800.0,0.0,0.0,-4200129.5,9.325016021728516,198.4141387939453,0.0008096210658550262,69393.484375,1.2268790006637573
87900.0,0.0,0.0,-4200136.5,7.423117637634277,204.3203887939453,-0.0002676683943718672,69411.234375,1.2265653610229492
88000.0,0.0,0.0,-4200132.5,8.099284172058105,200.2708740234375,-0.00020579772535711527,69428.8515625,1.2262541055679321
88100.0,0.0,0.0,-4200131.0,8.004302024841309,197.9873809814453,0.00018499128054827452,69445.8125,1.225954532623291
88200.0,0.0,0.0,-4200132.5,7.817703723907471,199.93350219726562,0.00013537961058318615,69462.3984375,1.2256617546081543
88300.0,0.0,0.0,-4200132.0,7.9787397384643555,198.5383758544922,-0.00010520836804062128,69478.609375,1.225375771522522
88400.0,0.0,0.0,-4200134.5,8.383427619934082,201.58047485351562,-0.0005461083492264152,69494.3203125,1.225098729133606
88500.0,0.0,0.0,-4200133.5,7.918527603149414,198.37847900390625,0.0005970126949250698,69509.7890625,1.2248260974884033
88600.0,0.0,0.0,-4200137.0,8.886160850524902,200.13906860351562,7.173977792263031e-06,69524.8671875,1.2245604991912842
88700.0,0.0,0.0,-4200135.0,7.470920085906982,198.55111694335938,-2.4526030756533146e-05,69539.8671875,1.2242963314056396
88800.0,0.0,0.0,-4200132.0,9.36871337890625,196.083740234375,-0.0007891395362094045,69554.6484375,1.2240362167358398
88900.0,0.0,0.0,-4200133.5,8.176952362060547,199.20362854003906,0.0001011508284136653,69567.4609375,1.2238107919692993
89000.0,0.0,0.0,-4200136.0,7.682352542877197,203.028564453125,0.0005814442411065102,69578.828125,1.223610758781433
89100.0,0.0,0.0,-4200131.5,8.22252368927002,200.011962890625,0.00043747120071202517,69588.9296875,1.2234331369400024
89200.0,0.0,0.0,-4200131.5,7.341630458831787,200.41464233398438,-0.000774436048232019,69598.0,1.223273754119873
89300.0,0.0,0.0,-4200128.5,7.370150566101074,197.08973693847656,-0.0014792784349992871,69605.5,1.2231419086456299
89400.0,0.0,0.0,-4200131.0,7.609303951263428,199.61082458496094,-8.032529149204493e-05,69610.65625,1.2230513095855713
89500.0,0.0,0.0,-4200131.5,9.872173309326172,199.26968383789062,0.0005553284427151084,69613.7890625,1.2229963541030884
89600.0,0.0,0.0,-4200133.5,8.252716064453125,200.26089477539062,0.0016221955884248018,69614.9375,1.2229762077331543
89700.0,0.0,0.0,-4200137.5,8.114956855773926,203.28802490234375,-0.000684489612467587,69615.7734375,1.22296142578125
89800.0,0.0,0.0,-4200132.0,8.364130973815918,196.64898681640625,-0.0008340290514752269,69614.625,1.222981572151184
89900.0,0.0,0.0,-4200132.0,10.36414623260498,197.8842315673828,-0.0009288116125389934,69610.875,1.2230476140975952
90000.0,0.0,0.0,-4200134.0,7.526591777801514,201.48660278320312,0.001219279132783413,69604.3515625,1.2231621742248535
90100.0,0.0,0.0,-4200134.0,7.695435047149658,202.2041015625,0.0008879652014002204,69597.1328125,1.2232890129089355
90200.0,0.0,0.0,-4200133.5,7.819926738739014,201.83424377441406,-0.0005307627143338323,69588.6953125,1.2234373092651367
90300.0,0.0,0.0,-4200132.5,7.906285285949707,201.76632690429688,-0.0017302583437412977,69578.390625,1.2236186265945435
90400.0,0.0,0.0,-4200131.5,8.167930603027344,199.80517578125,-0.0005170103395357728,69565.078125,1.2238526344299316
90500.0,0.0,0.0,-4200132.5,9.673958778381348,200.7397918701172,0.0007465567905455828,69550.5234375,1.2241088151931763
90600.0,0.0,0.0,-4200132.5,7.445533275604248,199.60592651367188,0.00032662786543369293,69534.890625,1.2243841886520386
90700.0,0.0,0.0,-4200133.5,9.80564022064209,201.06504821777344,0.000507111195474863,69518.1796875,1.2246782779693604
90800.0,0.0,0.0,-4200131.0,7.486617565155029,197.10951232910156,-0.0008840891532599926,69499.765625,1.2250027656555176
90900.0,0.0,0.0,-4200134.0,7.920568943023682,199.01611328125,0.00036699685733765364,69480.21875,1.2253473997116089
91000.0,0.0,0.0,-4200137.0,8.565580368041992,203.03993225097656,0.0007783962646499276,69460.7890625,1.2256901264190674
91100.0,0.0,0.0,-4200133.5,7.622256278991699,200.62109375,-0.0002974391682073474,69441.171875,1.2260364294052124
91200.0,0.0,0.0,-4200129.5,7.389132976531982,199.27783203125,-0.0006925530033186078,69421.234375,1.2263885736465454
91300.0,0.0,0.0,-4200132.0,7.255846977233887,205.49325561523438,0.0003754792269319296,69401.59375,1.2267357110977173
91400.0,0.0,0.0,-4200129.5,7.367361068725586,203.23934936523438,0.0017335832817479968,69383.984375,1.2270469665527344
91500.0,0.0,0.0,-4200133.0,6.988091945648193,207.00852966308594,-0.00011289643589407206,69369.90625,1.227295994758606
91600.0,0.0,0.0,-4200127.5,9.381861686706543,199.08621215820312,-0.0009226984111592174,69359.0390625,1.2274882793426514
91700.0,0.0,0.0,-4200133.0,7.652317523956299,205.43519592285156,-0.0015922292368486524,69351.6171875,1.2276196479797363
91800.0,0.0,0.0,-4200130.0,8.22209358215332,201.5684356689453,0.0016193727497011423,69345.625,1.2277257442474365
91900.0,0.0,0.0,-4200134.5,7.960107326507568,204.79080200195312,0.0014944494469091296,69342.5078125,1.2277809381484985
92000.0,0.0,0.0,-4200128.0,8.157435417175293,196.10162353515625,-8.42842273414135e-05,69342.28125,1.2277849912643433
92100.0,0.0,0.0,-4200133.0,7.228794574737549,200.08926391601562,-0.0004181013209745288,69344.578125,1.227744221687317
92200.0,0.0,0.0,-4200132.5,9.646865844726562,199.0658416748047,-0.0009504541521891952,69348.734375,1.227670669555664
92300.0,0.0,0.0,-4200132.5,9.691071510314941,199.31924438476562,0.0003658897476270795,69354.3984375,1.2275704145431519
92400.0,0.0,0.0,-4200130.5,10.035191535949707,196.41790771484375,0.0006293565966188908,69362.9296875,1.2274192571640015
92500.0,0.0,0.0,-4200133.5,7.017336845397949,198.6016387939453,0.0008161290315911174,69374.484375,1.2272149324417114
92600.0,0.0,0.0,-4200131.0,9.108490943908691,198.68826293945312,-8.286663796752691e-05,69388.7890625,1.2269619703292847
92700.0,0.0,0.0,-4200132.0,7.854271411895752,200.88719177246094,-7.073103915899992e-05,69404.1328125,1.2266908884048462
92800.0,0.0,0.0,-4200134.0,6.6852312088012695,204.20811462402344,-0.00019401044119149446,69421.140625,1.2263902425765991
92900.0,0.0,0.0,-4200128.5,8.14196491241455,199.28961181640625,8.81965970620513e-05,69439.5546875,1.2260650396347046
93000.0,0.0,0.0,-4200131.0,7.775988578796387,202.63841247558594,0.00045158853754401207,69459.5859375,1.2257113456726074
93100.0,0.0,0.0,-4200125.5,7.191769599914551,196.83041381835938,0.0003197111655026674,69480.953125,1.2253344058990479
93200.0,0.0,0.0,-4200132.5,8.292203903198242,202.3631134033203,-0.00037174567114561796,69501.4609375,1.2249728441238403
93300.0,0.0,0.0,-4200131.5,8.04865550994873,199.1505889892578,-0.0009341904660686851,69521.421875,1.2246211767196655
93400.0,0.0,0.0,-4200133.0,9.429157257080078,202.22450256347656,-0.00016483792569488287,69540.0234375,1.2242937088012695
93500.0,0.0,0.0,-4200132.0,7.004504203796387,200.063232421875,-0.0006181687349453568,69559.3984375,1.2239526510238647
93600.0,0.0,0.0,-4200134.5,7.427689552307129,202.1576385498047,0.0005953520303592086,69577.0390625,1.223642349243164
93700.0,0.0,0.0,-4200134.5,9.094438552856445,202.51698303222656,0.0005844505503773689,69593.7109375,1.2233490943908691
93800.0,0.0,0.0,-4200130.5,8.045763969421387,197.93032836914062,-0.00019454758148640394,69608.3125,1.2230925559997559
93900.0,0.0,0.0,-4200133.0,7.439040184020996,200.22503662109375,-0.0014034489868208766,69621.046875,1.2228686809539795
94000.0,0.0,0.0,-4200130.0,9.64014720916748,195.3856658935547,-0.0007965811528265476,69631.28125,1.222689151763916
94100.0,0.0,0.0,-4200133.5,7.9026288986206055,196.9783477783203,0.0004117706557735801,69639.125,1.2225513458251953
94200.0,0.0,0.0,-4200132.0,8.068177223205566,195.92401123046875,0.0008409324218519032,69644.046875,1.2224650382995605
94300.0,0.0,0.0,-4200133.5,7.138483047485352,197.555908203125,-0.0006374084623530507,69646.3046875,1.2224253416061401
94400.0,0.0,0.0,-4200133.5,7.055339813232422,198.80406188964844,-0.0003212457522749901,69644.1328125,1.222463607788086
94500.0,0.0,0.0,-4200132.5,9.602822303771973,200.68301391601562,-0.0007254950469359756,69639.7421875,1.2225404977798462
94600.0,0.0,0.0,-4200132.5,8.114462852478027,203.48190307617188,-0.00017980823758989573,69632.140625,1.222674012184143
94700.0,0.0,0.0,-4200132.5,6.879323482513428,205.75796508789062,0.0008318433538079262,69620.5234375,1.2228779792785645
94800.0,0.0,0.0,-4200128.5,8.633635520935059,202.29664611816406,-0.0003567524254322052,69607.03125,1.223115086555481
94900.0,0.0,0.0,-4200133.0,6.882412433624268,205.33651733398438,-0.0002793724415823817,69590.765625,1.2234009504318237
95000.0,0.0,0.0,-4200129.5,8.777016639709473,200.1219482421875,-0.0007518409984186292,69571.9609375,1.2237316370010376
95100.0,0.0,0.0,-4200133.5,9.701534271240234,202.17637634277344,0.0005698594031855464,69550.5546875,1.2241082191467285
95200.0,0.0,0.0,-4200130.5,7.549172878265381,197.65586853027344,-0.0001441696658730507,69527.0390625,1.2245222330093384
95300.0,0.0,0.0,-4200132.5,7.055477619171143,200.3932647705078,-1.6522593796253204e-05,69501.25,1.224976658821106
95400.0,0.0,0.0,-4200132.5,7.549531936645508,199.31130981445312,0.00023843208327889442,69473.859375,1.2254595756530762
95500.0,0.0,0.0,-4200133.5,10.818817138671875,202.565673828125,-0.00034242100082337856,69445.578125,1.2259585857391357
95600.0,0.0,0.0,-4200130.0,8.742491722106934,199.82867431640625,0.00022334279492497444,69415.78125,1.2264848947525024
95700.0,0.0,0.0,-4200133.5,7.962010383605957,200.85867309570312,0.0003614799352362752,69386.5078125,1.2270023822784424
95800.0,0.0,0.0,-4200131.0,8.320588111877441,196.32861328125,-0.00020271609537303448,69357.828125,1.2275097370147705
95900.0,0.0,0.0,-4200136.5,8.980785369873047,201.37063598632812,-0.00048236316069960594,69330.484375,1.2279938459396362
96000.0,0.0,0.0,-4200133.5,8.84453296661377,198.37657165527344,-6.19255006313324e-05,69303.65625,1.2284691333770752
96100.0,0.0,0.0,-4200135.0,7.593835353851318,202.01161193847656,0.00029605382587760687,69277.5859375,1.2289314270019531
96200.0,0.0,0.0,-4200132.0,8.028722763061523,199.34889221191406,0.0007772825192660093,69253.2265625,1.2293637990951538
96300.0,0.0,0.0,-4200130.0,8.772610664367676,198.42445373535156,-0.0003048348007723689,69230.5859375,1.2297658920288086
96400.0,0.0,0.0,-4200133.0,8.553183555603027,202.505859375,-0.0002828562865033746,69210.46875,1.2301232814788818
96500.0,0.0,0.0,-4200128.5,7.598454475402832,197.323486328125,4.619790706783533e-05,69192.6171875,1.230440616607666
96600.0,0.0,0.0,-4200132.5,9.320857048034668,199.52207946777344,0.001136774430051446,69178.5234375,1.2306914329528809
96700.0,0.0,0.0,-4200134.5,9.119873046875,198.8829803466797,0.0006820779526606202,69169.796875,1.2308465242385864
96800.0,0.0,0.0,-4200131.5,7.58467960357666,194.5305938720703,-0.0002026112051680684,69164.7109375,1.230937123298645
96900.0,0.0,0.0,-4200137.5,6.324731826782227,202.0901336669922,-0.0003625783137977123,69162.7578125,1.2309718132019043
97000.0,0.0,0.0,-4200133.0,7.222716331481934,199.47213745117188,6.111059337854385e-05,69163.3828125,1.230960726737976
97100.0,0.0,0.0,-4200131.5,8.950973510742188,199.94683837890625,0.0006344933062791824,69166.625,1.230903148651123
97200.0,0.0,0.0,-4200132.5,8.485197067260742,201.66871643066406,0.0003682575188577175,69172.9453125,1.230790615081787
97300.0,0.0,0.0,-4200127.5,9.313138008117676,201.0335235595703,0.0003731998149305582,69183.1875,1.230608344078064
97400.0,0.0,0.0,-4200132.0,7.6766791343688965,205.6748504638672,-0.0008320953929796815,69196.21875,1.2303766012191772
97500.0,0.0,0.0,-4200130.5,10.392437934875488,201.97512817382812,0.0006235085893422365,69210.890625,1.2301158905029297
97600.0,0.0,0.0,-4200131.0,8.216007232666016,201.4339599609375,0.00020708120428025723,69228.2578125,1.2298071384429932
97700.0,0.0,0.0,-4200133.0,7.582610607147217,201.266845703125,0.0012999471509829164,69247.0703125,1.2294729948043823
97800.0,0.0,0.0,-4200130.5,8.439260482788086,197.13832092285156,-0.0007850424153730273,69267.2734375,1.2291145324707031
97900.0,0.0,0.0,-4200131.0,8.984932899475098,199.17015075683594,-0.0010195637587457895,69287.4453125,1.2287566661834717
98000.0,0.0,0.0,-4200129.5,9.13737678527832,197.007568359375,0.000423483201302588,69308.28125,1.2283872365951538
98100.0,0.0,0.0,-4200134.5,9.371541976928711,201.03598022460938,0.0008960127597674727,69330.171875,1.2279993295669556
98200.0,0.0,0.0,-4200131.5,11.023174285888672,198.6810302734375,-0.00025022728368639946,69353.078125,1.2275937795639038
98300.0,0.0,0.0,-4200134.0,9.327093124389648,200.64891052246094,-0.000678190728649497,69375.1640625,1.2272030115127563
98400.0,0.0,0.0,-4200134.5,9.138455390930176,200.211181640625,0.0009534204145893455,69395.78125,1.2268383502960205
98500.0,0.0,0.0,-4200135.5,7.759380340576172,199.9931182861328,0.00038247776683419943,69416.53125,1.2264716625213623
98600.0,0.0,0.0,-4200135.5,11.224608421325684,200.34375,-0.000461069168522954,69437.6328125,1.226098895072937
98700.0,0.0,0.0,-4200131.5,7.882893085479736,196.39816284179688,-0.0018234013114124537,69458.5,1.225730538368225
98800.0,0.0,0.0,-4200133.5,10.784587860107422,197.04791259765625,0.00033561920281499624,69477.2421875,1.2253999710083008
98900.0,0.0,0.0,-4200133.5,7.402022361755371,195.59457397460938,0.001706463284790516,69495.3203125,1.225081205368042
99000.0,0.0,0.0,-4200137.5,10.444869995117188,199.0201416015625,0.0006269703153520823,69513.7734375,1.224755883216858
99100.0,0.0,0.0,-4200134.5,8.03125286102295,197.8030548095703,-0.001698243198916316,69532.15625,1.224432110786438
99200.0,0.0,0.0,-4200132.5,9.777384757995605,198.07852172851562,-0.0011045144638046622,69548.1328125,1.2241508960723877
99300.0,0.0,0.0,-4200134.5,7.975290775299072,203.2403564453125,0.0004268636694177985,69562.9453125,1.2238901853561401
99400.0,0.0,0.0,-4200131.0,7.869913101196289,200.7806396484375,0.0019076529424637556,69577.1640625,1.2236400842666626
99500.0,0.0,0.0,-4200132.0,8.37204360961914,202.67437744140625,0.00025714514777064323,69592.2109375,1.2233755588531494
99600.0,0.0,0.0,-4200132.0,10.81960391998291,202.51034545898438,-0.0014304325450211763,69605.375,1.2231441736221313
99700.0,0.0,0.0,-4200131.5,7.633681297302246,200.87921142578125,-0.0007569706067442894,69614.96875,1.2229756116867065
99800.0,0.0,0.0,-4200132.0,10.26270580291748,200.3396453857422,0.00035818235483020544,69621.9765625,1.2228524684906006
99900.0,0.0,0.0,-4200132.5,7.926182746887207,200.6324462890625,0.0012911194935441017,69625.6640625,1.2227880954742432
100000.0,0.0,0.0,-4200132.0,8.675504684448242,198.5044403076172,-0.0005507443565875292,69626.9765625,1.2227647304534912
100100.0,0.0,0.0,-4200131.5,8.223443031311035,198.12265014648438,-0.0010711394716054201,69625.234375,1.2227952480316162
100200.0,0.0,0.0,-4200132.5,9.029549598693848,199.21939086914062,-0.00041720480658113956,69620.1328125,1.2228848934173584
100300.0,0.0,0.0,-4200131.0,7.551146984100342,198.8148956298828,0.0006481456803157926,69612.5625,1.2230178117752075
100400.0,0.0,0.0,-4200130.5,10.245359420776367,200.10830688476562,2.3424625396728516e-05,69604.375,1.2231616973876953
100500.0,0.0,0.0,-4200129.5,9.037215232849121,200.75650024414062,-0.000686776009388268,69594.40625,1.223336935043335
100600.0,0.0,0.0,-4200126.0,10.542144775390625,195.7490234375,-0.0004997859941795468,69581.0390625,1.2235718965530396
100700.0,0.0,0.0,-4200132.0,8.433049201965332,200.9575958251953,0.00022428075317293406,69565.265625,1.2238494157791138
100800.0,0.0,0.0,-4200133.5,7.114923477172852,202.49684143066406,0.0009664275567047298,69547.515625,1.2241617441177368
100900.0,0.0,0.0,-4200128.0,8.44638442993164,196.23974609375,-0.0006956914439797401,69528.3671875,1.2244988679885864
101000.0,0.0,0.0,-4200132.5,8.437089920043945,200.48500061035156,-0.001337955123744905,69507.234375,1.2248711585998535
101100.0,0.0,0.0,-4200131.0,8.371458053588867,201.03543090820312,-0.000216530985198915,69483.4921875,1.2252898216247559
101200.0,0.0,0.0,-4200131.0,8.865202903747559,201.9630584716797,0.001110487850382924,69457.8046875,1.2257428169250488
101300.0,0.0,0.0,-4200130.5,9.478851318359375,199.50979614257812,0.0009529826929792762,69431.1875,1.226212739944458
101400.0,0.0,0.0,-4200128.0,7.920713901519775,196.84471130371094,-0.000729176914319396,69404.25,1.2266886234283447
101500.0,0.0,0.0,-4200131.0,12.519304275512695,199.2534942626953,-0.0011648853542283177,69376.609375,1.227177381515503
101600.0,0.0,0.0,-4200132.5,9.805834770202637,200.64590454101562,-5.7603465393185616e-05,69347.578125,1.2276911735534668
101700.0,0.0,0.0,-4200132.5,8.596635818481445,201.1922149658203,0.0005855759372934699,69318.671875,1.228203296661377
101800.0,0.0,0.0,-4200134.5,7.896482467651367,202.94383239746094,0.0014206941705197096,69292.3125,1.2286702394485474
101900.0,0.0,0.0,-4200131.5,9.679306030273438,199.1065673828125,-0.0003134544240310788,69268.0546875,1.2291007041931152
102000.0,0.0,0.0,-4200130.0,6.8091912269592285,198.7021484375,-0.0005360116483643651,69244.9296875,1.2295111417770386
102100.0,0.0,0.0,-4200132.5,10.025070190429688,201.3459930419922,-0.0008402664680033922,69223.1015625,1.2298988103866577
102200.0,0.0,0.0,-4200130.5,7.9551167488098145,197.17657470703125,0.0003999260952696204,69202.625,1.2302626371383667
102300.0,0.0,0.0,-4200133.5,8.143401145935059,201.12608337402344,0.001066046766936779,69184.03125,1.2305933237075806
102400.0,0.0,0.0,-4200130.5,10.365036964416504,198.377197265625,0.0005551317008212209,69167.9375,1.2308796644210815
102500.0,0.0,0.0,-4200132.5,7.271213531494141,199.9898681640625,-0.00047540373634546995,69153.6015625,1.2311347723007202
102600.0,0.0,0.0,-4200129.0,7.651893138885498,198.8285675048828,-0.0003906468627974391,69139.890625,1.2313789129257202
102700.0,0.0,0.0,-4200136.5,8.996198654174805,203.8248748779297,0.0006316304206848145,69128.234375,1.2315865755081177
102800.0,0.0,0.0,-4200134.5,7.8189616203308105,199.47193908691406,0.0005361005896702409,69119.3515625,1.2317450046539307
102900.0,0.0,0.0,-4200130.0,7.528759002685547,197.99417114257812,-0.00031977216713130474,69113.0546875,1.2318570613861084
103000.0,0.0,0.0,-4200135.0,7.728292942047119,204.71786499023438,0.00024314876645803452,69108.4921875,1.2319384813308716
103100.0,0.0,0.0,-4200130.0,7.184560775756836,199.48251342773438,0.0005242240149527788,69107.2109375,1.2319613695144653
103200.0,0.0,0.0,-4200129.5,11.232930183410645,199.1749725341797,-0.00020156241953372955,69109.3984375,1.2319222688674927
103300.0,0.0,0.0,-4200134.0,7.932635307312012,201.97274780273438,0.00034143601078540087,69114.59375,1.2318296432495117
103400.0,0.0,0.0,-4200130.5,8.500007629394531,197.2280731201172,-0.000700239441357553,69120.8671875,1.231717824935913
103500.0,0.0,0.0,-4200131.5,9.211304664611816,198.3172607421875,0.0009557346347719431,69128.703125,1.2315782308578491
103600.0,0.0,0.0,-4200135.0,7.906723499298096,200.96774291992188,-0.00014651566743850708,69138.8046875,1.231398344039917
103700.0,0.0,0.0,-4200133.5,8.107707023620605,199.8357391357422,0.00033809838350862265,69151.078125,1.2311797142028809
103800.0,0.0,0.0,-4200133.0,8.544463157653809,199.29518127441406,-0.000531991827301681,69165.0625,1.2309308052062988
103900.0,0.0,0.0,-4200132.0,9.45599365234375,199.3356475830078,0.0005933226784691215,69178.4140625,1.2306934595108032
104000.0,0.0,0.0,-4200133.5,8.498308181762695,200.59718322753906,0.000690993620082736,69193.6015625,1.2304232120513916
104100.0,0.0,0.0,-4200135.0,8.969391822814941,200.74351501464844,-0.000752681982703507,69209.734375,1.2301363945007324
104200.0,0.0,0.0,-4200135.5,7.759035587310791,200.03912353515625,-0.0002823818940669298,69225.8515625,1.229849934577942
104300.0,0.0,0.0,-4200134.0,7.157468795776367,198.83486938476562,-0.0010934543097391725,69240.6640625,1.2295868396759033
104400.0,0.0,0.0,-4200133.5,10.892197608947754,198.25082397460938,0.0009135886793956161,69254.4765625,1.2293416261672974
104500.0,0.0,0.0,-4200132.0,8.112889289855957,197.95748901367188,-0.00022560299839824438,69268.6640625,1.2290897369384766
104600.0,0.0,0.0,-4200131.5,8.477025032043457,198.45266723632812,-0.00035627023316919804,69282.375,1.228846549987793
104700.0,0.0,0.0,-4200134.0,9.579412460327148,205.12046813964844,-0.0004229707410559058,69295.046875,1.2286219596862793
104800.0,0.0,0.0,-4200129.5,10.385371208190918,202.61720275878906,0.00010286364704370499,69306.90625,1.2284116744995117
104900.0,0.0,0.0,-4200126.5,8.626078605651855,203.56382751464844,0.0010082026710733771,69317.8359375,1.2282179594039917
105000.0,0.0,0.0,-4200124.5,9.407227516174316,202.00146484375,-0.00012150697875767946,69329.640625,1.22800874710083
105100.0,0.0,0.0,-4200129.5,8.40719985961914,203.85658264160156,-0.00026056147180497646,69339.7265625,1.227830171585083
105200.0,0.0,0.0,-4200130.0,10.053727149963379,204.05506896972656,-0.0010181852849200368,69348.8515625,1.2276685237884521
105300.0,0.0,0.0,-4200129.0,9.39188289642334,200.7325897216797,-0.0008171583758667111,69356.046875,1.2275413274765015
105400.0,0.0,0.0,-4200133.0,8.908554077148438,205.92941284179688,0.001352888299152255,69361.578125,1.2274433374404907
105500.0,0.0,0.0,-4200126.5,9.04089069366455,196.17352294921875,0.00024116435088217258,69366.4921875,1.2273563146591187
105600.0,0.0,0.0,-4200135.0,7.897280216217041,203.01815795898438,0.00035393552388995886,69369.3046875,1.227306604385376
105700.0,0.0,0.0,-4200128.0,9.095050811767578,196.13986206054688,-0.0011401618830859661,69370.6796875,1.2272822856903076
105800.0,0.0,0.0,-4200133.5,8.46705436706543,200.3451385498047,-0.0005109625635668635,69369.9921875,1.2272944450378418
105900.0,0.0,0.0,-4200133.5,8.25991153717041,200.6841583251953,-0.0009048010688275099,69367.6171875,1.2273365259170532
106000.0,0.0,0.0,-4200134.5,10.798346519470215,203.096435546875,0.0005196935962885618,69362.984375,1.2274184226989746
106100.0,0.0,0.0,-4200133.0,9.657941818237305,199.6963348388672,0.0011194795370101929,69355.484375,1.2275513410568237
106200.0,0.0,0.0,-4200132.0,11.411499977111816,199.92359924316406,-0.0004407530650496483,69345.96875,1.2277196645736694
106300.0,0.0,0.0,-4200131.5,7.941879749298096,198.30723571777344,-0.00015143153723329306,69334.9296875,1.2279150485992432
106400.0,0.0,0.0,-4200133.0,7.700843811035156,201.5370330810547,-0.002293072175234556,69323.0703125,1.2281250953674316
106500.0,0.0,0.0,-4200134.0,9.479645729064941,201.5316619873047,0.00020724651403725147,69308.921875,1.2283759117126465
106600.0,0.0,0.0,-4200137.0,8.025453567504883,203.9560546875,0.00034303986467421055,69294.46875,1.2286320924758911
106700.0,0.0,0.0,-4200132.0,8.609367370605469,197.39385986328125,0.0009768195450305939,69278.953125,1.2289072275161743
106800.0,0.0,0.0,-4200130.5,8.020100593566895,197.37738037109375,-0.0013497641775757074,69264.3359375,1.2291666269302368
106900.0,0.0,0.0,-4200133.0,8.074899673461914,200.929443359375,-0.0019542472437024117,69248.3125,1.2294509410858154
107000.0,0.0,0.0,-4200129.0,9.544337272644043,199.0146942138672,0.001762274419888854,69230.6953125,1.2297639846801758
107100.0,0.0,0.0,-4200130.0,8.495885848999023,200.41635131835938,0.0011630391236394644,69214.1015625,1.2300586700439453
107200.0,0.0,0.0,-4200132.5,11.113070487976074,204.19174194335938,0.0007716378895565867,69198.2734375,1.2303400039672852
107300.0,0.0,0.0,-4200127.0,8.622676849365234,197.81063842773438,-0.0026809112168848515,69184.78125,1.2305799722671509
107400.0,0.0,0.0,-4200134.0,9.146474838256836,202.98501586914062,-0.00031520205084234476,69171.0078125,1.2308250665664673
107500.0,0.0,0.0,-4200128.5,8.815682411193848,198.33499145507812,0.0014741587219759822,69158.0078125,1.2310564517974854
107600.0,0.0,0.0,-4200132.0,9.785077095031738,200.37319946289062,0.001230935100466013,69147.6875,1.231240153312683
107700.0,0.0,0.0,-4200131.5,7.832137584686279,200.61068725585938,0.0004159994423389435,69139.078125,1.2313934564590454
107800.0,0.0,0.0,-4200132.5,10.446051597595215,200.0052032470703,-0.0017246740171685815,69132.7265625,1.231506586074829
107900.0,0.0,0.0,-4200133.0,9.65776252746582,204.073974609375,-0.0005835223710164428,69127.21875,1.2316046953201294
108000.0,0.0,0.0,-4200134.0,9.655473709106445,203.58648681640625,0.0005378710338845849,69122.84375,1.2316826581954956
108100.0,0.0,0.0,-4200134.0,9.834426879882812,201.73780822753906,0.0015989037929102778,69122.140625,1.2316951751708984
108200.0,0.0,0.0,-4200134.5,7.686813831329346,202.9933624267578,0.00019217433873564005,69123.703125,1.2316672801971436
108300.0,0.0,0.0,-4200130.0,8.108211517333984,197.5360565185547,-0.0006325325230136514,69126.7421875,1.2316131591796875
108400.0,0.0,0.0,-4200131.0,8.5213041305542,199.83778381347656,-0.00011444289702922106,69130.9140625,1.231539011001587
108500.0,0.0,0.0,-4200136.0,7.772929668426514,204.34564208984375,0.00033311592414975166,69137.8203125,1.231415867805481
108600.0,0.0,0.0,-4200130.5,10.121259689331055,199.31478881835938,0.0008528588223271072,69146.9765625,1.2312527894973755
108700.0,0.0,0.0,-4200133.5,8.99671745300293,202.198486328125,-4.945544060319662e-05,69159.125,1.2310365438461304
108800.0,0.0,0.0,-4200132.5,8.483466148376465,198.43853759765625,-0.0005875754868611693,69173.265625,1.2307848930358887
108900.0,0.0,0.0,-4200136.5,7.598021984100342,200.9269561767578,0.0002110375789925456,69188.84375,1.230507731437683
109000.0,0.0,0.0,-4200134.0,12.44144344329834,197.81373596191406,0.0004976814379915595,69205.9140625,1.2302042245864868
109100.0,0.0,0.0,-4200133.0,9.158889770507812,198.1274871826172,-4.1549792513251305e-06,69224.359375,1.2298765182495117
109200.0,0.0,0.0,-4200133.0,8.16007137298584,198.74673461914062,-0.0008454624330624938,69242.953125,1.2295461893081665
109300.0,0.0,0.0,-4200133.0,8.40073013305664,199.09495544433594,0.00015053467359393835,69260.75,1.2292301654815674
109400.0,0.0,0.0,-4200133.5,8.375680923461914,200.4906463623047,0.00042239739559590816,69280.078125,1.2288873195648193
109500.0,0.0,0.0,-4200129.5,9.435766220092773,198.7850799560547,-4.832027480006218e-05,69301.203125,1.2285126447677612
109600.0,0.0,0.0,-4200127.5,9.868386268615723,198.8622589111328,-0.0004642884014174342,69322.9921875,1.2281265258789062
109700.0,0.0,0.0,-4200126.5,9.546518325805664,198.8681640625,-0.0001353016123175621,69344.0078125,1.2277543544769287
109800.0,0.0,0.0,-4200129.0,9.360665321350098,200.81332397460938,0.0007049465784803033,69364.390625,1.227393627166748
109900.0,0.0,0.0,-4200127.0,10.177329063415527,196.5547332763672,4.078052006661892e-05,69383.9921875,1.2270468473434448
110000.0,0.0,0.0,-4200134.5,7.888063907623291,201.39613342285156,-0.0007946356199681759,69403.0703125,1.2267094850540161
110100.0,0.0,0.0,-4200132.5,7.781372547149658,198.48448181152344,-0.00044728140346705914,69420.328125,1.2264045476913452
110200.0,0.0,0.0,-4200133.5,7.657703876495361,200.49082946777344,0.0003562670899555087,69435.1796875,1.2261422872543335
110300.0,0.0,0.0,-4200135.5,7.428921222686768,202.96792602539062,0.000914847943931818,69449.7890625,1.2258843183517456
110400.0,0.0,0.0,-4200132.0,6.584075927734375,202.1225128173828,2.118665724992752e-05,69463.5625,1.2256412506103516
110500.0,0.0,0.0,-4200133.0,8.980480194091797,202.3180694580078,-0.001311702886596322,69474.96875,1.2254401445388794
110600.0,0.0,0.0,-4200134.0,8.701093673706055,201.45736694335938,-0.00125862134154886,69482.9140625,1.2252999544143677
110700.0,0.0,0.0,-4200129.5,8.505136489868164,196.5198516845703,0.0007124280091375113,69487.5078125,1.2252188920974731
110800.0,0.0,0.0,-4200129.5,7.437407493591309,196.01751708984375,0.0004416513256728649,69490.75,1.2251615524291992
110900.0,0.0,0.0,-4200131.5,9.383828163146973,197.94827270507812,3.75526724383235e-05,69491.8046875,1.2251430749893188
111000.0,0.0,0.0,-4200132.0,7.132640838623047,199.6727752685547,-0.0011258689919486642,69488.7578125,1.2251968383789062
111100.0,0.0,0.0,-4200134.0,7.590268611907959,202.3642120361328,0.0003322568954899907,69481.6015625,1.2253230810165405
111200.0,0.0,0.0,-4200131.0,7.735706329345703,199.1348419189453,-0.00037821964360773563,69471.9609375,1.225493311882019
111300.0,0.0,0.0,-4200133.0,8.594325065612793,201.8218536376953,0.0007452988065779209,69460.5234375,1.225695013999939
111400.0,0.0,0.0,-4200132.5,9.272453308105469,201.16519165039062,-0.0007392460247501731,69447.2421875,1.2259292602539062
111500.0,0.0,0.0,-4200130.0,9.478320121765137,197.96319580078125,0.0002812632592394948,69429.59375,1.226240873336792
111600.0,0.0,0.0,-4200134.0,9.154472351074219,200.27053833007812,0.0009342724806629121,69409.1875,1.2266013622283936
111700.0,0.0,0.0,-4200134.5,8.952997207641602,197.77023315429688,-0.0011082248529419303,69387.953125,1.226976752281189
111800.0,0.0,0.0,-4200133.5,8.416159629821777,197.39959716796875,-0.0006668262649327517,69364.2578125,1.2273958921432495
111900.0,0.0,0.0,-4200135.0,7.781280517578125,201.58160400390625,-0.0005794778699055314,69337.859375,1.2278631925582886
112000.0,0.0,0.0,-4200132.0,8.8506498336792,199.6110382080078,0.00197955803014338,69308.7421875,1.2283790111541748
112100.0,0.0,0.0,-4200129.5,7.793063163757324,198.13983154296875,-8.75093974173069e-06,69279.21875,1.2289024591445923
112200.0,0.0,0.0,-4200127.0,10.019450187683105,197.697021484375,-0.000866060028783977,69249.3984375,1.2294317483901978
112300.0,0.0,0.0,-4200131.0,7.566902160644531,201.6039581298828,-0.0009612073190510273,69220.0390625,1.2299532890319824
112400.0,0.0,0.0,-4200131.5,8.88992977142334,200.9040069580078,0.00039010774344205856,69191.203125,1.2304658889770508
112500.0,0.0,0.0,-4200131.5,7.782519817352295,198.9537811279297,0.0007202007109299302,69163.7578125,1.2309540510177612
112600.0,0.0,0.0,-4200133.0,8.27583122253418,200.0410614013672,0.0005765944952145219,69137.84375,1.2314153909683228
112700.0,0.0,0.0,-4200130.5,9.229497909545898,196.45687866210938,0.00019853096455335617,69114.0859375,1.2318387031555176
112800.0,0.0,0.0,-4200137.5,7.778328895568848,204.19664001464844,-0.0008173155365511775,69092.1796875,1.232229232788086
112900.0,0.0,0.0,-4200133.0,7.894833087921143,199.94700622558594,0.00032678188290446997,69071.2578125,1.2326024770736694
113000.0,0.0,0.0,-4200136.0,8.3167085647583,204.58363342285156,0.0002894721692427993,69053.8671875,1.2329130172729492
113100.0,0.0,0.0,-4200131.0,8.705734252929688,198.8478240966797,0.0005181748420000076,69039.3125,1.23317289352417
113200.0,0.0,0.0,-4200133.0,8.527124404907227,200.5486297607422,-8.092145435512066e-05,69028.9375,1.2333581447601318
113300.0,0.0,0.0,-4200135.0,9.243271827697754,201.10067749023438,0.0008706391090527177,69022.3203125,1.2334764003753662
113400.0,0.0,0.0,-4200136.0,7.544602870941162,200.4042205810547,0.0004468433326110244,69018.3515625,1.233547329902649
113500.0,0.0,0.0,-4200135.0,7.57108211517334,199.24542236328125,-0.00013544817920774221,69016.2734375,1.2335845232009888
113600.0,0.0,0.0,-4200133.5,9.030184745788574,197.91368103027344,-0.0003272679168730974,69015.765625,1.2335935831069946
113700.0,0.0,0.0,-4200134.0,9.328145027160645,199.4297637939453,-0.00030132837127894163,69017.828125,1.2335567474365234
113800.0,0.0,0.0,-4200133.0,7.492304801940918,200.12081909179688,0.0006532017141580582,69022.4921875,1.2334734201431274
113900.0,0.0,0.0,-4200132.5,7.849822044372559,201.716796875,0.00031518866308033466,69029.984375,1.2333396673202515
114000.0,0.0,0.0,-4200130.0,9.273086547851562,201.23387145996094,0.00043035298585891724,69040.296875,1.233155369758606
114100.0,0.0,0.0,-4200131.5,7.404417991638184,203.24241638183594,-5.8137462474405766e-05,69053.46875,1.2329200506210327
114200.0,0.0,0.0,-4200127.5,10.123516082763672,197.6602783203125,-0.0001962434034794569,69069.0390625,1.2326420545578003
114300.0,0.0,0.0,-4200129.5,8.968509674072266,200.21563720703125,-0.0007687545148655772,69086.3828125,1.232332706451416
114400.0,0.0,0.0,-4200129.5,9.734914779663086,199.90675354003906,0.0002655532443895936,69104.203125,1.2320148944854736
114500.0,0.0,0.0,-4200130.0,8.643411636352539,200.18214416503906,0.001509882160462439,69123.421875,1.2316722869873047
114600.0,0.0,0.0,-4200130.5,8.76371955871582,200.14251708984375,0.00015258253552019596,69145.0625,1.2312870025634766
114700.0,0.0,0.0,-4200132.0,8.412344932556152,199.636474609375,-0.0004909987328574061,69166.28125,1.2309091091156006
114800.0,0.0,0.0,-4200135.0,7.651432991027832,201.23182678222656,-0.0008491675835102797,69186.8203125,1.2305437326431274
114900.0,0.0,0.0,-4200134.0,8.045713424682617,198.49896240234375,9.95119335129857e-05,69206.140625,1.230200171470642
115000.0,0.0,0.0,-4200132.5,9.352816581726074,198.6219940185547,0.0006674736505374312,69224.03125,1.2298822402954102
115100.0,0.0,0.0,-4200135.0,8.309028625488281,202.41773986816406,0.00017029023729264736,69240.21875,1.2295947074890137
115200.0,0.0,0.0,-4200131.0,7.406028747558594,198.1887664794922,-0.000872112694196403,69254.7421875,1.2293368577957153
115300.0,0.0,0.0,-4200132.0,7.155869007110596,199.27066040039062,-0.0008233365369960666,69266.96875,1.229119896888733
115400.0,0.0,0.0,-4200135.5,7.643013954162598,202.86691284179688,0.0006827786564826965,69276.984375,1.2289421558380127
115500.0,0.0,0.0,-4200127.5,8.301749229431152,196.80287170410156,0.0005118254339322448,69285.703125,1.2287875413894653
115600.0,0.0,0.0,-4200135.5,7.42179536819458,207.2032470703125,6.0575082898139954e-05,69292.6796875,1.2286638021469116
115700.0,0.0,0.0,-4200131.0,10.606169700622559,201.2799530029297,-0.0009165237424895167,69297.53125,1.228577733039856
115800.0,0.0,0.0,-4200135.0,8.681859016418457,203.40133666992188,3.42060811817646e-05,69300.0078125,1.2285338640213013
115900.0,0.0,0.0,-4200135.0,8.597016334533691,201.07664489746094,0.0005000393139198422,69301.421875,1.2285088300704956
116000.0,0.0,0.0,-4200136.0,9.751014709472656,201.3255157470703,-0.00014977494720369577,69302.0234375,1.228498101234436
116100.0,0.0,0.0,-4200132.5,6.96826171875,200.05909729003906,-0.0004913236480206251,69300.296875,1.2285287380218506
116200.0,0.0,0.0,-4200132.0,9.57762622833252,199.63587951660156,-0.000467048492282629,69297.078125,1.2285858392715454
116300.0,0.0,0.0,-4200132.5,7.6731390953063965,200.41297912597656,0.00014511588960886002,69292.1796875,1.2286726236343384
116400.0,0.0,0.0,-4200130.5,7.841434955596924,197.8093719482422,-0.0005062388954684138,69286.5234375,1.2287729978561401
116500.0,0.0,0.0,-4200135.5,9.310670852661133,201.0286407470703,-0.0005779429338872433,69281.4140625,1.2288635969161987
116600.0,0.0,0.0,-4200133.5,7.6861724853515625,196.4250030517578,0.0008941151900216937,69275.6328125,1.2289661169052124
116700.0,0.0,0.0,-4200135.5,8.176043510437012,197.5965118408203,0.000515892868861556,69269.6640625,1.229072093963623
116800.0,0.0,0.0,-4200132.5,8.391875267028809,193.8183135986328,8.482520934194326e-05,69262.953125,1.2291910648345947
116900.0,0.0,0.0,-4200135.0,7.5937066078186035,197.34225463867188,-0.0013916707830503583,69256.9296875,1.2292979955673218
117000.0,0.0,0.0,-4200135.0,8.296907424926758,200.43887329101562,-0.0001421966589987278,69250.203125,1.2294174432754517
117100.0,0.0,0.0,-4200134.0,8.077215194702148,202.05772399902344,0.0008520797709934413,69242.578125,1.2295528650283813
117200.0,0.0,0.0,-4200132.5,8.722370147705078,200.97946166992188,0.0004738320130854845,69234.203125,1.2297015190124512
117300.0,0.0,0.0,-4200128.0,7.467772483825684,196.05307006835938,0.00023273704573512077,69226.484375,1.2298387289047241
117400.0,0.0,0.0,-4200133.0,7.654927730560303,201.4261016845703,-0.0012241239892318845,69219.640625,1.229960322380066
117500.0,0.0,0.0,-4200129.5,9.537453651428223,197.3338165283203,-0.00015963194891810417,69213.09375,1.230076551437378
117600.0,0.0,0.0,-4200133.5,8.673418045043945,201.65867614746094,0.00012274435721337795,69207.6171875,1.230173945426941
117700.0,0.0,0.0,-4200130.0,7.538651943206787,196.67208862304688,0.0017024250701069832,69203.046875,1.230255126953125
117800.0,0.0,0.0,-4200132.5,9.779852867126465,197.64865112304688,-2.873328048735857e-05,69200.84375,1.2302943468093872
117900.0,0.0,0.0,-4200133.0,11.687496185302734,196.87368774414062,-0.0006776545196771622,69199.7578125,1.2303136587142944
118000.0,0.0,0.0,-4200133.5,8.901192665100098,196.85714721679688,-0.0011291864793747663,69199.625,1.2303160429000854
118100.0,0.0,0.0,-4200137.5,7.025481700897217,200.20013427734375,-0.00015582074411213398,69199.46875,1.2303187847137451
118200.0,0.0,0.0,-4200132.5,9.017951965332031,196.2967987060547,0.0012443645391613245,69199.109375,1.2303253412246704
118300.0,0.0,0.0,-4200134.5,8.742420196533203,204.24835205078125,0.0008814656757749617,69200.046875,1.2303087711334229
118400.0,0.0,0.0,-4200130.0,7.742668151855469,202.1142120361328,0.0003594752633944154,69202.2109375,1.2302700281143188
118500.0,0.0,0.0,-4200127.5,8.653279304504395,199.54454040527344,-0.00102308951318264,69205.9296875,1.2302039861679077
118600.0,0.0,0.0,-4200130.5,8.414560317993164,201.6835174560547,-0.00032954674679785967,69211.1484375,1.2301111221313477
118700.0,0.0,0.0,-4200131.0,7.499812602996826,202.12457275390625,0.00023274333216249943,69216.734375,1.2300119400024414
118800.0,0.0,0.0,-4200132.0,7.424718856811523,201.17703247070312,0.00030322454404085875,69224.4765625,1.2298743724822998
118900.0,0.0,0.0,-4200130.5,8.093217849731445,198.64016723632812,4.40406147390604e-05,69233.546875,1.2297132015228271
119000.0,0.0,0.0,-4200133.0,10.768697738647461,200.22189331054688,-6.29407586529851e-05,69241.53125,1.2295713424682617
119100.0,0.0,0.0,-4200134.0,7.557894706726074,200.52793884277344,-0.0006260123336687684,69249.953125,1.2294219732284546
119200.0,0.0,0.0,-4200130.5,8.436055183410645,197.3925018310547,-0.00027056888211518526,69257.78125,1.2292828559875488
119300.0,0.0,0.0,-4200135.0,9.05312442779541,201.8982391357422,0.0004751074593514204,69265.3671875,1.2291483879089355
119400.0,0.0,0.0,-4200133.0,8.285882949829102,199.00030517578125,0.0003406741889193654,69272.8203125,1.2290160655975342
119500.0,0.0,0.0,-4200134.5,7.469616889953613,199.7867431640625,-0.0003095164429396391,69279.2578125,1.2289018630981445
119600.0,0.0,0.0,-4200132.5,7.8729023933410645,196.839599609375,-0.00018200348131358624,69283.9375,1.2288187742233276
119700.0,0.0,0.0,-4200136.0,8.786141395568848,200.1910858154297,7.777789141982794e-05,69286.1953125,1.2287787199020386
119800.0,0.0,0.0,-4200133.0,10.45253849029541,196.92788696289062,0.000542651629075408,69286.9765625,1.2287648916244507
119900.0,0.0,0.0,-4200134.0,9.48668384552002,199.15335083007812,0.00011685804929584265,69287.1953125,1.228761076927185
120000.0,0.0,0.0,-4200130.0,7.7654290199279785,196.8167724609375,-0.0005612322129309177,69286.6953125,1.2287697792053223
120100.0,0.0,0.0,-4200132.5,7.411044597625732,202.03199768066406,-0.0004676566459238529,69285.359375,1.2287936210632324
120200.0,0.0,0.0,-4200129.0,7.996551990509033,198.8730010986328,0.00038274412509053946,69283.6328125,1.228824257850647
120300.0,0.0,0.0,-4200132.5,9.94855785369873,203.273681640625,0.0004682090366259217,69282.4296875,1.2288457155227661
120400.0,0.0,0.0,-4200130.5,7.794824600219727,200.52645874023438,0.0003024532925337553,69281.8515625,1.228855848312378
120500.0,0.0,0.0,-4200133.0,7.93715238571167,201.6866455078125,-1.7199316062033176e-05,69280.9296875,1.2288721799850464
120600.0,0.0,0.0,-4200137.0,8.557489395141602,203.41943359375,-0.000253522302955389,69279.875,1.2288908958435059
120700.0,0.0,0.0,-4200132.0,8.279863357543945,197.1657257080078,-0.00016491534188389778,69279.25,1.2289021015167236
120800.0,0.0,0.0,-4200135.5,7.35572624206543,201.22238159179688,-0.000378464930690825,69279.1953125,1.2289029359817505
120900.0,0.0,0.0,-4200134.0,7.692741870880127,199.9469757080078,0.00019733223598450422,69279.140625,1.228903889656067
121000.0,0.0,0.0,-4200136.5,7.490513801574707,203.4067840576172,0.0006564202485606074,69278.21875,1.2289202213287354
121100.0,0.0,0.0,-4200130.0,8.180676460266113,198.42770385742188,0.0003521550679579377,69276.375,1.2289530038833618
121200.0,0.0,0.0,-4200131.0,7.024937629699707,201.85861206054688,-0.0008696051081642509,69275.8046875,1.2289631366729736
121300.0,0.0,0.0,-4200135.0,8.904973030090332,206.36045837402344,-0.0012403842993080616,69274.3359375,1.2289891242980957
121400.0,0.0,0.0,-4200129.5,8.034811019897461,199.2965850830078,-8.068745955824852e-05,69270.0078125,1.2290658950805664
121500.0,0.0,0.0,-4200132.5,10.222622871398926,200.3820037841797,0.0010635040234774351,69264.0859375,1.2291710376739502
121600.0,0.0,0.0,-4200132.0,8.219473838806152,197.6199188232422,0.0010031841229647398,69257.8671875,1.2292814254760742
121700.0,0.0,0.0,-4200135.0,8.314475059509277,200.08360290527344,-0.0001765142660588026,69252.0234375,1.2293851375579834
121800.0,0.0,0.0,-4200135.0,9.135208129882812,200.0915069580078,-0.0012888181954622269,69246.3203125,1.229486346244812
121900.0,0.0,0.0,-4200137.0,8.044026374816895,202.7397003173828,-0.00040990940760821104,69237.8359375,1.2296371459960938
122000.0,0.0,0.0,-4200132.5,8.11434555053711,198.8980255126953,0.0010047177784144878,69228.75,1.229798436164856
122100.0,0.0,0.0,-4200136.0,7.801696300506592,204.94847106933594,0.00048703281208872795,69220.515625,1.2299447059631348
122200.0,0.0,0.0,-4200132.0,8.83749008178711,202.36505126953125,-2.1424610167741776e-05,69212.1640625,1.2300931215286255
122300.0,0.0,0.0,-4200128.5,8.091019630432129,199.472412109375,-0.0008114550728350878,69203.453125,1.230247974395752
122400.0,0.0,0.0,-4200129.5,8.545406341552734,200.9755401611328,0.00030309963040053844,69193.703125,1.2304213047027588
122500.0,0.0,0.0,-4200128.0,7.717912197113037,198.65321350097656,-9.553716517984867e-05,69183.921875,1.2305952310562134
122600.0,0.0,0.0,-4200132.0,9.913586616516113,200.6513214111328,1.8333783373236656e-05,69174.796875,1.2307575941085815
122700.0,0.0,0.0,-4200129.5,7.175137042999268,196.04681396484375,-2.5884597562253475e-05,69166.28125,1.2309091091156006
122800.0,0.0,0.0,-4200132.0,7.658052921295166,198.41062927246094,0.00021364085841923952,69158.109375,1.2310545444488525
122900.0,0.0,0.0,-4200133.5,9.085725784301758,200.26962280273438,0.000415520160458982,69150.984375,1.2311813831329346
123000.0,0.0,0.0,-4200132.5,7.705862045288086,199.43080139160156,0.00037966296076774597,69143.6171875,1.23131263256073
123100.0,0.0,0.0,-4200134.0,7.110236167907715,201.23507690429688,-0.000443550874479115,69137.15625,1.2314276695251465
123200.0,0.0,0.0,-4200132.5,7.467844486236572,200.53150939941406,-0.0008363728411495686,69130.96875,1.2315378189086914
123300.0,0.0,0.0,-4200132.5,7.948139190673828,200.47183227539062,0.0006637071492150426,69125.4140625,1.2316370010375977
123400.0,0.0,0.0,-4200136.5,6.835714340209961,204.93637084960938,0.0006219691131263971,69122.65625,1.231685996055603
123500.0,0.0,0.0,-4200133.0,9.333125114440918,200.95603942871094,0.0010723762679845095,69122.625,1.2316864728927612
123600.0,0.0,0.0,-4200134.5,7.325324058532715,201.11000061035156,-0.0006530907703563571,69126.3125,1.2316207885742188
123700.0,0.0,0.0,-4200134.0,8.144241333007812,198.89031982421875,-0.0010052237194031477,69132.03125,1.2315189838409424
123800.0,0.0,0.0,-4200138.0,6.7033562660217285,201.48895263671875,0.0004154627677053213,69139.28125,1.2313897609710693
123900.0,0.0,0.0,-4200137.0,6.929875373840332,200.8478240966797,0.0010377638973295689,69149.203125,1.231213092803955
124000.0,0.0,0.0,-4200134.0,7.7205891609191895,198.41261291503906,0.0008643869077786803,69161.453125,1.2309950590133667
124100.0,0.0,0.0,-4200131.0,7.405508518218994,197.69618225097656,-0.00022755633108317852,69176.21875,1.2307323217391968
124200.0,0.0,0.0,-4200128.0,8.626779556274414,197.1735382080078,-0.0005122843431308866,69191.9609375,1.230452299118042
124300.0,0.0,0.0,-4200132.5,7.481785774230957,203.38475036621094,-0.00032425171229988337,69208.6953125,1.2301548719406128
124400.0,0.0,0.0,-4200129.5,7.893929958343506,200.3013916015625,0.00042206491343677044,69228.0703125,1.2298104763031006
124500.0,0.0,0.0,-4200128.5,7.9725661277771,198.9709930419922,-0.0001843346981331706,69249.515625,1.2294296026229858
124600.0,0.0,0.0,-4200134.0,6.842546463012695,203.3819580078125,0.0005747760878875852,69270.9921875,1.229048490524292
124700.0,0.0,0.0,-4200132.5,7.703772068023682,197.77285766601562,-2.1614832803606987e-06,69292.625,1.228664755821228
124800.0,0.0,0.0,-4200136.5,7.124639987945557,200.65452575683594,1.4042831026017666e-05,69313.4609375,1.2282954454421997
124900.0,0.0,0.0,-4200132.0,7.6114606857299805,197.10089111328125,-0.00044247577898204327,69333.703125,1.227936863899231
125000.0,0.0,0.0,-4200133.0,7.608358383178711,199.6090545654297,-0.00038247136399149895,69353.28125,1.2275902032852173
125100.0,0.0,0.0,-4200131.5,7.302292346954346,199.13510131835938,-0.00057401810772717,69371.109375,1.2272746562957764
125200.0,0.0,0.0,-4200132.5,7.886220455169678,201.5926055908203,0.0004655880620703101,69386.6484375,1.2269998788833618
125300.0,0.0,0.0,-4200130.5,11.552003860473633,199.887451171875,0.0009070044616237283,69400.1171875,1.2267616987228394
125400.0,0.0,0.0,-4200128.5,10.880049705505371,197.4290771484375,-0.0007263075094670057,69412.7421875,1.2265385389328003
125500.0,0.0,0.0,-4200129.0,6.730575084686279,197.6986083984375,-0.0008741122437641025,69423.78125,1.2263435125350952
125600.0,0.0,0.0,-4200130.5,7.425895690917969,199.46620178222656,-0.0004132480826228857,69432.125,1.2261961698532104
125700.0,0.0,0.0,-4200131.0,7.745217800140381,198.9819793701172,0.0009767859010025859,69437.625,1.2260991334915161
125800.0,0.0,0.0,-4200136.5,7.083785533905029,202.7779998779297,0.00028134079184383154,69440.9453125,1.2260404825210571
125900.0,0.0,0.0,-4200138.0,7.107961654663086,203.97882080078125,-0.00035583938006311655,69441.7734375,1.2260258197784424
126000.0,0.0,0.0,-4200133.0,8.440000534057617,198.84197998046875,-0.0009486525086686015,69440.625,1.226046085357666
126100.0,0.0,0.0,-4200133.5,10.346894264221191,200.3807373046875,-0.0003194495802745223,69437.15625,1.2261074781417847
126200.0,0.0,0.0,-4200133.0,8.20080852508545,200.295654296875,0.00019247853197157383,69431.359375,1.2262096405029297
126300.0,0.0,0.0,-4200132.5,8.089530944824219,199.5293426513672,0.00032065657433122396,69423.9921875,1.2263398170471191
126400.0,0.0,0.0,-4200132.5,7.895419120788574,199.2291259765625,-0.0001725992187857628,69414.984375,1.2264989614486694
126500.0,0.0,0.0,-4200132.5,8.381098747253418,199.0751953125,-0.0009785983711481094,69403.6875,1.226698637008667
126600.0,0.0,0.0,-4200131.0,8.187177658081055,198.253662109375,0.0005140245193615556,69390.1484375,1.2269378900527954
126700.0,0.0,0.0,-4200133.5,9.370659828186035,202.08274841308594,0.0006830865750089288,69375.3515625,1.227199673652649
126800.0,0.0,0.0,-4200131.5,8.389236450195312,202.73553466796875,0.0009157998720183969,69359.6328125,1.22747802734375
126900.0,0.0,0.0,-4200132.5,7.784853458404541,202.9575653076172,-0.0006345307920128107,69343.390625,1.2277653217315674
127000.0,0.0,0.0,-4200128.0,7.5486369132995605,196.95875549316406,-0.0011062169214710593,69325.5078125,1.2280819416046143
127100.0,0.0,0.0,-4200133.5,9.046087265014648,201.27584838867188,-0.0001963812392205,69306.734375,1.2284146547317505
127200.0,0.0,0.0,-4200132.5,6.656009197235107,199.1206817626953,0.0004476915346458554,69288.140625,1.2287442684173584
127300.0,0.0,0.0,-4200133.5,8.726411819458008,199.0080108642578,0.0007050568237900734,69269.25,1.2290793657302856
127400.0,0.0,0.0,-4200134.0,7.496723651885986,198.95323181152344,-0.0008887361036613584,69251.140625,1.229400873184204
127500.0,0.0,0.0,-4200130.0,9.139389991760254,195.16070556640625,-0.0008967206813395023,69232.8671875,1.2297252416610718
127600.0,0.0,0.0,-4200134.5,8.408443450927734,200.90814208984375,-4.7149951569736004e-05,69215.640625,1.2300313711166382
127700.0,0.0,0.0,-4200131.0,8.979958534240723,199.85479736328125,0.0003299327800050378,69200.625,1.2302982807159424
127800.0,0.0,0.0,-4200133.0,9.262670516967773,205.84568786621094,0.0007502493681386113,69188.1171875,1.2305207252502441
127900.0,0.0,0.0,-4200129.5,7.397726058959961,202.92987060546875,0.0005712676793336868,69177.84375,1.230703353881836
128000.0,0.0,0.0,-4200130.0,7.892988681793213,203.47035217285156,-0.00013691268395632505,69168.9140625,1.2308622598648071
128100.0,0.0,0.0,-4200130.5,7.3306565284729,202.16067504882812,-0.0004815487191081047,69161.9609375,1.2309858798980713
128200.0,0.0,0.0,-4200130.5,8.421168327331543,201.94300842285156,-0.0007757096318528056,69156.6015625,1.2310813665390015
128300.0,0.0,0.0,-4200128.0,9.18992805480957,200.08265686035156,0.0006016917759552598,69151.96875,1.2311639785766602
128400.0,0.0,0.0,-4200130.0,9.141807556152344,200.00802612304688,0.0007780489977449179,69149.1328125,1.2312145233154297
128500.0,0.0,0.0,-4200132.5,6.727138519287109,200.28375244140625,0.000853052653837949,69148.28125,1.231229543685913
128600.0,0.0,0.0,-4200135.5,8.82335090637207,202.56988525390625,-6.568734534084797e-05,69150.609375,1.2311880588531494
128700.0,0.0,0.0,-4200134.0,7.960553169250488,199.64076232910156,-0.0005414667539298534,69156.2890625,1.2310869693756104
128800.0,0.0,0.0,-4200133.5,9.319808006286621,198.33421325683594,-0.00037417456042021513,69163.5546875,1.2309576272964478
128900.0,0.0,0.0,-4200134.5,8.219144821166992,199.7167205810547,0.00010605703573673964,69172.5,1.2307984828948975
129000.0,0.0,0.0,-4200131.5,7.268380165100098,197.51454162597656,0.0011553787626326084,69182.8671875,1.2306140661239624
129100.0,0.0,0.0,-4200134.0,7.782215118408203,202.2810821533203,0.0006388523615896702,69194.609375,1.2304052114486694
129200.0,0.0,0.0,-4200130.5,9.747007369995117,200.55482482910156,-0.00021565426141023636,69207.921875,1.2301685810089111
129300.0,0.0,0.0,-4200131.0,8.376129150390625,202.8480224609375,-0.001661673653870821,69221.8828125,1.229920506477356
129400.0,0.0,0.0,-4200130.5,9.990459442138672,202.06204223632812,0.00011659716255962849,69235.5234375,1.2296780347824097
129500.0,0.0,0.0,-4200132.0,9.40306568145752,202.7259979248047,0.0017312784912064672,69250.9765625,1.2294037342071533
129600.0,0.0,0.0,-4200129.0,8.397274017333984,198.19131469726562,0.000912369869183749,69268.671875,1.229089617729187
129700.0,0.0,0.0,-4200130.0,7.0200419425964355,197.69158935546875,-0.0011546509340405464,69287.5703125,1.2287544012069702
129800.0,0.0,0.0,-4200133.5,7.25306510925293,200.84463500976562,-0.0013765253825113177,69305.9140625,1.2284291982650757
129900.0,0.0,0.0,-4200130.5,7.456357002258301,197.45721435546875,-7.34823988750577e-05,69323.453125,1.2281185388565063
130000.0,0.0,0.0,-4200134.0,9.64474105834961,200.68814086914062,0.0009866384789347649,69340.984375,1.2278079986572266
130100.0,0.0,0.0,-4200130.0,7.221338748931885,196.59530639648438,0.0005279001779854298,69359.015625,1.22748863697052
130200.0,0.0,0.0,-4200131.5,9.978662490844727,199.23829650878906,-0.0008503773715347052,69376.2890625,1.2271831035614014
130300.0,0.0,0.0,-4200133.0,6.873880863189697,201.8654327392578,-2.6110210455954075e-05,69390.7578125,1.2269271612167358
130400.0,0.0,0.0,-4200132.0,8.941219329833984,201.0762481689453,0.0005618990398943424,69403.75,1.2266974449157715
130500.0,0.0,0.0,-4200133.0,11.748955726623535,201.6790008544922,8.687260560691357e-06,69415.640625,1.2264875173568726
130600.0,0.0,0.0,-4200126.5,7.055208206176758,193.15472412109375,-0.0005703921196982265,69425.40625,1.226314902305603
130700.0,0.0,0.0,-4200134.0,8.631943702697754,199.53884887695312,-0.0008977195248007774,69432.234375,1.2261942625045776
130800.0,0.0,0.0,-4200131.0,9.008278846740723,196.2179412841797,0.0007656445959582925,69435.8203125,1.2261310815811157
130900.0,0.0,0.0,-4200133.0,7.079822063446045,198.855224609375,0.0003973479615524411,69437.640625,1.2260987758636475
131000.0,0.0,0.0,-4200130.0,8.364015579223633,196.77557373046875,-0.0001591626787558198,69437.921875,1.2260938882827759
131100.0,0.0,0.0,-4200133.5,7.496926307678223,199.6688232421875,-0.0013024304062128067,69435.9453125,1.2261286973953247
131200.0,0.0,0.0,-4200134.0,7.244542121887207,200.4076690673828,-0.0003808317705988884,69431.578125,1.226205825805664
131300.0,0.0,0.0,-4200133.5,7.655035018920898,199.9591064453125,0.000481925206258893,69424.859375,1.2263245582580566
131400.0,0.0,0.0,-4200131.0,7.574730396270752,198.67855834960938,0.0015839290572330356,69417.8359375,1.2264485359191895
131500.0,0.0,0.0,-4200132.5,7.2440667152404785,200.6414031982422,0.00020275916904211044,69410.9296875,1.2265704870224
131600.0,0.0,0.0,-4200130.0,7.575042724609375,199.42645263671875,-0.00178030866663903,69403.3359375,1.2267049551010132
131700.0,0.0,0.0,-4200135.0,7.073914051055908,205.77447509765625,-0.0007659237599000335,69394.1484375,1.2268671989440918
131800.0,0.0,0.0,-4200126.0,8.792740821838379,197.9589385986328,0.0015025793109089136,69383.8046875,1.2270501852035522
131900.0,0.0,0.0,-4200133.5,7.458226203918457,204.939453125,0.0015536656137555838,69374.6015625,1.227212905883789
132000.0,0.0,0.0,-4200130.0,9.500683784484863,198.70114135742188,1.7240876331925392e-05,69365.953125,1.2273659706115723
132100.0,0.0,0.0,-4200135.5,6.470694065093994,202.8085479736328,-0.0015413406072184443,69356.0,1.2275421619415283
132200.0,0.0,0.0,-4200129.5,6.957348346710205,196.7058868408203,6.719608791172504e-05,69344.046875,1.2277536392211914
132300.0,0.0,0.0,-4200131.5,7.926779747009277,198.63296508789062,7.917056791484356e-06,69331.46875,1.2279764413833618
132400.0,0.0,0.0,-4200133.5,7.22652006149292,200.78170776367188,0.0007557140197604895,69319.859375,1.228182077407837
132500.0,0.0,0.0,-4200133.5,7.721683025360107,200.90570068359375,-0.0004400113830342889,69308.84375,1.2283772230148315
132600.0,0.0,0.0,-4200134.5,7.508549690246582,201.0906982421875,0.0001629510661587119,69296.5234375,1.2285956144332886
132700.0,0.0,0.0,-4200133.0,7.128478050231934,199.00543212890625,0.00035101594403386116,69285.078125,1.2287986278533936
132800.0,0.0,0.0,-4200136.0,12.097054481506348,200.4800262451172,-0.00018295668996870518,69274.8828125,1.228979468345642
132900.0,0.0,0.0,-4200132.0,7.605127811431885,194.43777465820312,0.0004311313387006521,69266.1796875,1.2291338443756104
133000.0,0.0,0.0,-4200135.0,7.382746696472168,196.4298095703125,-0.0006687630666419864,69259.4765625,1.229252815246582
133100.0,0.0,0.0,-4200136.0,7.152880668640137,198.13055419921875,0.0007811654359102249,69252.921875,1.2293691635131836
133200.0,0.0,0.0,-4200137.5,7.8389482498168945,201.52561950683594,0.00039127387572079897,69248.328125,1.2294507026672363
133300.0,0.0,0.0,-4200133.0,7.589256286621094,199.73138427734375,-0.00010374421253800392,69245.34375,1.2295037508010864
133400.0,0.0,0.0,-4200133.0,8.200906753540039,200.75454711914062,-0.0007304523605853319,69243.234375,1.229541301727295
133500.0,0.0,0.0,-4200128.5,6.745230674743652,198.15518188476562,-0.0007337444694712758,69242.109375,1.22956120967865
133600.0,0.0,0.0,-4200133.0,7.01246452331543,203.90792846679688,0.002011990174651146,69241.1015625,1.229579210281372
133700.0,0.0,0.0,-4200129.5,8.001578330993652,199.73948669433594,0.00034428120125085115,69242.734375,1.2295500040054321
133800.0,0.0,0.0,-4200130.5,7.395641803741455,200.19290161132812,-0.0006138368044048548,69245.6875,1.2294975519180298
133900.0,0.0,0.0,-4200136.0,7.405982971191406,204.13607788085938,-0.0011465890565887094,69250.0546875,1.2294200658798218
134000.0,0.0,0.0,-4200132.0,7.672827243804932,198.67938232421875,0.00010465376544743776,69254.3046875,1.2293446063995361
134100.0,0.0,0.0,-4200137.0,9.649958610534668,204.32420349121094,0.0020116192754358053,69259.7109375,1.2292485237121582
134200.0,0.0,0.0,-4200133.5,6.969751358032227,200.37049865722656,0.0006764925783500075,69267.859375,1.2291040420532227
134300.0,0.0,0.0,-4200133.5,8.408834457397461,200.47911071777344,-0.0009043749887496233,69278.796875,1.228909969329834
134400.0,0.0,0.0,-4200129.5,6.8552751541137695,195.83531188964844,-0.001782390521839261,69291.5859375,1.2286832332611084
134500.0,0.0,0.0,-4200134.5,9.647337913513184,203.30287170410156,6.289873272180557e-05,69305.671875,1.2284334897994995
134600.0,0.0,0.0,-4200131.0,7.438208103179932,199.69046020507812,0.002241628710180521,69321.4140625,1.2281545400619507
134700.0,0.0,0.0,-4200130.5,7.615009784698486,200.07763671875,0.0009033097303472459,69339.0,1.227843165397644
134800.0,0.0,0.0,-4200130.0,6.7993927001953125,199.31765747070312,-0.0011904608691111207,69357.953125,1.2275075912475586
134900.0,0.0,0.0,-4200130.5,7.445542335510254,200.37396240234375,-0.0014379746280610561,69376.453125,1.2271801233291626
135000.0,0.0,0.0,-4200133.5,9.236922264099121,201.12615966796875,-4.8832851462066174e-05,69393.8515625,1.226872444152832
135100.0,0.0,0.0,-4200132.5,8.279958724975586,198.4998321533203,0.0011046362342312932,69410.09375,1.2265853881835938
135200.0,0.0,0.0,-4200135.0,7.6590752601623535,199.8275909423828,5.905749276280403e-07,69426.46875,1.226296067237854
135300.0,0.0,0.0,-4200135.5,8.121191024780273,199.441162109375,-0.000939982826821506,69441.625,1.2260284423828125
135400.0,0.0,0.0,-4200136.5,7.698214530944824,202.1929168701172,-0.0003706329734995961,69454.71875,1.225797176361084
135500.0,0.0,0.0,-4200130.0,6.754882335662842,198.19921875,0.000384259270504117,69465.2421875,1.2256115674972534
135600.0,0.0,0.0,-4200132.5,7.10811185836792,203.36465454101562,0.00028719671536237,69473.2421875,1.2254704236984253
135700.0,0.0,0.0,-4200130.5,6.269099712371826,203.20303344726562,1.529068686068058e-05,69479.5234375,1.2253596782684326
135800.0,0.0,0.0,-4200128.5,7.712347507476807,202.44161987304688,-0.0011971861822530627,69483.03125,1.2252978086471558
135900.0,0.0,0.0,-4200129.5,7.7163825035095215,203.8718719482422,0.00045233580749481916,69482.6796875,1.2253040075302124
136000.0,0.0,0.0,-4200128.0,9.340326309204102,200.42474365234375,0.0007629794999957085,69480.1796875,1.2253481149673462
136100.0,0.0,0.0,-4200129.5,7.808008193969727,199.51263427734375,-0.0002965276362374425,69476.1328125,1.2254196405410767
136200.0,0.0,0.0,-4200130.0,7.430817127227783,198.78787231445312,-0.0005110305501148105,69470.4921875,1.2255189418792725
136300.0,0.0,0.0,-4200133.5,7.238565921783447,200.87295532226562,8.618400897830725e-05,69462.2578125,1.2256642580032349
136400.0,0.0,0.0,-4200134.5,6.4166579246521,200.39642333984375,0.00040220445953309536,69451.8125,1.2258485555648804
136500.0,0.0,0.0,-4200134.0,7.7797746658325195,199.20787048339844,-0.00018070964142680168,69439.6015625,1.2260643243789673
136600.0,0.0,0.0,-4200132.0,7.37839412689209,198.17138671875,-0.0003177120815962553,69426.1484375,1.2263017892837524
136700.0,0.0,0.0,-4200135.5,7.830685615539551,201.1967315673828,-0.0004482424119487405,69411.5390625,1.2265597581863403
136800.0,0.0,0.0,-4200134.0,8.296086311340332,201.23912048339844,0.0003303562989458442,69394.9296875,1.226853370666504
136900.0,0.0,0.0,-4200135.0,7.779157638549805,204.2995147705078,0.0007535229669883847,69377.59375,1.2271599769592285
137000.0,0.0,0.0,-4200133.5,7.344113826751709,203.12278747558594,0.0005046606529504061,69359.21875,1.2274850606918335
137100.0,0.0,0.0,-4200131.5,8.057138442993164,201.67530822753906,0.00029878411442041397,69340.359375,1.2278189659118652
137200.0,0.0,0.0,-4200131.5,9.0883150100708,200.2628631591797,-0.0010925289243459702,69321.8828125,1.2281461954116821
137300.0,0.0,0.0,-4200132.0,8.315336227416992,199.6121063232422,-0.0009856008691713214,69302.484375,1.2284899950027466
137400.0,0.0,0.0,-4200135.5,8.084529876708984,201.28839111328125,0.0006952562835067511,69281.609375,1.2288601398468018
137500.0,0.0,0.0,-4200133.5,7.439251899719238,198.83692932128906,0.0013258256949484348,69261.2109375,1.229222059249878
137600.0,0.0,0.0,-4200132.5,6.122977256774902,198.32049560546875,0.0008694382850080729,69241.5078125,1.2295719385147095
137700.0,0.0,0.0,-4200134.0,9.492337226867676,200.21949768066406,-0.001477969461120665,69223.1484375,1.2298979759216309
137800.0,0.0,0.0,-4200133.0,6.658438682556152,200.26840209960938,-0.0015266308328136802,69204.359375,1.2302318811416626
137900.0,0.0,0.0,-4200134.0,7.950747489929199,202.7967529296875,0.000754646840505302,69185.2265625,1.2305721044540405
138000.0,0.0,0.0,-4200132.0,7.368556022644043,203.3463134765625,0.001716954866424203,69168.421875,1.2308710813522339
138100.0,0.0,0.0,-4200132.0,7.409579753875732,203.8419189453125,0.0008087139576673508,69154.6875,1.231115460395813
138200.0,0.0,0.0,-4200133.5,7.512001037597656,204.8626708984375,-0.0011371204163879156,69143.3671875,1.231317162513733
138300.0,0.0,0.0,-4200133.5,7.85855770111084,202.82028198242188,-0.0013798864092677832,69132.953125,1.231502652168274
138400.0,0.0,0.0,-4200134.0,8.298296928405762,201.16893005371094,0.0008588556665927172,69124.0,1.2316620349884033
138500.0,0.0,0.0,-4200131.5,7.4307756423950195,196.77157592773438,0.0012138161109760404,69118.3828125,1.2317622900009155
138600.0,0.0,0.0,-4200133.0,9.269125938415527,198.77549743652344,0.0002107021864503622,69115.8515625,1.2318072319030762
138700.0,0.0,0.0,-4200132.5,7.710077285766602,198.9604949951172,-0.0007887326646596193,69114.890625,1.2318243980407715
138800.0,0.0,0.0,-4200134.0,9.144506454467773,202.39515686035156,-0.0006527225486934185,69115.546875,1.2318127155303955
138900.0,0.0,0.0,-4200131.5,8.460371017456055,200.01271057128906,0.0009892294183373451,69118.5859375,1.23175847530365
139000.0,0.0,0.0,-4200136.5,7.096193313598633,204.9855499267578,0.001501169172115624,69125.34375,1.2316380739212036
139100.0,0.0,0.0,-4200135.0,7.680995464324951,202.49766540527344,-0.000407226849347353,69135.453125,1.2314579486846924
139200.0,0.0,0.0,-4200134.0,6.681807518005371,199.40029907226562,-0.0006138645112514496,69147.5703125,1.2312421798706055
139300.0,0.0,0.0,-4200135.5,7.966665744781494,199.0335693359375,0.00012802635319530964,69162.34375,1.2309792041778564
139400.0,0.0,0.0,-4200135.5,8.175020217895508,199.3000946044922,0.0005653254920616746,69179.890625,1.2306671142578125
139500.0,0.0,0.0,-4200134.0,7.861270904541016,197.4340362548828,-9.744975250214338e-05,69199.9765625,1.2303097248077393
139600.0,0.0,0.0,-4200132.0,7.972512245178223,197.4129180908203,-0.000642345636151731,69221.6171875,1.2299251556396484
139700.0,0.0,0.0,-4200134.0,7.762136936187744,202.47552490234375,0.00019780045840889215,69243.296875,1.2295399904251099
139800.0,0.0,0.0,-4200131.0,9.393543243408203,201.698974609375,0.000905022956430912,69266.03125,1.2291364669799805
139900.0,0.0,0.0,-4200133.0,7.560838222503662,204.7681121826172,0.00011363497469574213,69290.7890625,1.2286972999572754
140000.0,0.0,0.0,-4200129.0,9.463594436645508,199.63650512695312,-0.0010945582762360573,69316.8203125,1.2282358407974243
140100.0,0.0,0.0,-4200130.5,6.275336265563965,202.19900512695312,-0.00017767783720046282,69342.1796875,1.227786660194397
140200.0,0.0,0.0,-4200131.5,8.138473510742188,202.72752380371094,0.0005118848057463765,69367.4765625,1.2273389101028442
140300.0,0.0,0.0,-4200133.0,8.095067024230957,203.01222229003906,0.000747778220102191,69391.359375,1.2269165515899658
140400.0,0.0,0.0,-4200137.5,8.107912063598633,205.69631958007812,-8.054461795836687e-05,69414.1875,1.226513147354126
140500.0,0.0,0.0,-4200129.0,8.403101921081543,197.58018493652344,-0.0018343571573495865,69436.4296875,1.226120114326477
140600.0,0.0,0.0,-4200132.0,7.732207298278809,200.92384338378906,-0.0001476244069635868,69456.0078125,1.2257746458053589
140700.0,0.0,0.0,-4200128.0,8.682580947875977,195.88674926757812,0.0010051734279841185,69472.546875,1.2254828214645386
140800.0,0.0,0.0,-4200132.0,7.846879959106445,199.59921264648438,0.0013394178822636604,69486.3828125,1.2252386808395386
140900.0,0.0,0.0,-4200129.5,8.77370834350586,196.7445831298828,-0.0012318403460085392,69498.21875,1.2250299453735352
141000.0,0.0,0.0,-4200132.5,8.41139030456543,198.4394989013672,-0.0017389680724591017,69506.90625,1.224876880645752
141100.0,0.0,0.0,-4200137.0,6.7479939460754395,202.14137268066406,0.000173362554050982,69512.3359375,1.2247813940048218
141200.0,0.0,0.0,-4200136.0,7.4769792556762695,200.2301483154297,0.0010272893123328686,69514.875,1.2247365713119507
141300.0,0.0,0.0,-4200135.5,9.500791549682617,198.91053771972656,0.0010797594441100955,69515.9765625,1.224717140197754
141400.0,0.0,0.0,-4200133.0,9.163131713867188,197.7710418701172,-0.0016077879117801785,69515.0,1.2247343063354492
141500.0,0.0,0.0,-4200132.5,7.584587097167969,198.70082092285156,-0.0007779644802212715,69510.09375,1.224820613861084
141600.0,0.0,0.0,-4200132.0,7.5915350914001465,199.4347686767578,-0.0009784833528101444,69501.828125,1.2249664068222046
141700.0,0.0,0.0,-4200129.5,11.863649368286133,197.71026611328125,0.001207437482662499,69490.3671875,1.2251684665679932
141800.0,0.0,0.0,-4200129.0,8.345534324645996,197.5304718017578,0.0011876794742420316,69477.546875,1.2253944873809814
141900.0,0.0,0.0,-4200131.5,7.203916549682617,201.17494201660156,-0.00044383725617080927,69462.53125,1.2256593704223633
142000.0,0.0,0.0,-4200133.0,8.247764587402344,203.63072204589844,-0.0008334906306117773,69444.328125,1.2259807586669922
142100.0,0.0,0.0,-4200133.0,8.2484130859375,202.4936981201172,-0.0008611332159489393,69423.9765625,1.2263401746749878
142200.0,0.0,0.0,-4200131.5,7.071015357971191,198.8876495361328,0.0012556645087897778,69402.0546875,1.2267274856567383
142300.0,0.0,0.0,-4200132.5,8.77171516418457,198.64830017089844,-2.0594685338437557e-05,69380.6953125,1.2271052598953247
142400.0,0.0,0.0,-4200135.0,8.261006355285645,201.04872131347656,0.00035508046858012676,69358.484375,1.2274980545043945
142500.0,0.0,0.0,-4200130.5,8.838080406188965,197.63470458984375,-0.0008906255243346095,69335.34375,1.2279077768325806
142600.0,0.0,0.0,-4200134.5,8.627445220947266,201.6147918701172,-0.0006981894839555025,69311.734375,1.2283259630203247
142700.0,0.0,0.0,-4200131.5,11.702160835266113,198.76304626464844,0.0004179340321570635,69289.4609375,1.2287209033966064
142800.0,0.0,0.0,-4200133.0,8.40756893157959,200.75547790527344,0.0002793706953525543,69268.4765625,1.229093074798584
142900.0,0.0,0.0,-4200132.0,8.331113815307617,198.33309936523438,0.0010054790182039142,69248.28125,1.2294515371322632
143000.0,0.0,0.0,-4200133.5,8.445165634155273,197.34877014160156,5.692162085324526e-05,69229.0859375,1.2297924757003784
143100.0,0.0,0.0,-4200134.0,8.162172317504883,198.41830444335938,-5.310715641826391e-05,69210.265625,1.230126976966858
143200.0,0.0,0.0,-4200133.5,6.433534622192383,197.0143585205078,-0.000855695572681725,69192.8515625,1.2304364442825317
143300.0,0.0,0.0,-4200133.5,7.437755584716797,197.9901123046875,-0.0008600581204518676,69175.671875,1.2307419776916504
143400.0,0.0,0.0,-4200135.0,7.938756465911865,201.21580505371094,0.000420878641307354,69158.09375,1.2310549020767212
143500.0,0.0,0.0,-4200130.5,8.0170259475708,199.03135681152344,0.0009485508198849857,69142.3828125,1.2313345670700073
143600.0,0.0,0.0,-4200132.5,6.538674354553223,202.90879821777344,0.0014178308192640543,69129.84375,1.2315579652786255
143700.0,0.0,0.0,-4200133.5,8.091806411743164,204.84410095214844,-0.0006120417965576053,69120.6640625,1.2317215204238892
143800.0,0.0,0.0,-4200131.0,6.670369625091553,203.35203552246094,-0.0009025170002132654,69113.1171875,1.231856107711792
143900.0,0.0,0.0,-4200134.5,7.239189147949219,205.26573181152344,-0.0003133087884634733,69107.5859375,1.231954574584961
144000.0,0.0,0.0,-4200133.0,8.075401306152344,199.50498962402344,0.0005825301632285118,69103.6796875,1.2320241928100586
144100.0,0.0,0.0,-4200136.0,8.310479164123535,202.02725219726562,0.00187568215187639,69102.4609375,1.2320458889007568
144200.0,0.0,0.0,-4200132.5,7.597318172454834,200.0165252685547,-0.00036564574111253023,69105.1015625,1.2319988012313843
144300.0,0.0,0.0,-4200133.5,7.488289833068848,203.02780151367188,-0.0010435190051794052,69109.265625,1.2319246530532837
144400.0,0.0,0.0,-4200133.0,9.165087699890137,201.18284606933594,-0.0007354822009801865,69115.5234375,1.2318130731582642
144500.0,0.0,0.0,-4200131.0,7.319397926330566,198.87123107910156,0.0014287505764514208,69122.8203125,1.2316830158233643
144600.0,0.0,0.0,-4200132.5,7.683891296386719,198.33909606933594,0.0009810698684304953,69133.7890625,1.2314876317977905
144700.0,0.0,0.0,-4200133.0,8.086952209472656,197.86712646484375,-0.0002467749873176217,69148.1171875,1.2312324047088623
144800.0,0.0,0.0,-4200135.5,9.358516693115234,200.3413848876953,-0.001383743598125875,69164.8828125,1.2309341430664062
144900.0,0.0,0.0,-4200133.0,8.359198570251465,197.8861541748047,-0.00127137522213161,69181.9296875,1.2306307554244995
145000.0,0.0,0.0,-4200133.5,8.78550910949707,199.297119140625,0.0011971909552812576,69200.0546875,1.2303084135055542
145100.0,0.0,0.0,-4200130.5,9.574604034423828,198.11289978027344,-1.6580685041844845e-05,69220.609375,1.229943037033081
145200.0,0.0,0.0,-4200131.0,7.183701038360596,201.37939453125,0.0005285604856908321,69241.8984375,1.229564905166626
145300.0,0.0,0.0,-4200130.0,7.854714870452881,202.52719116210938,-0.001450452720746398,69264.21875,1.2291686534881592
145400.0,0.0,0.0,-4200130.0,7.918117523193359,202.49771118164062,0.00014089979231357574,69287.21875,1.2287606000900269
145500.0,0.0,0.0,-4200130.5,8.07888126373291,202.47105407714844,0.0003570468397811055,69311.3671875,1.22833251953125
145600.0,0.0,0.0,-4200131.0,10.532941818237305,201.5740966796875,0.00018262863159179688,69335.109375,1.2279119491577148
145700.0,0.0,0.0,-4200130.5,6.829776287078857,199.3564910888672,5.230051465332508e-05,69357.90625,1.227508306503296
145800.0,0.0,0.0,-4200132.0,6.957069396972656,201.6866455078125,0.00012258451897650957,69379.15625,1.2271323204040527
145900.0,0.0,0.0,-4200131.5,6.798961162567139,199.62135314941406,0.0003338094102218747,69398.203125,1.2267956733703613
146000.0,0.0,0.0,-4200130.0,9.354131698608398,196.9065704345703,-0.0011732077691704035,69415.5234375,1.2264894247055054
146100.0,0.0,0.0,-4200130.0,7.418540954589844,198.39627075195312,0.000475484412163496,69429.078125,1.2262500524520874
146200.0,0.0,0.0,-4200131.0,8.64051342010498,198.3875732421875,-0.00038953463081270456,69439.6328125,1.22606360912323
146300.0,0.0,0.0,-4200133.0,8.219193458557129,199.6025848388672,-0.00045073963701725006,69446.0234375,1.2259507179260254
146400.0,0.0,0.0,-4200134.0,7.990232944488525,199.4214324951172,-0.0004396329168230295,69448.8828125,1.2259002923965454
146500.0,0.0,0.0,-4200134.5,9.038613319396973,198.80996704101562,-1.0860152542591095e-05,69448.0625,1.2259148359298706
146600.0,0.0,0.0,-4200135.5,7.394109725952148,199.07928466796875,0.0005346398102119565,69442.9453125,1.2260050773620605
146700.0,0.0,0.0,-4200136.0,7.917028427124023,198.68569946289062,-0.0007397349691018462,69434.2890625,1.2261580228805542
146800.0,0.0,0.0,-4200135.5,8.235272407531738,197.6876678466797,0.00013699789997190237,69421.6953125,1.2263803482055664
146900.0,0.0,0.0,-4200132.0,8.393678665161133,198.31964111328125,-0.0013415131252259016,69407.1796875,1.2266370058059692
147000.0,0.0,0.0,-4200132.0,8.258464813232422,199.95428466796875,0.00032091420143842697,69389.3359375,1.226952314376831
147100.0,0.0,0.0,-4200132.0,7.617303371429443,201.7034912109375,0.0005867062136530876,69369.0546875,1.2273110151290894
147200.0,0.0,0.0,-4200130.0,7.864322185516357,201.56027221679688,0.0007682114373892546,69346.640625,1.2277077436447144
147300.0,0.0,0.0,-4200130.5,7.588319301605225,202.10784912109375,2.3563625290989876e-06,69321.9921875,1.2281442880630493
147400.0,0.0,0.0,-4200130.5,6.409264087677002,200.4834442138672,-0.0016946815885603428,69296.09375,1.2286032438278198
147500.0,0.0,0.0,-4200132.5,8.821427345275879,201.00839233398438,-4.280719440430403e-05,69268.6015625,1.229090929031372
147600.0,0.0,0.0,-4200133.5,10.317863464355469,200.29144287109375,0.00044149323366582394,69240.1171875,1.229596495628357
147700.0,0.0,0.0,-4200130.5,7.85166072845459,196.88734436035156,0.001189300324767828,69211.9375,1.2300971746444702
147800.0,0.0,0.0,-4200133.0,8.360295295715332,199.48458862304688,0.000462294090539217,69184.3046875,1.2305883169174194
147900.0,0.0,0.0,-4200134.0,7.131069660186768,201.3297576904297,-0.0007843904895707965,69157.8984375,1.2310584783554077
148000.0,0.0,0.0,-4200134.0,7.356823444366455,201.5845184326172,0.00011698692105710506,69131.9140625,1.2315211296081543
148100.0,0.0,0.0,-4200132.5,6.914882183074951,199.1010284423828,-0.00024188600946217775,69107.265625,1.2319602966308594
148200.0,0.0,0.0,-4200134.5,9.24603271484375,199.80142211914062,0.0013041914207860827,69083.4375,1.232385277748108
148300.0,0.0,0.0,-4200135.0,7.970894813537598,197.97132873535156,-0.0002116543473675847,69061.1171875,1.2327836751937866
148400.0,0.0,0.0,-4200135.5,7.349765300750732,200.4844207763672,-0.0005153424572199583,69041.1015625,1.2331409454345703
148500.0,0.0,0.0,-4200132.5,7.839040279388428,196.72190856933594,-0.00038663996383547783,69022.8125,1.233467698097229
148600.0,0.0,0.0,-4200135.5,8.197856903076172,199.08480834960938,0.00069665617775172,69006.640625,1.2337567806243896
148700.0,0.0,0.0,-4200135.0,6.978816509246826,199.8489227294922,0.0026541261468082666,68994.3671875,1.2339762449264526
148800.0,0.0,0.0,-4200131.0,9.158692359924316,196.10711669921875,-0.0002935269149020314,68986.984375,1.234108328819275
148900.0,0.0,0.0,-4200136.5,7.853075981140137,202.37429809570312,0.00012789492029696703,68982.046875,1.2341965436935425
149000.0,0.0,0.0,-4200132.0,7.482165813446045,196.36123657226562,-0.00176607770845294,68981.1796875,1.2342121601104736
149100.0,0.0,0.0,-4200134.5,7.785816192626953,199.38710021972656,0.001312576001510024,68983.4375,1.234171748161316
149200.0,0.0,0.0,-4200132.0,8.119759559631348,197.3700408935547,0.001287720981054008,68990.875,1.2340385913848877
149300.0,0.0,0.0,-4200134.5,7.363587379455566,200.42755126953125,0.0009816281963139772,69002.40625,1.233832597732544
149400.0,0.0,0.0,-4200132.5,8.005228042602539,200.1697540283203,-0.00044789048843085766,69017.203125,1.2335679531097412
149500.0,0.0,0.0,-4200130.5,7.95685338973999,199.51173400878906,-0.001964912051334977,69035.8515625,1.2332346439361572
149600.0,0.0,0.0,-4200133.0,7.182617664337158,203.0334014892578,0.0006292309844866395,69057.6640625,1.2328453063964844
149700.0,0.0,0.0,-4200131.0,7.081312656402588,200.31292724609375,0.0013201632536947727,69084.0703125,1.2323739528656006
149800.0,0.0,0.0,-4200132.5,6.941639423370361,200.49122619628906,0.0020492475014179945,69113.265625,1.2318533658981323
149900.0,0.0,0.0,-4200132.5,9.098570823669434,199.52459716796875,-0.0006570607656612992,69144.6171875,1.231294870376587
150000.0,0.0,0.0,-4200129.5,8.434183120727539,194.66175842285156,-0.0009565186919644475,69178.359375,1.23069429397583
150100.0,0.0,0.0,-4200133.5,6.7040181159973145,199.76739501953125,-0.0012017525732517242,69214.2109375,1.2300567626953125
150200.0,0.0,0.0,-4200129.0,9.58448600769043,197.0927276611328,0.00010961794760078192,69251.015625,1.229403018951416
150300.0,0.0,0.0,-4200132.5,7.6007561683654785,200.73797607421875,0.0009226306574419141,69288.5546875,1.2287369966506958
150400.0,0.0,0.0,-4200131.5,8.614383697509766,198.67686462402344,0.0008476179791614413,69326.8515625,1.2280582189559937
150500.0,0.0,0.0,-4200134.5,7.524293899536133,201.24609375,0.0003769657341763377,69366.046875,1.227364420890808
150600.0,0.0,0.0,-4200133.5,8.420714378356934,197.8598175048828,-0.001975341932848096,69405.984375,1.2266581058502197
150700.0,0.0,0.0,-4200134.5,7.794675827026367,197.71142578125,-0.001274098176509142,69443.4609375,1.2259961366653442
150800.0,0.0,0.0,-4200136.0,8.570574760437012,200.8734893798828,0.0004926855908706784,69479.2890625,1.225363850593567
150900.0,0.0,0.0,-4200134.0,10.326613426208496,199.96739196777344,0.002613748423755169,69513.0234375,1.224769115447998
151000.0,0.0,0.0,-4200134.0,11.054059982299805,201.10731506347656,-0.000558911357074976,69546.4453125,1.2241805791854858
151100.0,0.0,0.0,-4200129.0,8.541401863098145,197.42166137695312,-0.0017307597445324063,69576.671875,1.2236487865447998
151200.0,0.0,0.0,-4200133.0,9.55032730102539,202.22024536132812,-0.0007856186712160707,69601.9453125,1.2232043743133545
151300.0,0.0,0.0,-4200132.0,6.782312870025635,200.9273223876953,-0.0002328905975446105,69623.65625,1.2228230237960815
151400.0,0.0,0.0,-4200132.0,7.8490891456604,203.01893615722656,0.0013644092250615358,69640.9140625,1.222520112991333
151500.0,0.0,0.0,-4200131.5,7.58424711227417,199.75436401367188,-0.0007018008036538959,69655.2421875,1.2222685813903809
151600.0,0.0,0.0,-4200136.0,7.542966365814209,202.42941284179688,0.0002964265877380967,69665.7421875,1.222084403038025
151700.0,0.0,0.0,-4200130.0,7.249893665313721,196.6182403564453,-0.002053397474810481,69671.1328125,1.2219897508621216
151800.0,0.0,0.0,-4200131.5,8.21772575378418,200.02569580078125,0.00011855480261147022,69668.984375,1.2220274209976196
151900.0,0.0,0.0,-4200131.0,8.167550086975098,198.4304656982422,0.0001985151320695877,69661.375,1.2221609354019165
152000.0,0.0,0.0,-4200128.5,9.38565731048584,195.5607452392578,-0.0003121602348983288,69646.59375,1.2224204540252686
152100.0,0.0,0.0,-4200133.5,7.049729824066162,202.24887084960938,0.0006697992794215679,69625.671875,1.222787618637085
152200.0,0.0,0.0,-4200130.0,7.928222179412842,197.94981384277344,-0.0023890992160886526,69599.34375,1.223250150680542
152300.0,0.0,0.0,-4200133.5,7.379971027374268,199.0946807861328,0.001514478586614132,69567.9140625,1.2238028049468994
152400.0,0.0,0.0,-4200134.0,8.982272148132324,199.7157745361328,-0.0005600937874987721,69534.1640625,1.2243969440460205
152500.0,0.0,0.0,-4200130.0,11.201374053955078,197.765380859375,0.0006569024408236146,69495.0390625,1.2250860929489136
152600.0,0.0,0.0,-4200132.0,7.87498664855957,200.5011749267578,-0.0010177905205637217,69452.5390625,1.2258358001708984
152700.0,0.0,0.0,-4200133.0,8.336652755737305,201.53631591796875,-0.0015704033430665731,69407.21875,1.2266361713409424
152800.0,0.0,0.0,-4200134.0,7.9424262046813965,203.50794982910156,0.0014224210754036903,69359.375,1.2274823188781738
152900.0,0.0,0.0,-4200129.0,8.831933975219727,199.55438232421875,-0.0002060385886579752,69311.453125,1.2283309698104858
153000.0,0.0,0.0,-4200131.0,9.152064323425293,201.68490600585938,0.0014591028448194265,69263.0,1.2291901111602783
153100.0,0.0,0.0,-4200130.5,9.216670036315918,198.93508911132812,-0.0006704856641590595,69214.796875,1.230046272277832
153200.0,0.0,0.0,-4200133.5,8.452861785888672,201.5906982421875,0.0013766330666840076,69165.0,1.2309318780899048
153300.0,0.0,0.0,-4200131.5,8.580795288085938,198.99224853515625,-0.00041386543307453394,69117.1015625,1.2317849397659302
153400.0,0.0,0.0,-4200133.5,8.541138648986816,202.05845642089844,6.851600483059883e-05,69070.8125,1.2326104640960693
153500.0,0.0,0.0,-4200129.5,9.024231910705566,198.27703857421875,0.0005943747237324715,69026.8828125,1.2333948612213135
153600.0,0.0,0.0,-4200132.0,7.453444957733154,200.23033142089844,0.00011575582902878523,68985.671875,1.2341316938400269
153700.0,0.0,0.0,-4200135.5,7.567201137542725,201.2582550048828,0.001262144767679274,68947.6640625,1.2348122596740723
153800.0,0.0,0.0,-4200134.0,7.501456260681152,199.74600219726562,-0.0014084837166592479,68913.4765625,1.2354246377944946
153900.0,0.0,0.0,-4200132.0,7.441306114196777,201.1369171142578,0.0007409966783598065,68881.5078125,1.2359980344772339
154000.0,0.0,0.0,-4200130.5,7.5507893562316895,199.31222534179688,-0.0004908338887616992,68853.8203125,1.236495018005371
154100.0,0.0,0.0,-4200131.5,11.449957847595215,197.56761169433594,0.0012316766660660505,68830.5390625,1.2369133234024048
154200.0,0.0,0.0,-4200132.5,8.233928680419922,196.40760803222656,0.00033694517333060503,68812.640625,1.2372349500656128
154300.0,0.0,0.0,-4200136.5,9.492486000061035,201.31088256835938,3.6199227906763554e-05,68799.2890625,1.237475037574768
154400.0,0.0,0.0,-4200135.0,7.206021308898926,202.94638061523438,0.00022533244919031858,68790.46875,1.2376337051391602
154500.0,0.0,0.0,-4200132.5,9.578845024108887,201.20831298828125,-0.0009836015524342656,68786.625,1.2377030849456787
154600.0,0.0,0.0,-4200134.5,8.831497192382812,204.07049560546875,0.0008556760149076581,68787.1796875,1.2376930713653564
154700.0,0.0,0.0,-4200131.0,9.971808433532715,198.8693389892578,-0.0007928747218102217,68793.8671875,1.2375726699829102
154800.0,0.0,0.0,-4200130.5,7.653557777404785,197.27423095703125,0.0013664010912179947,68805.4765625,1.2373638153076172
154900.0,0.0,0.0,-4200130.0,8.158648490905762,197.20999145507812,-0.0005143634043633938,68823.078125,1.2370473146438599
155000.0,0.0,0.0,-4200132.0,7.784145832061768,198.01243591308594,0.0014082285342738032,68844.8046875,1.236656904220581
155100.0,0.0,0.0,-4200134.5,8.647618293762207,199.82557678222656,-0.000208446872420609,68872.1875,1.2361652851104736
155200.0,0.0,0.0,-4200132.5,7.899139881134033,198.1610107421875,-0.00010587007272988558,68903.2578125,1.2356078624725342
155300.0,0.0,0.0,-4200133.0,7.154212474822998,199.76905822753906,-0.001013590837828815,68937.6171875,1.2349920272827148
155400.0,0.0,0.0,-4200132.0,7.3414692878723145,198.48687744140625,0.0003488443326205015,68975.1484375,1.234320044517517
155500.0,0.0,0.0,-4200132.0,9.908807754516602,200.16156005859375,0.0018854568479582667,69015.3984375,1.2336002588272095
155600.0,0.0,0.0,-4200132.5,8.692060470581055,203.6531219482422,-0.0006924697663635015,69058.71875,1.2328263521194458
155700.0,0.0,0.0,-4200130.5,9.611255645751953,200.86231994628906,0.0004282013978809118,69102.375,1.2320473194122314
155800.0,0.0,0.0,-4200130.0,8.608906745910645,200.93930053710938,-0.001606083125807345,69146.171875,1.2312670946121216
155900.0,0.0,0.0,-4200132.0,8.81510066986084,201.46798706054688,-7.316842675209045e-05,69189.9453125,1.2304881811141968
156000.0,0.0,0.0,-4200131.5,8.021737098693848,201.67530822753906,-0.0011015471536666155,69232.921875,1.229724407196045
156100.0,0.0,0.0,-4200134.0,7.269416809082031,203.57150268554688,0.0010141904931515455,69273.2734375,1.2290079593658447
156200.0,0.0,0.0,-4200134.0,8.295610427856445,202.74835205078125,0.0007157515501603484,69311.9765625,1.2283216714859009
156300.0,0.0,0.0,-4200131.0,8.242762565612793,199.75762939453125,-0.0004841411719098687,69348.078125,1.2276822328567505
156400.0,0.0,0.0,-4200135.0,8.121404647827148,203.38864135742188,-0.00020963000133633614,69381.40625,1.2270925045013428
156500.0,0.0,0.0,-4200130.0,7.773967742919922,200.40945434570312,-0.0019166553393006325,69411.21875,1.2265654802322388
156600.0,0.0,0.0,-4200132.0,8.709864616394043,201.6742401123047,0.0006141746416687965,69434.578125,1.2261528968811035
156700.0,0.0,0.0,-4200132.0,8.046552658081055,200.42115783691406,0.0005581126315519214,69453.921875,1.22581148147583
156800.0,0.0,0.0,-4200135.5,7.76536226272583,204.71221923828125,0.0014657077845185995,69469.84375,1.2255303859710693
156900.0,0.0,0.0,-4200134.0,7.523545265197754,202.77947998046875,-0.00227551837451756,69482.171875,1.2253129482269287
157000.0,0.0,0.0,-4200132.0,7.486441135406494,199.746826171875,-0.002491667866706848,69487.0078125,1.2252277135849
157100.0,0.0,0.0,-4200136.0,7.368795871734619,204.27593994140625,0.0012380518019199371,69485.515625,1.2252540588378906
157200.0,0.0,0.0,-4200130.5,10.584480285644531,199.6089324951172,0.0016663831193000078,69480.671875,1.225339412689209
157300.0,0.0,0.0,-4200134.0,7.805575847625732,204.21824645996094,0.001086946576833725,69472.421875,1.2254849672317505
157400.0,0.0,0.0,-4200128.5,8.279630661010742,198.36932373046875,-0.0021505788899958134,69459.6171875,1.2257109880447388
157500.0,0.0,0.0,-4200132.5,9.686163902282715,204.40594482421875,-0.001932548708282411,69441.3828125,1.2260327339172363
157600.0,0.0,0.0,-4200128.0,7.162683963775635,199.0569610595703,-0.00012235657777637243,69417.640625,1.2264519929885864
157700.0,0.0,0.0,-4200131.5,8.363349914550781,203.3192596435547,0.0016662683337926865,69391.546875,1.226913332939148
157800.0,0.0,0.0,-4200126.0,7.634266376495361,195.6621856689453,0.0003599642077460885,69364.1171875,1.22739839553833
157900.0,0.0,0.0,-4200131.5,8.608104705810547,200.90982055664062,-0.001034257118590176,69333.4609375,1.2279411554336548
158000.0,0.0,0.0,-4200132.0,9.25652027130127,199.43109130859375,-0.00054779346100986,69300.96875,1.2285168170928955
158100.0,0.0,0.0,-4200133.0,7.665668487548828,200.31507873535156,-0.0005326545797288418,69267.1171875,1.2291172742843628
158200.0,0.0,0.0,-4200133.0,8.2315673828125,199.89280700683594,-0.0001402063062414527,69232.3046875,1.2297353744506836
158300.0,0.0,0.0,-4200128.0,7.300014495849609,195.3026885986328,0.0010055785533040762,69198.1640625,1.230341911315918
158400.0,0.0,0.0,-4200135.5,8.044486999511719,204.22816467285156,0.0001302784075960517,69164.1953125,1.2309463024139404
158500.0,0.0,0.0,-4200132.5,7.323233127593994,200.01292419433594,4.141626413911581e-05,69130.1953125,1.2315516471862793
158600.0,0.0,0.0,-4200137.0,8.401329040527344,201.97348022460938,0.00017188896890729666,69097.8828125,1.2321275472640991
158700.0,0.0,0.0,-4200133.5,7.85758113861084,195.83299255371094,0.00012670585419982672,69067.7421875,1.2326654195785522
158800.0,0.0,0.0,-4200133.5,8.33110237121582,196.59043884277344,0.0005854126065969467,69040.296875,1.2331552505493164
158900.0,0.0,0.0,-4200135.5,7.900356769561768,199.27149963378906,-0.0002489049220457673,69015.1640625,1.2336044311523438
159000.0,0.0,0.0,-4200133.0,8.46403980255127,197.7950439453125,0.00015467079356312752,68992.9296875,1.234001874923706
159100.0,0.0,0.0,-4200138.5,7.242991924285889,204.6063232421875,-0.00012500991579145193,68974.8125,1.2343260049819946
159200.0,0.0,0.0,-4200131.5,10.131168365478516,198.96104431152344,0.0001914916792884469,68960.140625,1.2345887422561646
159300.0,0.0,0.0,-4200134.5,7.436816692352295,204.42144775390625,0.0006566238589584827,68948.390625,1.2347990274429321
159400.0,0.0,0.0,-4200129.5,7.419414043426514,199.19224548339844,0.0007877362659201026,68940.5703125,1.2349390983581543
159500.0,0.0,0.0,-4200131.5,12.564189910888672,201.0299530029297,0.0005971074569970369,68938.4375,1.2349774837493896
159600.0,0.0,0.0,-4200132.0,7.55066442489624,202.04490661621094,-0.0010574701009318233,68941.3125,1.2349258661270142
159700.0,0.0,0.0,-4200129.0,8.47346019744873,195.78309631347656,-0.00011245009955018759,68947.2421875,1.2348196506500244
159800.0,0.0,0.0,-4200131.0,8.789875030517578,195.29159545898438,0.00013622536789625883,68956.4296875,1.2346550226211548
159900.0,0.0,0.0,-4200132.5,8.355324745178223,196.31565856933594,0.0015363116981461644,68969.1796875,1.2344268560409546
160000.0,0.0,0.0,-4200135.5,7.061198711395264,202.20309448242188,0.0005212766118347645,68986.0,1.2341258525848389
160100.0,0.0,0.0,-4200133.5,8.864289283752441,200.3671112060547,-0.0006359182298183441,69006.328125,1.233762264251709
160200.0,0.0,0.0,-4200135.0,9.542194366455078,201.94757080078125,-0.0016215216601267457,69029.203125,1.2333534955978394
160300.0,0.0,0.0,-4200134.5,9.553337097167969,203.63644409179688,8.884514681994915e-05,69053.875,1.2329127788543701
160400.0,0.0,0.0,-4200131.5,7.6661553382873535,200.5291748046875,0.0020375452004373074,69080.6171875,1.2324355840682983
160500.0,0.0,0.0,-4200133.5,9.67324161529541,203.28623962402344,0.0011513784993439913,69110.5234375,1.2319022417068481
160600.0,0.0,0.0,-4200131.0,7.39621114730835,200.34620666503906,-0.0008883241098374128,69142.140625,1.2313388586044312
160700.0,0.0,0.0,-4200135.0,7.606757640838623,202.531494140625,-0.0016997505445033312,69174.296875,1.2307666540145874
160800.0,0.0,0.0,-4200131.5,7.7041401863098145,199.02099609375,0.0007023042999207973,69204.984375,1.2302206754684448
160900.0,0.0,0.0,-4200133.5,7.965604782104492,200.21356201171875,0.000216285465285182,69235.5625,1.2296775579452515
161000.0,0.0,0.0,-4200133.0,7.733560562133789,198.1768341064453,0.0004999247612431645,69265.46875,1.2291464805603027
161100.0,0.0,0.0,-4200131.0,7.337063312530518,197.8612823486328,-0.0005272612906992435,69293.0078125,1.2286580801010132
161200.0,0.0,0.0,-4200134.0,7.262927532196045,201.0176544189453,-0.001197121455334127,69317.8203125,1.2282181978225708
161300.0,0.0,0.0,-4200134.5,9.081867218017578,200.7401123046875,0.0011599103454500437,69339.0234375,1.2278426885604858
161400.0,0.0,0.0,-4200131.0,8.599447250366211,200.7488250732422,0.00028652511537075043,69359.234375,1.2274848222732544
161500.0,0.0,0.0,-4200134.0,7.629441261291504,203.1152801513672,0.0007603729609400034,69376.0078125,1.227187991142273
161600.0,0.0,0.0,-4200129.0,8.053837776184082,196.1722412109375,-0.002038496546447277,69390.0625,1.2269394397735596
161700.0,0.0,0.0,-4200134.5,8.881204605102539,201.24066162109375,-0.0008914683712646365,69399.1796875,1.2267783880233765
161800.0,0.0,0.0,-4200137.0,8.146624565124512,202.3573455810547,-0.0002486532321199775,69404.40625,1.226685881614685
161900.0,0.0,0.0,-4200133.5,7.965931415557861,197.9626922607422,0.0007598110241815448,69405.4375,1.2266676425933838
162000.0,0.0,0.0,-4200136.5,10.510660171508789,201.32568359375,0.00042367842979729176,69402.9765625,1.2267111539840698
162100.0,0.0,0.0,-4200133.0,7.625626087188721,198.0697479248047,-0.0009332543704658747,69397.0625,1.2268157005310059
162200.0,0.0,0.0,-4200134.5,8.914020538330078,201.39231872558594,-0.0006363153224810958,69386.7890625,1.2269973754882812
162300.0,0.0,0.0,-4200130.0,8.738360404968262,199.67018127441406,-0.0009097608271986246,69373.078125,1.227239966392517
162400.0,0.0,0.0,-4200132.0,8.07753849029541,203.72567749023438,0.0013027924578636885,69356.1171875,1.2275400161743164
162500.0,0.0,0.0,-4200127.0,7.924416542053223,200.37039184570312,-0.0005618648137897253,69338.8359375,1.2278460264205933
162600.0,0.0,0.0,-4200131.0,7.897883415222168,204.53286743164062,0.00029166857711970806,69319.71875,1.228184700012207
162700.0,0.0,0.0,-4200131.5,7.759621620178223,203.1892852783203,-0.0012058744905516505,69298.5,1.2285606861114502
162800.0,0.0,0.0,-4200127.5,8.110529899597168,198.13548278808594,0.0005327794933691621,69274.8671875,1.2289797067642212
162900.0,0.0,0.0,-4200132.5,8.783929824829102,203.38900756835938,-3.468699287623167e-05,69249.8125,1.2294243574142456
163000.0,0.0,0.0,-4200128.0,7.4381608963012695,197.05548095703125,0.00045992701780050993,69223.6796875,1.2298884391784668
163100.0,0.0,0.0,-4200135.0,8.660518646240234,203.3695068359375,-3.10937175527215e-05,69197.6640625,1.2303509712219238
163200.0,0.0,0.0,-4200128.5,8.866209983825684,195.6145782470703,-0.0006693089380860329,69171.8515625,1.2308101654052734
163300.0,0.0,0.0,-4200132.5,6.494015693664551,199.0970001220703,0.0007012728601694107,69146.2109375,1.2312663793563843
163400.0,0.0,0.0,-4200134.0,8.118188858032227,199.47576904296875,-0.0008037576917558908,69122.484375,1.2316890954971313
163500.0,0.0,0.0,-4200135.0,7.243780136108398,199.49803161621094,0.00095414649695158,69099.609375,1.2320969104766846
163600.0,0.0,0.0,-4200132.5,8.406115531921387,196.64170837402344,-0.00029739225283265114,69079.1328125,1.2324621677398682
163700.0,0.0,0.0,-4200134.5,9.691123962402344,199.61062622070312,0.0005677997833117843,69060.546875,1.2327938079833984
163800.0,0.0,0.0,-4200132.5,8.978707313537598,198.91085815429688,-0.00023090001195669174,69044.2734375,1.2330842018127441
163900.0,0.0,0.0,-4200131.0,7.358466148376465,200.5535125732422,-0.0004168776795268059,69030.09375,1.2333375215530396
164000.0,0.0,0.0,-4200131.0,8.187851905822754,202.9353790283203,0.0006335399812087417,69017.7265625,1.2335585355758667
164100.0,0.0,0.0,-4200129.5,7.828436374664307,203.02279663085938,-0.00011096091475337744,69008.6015625,1.2337216138839722
164200.0,0.0,0.0,-4200129.0,7.881918907165527,201.6720428466797,0.0010673108045011759,69001.296875,1.2338522672653198
164300.0,0.0,0.0,-4200129.5,8.070908546447754,201.26156616210938,-0.0010193429188802838,68997.9609375,1.2339118719100952
164400.0,0.0,0.0,-4200130.0,6.673295497894287,200.6577911376953,0.00037462450563907623,68997.40625,1.2339218854904175
164500.0,0.0,0.0,-4200130.5,9.793366432189941,200.14212036132812,0.0003017950803041458,68999.484375,1.2338846921920776
164600.0,0.0,0.0,-4200131.0,8.298011779785156,199.9735870361328,0.0005241627804934978,69004.421875,1.2337963581085205
164700.0,0.0,0.0,-4200135.0,7.764993190765381,203.22592163085938,0.0007951493607833982,69012.6328125,1.2336496114730835
164800.0,0.0,0.0,-4200134.0,9.075936317443848,200.34506225585938,-0.0007497526239603758,69022.90625,1.2334659099578857
164900.0,0.0,0.0,-4200135.0,8.747288703918457,200.47666931152344,0.00012405600864440203,69034.203125,1.2332640886306763
165000.0,0.0,0.0,-4200133.5,7.0924506187438965,198.07261657714844,-0.0011053408961743116,69047.3125,1.2330299615859985
165100.0,0.0,0.0,-4200133.0,9.21082592010498,199.9531707763672,0.0016145138069987297,69061.203125,1.232782006263733
165200.0,0.0,0.0,-4200131.5,8.33791446685791,198.89077758789062,0.0008123447187244892,69076.828125,1.2325031757354736
165300.0,0.0,0.0,-4200131.0,7.85215950012207,198.8331298828125,0.0002788503188639879,69092.0078125,1.2322323322296143
165400.0,0.0,0.0,-4200131.0,7.725952625274658,198.76193237304688,-0.0013856726000085473,69107.8203125,1.2319504022598267
165500.0,0.0,0.0,-4200129.5,9.514447212219238,197.72157287597656,-0.0010257145622745156,69123.875,1.2316642999649048
165600.0,0.0,0.0,-4200133.5,8.739809036254883,201.455078125,0.0007590922759845853,69139.8984375,1.2313787937164307
165700.0,0.0,0.0,-4200130.5,10.313715934753418,197.73826599121094,0.00014438631478697062,69158.0234375,1.2310560941696167
165800.0,0.0,0.0,-4200135.0,8.156524658203125,201.60336303710938,0.0012684253742918372,69176.109375,1.2307342290878296
165900.0,0.0,0.0,-4200133.5,6.760774612426758,199.09393310546875,-0.0009882182348519564,69194.21875,1.230412244796753
166000.0,0.0,0.0,-4200135.0,7.625214576721191,199.55276489257812,-0.0008519589900970459,69210.875,1.2301160097122192
166100.0,0.0,0.0,-4200136.0,8.584747314453125,200.2670135498047,-6.247463170439005e-05,69226.3125,1.229841709136963
166200.0,0.0,0.0,-4200133.0,6.6874003410339355,199.4104766845703,0.0007843883940950036,69240.609375,1.2295877933502197
166300.0,0.0,0.0,-4200135.0,7.991446495056152,201.87989807128906,0.0006854356033727527,69254.4765625,1.2293415069580078
166400.0,0.0,0.0,-4200133.0,8.116165161132812,201.04327392578125,-0.001125421724282205,69268.5625,1.2290916442871094
166500.0,0.0,0.0,-4200134.0,7.348868370056152,203.19764709472656,0.0007939679780974984,69282.0625,1.2288519144058228
166600.0,0.0,0.0,-4200130.0,8.01358699798584,200.75424194335938,-0.0009987176163122058,69295.4296875,1.2286150455474854
166700.0,0.0,0.0,-4200134.5,9.854973793029785,206.52825927734375,0.0012104884954169393,69306.7890625,1.228413701057434
166800.0,0.0,0.0,-4200129.5,9.33643627166748,199.94332885742188,-0.00037966808304190636,69317.6953125,1.2282203435897827
166900.0,0.0,0.0,-4200132.5,7.2009077072143555,201.2216339111328,-0.0005689967656508088,69327.0,1.2280555963516235
167000.0,0.0,0.0,-4200131.5,8.39323616027832,199.18276977539062,-0.0003989854594692588,69335.1875,1.2279106378555298
167100.0,0.0,0.0,-4200132.0,8.081291198730469,199.1279296875,-0.0009242715314030647,69342.3203125,1.2277841567993164
167200.0,0.0,0.0,-4200131.0,8.730270385742188,197.94802856445312,0.0009225341491401196,69346.796875,1.2277051210403442
167300.0,0.0,0.0,-4200131.5,8.934611320495605,198.70179748535156,-7.527985144406557e-05,69350.9765625,1.2276310920715332
167400.0,0.0,0.0,-4200132.5,7.616579055786133,199.38136291503906,0.0006279256194829941,69353.59375,1.2275846004486084
167500.0,0.0,0.0,-4200135.5,8.583961486816406,203.86656188964844,-0.0009531787363812327,69355.796875,1.2275457382202148
167600.0,0.0,0.0,-4200129.5,7.933626174926758,197.06227111816406,-0.00011463707778602839,69355.71875,1.2275471687316895
167700.0,0.0,0.0,-4200133.0,7.0423078536987305,198.8222198486328,-0.00011877110227942467,69354.0625,1.2275763750076294
167800.0,0.0,0.0,-4200131.5,9.279415130615234,195.61830139160156,-0.0004291473887860775,69350.8671875,1.227632999420166
167900.0,0.0,0.0,-4200134.5,8.286388397216797,198.15684509277344,0.0004040930652990937,69346.4765625,1.2277106046676636
168000.0,0.0,0.0,-4200133.5,7.202107906341553,197.8907012939453,-0.0006456825649365783,69341.6875,1.2277953624725342
168100.0,0.0,0.0,-4200133.5,7.134998798370361,198.22726440429688,0.0006345451110973954,69335.0703125,1.2279125452041626
168200.0,0.0,0.0,-4200135.0,10.30892562866211,200.52366638183594,-0.00041603483259677887,69327.5,1.2280466556549072
168300.0,0.0,0.0,-4200131.5,7.464288234710693,198.63458251953125,0.00012961868196725845,69318.8046875,1.2282006740570068
168400.0,0.0,0.0,-4200134.0,9.090659141540527,201.95181274414062,0.00018274388276040554,69310.6171875,1.2283457517623901
168500.0,0.0,0.0,-4200129.5,9.140223503112793,197.60678100585938,-0.0012265739496797323,69303.421875,1.228473424911499
168600.0,0.0,0.0,-4200132.0,7.078104019165039,201.1145477294922,5.315057933330536e-06,69295.078125,1.228621244430542
168700.0,0.0,0.0,-4200128.5,7.155118942260742,198.1312713623047,0.000661547644995153,69286.1015625,1.2287803888320923
168800.0,0.0,0.0,-4200134.5,7.2992448806762695,204.13841247558594,0.001317979651503265,69276.8828125,1.228943943977356
168900.0,0.0,0.0,-4200131.5,8.349830627441406,199.7686767578125,-0.0006089541129767895,69268.421875,1.2290940284729004
169000.0,0.0,0.0,-4200136.5,10.13156795501709,204.23513793945312,-0.00133224343881011,69259.96875,1.2292441129684448
169100.0,0.0,0.0,-4200134.0,8.301189422607422,200.6788330078125,-0.0003043399192392826,69250.0859375,1.229419469833374
169200.0,0.0,0.0,-4200133.5,7.6210618019104,200.78025817871094,0.0002231844700872898,69239.6484375,1.2296048402786255
169300.0,0.0,0.0,-4200132.0,7.569862365722656,198.69122314453125,0.0016660366673022509,69229.578125,1.2297837734222412
169400.0,0.0,0.0,-4200133.5,7.059006690979004,199.7591094970703,-0.00015964230988174677,69221.4296875,1.2299284934997559
169500.0,0.0,0.0,-4200132.0,7.988354206085205,198.0217742919922,-0.0005960166454315186,69213.75,1.230064868927002
169600.0,0.0,0.0,-4200136.5,8.704867362976074,202.54994201660156,-0.0011681620962917805,69207.265625,1.230180263519287
169700.0,0.0,0.0,-4200133.5,6.616848945617676,198.29281616210938,-0.0002941596321761608,69202.4296875,1.2302660942077637
169800.0,0.0,0.0,-4200130.0,8.110029220581055,195.3914031982422,0.002439285395666957,69198.6328125,1.230333685874939
169900.0,0.0,0.0,-4200132.5,7.7184367179870605,199.07664489746094,-1.1086813174188137e-05,69197.2265625,1.2303588390350342
170000.0,0.0,0.0,-4200133.0,8.535050392150879,199.01007080078125,0.00011036463547497988,69196.421875,1.2303729057312012
170100.0,0.0,0.0,-4200135.0,9.371477127075195,200.9333953857422,-0.002021877560764551,69196.96875,1.2303632497787476
170200.0,0.0,0.0,-4200133.5,7.504189968109131,198.4505615234375,1.9194558262825012e-05,69197.484375,1.2303540706634521
170300.0,0.0,0.0,-4200134.5,9.595412254333496,200.19882202148438,0.0007588430307805538,69198.40625,1.2303376197814941
170400.0,0.0,0.0,-4200132.5,9.622736930847168,199.88485717773438,0.0010197543306276202,69200.0859375,1.2303078174591064
170500.0,0.0,0.0,-4200135.5,9.108477592468262,203.068359375,0.0009696778724901378,69202.5625,1.2302638292312622
170600.0,0.0,0.0,-4200133.0,7.726251602172852,200.49606323242188,-0.001681534224189818,69206.0625,1.2302016019821167
170700.0,0.0,0.0,-4200130.5,7.023310661315918,198.24618530273438,-0.0003257226198911667,69209.2109375,1.2301455736160278
170800.0,0.0,0.0,-4200132.5,7.859788417816162,199.62554931640625,-0.0012987777590751648,69212.8828125,1.230080485343933
170900.0,0.0,0.0,-4200133.0,8.559545516967773,198.1316680908203,0.001516794553026557,69215.7421875,1.2300294637680054
171000.0,0.0,0.0,-4200135.5,7.1783881187438965,199.96499633789062,0.0007782240863889456,69219.140625,1.2299691438674927
171100.0,0.0,0.0,-4200134.0,7.630578517913818,197.81349182128906,0.00016707333270460367,69222.8984375,1.2299023866653442
171200.0,0.0,0.0,-4200134.5,9.074626922607422,197.85142517089844,-0.0010542565723881125,69227.109375,1.2298275232315063
171300.0,0.0,0.0,-4200131.0,8.624283790588379,196.6698760986328,-0.0017776431050151587,69230.171875,1.2297731637954712
171400.0,0.0,0.0,-4200132.0,10.383347511291504,200.56240844726562,0.0006638402119278908,69230.546875,1.229766607284546
171500.0,0.0,0.0,-4200128.5,8.888506889343262,200.1640167236328,0.00207595550455153,69230.171875,1.2297731637954712
171600.0,0.0,0.0,-4200135.0,8.943293571472168,207.6954803466797,0.0015411594649776816,69231.296875,1.2297531366348267
171700.0,0.0,0.0,-4200126.5,10.378494262695312,198.96127319335938,-0.002021101536229253,69233.4921875,1.229714274406433
171800.0,0.0,0.0,-4200132.5,7.062079429626465,203.32884216308594,-0.0015692361630499363,69234.6796875,1.229693055152893
171900.0,0.0,0.0,-4200131.0,10.05408000946045,200.23724365234375,-0.00014920660760253668,69234.3828125,1.2296984195709229
172000.0,0.0,0.0,-4200130.0,7.657092571258545,198.70228576660156,0.0016423921333625913,69233.1171875,1.2297208309173584
172100.0,0.0,0.0,-4200131.5,8.79582691192627,200.2206573486328,0.0014899938832968473,69232.2421875,1.229736328125
172200.0,0.0,0.0,-4200131.0,8.071720123291016,200.3174285888672,-0.000886820605956018,69230.6171875,1.2297652959823608
172300.0,0.0,0.0,-4200131.5,7.649065971374512,200.228271484375,-0.0012287552235648036,69226.9921875,1.2298296689987183
172400.0,0.0,0.0,-4200133.5,7.043607711791992,200.51576232910156,-0.0010515089379623532,69223.1953125,1.229897141456604
172500.0,0.0,0.0,-4200132.5,7.4076128005981445,198.40403747558594,0.0010305180912837386,69218.640625,1.229978084564209
172600.0,0.0,0.0,-4200133.0,8.113927841186523,197.9844970703125,0.001061839982867241,69215.015625,1.2300424575805664
172700.0,0.0,0.0,-4200135.0,9.04629135131836,199.77967834472656,0.0003525016363710165,69211.1953125,1.2301102876663208
172800.0,0.0,0.0,-4200135.0,7.102696418762207,200.05125427246094,-0.0009118819143623114,69206.3984375,1.2301957607269287
172900.0,0.0,0.0,-4200130.5,6.796104431152344,196.760009765625,-0.0009278843645006418,69201.0859375,1.2302900552749634
173000.0,0.0,0.0,-4200134.0,7.21004056930542,205.283203125,7.828185334801674e-05,69195.3671875,1.2303918600082397
173100.0,0.0,0.0,-4200130.5,9.2059907913208,203.90919494628906,0.0009206656832247972,69189.59375,1.2304943799972534
173200.0,0.0,0.0,-4200131.5,7.051905632019043,206.0718231201172,8.281320333480835e-05,69184.4921875,1.2305850982666016
173300.0,0.0,0.0,-4200131.0,8.203165054321289,203.90086364746094,-9.222386870533228e-05,69179.234375,1.2306787967681885
173400.0,0.0,0.0,-4200131.0,8.718902587890625,201.75857543945312,0.0004208913305774331,69174.765625,1.2307581901550293
173500.0,0.0,0.0,-4200132.0,7.082995414733887,201.16612243652344,-0.00043635291513055563,69172.2265625,1.230803370475769
173600.0,0.0,0.0,-4200132.0,7.282812595367432,199.88954162597656,-4.888349212706089e-05,69170.25,1.2308385372161865
173700.0,0.0,0.0,-4200133.5,6.610907077789307,200.563232421875,7.64279393479228e-05,69169.8125,1.2308465242385864
173800.0,0.0,0.0,-4200132.0,6.8765153884887695,200.03346252441406,0.000823191599920392,69170.75,1.2308295965194702
173900.0,0.0,0.0,-4200132.0,10.060453414916992,200.12051391601562,1.8130289390683174e-05,69173.28125,1.23078453540802
174000.0,0.0,0.0,-4200132.5,10.680924415588379,199.40199279785156,9.955547284334898e-05,69176.6953125,1.2307238578796387
174100.0,0.0,0.0,-4200133.0,8.509908676147461,198.93264770507812,-0.0001664342125877738,69181.0703125,1.230646014213562
174200.0,0.0,0.0,-4200138.0,6.833893299102783,204.2421417236328,0.0005519954720512033,69186.7734375,1.2305445671081543
174300.0,0.0,0.0,-4200134.5,7.916903018951416,199.57701110839844,0.0008544097654521465,69193.3984375,1.2304266691207886
174400.0,0.0,0.0,-4200133.5,7.036762237548828,197.0322723388672,-0.0001977361971512437,69200.3125,1.2303037643432617
174500.0,0.0,0.0,-4200133.0,10.609855651855469,198.03712463378906,-0.00014467909932136536,69208.6796875,1.2301549911499023
174600.0,0.0,0.0,-4200133.0,8.962349891662598,198.46243286132812,-0.000687980093061924,69217.390625,1.2300001382827759
174700.0,0.0,0.0,-4200132.5,8.705146789550781,198.16810607910156,0.0006979949539527297,69224.9375,1.2298662662506104
174800.0,0.0,0.0,-4200134.0,7.821878910064697,202.0760040283203,0.00046486256178468466,69233.0703125,1.2297216653823853
174900.0,0.0,0.0,-4200134.5,6.900358200073242,203.7699432373047,0.0004730358486995101,69240.8046875,1.2295844554901123
175000.0,0.0,0.0,-4200130.0,7.755259037017822,200.4154510498047,-0.0007688753539696336,69249.734375,1.2294257879257202
175100.0,0.0,0.0,-4200129.0,7.489894866943359,201.29981994628906,-0.0009611767018213868,69257.8046875,1.2292824983596802
175200.0,0.0,0.0,-4200131.0,6.986382961273193,201.20045471191406,-0.0004965142579749227,69263.6796875,1.2291781902313232
175300.0,0.0,0.0,-4200129.5,8.774778366088867,197.9864501953125,0.0011515686055645347,69268.6484375,1.2290900945663452
175400.0,0.0,0.0,-4200133.5,7.409436225891113,201.52822875976562,0.0008946035522967577,69273.1953125,1.2290093898773193
175500.0,0.0,0.0,-4200129.5,8.593759536743164,197.34127807617188,-0.0003346382873132825,69277.1796875,1.2289388179779053
175600.0,0.0,0.0,-4200134.5,7.048456192016602,201.63865661621094,-0.0005090709310024977,69278.578125,1.2289139032363892
175700.0,0.0,0.0,-4200132.0,8.190614700317383,199.35238647460938,0.0005007691215723753,69277.4765625,1.2289334535598755
175800.0,0.0,0.0,-4200134.5,7.795723915100098,201.982666015625,-4.896940663456917e-05,69275.65625,1.2289657592773438
175900.0,0.0,0.0,-4200131.5,6.4924492835998535,198.42115783691406,-0.00012257392518222332,69272.859375,1.229015588760376
176000.0,0.0,0.0,-4200134.0,7.586026191711426,200.080078125,-0.00013256992679089308,69268.5390625,1.2290921211242676
176100.0,0.0,0.0,-4200133.5,8.277876853942871,197.96498107910156,-6.645719986408949e-05,69262.890625,1.2291922569274902
176200.0,0.0,0.0,-4200135.5,7.645841121673584,197.7703399658203,-2.2765714675188065e-05,69255.125,1.2293301820755005
176300.0,0.0,0.0,-4200130.0,11.149494171142578,191.42312622070312,-0.0007551824674010277,69246.5703125,1.2294820547103882
176400.0,0.0,0.0,-4200131.5,8.153970718383789,193.70701599121094,-0.00014831393491476774,69236.34375,1.2296634912490845
176500.0,0.0,0.0,-4200136.0,6.487418174743652,200.21824645996094,-1.023826189339161e-05,69224.8515625,1.2298678159713745
176600.0,0.0,0.0,-4200131.5,8.617632865905762,197.9208984375,0.0007770095253363252,69212.0625,1.2300949096679688
176700.0,0.0,0.0,-4200137.5,10.654348373413086,207.0803985595703,0.0002519736299291253,69198.765625,1.230331301689148
176800.0,0.0,0.0,-4200130.0,7.599546909332275,199.53793334960938,6.632704753428698e-05,69185.3984375,1.2305690050125122
176900.0,0.0,0.0,-4200132.5,7.4130859375,202.55429077148438,-0.0005594337126240134,69172.7109375,1.2307946681976318
177000.0,0.0,0.0,-4200132.5,10.056452751159668,203.29913330078125,-0.0009693078463897109,69160.53125,1.2310115098953247
177100.0,0.0,0.0,-4200132.5,8.270570755004883,202.03269958496094,0.0004068436101078987,69148.96875,1.2312172651290894
177200.0,0.0,0.0,-4200133.0,7.805456638336182,201.17218017578125,0.0003151443088427186,69139.7578125,1.2313812971115112
177300.0,0.0,0.0,-4200129.0,8.16225528717041,195.98049926757812,0.0013924817321822047,69131.6640625,1.2315255403518677
177400.0,0.0,0.0,-4200133.5,8.430017471313477,200.7938232421875,-0.0005022410769015551,69124.3984375,1.2316550016403198
177500.0,0.0,0.0,-4200128.5,7.617927551269531,195.7975616455078,2.3109023459255695e-05,69118.0625,1.2317678928375244
177600.0,0.0,0.0,-4200134.0,8.078899383544922,202.06065368652344,-0.0005332748405635357,69114.1875,1.2318369150161743
177700.0,0.0,0.0,-4200131.5,14.003732681274414,198.565673828125,-0.00015364447608590126,69111.546875,1.2318840026855469
177800.0,0.0,0.0,-4200134.5,7.839459419250488,200.36134338378906,0.0005513490177690983,69110.359375,1.231905221939087
177900.0,0.0,0.0,-4200134.5,8.565546989440918,197.93731689453125,0.0006021438166499138,69110.84375,1.2318965196609497
178000.0,0.0,0.0,-4200137.5,8.773763656616211,197.77310180664062,0.0010890890844166279,69113.375,1.2318512201309204
178100.0,0.0,0.0,-4200137.5,7.666414737701416,196.71580505371094,-0.0009567441884428263,69118.0390625,1.231768250465393
178200.0,0.0,0.0,-4200137.0,7.2635297775268555,197.2650909423828,-0.0007025699596852064,69124.2265625,1.2316579818725586
178300.0,0.0,0.0,-4200134.5,7.851795196533203,196.86561584472656,0.0005914897192269564,69131.8984375,1.2315213680267334
178400.0,0.0,0.0,-4200134.5,7.811373233795166,198.51126098632812,0.0009795629885047674,69140.9609375,1.2313599586486816
178500.0,0.0,0.0,-4200133.5,7.720017433166504,199.7401885986328,0.0002600644947960973,69152.171875,1.2311604022979736
178600.0,0.0,0.0,-4200131.0,8.79080867767334,198.4089813232422,-0.0010001815389841795,69165.1171875,1.2309298515319824
178700.0,0.0,0.0,-4200131.0,7.458308696746826,199.4902801513672,-7.832050323486328e-05,69179.0390625,1.230682134628296
178800.0,0.0,0.0,-4200131.0,9.866421699523926,201.06808471679688,1.8517370335757732e-05,69194.375,1.2304093837738037
178900.0,0.0,0.0,-4200130.0,7.152664661407471,199.86215209960938,0.0006908210925757885,69210.28125,1.2301266193389893
179000.0,0.0,0.0,-4200134.5,7.268099784851074,203.81163024902344,-0.00015413470100611448,69227.6640625,1.2298177480697632
179100.0,0.0,0.0,-4200134.0,9.551133155822754,201.4799041748047,-0.00012065272312611341,69245.0,1.229509949684143
179200.0,0.0,0.0,-4200134.5,8.122723579406738,200.4617919921875,-0.0002785278484225273,69262.59375,1.2291975021362305
179300.0,0.0,0.0,-4200132.0,7.204464435577393,199.4420928955078,-0.0016863375203683972,69280.765625,1.2288751602172852
179400.0,0.0,0.0,-4200131.5,7.738908290863037,198.07980346679688,0.000894055119715631,69298.0390625,1.2285687923431396
179500.0,0.0,0.0,-4200131.0,7.614940166473389,197.14285278320312,0.000803039874881506,69316.015625,1.2282501459121704
179600.0,0.0,0.0,-4200134.5,7.368948459625244,202.64146423339844,0.00044981902465224266,69333.7265625,1.2279363870620728
179700.0,0.0,0.0,-4200133.5,7.115092754364014,201.5829315185547,-0.0009092965628951788,69350.4140625,1.2276408672332764
179800.0,0.0,0.0,-4200131.5,7.246762275695801,200.43692016601562,-0.0008190908702090383,69365.8125,1.2273683547973633
179900.0,0.0,0.0,-4200133.5,7.249172687530518,200.98780822753906,0.00027504691388458014,69379.3984375,1.227128028869629
