step,graph_idx,status,energy,fmax,temperature,pressure_eV_A3,volume_A3,density_g_cm3
0.0,0.0,0.0,-2100100.0,4.215038776397705,196.9248046875,0.000940141559112817,33455.296875,1.2723816633224487
100.0,0.0,0.0,-2100101.5,4.916682243347168,201.032958984375,-0.0010032396530732512,33455.95703125,1.272356629371643
200.0,0.0,0.0,-2100099.0,4.151314735412598,197.8143768310547,0.00013753317762166262,33452.8203125,1.2724758386611938
300.0,0.0,0.0,-2100098.0,4.4514617919921875,202.36337280273438,-0.0008733391296118498,33447.41015625,1.2726819515228271
400.0,0.0,0.0,-2100096.75,4.92433500289917,207.38241577148438,-0.00041925697587430477,33439.9453125,1.2729657888412476
500.0,0.0,0.0,-2100096.5,4.839831352233887,207.8688507080078,0.00021962146274745464,33429.83203125,1.2733510732650757
600.0,0.0,0.0,-2100096.0,4.125401020050049,201.48106384277344,-0.000259053660556674,33417.80859375,1.2738090753555298
700.0,0.0,0.0,-2100098.5,4.506598472595215,201.34573364257812,0.0001966825220733881,33404.6171875,1.2743122577667236
800.0,0.0,0.0,-2100099.0,4.376694202423096,199.42515563964844,-0.0011942364508286119,33389.8515625,1.2748757600784302
900.0,0.0,0.0,-2100099.75,4.209510326385498,199.18829345703125,0.0002770037390291691,33372.62890625,1.2755335569381714
1000.0,0.0,0.0,-2100100.75,4.620022773742676,199.96253967285156,-0.0004967300919815898,33354.51171875,1.2762264013290405
1100.0,0.0,0.0,-2100100.0,4.141486644744873,198.48069763183594,0.00014862464740872383,33335.38671875,1.2769584655761719
1200.0,0.0,0.0,-2100100.5,4.714127540588379,200.3314208984375,-0.0002814322942867875,33315.0703125,1.2777372598648071
1300.0,0.0,0.0,-2100099.0,4.332657337188721,198.7362518310547,-0.0005102267023175955,33293.65625,1.2785590887069702
1400.0,0.0,0.0,-2100099.25,4.205769062042236,202.15521240234375,0.0006863271119073033,33272.4375,1.279374599456787
1500.0,0.0,0.0,-2100097.75,5.6046223640441895,202.5019989013672,-0.0004848100943490863,33252.25,1.280151128768921
1600.0,0.0,0.0,-2100096.75,4.3202619552612305,202.24981689453125,0.0007198837120085955,33233.2734375,1.2808821201324463
1700.0,0.0,0.0,-2100098.25,3.989147424697876,202.29287719726562,-0.00023384939413517714,33215.9609375,1.2815500497817993
1800.0,0.0,0.0,-2100101.0,4.185626029968262,200.2211456298828,0.0001419727923348546,33200.2734375,1.2821555137634277
1900.0,0.0,0.0,-2100101.5,4.261579513549805,195.11679077148438,-0.00016693992074579,33185.140625,1.2827402353286743
2000.0,0.0,0.0,-2100100.75,4.448780536651611,193.29534912109375,0.0003034784458577633,33170.703125,1.2832982540130615
2100.0,0.0,0.0,-2100100.25,4.180333137512207,196.3000946044922,0.0005816882476210594,33158.33984375,1.283777117729187
2200.0,0.0,0.0,-2100099.25,4.72075080871582,198.80726623535156,-0.0001969176810234785,33148.125,1.2841726541519165
2300.0,0.0,0.0,-2100099.5,5.352102756500244,201.90782165527344,0.00046276452485471964,33140.1796875,1.2844804525375366
2400.0,0.0,0.0,-2100099.0,4.485645771026611,200.82948303222656,-0.0006888826610520482,33134.35546875,1.2847061157226562
2500.0,0.0,0.0,-2100099.25,4.267818450927734,198.91510009765625,0.0011078593088313937,33129.96875,1.2848761081695557
2600.0,0.0,0.0,-2100101.0,4.492893695831299,200.10411071777344,0.0001854476286098361,33128.2734375,1.2849422693252563
2700.0,0.0,0.0,-2100102.75,4.189154624938965,201.58729553222656,0.00023866689298301935,33128.8671875,1.284919023513794
2800.0,0.0,0.0,-2100102.25,4.25547456741333,197.70591735839844,-3.5842182114720345e-05,33131.34765625,1.284822702407837
2900.0,0.0,0.0,-2100103.5,4.52728271484375,197.96099853515625,-0.00021679780911654234,33135.07421875,1.2846782207489014
3000.0,0.0,0.0,-2100101.25,4.783649921417236,192.9916229248047,0.0010265877936035395,33139.69140625,1.284499168395996
3100.0,0.0,0.0,-2100101.75,4.653202056884766,199.00994873046875,-0.0002565864706411958,33145.55078125,1.2842720746994019
3200.0,0.0,0.0,-2100098.0,4.407012462615967,197.70034790039062,0.0006887083873152733,33152.77734375,1.2839921712875366
3300.0,0.0,0.0,-2100098.5,4.714818477630615,203.4645538330078,-0.0005341476062312722,33162.203125,1.2836272716522217
3400.0,0.0,0.0,-2100097.25,4.590213775634766,201.70323181152344,0.00020119582768529654,33173.3203125,1.283197045326233
3500.0,0.0,0.0,-2100099.5,4.611135005950928,203.41781616210938,0.0005151575896888971,33185.9375,1.2827092409133911
3600.0,0.0,0.0,-2100101.0,4.4774370193481445,201.13429260253906,0.00036338239442557096,33200.05859375,1.2821639776229858
3700.0,0.0,0.0,-2100101.0,4.529826641082764,196.7870330810547,0.0004979250952601433,33215.36328125,1.281572937965393
3800.0,0.0,0.0,-2100100.75,4.369056224822998,195.95687866210938,-0.001149914227426052,33231.12890625,1.2809648513793945
3900.0,0.0,0.0,-2100101.5,4.406115531921387,199.2884521484375,0.0001059133792296052,33245.98046875,1.2803928852081299
4000.0,0.0,0.0,-2100101.0,4.1107330322265625,201.4199676513672,3.0028983019292355e-05,33260.63671875,1.279828429222107
4100.0,0.0,0.0,-2100099.5,4.115549564361572,200.7366943359375,0.0005064004799351096,33275.51171875,1.2792562246322632
4200.0,0.0,0.0,-2100099.5,4.328892230987549,201.4557342529297,-0.0003595807356759906,33290.3515625,1.2786860466003418
4300.0,0.0,0.0,-2100099.0,4.6953125,199.78807067871094,-0.0005960130365565419,33304.29296875,1.2781506776809692
4400.0,0.0,0.0,-2100099.5,4.266695976257324,199.85250854492188,0.0005598553689196706,33317.01953125,1.2776625156402588
4500.0,0.0,0.0,-2100100.25,4.828797340393066,200.975341796875,0.00014961091801524162,33329.40234375,1.2771880626678467
4600.0,0.0,0.0,-2100099.75,5.0034871101379395,199.7921905517578,0.0001441835192963481,33341.10546875,1.2767395973205566
4700.0,0.0,0.0,-2100099.75,4.5644049644470215,198.9354248046875,-0.0010859615867957473,33350.90625,1.2763643264770508
4800.0,0.0,0.0,-2100100.25,4.313371181488037,198.67279052734375,-0.0003908301005139947,33358.57421875,1.2760710716247559
4900.0,0.0,0.0,-2100101.25,4.108686923980713,199.61392211914062,0.0002162163145840168,33364.48046875,1.2758451700210571
5000.0,0.0,0.0,-2100100.25,4.257776737213135,198.01963806152344,0.0002601038431748748,33368.1640625,1.2757041454315186
5100.0,0.0,0.0,-2100100.75,5.236425399780273,199.8779754638672,-0.00030333397444337606,33369.6953125,1.2756457328796387
5200.0,0.0,0.0,-2100098.25,4.043759346008301,197.61553955078125,-0.000892612268216908,33369.7578125,1.2756433486938477
5300.0,0.0,0.0,-2100098.5,4.820079326629639,202.22824096679688,0.0001964922994375229,33369.0390625,1.275671124458313
5400.0,0.0,0.0,-2100096.75,4.6232099533081055,201.9795379638672,0.0004491595318540931,33367.40625,1.275733232498169
5500.0,0.0,0.0,-2100098.25,5.0435872077941895,204.78134155273438,0.00014835549518465996,33364.26171875,1.2758533954620361
5600.0,0.0,0.0,-2100099.0,4.630561351776123,201.6905517578125,-0.0009834094671532512,33360.33203125,1.2760038375854492
5700.0,0.0,0.0,-2100102.0,3.635599374771118,201.11190795898438,-0.0007221158593893051,33354.69921875,1.2762194871902466
5800.0,0.0,0.0,-2100101.75,4.285227298736572,196.7474822998047,0.0003282808465883136,33346.9140625,1.2765172719955444
5900.0,0.0,0.0,-2100101.5,4.187510967254639,197.14048767089844,0.00016872026026248932,33337.4375,1.2768800258636475
6000.0,0.0,0.0,-2100101.25,4.990669250488281,199.280517578125,-0.00010691233910620213,33326.35546875,1.2773045301437378
6100.0,0.0,0.0,-2100099.25,4.4303436279296875,198.56004333496094,-0.0006686446722596884,33314.37109375,1.2777643203735352
6200.0,0.0,0.0,-2100100.75,5.054494857788086,204.03781127929688,-0.00024304003454744816,33301.6171875,1.2782535552978516
6300.0,0.0,0.0,-2100099.25,4.208040714263916,201.08827209472656,0.000458831200376153,33288.8828125,1.2787425518035889
6400.0,0.0,0.0,-2100101.5,4.517172336578369,205.52061462402344,5.644559860229492e-05,33276.6484375,1.2792125940322876
6500.0,0.0,0.0,-2100100.25,4.423946380615234,201.04345703125,-0.0002210320672020316,33264.2109375,1.2796911001205444
6600.0,0.0,0.0,-2100101.0,4.656848430633545,199.0355682373047,-0.0003708845470100641,33250.9609375,1.2802010774612427
6700.0,0.0,0.0,-2100101.75,4.628829479217529,196.86065673828125,3.379536792635918e-05,33237.7578125,1.2807093858718872
6800.0,0.0,0.0,-2100101.75,4.936821460723877,191.7244415283203,0.00023180583957582712,33225.44140625,1.2811840772628784
6900.0,0.0,0.0,-2100103.75,4.2882280349731445,193.93600463867188,0.00024816731456667185,33214.4140625,1.2816095352172852
7000.0,0.0,0.0,-2100103.0,5.284783840179443,197.9166259765625,0.00011904060374945402,33204.171875,1.282004714012146
7100.0,0.0,0.0,-2100100.75,4.20557165145874,201.1818389892578,-0.0002740167547017336,33194.18359375,1.2823905944824219
7200.0,0.0,0.0,-2100100.5,4.286174774169922,204.28140258789062,8.644419722259045e-05,33184.54296875,1.2827633619308472
7300.0,0.0,0.0,-2100099.75,4.21599817276001,203.61329650878906,3.9119040593504906e-06,33175.81640625,1.2831008434295654
7400.0,0.0,0.0,-2100099.75,4.534285068511963,201.62420654296875,0.0009101676987484097,33168.58203125,1.283380389213562
7500.0,0.0,0.0,-2100100.0,4.814330101013184,199.76519775390625,0.0004265281604602933,33163.55078125,1.283575415611267
7600.0,0.0,0.0,-2100101.5,3.955040216445923,199.93768310546875,-0.00028039957396686077,33160.51171875,1.283692717552185
7700.0,0.0,0.0,-2100101.25,4.248192310333252,196.21812438964844,-0.000652582966722548,33158.82421875,1.283758282661438
7800.0,0.0,0.0,-2100100.5,4.070468425750732,193.46542358398438,0.0004322165623307228,33158.6640625,1.2837646007537842
7900.0,0.0,0.0,-2100101.75,4.590545654296875,198.94984436035156,0.000832850462757051,33159.671875,1.2837252616882324
8000.0,0.0,0.0,-2100098.5,4.792713642120361,199.27342224121094,0.0008242814801633358,33161.796875,1.2836430072784424
8100.0,0.0,0.0,-2100097.0,4.240124225616455,202.0086212158203,-0.0003278114600107074,33165.78125,1.2834887504577637
8200.0,0.0,0.0,-2100097.25,4.600151538848877,203.3494873046875,-0.00046225416008383036,33172.0859375,1.2832447290420532
8300.0,0.0,0.0,-2100098.75,3.9756405353546143,203.136474609375,0.0001772252144291997,33180.609375,1.2829151153564453
8400.0,0.0,0.0,-2100100.25,4.171237945556641,200.64315795898438,0.00036030588671565056,33190.390625,1.2825372219085693
8500.0,0.0,0.0,-2100102.25,4.650468826293945,200.690673828125,2.7557718567550182e-05,33200.6796875,1.2821396589279175
8600.0,0.0,0.0,-2100102.25,4.09636926651001,199.63150024414062,-2.4627079255878925e-05,33211.0546875,1.2817391157150269
8700.0,0.0,0.0,-2100100.75,3.909485101699829,197.52099609375,-9.975256398320198e-05,33221.5546875,1.2813340425491333
8800.0,0.0,0.0,-2100101.25,4.408647060394287,201.50765991210938,0.00021493411622941494,33232.796875,1.280900478363037
8900.0,0.0,0.0,-2100099.75,4.389599800109863,201.6456756591797,-5.437398795038462e-05,33244.61328125,1.2804453372955322
9000.0,0.0,0.0,-2100099.75,4.526544570922852,201.92408752441406,-3.38495010510087e-05,33255.734375,1.2800168991088867
9100.0,0.0,0.0,-2100098.5,4.019383430480957,197.9438018798828,0.00031809520442038774,33266.3515625,1.2796084880828857
9200.0,0.0,0.0,-2100099.0,4.350652694702148,198.23721313476562,-0.0004582223482429981,33276.8125,1.2792065143585205
9300.0,0.0,0.0,-2100098.75,4.820935249328613,197.1638641357422,-2.83591216430068e-05,33286.80078125,1.278822422027588
9400.0,0.0,0.0,-2100099.5,4.801033020019531,199.72637939453125,-0.0004578990628942847,33297.421875,1.2784147262573242
9500.0,0.0,0.0,-2100099.75,4.251705169677734,201.02151489257812,0.0007879616459831595,33307.58984375,1.278024435043335
9600.0,0.0,0.0,-2100101.0,3.9818146228790283,202.44761657714844,0.0001850586850196123,33316.30859375,1.277690052986145
9700.0,0.0,0.0,-2100099.5,4.071296215057373,198.8260040283203,-0.00012993579730391502,33323.6015625,1.2774103879928589
9800.0,0.0,0.0,-2100100.25,4.518728256225586,200.2763671875,-0.001023729215376079,33330.0546875,1.2771629095077515
9900.0,0.0,0.0,-2100100.25,4.851261138916016,200.4590301513672,-0.0004530539736151695,33335.70703125,1.2769466638565063
10000.0,0.0,0.0,-2100100.25,4.055739879608154,201.22528076171875,0.0006655438337475061,33340.8984375,1.276747465133667
10100.0,0.0,0.0,-2100099.75,4.541635036468506,200.84861755371094,5.713349673897028e-05,33344.97265625,1.2765913009643555
10200.0,0.0,0.0,-2100099.0,4.680723190307617,199.92213439941406,0.00025285466108471155,33347.234375,1.2765049934387207
10300.0,0.0,0.0,-2100099.75,4.962619304656982,201.7899627685547,-0.00073129718657583,33348.4609375,1.2764581441879272
10400.0,0.0,0.0,-2100098.5,4.463869571685791,198.66111755371094,-0.00033890618942677975,33348.578125,1.2764537334442139
10500.0,0.0,0.0,-2100100.5,4.564013957977295,200.14683532714844,-0.00017794291488826275,33346.99609375,1.276513934135437
10600.0,0.0,0.0,-2100099.0,4.4598517417907715,194.1885528564453,0.00017526897136121988,33344.1015625,1.276625156402588
10700.0,0.0,0.0,-2100101.75,4.3989739418029785,198.6054229736328,0.00035099091473966837,33340.69140625,1.276755452156067
10800.0,0.0,0.0,-2100098.75,4.296011447906494,194.6239776611328,-0.00034768914338201284,33337.00390625,1.2768967151641846
10900.0,0.0,0.0,-2100100.5,4.222497463226318,202.4260711669922,-0.0006307931616902351,33331.75390625,1.2770977020263672
11000.0,0.0,0.0,-2100097.5,4.857851028442383,200.6305694580078,-0.0006444337777793407,33324.75,1.2773665189743042
11100.0,0.0,0.0,-2100098.0,4.689078330993652,203.42071533203125,0.0007243887521326542,33316.62109375,1.2776776552200317
11200.0,0.0,0.0,-2100097.75,4.6691718101501465,201.84303283691406,0.0005768245318904519,33308.4375,1.2779916524887085
11300.0,0.0,0.0,-2100099.0,4.246678352355957,199.64828491210938,-2.7575530111789703e-05,33300.83984375,1.2782833576202393
11400.0,0.0,0.0,-2100102.25,4.7560505867004395,198.85675048828125,-0.0010449396213516593,33293.171875,1.2785780429840088
11500.0,0.0,0.0,-2100103.0,4.019191741943359,196.54576110839844,-0.0005193501710891724,33284.6484375,1.2789050340652466
11600.0,0.0,0.0,-2100102.5,4.5712080001831055,195.9354248046875,0.0004818130983039737,33275.0546875,1.2792739868164062
11700.0,0.0,0.0,-2100101.5,4.127669811248779,198.1706085205078,0.00033255317248404026,33264.984375,1.2796610593795776
11800.0,0.0,0.0,-2100101.25,4.063553333282471,203.081787109375,-8.876482024788857e-05,33254.6875,1.280057430267334
11900.0,0.0,0.0,-2100098.25,4.389159202575684,198.2023162841797,-0.0004819398745894432,33243.7265625,1.2804794311523438
12000.0,0.0,0.0,-2100098.75,4.871392726898193,199.70425415039062,5.844770930707455e-05,33233.01953125,1.2808918952941895
12100.0,0.0,0.0,-2100098.25,4.757021903991699,198.1315155029297,0.0005456781946122646,33223.00390625,1.2812782526016235
12200.0,0.0,0.0,-2100100.25,3.7555932998657227,200.99252319335938,0.0003092403057962656,33213.9921875,1.2816259860992432
12300.0,0.0,0.0,-2100099.5,4.249394416809082,198.9849090576172,-0.0006782585987821221,33206.32421875,1.2819217443466187
12400.0,0.0,0.0,-2100101.25,4.07692813873291,201.17449951171875,-0.00012317905202507973,33198.9765625,1.28220534324646
12500.0,0.0,0.0,-2100102.0,4.210299015045166,199.60125732421875,0.000623330008238554,33191.80859375,1.282482385635376
12600.0,0.0,0.0,-2100102.5,4.089454174041748,197.20172119140625,0.0008171021472662687,33186.22265625,1.282698154449463
12700.0,0.0,0.0,-2100103.25,4.502884864807129,197.49952697753906,-0.0001761261373758316,33181.3359375,1.2828871011734009
12800.0,0.0,0.0,-2100099.75,4.233855247497559,193.73912048339844,-4.8469286412000656e-05,33176.83984375,1.2830612659454346
12900.0,0.0,0.0,-2100100.25,4.106350898742676,202.9844970703125,0.00033936428371816874,33174.65234375,1.2831456661224365
13000.0,0.0,0.0,-2100098.75,4.400504112243652,204.80130004882812,0.0007161699468269944,33175.0078125,1.283131718635559
13100.0,0.0,0.0,-2100099.0,4.789979457855225,204.00680541992188,7.581489626318216e-05,33176.55859375,1.283071756362915
13200.0,0.0,0.0,-2100099.75,4.2728352546691895,200.4945526123047,-0.000699689844623208,33178.39453125,1.2830008268356323
13300.0,0.0,0.0,-2100100.75,4.359264373779297,198.1715850830078,0.0002690480323508382,33180.8515625,1.28290593624115
13400.0,0.0,0.0,-2100101.25,4.122757434844971,198.20448303222656,0.0008936836384236813,33184.94140625,1.282747745513916
13500.0,0.0,0.0,-2100100.25,4.595941066741943,198.03158569335938,0.0008355603786185384,33191.6171875,1.282489538192749
13600.0,0.0,0.0,-2100100.0,4.23858118057251,200.49411010742188,-0.0009619569173082709,33199.26171875,1.28219473361969
13700.0,0.0,0.0,-2100100.25,4.2111992835998535,202.04592895507812,-0.0004583445843309164,33206.20703125,1.2819263935089111
13800.0,0.0,0.0,-2100098.25,4.4641900062561035,198.5637969970703,0.00039190775714814663,33213.41796875,1.28164803981781
13900.0,0.0,0.0,-2100099.25,4.942427635192871,201.57374572753906,0.0010270391358062625,33222.0390625,1.2813153266906738
14000.0,0.0,0.0,-2100098.0,4.283603191375732,201.13897705078125,7.687113247811794e-05,33232.265625,1.2809213399887085
14100.0,0.0,0.0,-2100098.0,4.288576602935791,201.00582885742188,-0.0007331299129873514,33243.71484375,1.2804797887802124
14200.0,0.0,0.0,-2100099.5,4.523712158203125,201.0102081298828,-0.0002965116873383522,33254.921875,1.2800484895706177
14300.0,0.0,0.0,-2100100.25,5.307149887084961,197.741455078125,0.0004809898091480136,33265.78125,1.2796305418014526
14400.0,0.0,0.0,-2100102.5,4.1814985275268555,199.26437377929688,0.0005740434862673283,33275.9921875,1.2792377471923828
14500.0,0.0,0.0,-2100100.5,4.806332111358643,194.74085998535156,-0.0005757283652201295,33285.40234375,1.2788763046264648
14600.0,0.0,0.0,-2100100.25,4.777575969696045,196.6680145263672,-0.0004006677772849798,33293.609375,1.278560996055603
14700.0,0.0,0.0,-2100099.5,5.039113998413086,200.41258239746094,-0.0006614211015403271,33299.796875,1.2783232927322388
14800.0,0.0,0.0,-2100098.0,5.20090389251709,203.27976989746094,0.0004335438134148717,33305.12109375,1.2781193256378174
14900.0,0.0,0.0,-2100098.75,4.3818359375,206.86846923828125,0.000378964701667428,33310.5859375,1.277909278869629
15000.0,0.0,0.0,-2100097.5,5.04570198059082,202.147216796875,0.00022305489983409643,33315.82421875,1.2777085304260254
15100.0,0.0,0.0,-2100098.75,5.421097755432129,200.3258514404297,-0.0005898873787373304,33320.29296875,1.2775371074676514
15200.0,0.0,0.0,-2100099.25,4.641208648681641,198.5212860107422,-0.000589667703025043,33323.421875,1.2774174213409424
15300.0,0.0,0.0,-2100098.5,4.074188232421875,196.53619384765625,-0.000708902021870017,33325.2578125,1.2773466110229492
15400.0,0.0,0.0,-2100101.0,4.4448957443237305,201.35650634765625,-6.493856199085712e-05,33324.9609375,1.277358055114746
15500.0,0.0,0.0,-2100099.25,4.1149582862854,197.87936401367188,0.0004515410400927067,33322.515625,1.2774518728256226
15600.0,0.0,0.0,-2100101.25,4.31365442276001,201.9652862548828,-0.0003531066467985511,33317.6796875,1.277637243270874
15700.0,0.0,0.0,-2100099.5,4.407780170440674,198.5902862548828,-0.0006357105448842049,33311.19921875,1.2778857946395874
15800.0,0.0,0.0,-2100099.0,4.054234981536865,199.42840576171875,-0.0006341388216242194,33303.6015625,1.2781773805618286
15900.0,0.0,0.0,-2100098.25,4.680383205413818,201.17398071289062,0.0006579823093488812,33295.0078125,1.278507113456726
16000.0,0.0,0.0,-2100098.0,4.5378899574279785,204.40472412109375,0.0002702033380046487,33285.4453125,1.2788748741149902
16100.0,0.0,0.0,-2100098.75,5.119120121002197,206.42176818847656,-0.0002645107451826334,33275.03125,1.2792747020721436
16200.0,0.0,0.0,-2100098.0,4.4830522537231445,199.57777404785156,-0.0007564470870420337,33264.03125,1.279698133468628
16300.0,0.0,0.0,-2100101.75,4.560303688049316,200.28773498535156,0.00010149169247597456,33252.31640625,1.2801487445831299
16400.0,0.0,0.0,-2100100.75,4.164588451385498,194.81854248046875,0.0004275274695828557,33239.81640625,1.2806302309036255
16500.0,0.0,0.0,-2100100.75,4.18710470199585,195.63406372070312,7.76519300416112e-05,33226.41796875,1.2811464071273804
16600.0,0.0,0.0,-2100100.25,4.543481349945068,197.27365112304688,-0.0006020490545779467,33212.4453125,1.2816855907440186
16700.0,0.0,0.0,-2100099.5,4.404131889343262,198.91128540039062,3.8550118915736675e-05,33197.80859375,1.2822507619857788
16800.0,0.0,0.0,-2100099.75,4.69708776473999,201.80519104003906,0.0002938817488029599,33183.40234375,1.2828073501586914
16900.0,0.0,0.0,-2100100.0,4.148512363433838,203.00897216796875,9.297020733356476e-05,33169.68359375,1.2833377122879028
17000.0,0.0,0.0,-2100100.0,4.676809310913086,201.94078063964844,3.1354138627648354e-05,33156.90234375,1.2838324308395386
17100.0,0.0,0.0,-2100101.25,4.518107891082764,200.9464111328125,8.422648534178734e-07,33145.28515625,1.2842824459075928
17200.0,0.0,0.0,-2100101.75,4.791497707366943,193.148681640625,0.0007029678672552109,33135.1875,1.2846736907958984
17300.0,0.0,0.0,-2100104.0,4.176692008972168,191.78952026367188,-0.00012336298823356628,33126.625,1.285005807876587
17400.0,0.0,0.0,-2100104.25,4.241007328033447,194.27024841308594,4.188087768852711e-05,33118.734375,1.285312294960022
17500.0,0.0,0.0,-2100102.75,5.1031880378723145,197.2519073486328,-0.00014572078362107277,33110.2734375,1.2856404781341553
17600.0,0.0,0.0,-2100100.5,4.167450428009033,197.88372802734375,0.0006804500008001924,33102.33984375,1.2859485149383545
17700.0,0.0,0.0,-2100100.0,4.155174732208252,200.4449462890625,7.066421676427126e-05,33096.3359375,1.2861818075180054
17800.0,0.0,0.0,-2100099.75,4.8445587158203125,201.85812377929688,7.712747901678085e-05,33092.9296875,1.2863144874572754
17900.0,0.0,0.0,-2100099.75,4.888761043548584,202.98045349121094,4.2720348574221134e-05,33092.40625,1.2863346338272095
18000.0,0.0,0.0,-2100099.25,4.246427059173584,200.67626953125,0.00041883462108671665,33093.4296875,1.286294937133789
18100.0,0.0,0.0,-2100099.25,3.887820243835449,197.29116821289062,0.0008989801863208413,33096.1171875,1.286190390586853
18200.0,0.0,0.0,-2100101.75,3.817662239074707,198.84934997558594,-0.0006799635011702776,33100.87109375,1.2860056161880493
18300.0,0.0,0.0,-2100103.0,4.460580825805664,196.80177307128906,0.00010095769539475441,33106.7734375,1.2857762575149536
18400.0,0.0,0.0,-2100103.0,4.685654163360596,195.1874542236328,-0.00042565097101032734,33113.953125,1.2854976654052734
18500.0,0.0,0.0,-2100100.75,5.338181018829346,193.50953674316406,0.0010804091580212116,33122.34375,1.2851719856262207
18600.0,0.0,0.0,-2100100.0,4.0537824630737305,202.07257080078125,0.0005106070311740041,33132.03515625,1.2847959995269775
18700.0,0.0,0.0,-2100099.0,4.429039001464844,205.1046142578125,0.00019606563728302717,33143.578125,1.2843486070632935
18800.0,0.0,0.0,-2100099.0,4.800993919372559,205.35272216796875,-0.0003394916420802474,33157.3203125,1.2838162183761597
18900.0,0.0,0.0,-2100098.25,4.516150951385498,199.72784423828125,8.497154340147972e-07,33172.31640625,1.283236026763916
19000.0,0.0,0.0,-2100101.25,4.317770481109619,201.7564697265625,-2.249958924949169e-06,33188.3359375,1.2826166152954102
19100.0,0.0,0.0,-2100101.25,3.823133707046509,198.0847625732422,-0.00028097571339458227,33204.578125,1.281989336013794
19200.0,0.0,0.0,-2100100.75,4.136807918548584,195.7183837890625,0.0007561936508864164,33220.77734375,1.2813639640808105
19300.0,0.0,0.0,-2100101.25,4.381922245025635,198.09689331054688,5.055917426943779e-06,33237.24609375,1.2807291746139526
19400.0,0.0,0.0,-2100099.25,4.337924003601074,198.1414337158203,0.00018301373347640038,33253.49609375,1.280103325843811
19500.0,0.0,0.0,-2100097.5,4.904058456420898,201.31089782714844,-0.000337618519552052,33269.7578125,1.2794774770736694
19600.0,0.0,0.0,-2100096.5,4.169113636016846,203.15968322753906,0.00015691015869379044,33285.97265625,1.2788543701171875
19700.0,0.0,0.0,-2100098.25,5.435708522796631,205.30352783203125,0.000251809717155993,33302.1328125,1.2782337665557861
19800.0,0.0,0.0,-2100099.5,4.829524993896484,205.0344696044922,-0.0002968577900901437,33318.17578125,1.2776182889938354
19900.0,0.0,0.0,-2100099.75,4.020400047302246,202.94064331054688,-0.0008975719101727009,33333.4140625,1.2770342826843262
20000.0,0.0,0.0,-2100099.75,4.137675762176514,200.5269012451172,-0.0004362608306109905,33346.78515625,1.2765220403671265
20100.0,0.0,0.0,-2100100.5,4.592576503753662,199.1813201904297,3.550667315721512e-06,33357.609375,1.276107907295227
20200.0,0.0,0.0,-2100101.25,4.613188743591309,198.21920776367188,0.0006038557039573789,33365.828125,1.275793433189392
20300.0,0.0,0.0,-2100099.25,4.668729305267334,193.52853393554688,-0.0003074988489970565,33372.03125,1.2755564451217651
20400.0,0.0,0.0,-2100100.0,5.319654941558838,198.5765838623047,-0.0010437717428430915,33376.40625,1.275389313697815
20500.0,0.0,0.0,-2100097.75,4.275968551635742,199.70155334472656,-8.518598042428493e-05,33377.94921875,1.2753305435180664
20600.0,0.0,0.0,-2100099.0,4.243176460266113,207.68113708496094,0.00026744173374027014,33378.16796875,1.2753219604492188
20700.0,0.0,0.0,-2100096.25,4.457675457000732,202.78750610351562,0.0001952708698809147,33376.89453125,1.275370478630066
20800.0,0.0,0.0,-2100097.5,4.992860794067383,201.76634216308594,-0.0007159311790019274,33373.65625,1.2754943370819092
20900.0,0.0,0.0,-2100099.0,4.532867908477783,198.67437744140625,-0.00019619404338300228,33368.27734375,1.2756998538970947
21000.0,0.0,0.0,-2100101.25,4.363846302032471,199.79258728027344,-0.0004116829950362444,33360.53515625,1.2759959697723389
21100.0,0.0,0.0,-2100099.5,4.651045322418213,195.70132446289062,0.00014180561993271112,33350.75390625,1.2763702869415283
21200.0,0.0,0.0,-2100099.5,4.332942962646484,196.92967224121094,-0.0006687542190775275,33339.04296875,1.2768186330795288
21300.0,0.0,0.0,-2100101.75,4.542198657989502,203.26345825195312,-0.0004643449792638421,33325.5,1.2773373126983643
21400.0,0.0,0.0,-2100100.0,4.54553747177124,201.8257598876953,0.0006150295957922935,33310.39453125,1.2779165506362915
21500.0,0.0,0.0,-2100098.5,5.692263126373291,200.89089965820312,0.0002217978471890092,33294.625,1.2785218954086304
21600.0,0.0,0.0,-2100097.5,4.169804096221924,199.6882781982422,0.0003172794822603464,33279.0703125,1.2791197299957275
21700.0,0.0,0.0,-2100099.5,4.142585277557373,204.27182006835938,-0.001319046365097165,33263.77734375,1.2797075510025024
21800.0,0.0,0.0,-2100098.5,4.081984996795654,197.90248107910156,9.985873475670815e-06,33247.31640625,1.2803411483764648
21900.0,0.0,0.0,-2100102.0,4.244178771972656,198.10614013671875,0.0006084715714678168,33229.73046875,1.2810189723968506
22000.0,0.0,0.0,-2100101.75,4.343813419342041,194.52011108398438,0.0005208378424867988,33211.84375,1.2817087173461914
22100.0,0.0,0.0,-2100101.25,4.067189693450928,194.87855529785156,-0.0005204408662393689,33194.46484375,1.2823797464370728
22200.0,0.0,0.0,-2100099.5,4.735809326171875,196.8055419921875,-0.0008437640499323606,33178.23046875,1.283007264137268
22300.0,0.0,0.0,-2100099.5,4.820906639099121,201.7526397705078,0.0006093608681112528,33162.8515625,1.2836021184921265
22400.0,0.0,0.0,-2100099.0,4.378956317901611,201.814208984375,0.0013435332803055644,33148.37109375,1.2841631174087524
22500.0,0.0,0.0,-2100099.0,4.2517266273498535,200.85702514648438,0.0005983354058116674,33135.859375,1.284647822380066
22600.0,0.0,0.0,-2100101.0,4.286647319793701,202.71261596679688,-0.0011978509137406945,33125.5703125,1.2850468158721924
22700.0,0.0,0.0,-2100101.0,4.330896854400635,199.8560791015625,-0.0006396700628101826,33116.52734375,1.2853978872299194
22800.0,0.0,0.0,-2100101.0,4.326358318328857,198.3518829345703,0.001109565608203411,33109.34375,1.2856765985488892
22900.0,0.0,0.0,-2100102.25,4.2646355628967285,201.60643005371094,0.0014784828526899219,33103.9609375,1.2858855724334717
23000.0,0.0,0.0,-2100098.25,4.08709192276001,194.38858032226562,0.0003765126457437873,33100.66015625,1.2860139608383179
23100.0,0.0,0.0,-2100099.75,4.4749932289123535,203.14451599121094,-0.0009471719386056066,33100.08203125,1.2860362529754639
23200.0,0.0,0.0,-2100097.0,4.361018657684326,204.0001220703125,-0.0003788358299061656,33102.09765625,1.2859580516815186
23300.0,0.0,0.0,-2100097.25,5.449836730957031,206.66033935546875,0.0014857256319373846,33107.0078125,1.2857674360275269
23400.0,0.0,0.0,-2100097.5,4.372727394104004,202.96597290039062,0.00120255327783525,33115.3671875,1.285442590713501
23500.0,0.0,0.0,-2100100.5,4.43174409866333,201.46102905273438,0.00022521207574754953,33126.76171875,1.2850005626678467
23600.0,0.0,0.0,-2100100.5,4.213810443878174,197.63270568847656,-0.001306837541051209,33140.265625,1.2844772338867188
23700.0,0.0,0.0,-2100101.25,3.7804718017578125,198.70228576660156,-0.0006343061104416847,33154.609375,1.283921480178833
23800.0,0.0,0.0,-2100100.5,4.721102714538574,197.88389587402344,0.0008067541057243943,33169.5546875,1.283342957496643
23900.0,0.0,0.0,-2100100.75,4.414908409118652,199.40499877929688,0.0011519547551870346,33185.34765625,1.2827320098876953
24000.0,0.0,0.0,-2100100.75,4.401870250701904,200.32095336914062,0.0006409195484593511,33201.97265625,1.2820897102355957
24100.0,0.0,0.0,-2100099.25,4.199706077575684,200.4692840576172,-0.0013144593685865402,33220.13671875,1.2813889980316162
24200.0,0.0,0.0,-2100099.0,4.112486839294434,206.01724243164062,-0.00038705463521182537,33239.171875,1.280654788017273
24300.0,0.0,0.0,-2100096.0,4.261712551116943,203.79379272460938,0.00010085757821798325,33258.43359375,1.2799131870269775
24400.0,0.0,0.0,-2100098.75,4.110654354095459,208.86669921875,0.001684660674072802,33277.90234375,1.279164433479309
24500.0,0.0,0.0,-2100098.5,4.077572345733643,200.01119995117188,-0.0001484226668253541,33297.58203125,1.2784082889556885
24600.0,0.0,0.0,-2100101.5,4.165799140930176,198.64817810058594,-0.0008004670962691307,33316.37109375,1.2776873111724854
24700.0,0.0,0.0,-2100100.75,4.369419097900391,195.30165100097656,-0.0012403386645019054,33333.64453125,1.2770252227783203
24800.0,0.0,0.0,-2100100.5,4.297399044036865,195.98744201660156,-0.00023432099260389805,33348.9765625,1.2764383554458618
24900.0,0.0,0.0,-2100101.0,4.1395463943481445,200.807373046875,0.001042431453242898,33362.5703125,1.2759182453155518
25000.0,0.0,0.0,-2100098.25,4.674011707305908,198.50045776367188,5.336164031177759e-05,33374.1484375,1.2754753828048706
25100.0,0.0,0.0,-2100096.5,4.505897521972656,198.52725219726562,0.00018290861044079065,33384.66015625,1.2750738859176636
25200.0,0.0,0.0,-2100098.75,4.5730438232421875,204.73983764648438,-0.001558732707053423,33393.859375,1.2747225761413574
25300.0,0.0,0.0,-2100099.75,4.0088701248168945,204.104248046875,-0.0003759857499971986,33399.8828125,1.2744927406311035
25400.0,0.0,0.0,-2100101.0,4.158446311950684,199.30699157714844,-0.000436291447840631,33402.79296875,1.2743816375732422
25500.0,0.0,0.0,-2100102.0,4.041929244995117,195.8333740234375,0.0006090973038226366,33402.9375,1.2743761539459229
25600.0,0.0,0.0,-2100102.0,4.5498480796813965,196.0684814453125,-1.5449593774974346e-05,33400.58203125,1.2744661569595337
25700.0,0.0,0.0,-2100101.75,4.115286827087402,198.7170867919922,-0.0008335175225511193,33395.8046875,1.2746483087539673
25800.0,0.0,0.0,-2100101.25,4.098837852478027,200.1593475341797,-0.0008088041795417666,33388.0546875,1.274944543838501
25900.0,0.0,0.0,-2100099.75,4.092938423156738,198.18023681640625,-0.0003325204597786069,33377.2578125,1.2753568887710571
26000.0,0.0,0.0,-2100100.5,4.103654384613037,201.86265563964844,0.0009623166406527162,33364.1640625,1.2758572101593018
26100.0,0.0,0.0,-2100098.5,3.876904249191284,199.0782012939453,-0.00029369292315095663,33349.52734375,1.2764170169830322
26200.0,0.0,0.0,-2100098.75,4.319375038146973,202.37759399414062,-0.00012864475138485432,33333.9609375,1.2770133018493652
26300.0,0.0,0.0,-2100099.0,4.444332599639893,204.1957244873047,-0.0017322979401797056,33317.03125,1.2776620388031006
26400.0,0.0,0.0,-2100097.0,4.55510139465332,198.44871520996094,1.6544130630791187e-05,33298.015625,1.2783915996551514
26500.0,0.0,0.0,-2100099.25,4.072514057159424,197.92196655273438,0.0005862042307853699,33278.328125,1.279147982597351
26600.0,0.0,0.0,-2100102.25,4.12110710144043,197.48789978027344,0.0010650681797415018,33257.82421875,1.2799365520477295
26700.0,0.0,0.0,-2100103.0,4.683007717132568,196.167236328125,-6.59360084682703e-05,33236.5078125,1.2807577848434448
26800.0,0.0,0.0,-2100102.5,4.797885894775391,196.8015594482422,-0.001517196069471538,33214.390625,1.2816107273101807
26900.0,0.0,0.0,-2100100.25,4.2724809646606445,197.8155517578125,-0.00021143152844160795,33192.0390625,1.2824733257293701
27000.0,0.0,0.0,-2100100.5,5.160165786743164,203.14273071289062,0.000847844872623682,33171.43359375,1.283270001411438
27100.0,0.0,0.0,-2100100.0,4.173052787780762,203.69143676757812,0.0015523370821028948,33153.30078125,1.2839720249176025
27200.0,0.0,0.0,-2100099.75,4.743752956390381,202.48410034179688,-5.388434510678053e-05,33137.078125,1.2846004962921143
27300.0,0.0,0.0,-2100099.0,4.270127773284912,198.71185302734375,-0.0008260277099907398,33122.27734375,1.2851744890213013
27400.0,0.0,0.0,-2100100.25,4.462379455566406,199.1960906982422,0.00025360402651131153,33109.4140625,1.2856742143630981
27500.0,0.0,0.0,-2100102.0,4.537169933319092,200.4581298828125,0.0010485048405826092,33098.83203125,1.2860852479934692
27600.0,0.0,0.0,-2100099.0,4.04669189453125,192.33287048339844,0.0012276037596166134,33090.71484375,1.286400318145752
27700.0,0.0,0.0,-2100100.25,4.2686662673950195,196.5025634765625,-0.00020549946930259466,33085.66015625,1.2865970134735107
27800.0,0.0,0.0,-2100100.5,4.23713493347168,203.20977783203125,-0.0006081516621634364,33083.1640625,1.2866939306259155
27900.0,0.0,0.0,-2100099.5,6.290799617767334,206.52749633789062,0.0003645858960226178,33082.734375,1.2867107391357422
28000.0,0.0,0.0,-2100098.25,4.472919464111328,206.0450439453125,0.0008213894907385111,33086.109375,1.2865797281265259
28100.0,0.0,0.0,-2100097.25,4.783825397491455,201.46946716308594,0.0009541959734633565,33093.20703125,1.2863034009933472
28200.0,0.0,0.0,-2100100.0,4.6004719734191895,200.52835083007812,-0.00027881632559001446,33103.2890625,1.2859119176864624
28300.0,0.0,0.0,-2100101.25,4.577809810638428,197.76329040527344,0.0006101581966504455,33116.21484375,1.285409927368164
28400.0,0.0,0.0,-2100101.25,4.447483062744141,196.432373046875,-0.0003399511333554983,33131.21484375,1.2848281860351562
28500.0,0.0,0.0,-2100102.25,4.171000003814697,198.52137756347656,-0.00034659833181649446,33147.0859375,1.284212589263916
28600.0,0.0,0.0,-2100101.0,4.807000637054443,197.72865295410156,0.00011952617205679417,33163.86328125,1.2835630178451538
28700.0,0.0,0.0,-2100100.75,4.166324615478516,200.03857421875,0.0010191041510552168,33181.6171875,1.2828761339187622
28800.0,0.0,0.0,-2100101.25,4.281785011291504,203.99087524414062,0.0009537277510389686,33200.9140625,1.2821305990219116
28900.0,0.0,0.0,-2100096.5,4.386550426483154,195.68222045898438,-0.0012380835833027959,33221.86328125,1.2813222408294678
29000.0,0.0,0.0,-2100099.5,4.3661112785339355,202.61782836914062,-0.0006204928504303098,33243.9765625,1.2804697751998901
29100.0,0.0,0.0,-2100099.5,4.789571285247803,201.87318420410156,-7.843144703656435e-05,33265.7890625,1.2796303033828735
29200.0,0.0,0.0,-2100099.0,4.450169563293457,199.15760803222656,0.0016564007382839918,33286.703125,1.278826117515564
29300.0,0.0,0.0,-2100101.25,4.46314811706543,202.69949340820312,-0.0007688597543165088,33307.453125,1.278029441833496
29400.0,0.0,0.0,-2100098.75,4.645679950714111,196.65684509277344,-0.0010083764791488647,33326.96875,1.2772812843322754
29500.0,0.0,0.0,-2100101.5,4.46705961227417,202.52883911132812,-0.0004176078364253044,33345.19921875,1.2765827178955078
29600.0,0.0,0.0,-2100099.0,4.613222122192383,197.4782257080078,-5.858554504811764e-05,33362.14453125,1.2759346961975098
29700.0,0.0,0.0,-2100100.25,4.023493766784668,201.34030151367188,0.0008650099625810981,33376.8515625,1.2753722667694092
29800.0,0.0,0.0,-2100098.75,4.169504165649414,199.39427185058594,-0.0005283810896798968,33389.81640625,1.2748770713806152
29900.0,0.0,0.0,-2100099.75,6.386560916900635,203.07203674316406,-0.00034918542951345444,33400.47265625,1.274470329284668
30000.0,0.0,0.0,-2100098.5,4.141419887542725,202.8445587158203,-0.0014663477195426822,33409.0078125,1.2741445302963257
30100.0,0.0,0.0,-2100098.0,4.21567964553833,202.91668701171875,-0.00014382379595190287,33413.9765625,1.2739554643630981
30200.0,0.0,0.0,-2100098.25,5.141483306884766,201.57321166992188,0.00027107575442641973,33416.42578125,1.2738618850708008
30300.0,0.0,0.0,-2100098.5,4.870209693908691,198.4711151123047,1.4996272511780262e-05,33417.1640625,1.2738338708877563
30400.0,0.0,0.0,-2100100.25,4.087704181671143,197.46109008789062,-0.00039687100797891617,33415.03125,1.2739150524139404
30500.0,0.0,0.0,-2100101.5,4.256782531738281,197.26878356933594,-0.0007415248546749353,33409.6015625,1.2741219997406006
30600.0,0.0,0.0,-2100101.0,4.319679260253906,196.4872589111328,-0.00023374950978904963,33401.2421875,1.2744407653808594
30700.0,0.0,0.0,-2100100.5,4.985958576202393,200.21957397460938,-0.0007877281168475747,33390.33203125,1.2748574018478394
30800.0,0.0,0.0,-2100098.75,4.456049919128418,202.3124237060547,2.6105321012437344e-05,33376.7421875,1.2753764390945435
30900.0,0.0,0.0,-2100097.75,5.003747940063477,203.82183837890625,0.00038807129021734,33360.8515625,1.2759841680526733
31000.0,0.0,0.0,-2100098.25,4.017664909362793,204.12599182128906,-0.00032879633363336325,33342.9375,1.2766695022583008
31100.0,0.0,0.0,-2100097.25,4.611862659454346,198.12889099121094,-0.0003474602708593011,33323.20703125,1.2774255275726318
31200.0,0.0,0.0,-2100100.0,4.503730297088623,200.9034423828125,-0.0008150640642270446,33302.8515625,1.2782059907913208
31300.0,0.0,0.0,-2100101.25,4.068380832672119,201.62403869628906,0.0007064344827085733,33281.15625,1.2790393829345703
31400.0,0.0,0.0,-2100101.0,4.5282111167907715,200.8003692626953,0.000679474207572639,33258.4921875,1.279910922050476
31500.0,0.0,0.0,-2100101.25,4.621769905090332,201.7178955078125,-0.0003102353075519204,33235.3203125,1.2808034420013428
31600.0,0.0,0.0,-2100100.75,4.2228827476501465,200.553466796875,-0.0006794083165004849,33211.55859375,1.28171968460083
31700.0,0.0,0.0,-2100101.0,3.954409599304199,200.6956329345703,-0.0003809332847595215,33187.81640625,1.2826368808746338
31800.0,0.0,0.0,-2100099.0,4.202868938446045,197.81954956054688,0.0013223430141806602,33165.171875,1.2835125923156738
31900.0,0.0,0.0,-2100099.5,4.357925891876221,203.8125762939453,0.0005390963051468134,33145.28125,1.2842825651168823
32000.0,0.0,0.0,-2100097.0,4.414411544799805,203.91783142089844,9.397533722221851e-05,33127.88671875,1.2849570512771606
32100.0,0.0,0.0,-2100098.5,4.015686511993408,207.98033142089844,-0.0005627640057355165,33113.515625,1.2855145931243896
32200.0,0.0,0.0,-2100098.25,4.9840593338012695,201.19435119628906,0.0003056926652789116,33102.10546875,1.2859580516815186
32300.0,0.0,0.0,-2100101.25,4.101212501525879,198.9468536376953,0.0010120426304638386,33092.86328125,1.286316990852356
32400.0,0.0,0.0,-2100101.5,4.594573974609375,196.36557006835938,0.0007000836776569486,33085.6484375,1.2865973711013794
32500.0,0.0,0.0,-2100101.5,4.510514736175537,197.64495849609375,0.00026244285982102156,33080.62109375,1.2867931127548218
32600.0,0.0,0.0,-2100100.5,4.621836185455322,197.7521209716797,-0.0003140723565593362,33078.2109375,1.2868866920471191
32700.0,0.0,0.0,-2100101.0,4.227529048919678,202.11270141601562,0.0003447973867878318,33078.1015625,1.2868908643722534
32800.0,0.0,0.0,-2100100.0,4.005791664123535,202.47592163085938,0.00046537083107978106,33080.69140625,1.286790132522583
32900.0,0.0,0.0,-2100097.75,4.571683883666992,199.12042236328125,0.0009903758764266968,33086.6953125,1.286556601524353
33000.0,0.0,0.0,-2100100.0,4.197415351867676,204.48085021972656,0.00023779075127094984,33096.53125,1.2861744165420532
33100.0,0.0,0.0,-2100098.0,4.519861221313477,198.08721923828125,5.0713075324893e-05,33109.859375,1.2856565713882446
33200.0,0.0,0.0,-2100102.0,3.8941526412963867,200.4705810546875,2.424290869385004e-05,33126.19921875,1.2850223779678345
33300.0,0.0,0.0,-2100101.75,4.4065327644348145,194.9635772705078,0.00023142388090491295,33144.5234375,1.2843120098114014
33400.0,0.0,0.0,-2100102.0,3.8296213150024414,194.39981079101562,0.0008691793773323298,33163.6328125,1.2835719585418701
33500.0,0.0,0.0,-2100102.0,4.715568542480469,197.78318786621094,-9.057519491761923e-05,33184.06640625,1.282781720161438
33600.0,0.0,0.0,-2100098.5,3.9944443702697754,197.18551635742188,-0.00047687790356576443,33205.6015625,1.281949520111084
33700.0,0.0,0.0,-2100099.25,4.164982795715332,202.61727905273438,-0.00012284074909985065,33227.56640625,1.2811025381088257
33800.0,0.0,0.0,-2100097.75,5.310644626617432,199.71908569335938,0.0004608181770890951,33250.1328125,1.2802326679229736
33900.0,0.0,0.0,-2100099.25,4.4284210205078125,202.2577667236328,0.00038460653740912676,33273.375,1.2793384790420532
34000.0,0.0,0.0,-2100100.0,4.822381496429443,201.8711700439453,-0.00018050463404506445,33296.96484375,1.2784321308135986
34100.0,0.0,0.0,-2100099.5,4.26584005355835,197.9694366455078,-0.00024054513778537512,33319.96875,1.2775495052337646
34200.0,0.0,0.0,-2100098.75,4.979471206665039,195.03961181640625,-2.6210909709334373e-06,33342.375,1.2766908407211304
34300.0,0.0,0.0,-2100099.5,4.186810493469238,197.98736572265625,-0.0007002206984907389,33363.7890625,1.2758716344833374
34400.0,0.0,0.0,-2100099.5,4.4240193367004395,202.66578674316406,-0.00013356178533285856,33382.71484375,1.2751483917236328
34500.0,0.0,0.0,-2100097.0,4.370314121246338,206.2593231201172,-0.00032621854916214943,33399.41796875,1.274510383605957
34600.0,0.0,0.0,-2100096.0,4.418636798858643,208.49790954589844,-0.0006360035622492433,33414.453125,1.2739371061325073
34700.0,0.0,0.0,-2100096.5,4.6789374351501465,205.1610870361328,-0.00025893549900501966,33427.7265625,1.273431420326233
34800.0,0.0,0.0,-2100098.75,4.856278419494629,202.6604461669922,-0.00026134366635233164,33438.66015625,1.273014783859253
34900.0,0.0,0.0,-2100099.25,4.149874210357666,199.70654296875,0.0006344361463561654,33446.83203125,1.2727038860321045
35000.0,0.0,0.0,-2100098.5,4.159286022186279,196.994140625,-0.0006363728316500783,33453.10546875,1.2724649906158447
35100.0,0.0,0.0,-2100098.75,4.507836818695068,197.396484375,-0.0004723378224298358,33456.3515625,1.2723416090011597
35200.0,0.0,0.0,-2100099.75,4.355710506439209,200.21632385253906,-0.0011907626176252961,33456.140625,1.2723495960235596
35300.0,0.0,0.0,-2100101.0,4.627495288848877,203.39271545410156,-0.00012946361675858498,33451.2734375,1.2725348472595215
35400.0,0.0,0.0,-2100099.75,4.967482089996338,200.3173370361328,2.2187945432960987e-05,33442.296875,1.2728763818740845
35500.0,0.0,0.0,-2100098.0,4.235031604766846,195.86473083496094,-0.000501771573908627,33430.17578125,1.273337960243225
35600.0,0.0,0.0,-2100099.0,4.0876994132995605,198.58912658691406,-7.084372919052839e-05,33415.71875,1.2738887071609497
35700.0,0.0,0.0,-2100099.75,4.112369537353516,201.4430694580078,-0.0003258602228015661,33399.39453125,1.2745115756988525
35800.0,0.0,0.0,-2100099.0,4.576767921447754,201.7583770751953,0.0004953298484906554,33380.55859375,1.2752305269241333
35900.0,0.0,0.0,-2100099.25,3.938703775405884,203.0763397216797,-0.0005272353300824761,33359.6328125,1.2760306596755981
36000.0,0.0,0.0,-2100099.5,4.773845672607422,201.07948303222656,-0.0006675609620288014,33336.08984375,1.276931643486023
36100.0,0.0,0.0,-2100100.0,5.825564384460449,197.2646026611328,-0.0007018423639237881,33310.1640625,1.2779254913330078
36200.0,0.0,0.0,-2100102.25,4.045124530792236,198.7748565673828,0.0001013410510495305,33282.82421875,1.278975009918213
36300.0,0.0,0.0,-2100101.0,4.208856582641602,196.18531799316406,0.0007090140134096146,33254.7265625,1.2800558805465698
36400.0,0.0,0.0,-2100101.0,4.1326727867126465,200.47642517089844,-7.080007344484329e-05,33226.21875,1.2811540365219116
36500.0,0.0,0.0,-2100098.5,4.275015354156494,201.92579650878906,-0.0006325854919850826,33197.11328125,1.2822774648666382
36600.0,0.0,0.0,-2100097.5,4.880698204040527,203.77780151367188,-7.270928472280502e-05,33168.25,1.2833932638168335
36700.0,0.0,0.0,-2100097.5,4.712499618530273,203.18624877929688,0.000853563891723752,33140.9921875,1.2844489812850952
36800.0,0.0,0.0,-2100098.75,4.71522331237793,201.7930450439453,0.0009313300251960754,33116.28125,1.2854074239730835
36900.0,0.0,0.0,-2100099.0,4.336764812469482,198.65469360351562,-0.00045210053212940693,33094.1015625,1.286268711090088
37000.0,0.0,0.0,-2100102.0,4.516363143920898,203.11415100097656,-0.0004134563496336341,33073.36328125,1.287075400352478
37100.0,0.0,0.0,-2100101.0,4.069502830505371,200.26158142089844,-7.83322611823678e-05,33054.15234375,1.2878233194351196
37200.0,0.0,0.0,-2100102.0,4.415658473968506,201.67584228515625,0.0017785253003239632,33036.609375,1.2885072231292725
37300.0,0.0,0.0,-2100102.0,4.158510684967041,201.19485473632812,0.0008117957040667534,33022.05859375,1.2890748977661133
37400.0,0.0,0.0,-2100100.75,3.836167812347412,198.7841796875,-0.00018604949582368135,33010.71484375,1.2895179986953735
37500.0,0.0,0.0,-2100101.5,4.013645172119141,202.26943969726562,-0.0008186909835785627,33002.5703125,1.289836049079895
37600.0,0.0,0.0,-2100097.5,5.178954601287842,197.11422729492188,0.0005335946334525943,32997.58203125,1.2900313138961792
37700.0,0.0,0.0,-2100099.0,5.111841201782227,204.21408081054688,0.0024830768816173077,32997.13671875,1.2900487184524536
37800.0,0.0,0.0,-2100097.5,4.746670246124268,203.880615234375,0.0005176240811124444,33002.13671875,1.2898530960083008
37900.0,0.0,0.0,-2100099.0,4.263436317443848,203.72047424316406,-0.00038627441972494125,33011.1640625,1.2895005941390991
38000.0,0.0,0.0,-2100100.25,4.663510799407959,198.55093383789062,-0.0011616405099630356,33023.41796875,1.2890219688415527
38100.0,0.0,0.0,-2100101.0,4.6499457359313965,195.8121795654297,0.0010337859857827425,33038.82421875,1.2884210348129272
38200.0,0.0,0.0,-2100102.25,3.9468162059783936,198.59898376464844,0.0013016870943829417,33058.1953125,1.287665843963623
38300.0,0.0,0.0,-2100102.0,4.36737585067749,200.25289916992188,0.0003692058380693197,33081.0703125,1.2867754697799683
38400.0,0.0,0.0,-2100100.25,3.91628360748291,199.48663330078125,-0.00029483530670404434,33106.2578125,1.2857965230941772
38500.0,0.0,0.0,-2100098.0,4.592438220977783,197.4630584716797,-0.0009201874490827322,33133.50390625,1.284739375114441
38600.0,0.0,0.0,-2100098.5,3.927652359008789,199.65469360351562,0.0008239950984716415,33162.0078125,1.283634901046753
38700.0,0.0,0.0,-2100098.5,4.4470906257629395,199.5530242919922,0.000772340688854456,33192.23046875,1.2824660539627075
38800.0,0.0,0.0,-2100099.25,4.614790916442871,199.70941162109375,0.000649708672426641,33224.47265625,1.2812213897705078
38900.0,0.0,0.0,-2100101.75,4.272023677825928,201.55575561523438,-0.0008155055111274123,33257.5234375,1.279948115348816
39000.0,0.0,0.0,-2100102.25,4.011769771575928,198.2786407470703,-0.0009000209392979741,33289.625,1.2787140607833862
39100.0,0.0,0.0,-2100102.5,4.129858493804932,197.5759735107422,-0.00015716475900262594,33320.4375,1.277531385421753
39200.0,0.0,0.0,-2100100.5,4.788245677947998,196.19009399414062,0.0006624143570661545,33350.38671875,1.2763842344284058
39300.0,0.0,0.0,-2100099.0,4.3296380043029785,198.97174072265625,0.0005067784804850817,33378.72265625,1.2753006219863892
39400.0,0.0,0.0,-2100098.5,4.443696975708008,203.24403381347656,-0.0005404374096542597,33405.13671875,1.2742923498153687
39500.0,0.0,0.0,-2100098.25,4.754813194274902,203.74134826660156,-0.0007754942635074258,33428.7109375,1.2733938694000244
39600.0,0.0,0.0,-2100098.5,4.12774658203125,201.15956115722656,-0.000604041269980371,33449.58203125,1.2725993394851685
39700.0,0.0,0.0,-2100098.25,4.78554630279541,196.98597717285156,-0.00020806456450372934,33467.79296875,1.2719067335128784
39800.0,0.0,0.0,-2100100.75,3.678452253341675,200.2679901123047,-0.00041895813774317503,33482.76953125,1.271337628364563
39900.0,0.0,0.0,-2100100.5,4.420722961425781,198.739013671875,-0.0006562474882230163,33493.6015625,1.2709264755249023
40000.0,0.0,0.0,-2100099.75,3.8466854095458984,199.40206909179688,-0.0002198797883465886,33500.3203125,1.2706717252731323
40100.0,0.0,0.0,-2100098.5,4.711134433746338,204.75741577148438,-0.0003730386961251497,33504.50390625,1.2705129384994507
40200.0,0.0,0.0,-2100098.75,4.997345924377441,212.80340576171875,-0.0008404562249779701,33505.04296875,1.270492672920227
40300.0,0.0,0.0,-2100096.0,5.214481830596924,205.8303985595703,-0.0004629790782928467,33501.62109375,1.2706222534179688
40400.0,0.0,0.0,-2100097.75,4.572449684143066,203.6702880859375,4.8943329602479935e-06,33494.6015625,1.2708886861801147
40500.0,0.0,0.0,-2100098.5,4.264004230499268,199.5653076171875,0.0002658466110005975,33484.640625,1.2712666988372803
40600.0,0.0,0.0,-2100099.75,4.0453996658325195,200.17172241210938,-0.001161797670647502,33472.49609375,1.2717280387878418
40700.0,0.0,0.0,-2100099.5,4.314061164855957,198.71510314941406,-0.0012389910407364368,33456.98828125,1.2723172903060913
40800.0,0.0,0.0,-2100100.25,4.398961544036865,200.24366760253906,-0.0004564778646454215,33437.7265625,1.2730504274368286
40900.0,0.0,0.0,-2100100.0,4.715944290161133,200.14401245117188,0.0010547181591391563,33414.43359375,1.2739378213882446
41000.0,0.0,0.0,-2100100.75,4.3524651527404785,202.44862365722656,0.001074720872566104,33388.66015625,1.2749210596084595
41100.0,0.0,0.0,-2100101.25,4.104744911193848,204.8282928466797,-0.0013390368549153209,33361.5859375,1.2759556770324707
41200.0,0.0,0.0,-2100097.25,4.227081298828125,197.98963928222656,-0.0011327976826578379,33333.13671875,1.2770448923110962
41300.0,0.0,0.0,-2100100.5,3.8702144622802734,207.07254028320312,-0.0007556169293820858,33303.51171875,1.2781810760498047
41400.0,0.0,0.0,-2100098.25,4.633405685424805,202.39443969726562,0.0014713774435222149,33272.73828125,1.2793629169464111
41500.0,0.0,0.0,-2100100.25,4.523953437805176,203.0121612548828,0.0008684761123731732,33242.22265625,1.2805373668670654
41600.0,0.0,0.0,-2100099.5,4.8187971115112305,196.67710876464844,-0.00019805901683866978,33212.77734375,1.2816728353500366
41700.0,0.0,0.0,-2100102.0,4.519004821777344,198.0562744140625,-0.0007715141400694847,33183.58203125,1.2828004360198975
41800.0,0.0,0.0,-2100101.25,4.615323066711426,195.18472290039062,-0.0005248435772955418,33154.81640625,1.283913254737854
41900.0,0.0,0.0,-2100102.0,4.450349807739258,198.2238006591797,0.0006956657161936164,33126.29296875,1.2850189208984375
42000.0,0.0,0.0,-2100099.5,4.701279163360596,198.34173583984375,0.0011492964113131166,33099.3984375,1.2860631942749023
42100.0,0.0,0.0,-2100098.75,4.368298053741455,204.87843322753906,0.0005937515525147319,33075.54296875,1.2869904041290283
42200.0,0.0,0.0,-2100100.0,4.813714504241943,209.8463897705078,-0.0009335498325526714,33054.61328125,1.287805438041687
42300.0,0.0,0.0,-2100097.0,4.405351161956787,200.55799865722656,0.0001753753749653697,33036.42578125,1.288514494895935
42400.0,0.0,0.0,-2100099.25,4.675537109375,201.59861755371094,0.0008055609650909901,33022.015625,1.2890766859054565
42500.0,0.0,0.0,-2100100.25,4.326228618621826,200.4663543701172,0.0013984964461997151,33011.51171875,1.2894867658615112
42600.0,0.0,0.0,-2100101.5,4.294190883636475,200.75669860839844,0.0004929116694256663,33004.73046875,1.2897517681121826
42700.0,0.0,0.0,-2100100.25,5.065330505371094,196.49928283691406,0.00014661031309515238,33001.3046875,1.2898856401443481
42800.0,0.0,0.0,-2100100.25,4.379782676696777,196.82369995117188,-0.000411884393543005,33001.45703125,1.289879560470581
42900.0,0.0,0.0,-2100100.25,4.209142208099365,198.27903747558594,0.0004351901588961482,33005.1953125,1.2897335290908813
43000.0,0.0,0.0,-2100099.0,4.512871265411377,198.8029327392578,0.0006051247473806143,33012.3515625,1.2894539833068848
43100.0,0.0,0.0,-2100099.5,3.746901273727417,205.5345001220703,0.0012982671614736319,33023.3046875,1.2890263795852661
43200.0,0.0,0.0,-2100097.25,4.805972576141357,205.19029235839844,0.0006251480663195252,33037.65625,1.2884663343429565
43300.0,0.0,0.0,-2100098.5,4.151566028594971,206.71951293945312,3.7904130294919014e-05,33055.1171875,1.2877857685089111
43400.0,0.0,0.0,-2100099.5,4.765446186065674,201.13638305664062,-0.00031860603485256433,33076.17578125,1.2869659662246704
43500.0,0.0,0.0,-2100102.0,4.204871654510498,199.87303161621094,-0.00010909046977758408,33100.08203125,1.2860363721847534
43600.0,0.0,0.0,-2100101.25,4.740843296051025,196.3057403564453,0.0014801627257838845,33126.28515625,1.2850193977355957
43700.0,0.0,0.0,-2100101.0,3.9844346046447754,197.46913146972656,1.1935364454984665e-05,33154.5859375,1.2839221954345703
43800.0,0.0,0.0,-2100099.5,4.398736000061035,196.81539916992188,0.0005801671650260687,33183.43359375,1.2828062772750854
43900.0,0.0,0.0,-2100098.5,5.004880428314209,196.35317993164062,-0.0010284173768013716,33211.83984375,1.281708836555481
44000.0,0.0,0.0,-2100099.5,4.354372024536133,201.07496643066406,0.00023755745496600866,33239.92578125,1.2806259393692017
44100.0,0.0,0.0,-2100098.25,4.869063377380371,202.14639282226562,1.8275226466357708e-05,33268.109375,1.2795408964157104
44200.0,0.0,0.0,-2100098.0,4.525628566741943,205.10557556152344,0.00036177528090775013,33295.88671875,1.2784734964370728
44300.0,0.0,0.0,-2100097.5,4.659824371337891,204.3362274169922,0.00020822416990995407,33322.890625,1.277437448501587
44400.0,0.0,0.0,-2100098.5,4.745434284210205,201.46002197265625,-0.0012176830787211657,33349.625,1.2764134407043457
44500.0,0.0,0.0,-2100101.5,4.476661205291748,200.9471893310547,-0.0003195960307493806,33375.359375,1.275429368019104
44600.0,0.0,0.0,-2100101.0,4.32089900970459,195.14224243164062,-0.0009056448470801115,33398.4453125,1.2745475769042969
44700.0,0.0,0.0,-2100102.5,3.905704975128174,197.9190216064453,0.00102511839941144,33417.703125,1.273813247680664
44800.0,0.0,0.0,-2100101.0,4.197951793670654,198.1841278076172,-0.00042342953383922577,33433.87890625,1.273196816444397
44900.0,0.0,0.0,-2100100.0,4.9995574951171875,201.7394561767578,-0.0006631802534684539,33446.5859375,1.2727131843566895
45000.0,0.0,0.0,-2100097.0,4.664119720458984,198.670166015625,-0.0011939407559111714,33455.56640625,1.2723714113235474
45100.0,0.0,0.0,-2100097.0,4.583173751831055,200.26040649414062,-0.0009525875793769956,33461.88671875,1.272131323814392
45200.0,0.0,0.0,-2100098.5,4.806748390197754,203.20631408691406,0.0010180200915783644,33465.48046875,1.2719944715499878
45300.0,0.0,0.0,-2100098.5,3.969794511795044,201.07354736328125,-0.00023678864818066359,33466.33984375,1.2719616889953613
45400.0,0.0,0.0,-2100100.0,4.413578510284424,201.5407257080078,-6.269419100135565e-05,33463.16015625,1.2720826864242554
45500.0,0.0,0.0,-2100098.5,4.4243903160095215,197.07257080078125,-0.0018207102548331022,33455.94140625,1.2723572254180908
45600.0,0.0,0.0,-2100099.5,4.590585231781006,198.70082092285156,-0.000536056817509234,33445.21484375,1.2727652788162231
45700.0,0.0,0.0,-2100099.75,4.824422359466553,199.84042358398438,0.0002952193608507514,33431.76953125,1.2732770442962646
45800.0,0.0,0.0,-2100099.75,4.870238304138184,200.91160583496094,0.00038636033423244953,33415.5859375,1.2738938331604004
45900.0,0.0,0.0,-2100098.5,5.330279350280762,199.23976135253906,4.9756839871406555e-05,33397.00390625,1.2746025323867798
46000.0,0.0,0.0,-2100100.0,4.63015604019165,204.37477111816406,-0.0015968786319717765,33376.390625,1.2753897905349731
46100.0,0.0,0.0,-2100098.5,4.28668737411499,201.48681640625,0.00032521423418074846,33353.60546875,1.2762610912322998
46200.0,0.0,0.0,-2100100.75,4.759827613830566,204.3042449951172,-9.000336285680532e-05,33330.12109375,1.2771605253219604
46300.0,0.0,0.0,-2100100.5,4.786052227020264,197.9870147705078,0.0007798206061124802,33305.0546875,1.2781217098236084
46400.0,0.0,0.0,-2100101.0,3.9509615898132324,193.772216796875,-0.0003422029549255967,33278.85546875,1.2791277170181274
46500.0,0.0,0.0,-2100103.0,4.970762252807617,197.0836181640625,-0.0009043010650202632,33251.61328125,1.2801759243011475
46600.0,0.0,0.0,-2100100.5,4.670657157897949,195.9196014404297,4.4507323764264584e-05,33223.68359375,1.2812519073486328
46700.0,0.0,0.0,-2100100.25,4.702487945556641,202.26486206054688,-0.0006380254635587335,33196.52734375,1.2823002338409424
46800.0,0.0,0.0,-2100098.0,4.216126918792725,201.7025604248047,0.001162889413535595,33170.6640625,1.2833000421524048
46900.0,0.0,0.0,-2100098.5,4.3556718826293945,202.29344177246094,0.00012138963211327791,33146.26953125,1.284244418144226
47000.0,0.0,0.0,-2100099.5,3.997840166091919,201.28591918945312,0.0010701995342969894,33123.2578125,1.2851364612579346
47100.0,0.0,0.0,-2100099.5,4.3365702629089355,198.1182861328125,-0.0002896256046369672,33102.95703125,1.2859247922897339
47200.0,0.0,0.0,-2100101.75,4.899228572845459,201.5280303955078,-0.0006423773011192679,33085.37109375,1.2866082191467285
47300.0,0.0,0.0,-2100101.75,4.548677921295166,199.89195251464844,0.000815078616142273,33069.75390625,1.2872158288955688
47400.0,0.0,0.0,-2100102.0,4.15886926651001,200.1099853515625,0.00036259647458791733,33056.83203125,1.2877191305160522
47500.0,0.0,0.0,-2100100.75,4.165595531463623,200.99688720703125,0.0018111952813342214,33046.87109375,1.2881070375442505
47600.0,0.0,0.0,-2100099.75,4.281217575073242,206.68487548828125,-0.0007225144654512405,33040.734375,1.288346529006958
47700.0,0.0,0.0,-2100097.0,4.616180419921875,205.66400146484375,0.000378774362616241,33037.72265625,1.2884637117385864
47800.0,0.0,0.0,-2100097.75,4.3120293617248535,205.2949981689453,0.0003128432435914874,33039.0625,1.2884114980697632
47900.0,0.0,0.0,-2100100.75,4.4569501876831055,204.8400421142578,5.1409006118774414e-05,33044.8046875,1.2881875038146973
48000.0,0.0,0.0,-2100099.0,4.2053446769714355,195.3861541748047,0.0015462549636140466,33053.84765625,1.2878352403640747
48100.0,0.0,0.0,-2100102.25,4.1624860763549805,200.69378662109375,-0.000193290994502604,33066.39453125,1.2873467206954956
48200.0,0.0,0.0,-2100100.0,4.356717586517334,196.15533447265625,0.0007262424333021045,33081.4296875,1.2867614030838013
48300.0,0.0,0.0,-2100099.5,4.633611679077148,197.31295776367188,-0.001047372119501233,33099.0859375,1.2860749959945679
48400.0,0.0,0.0,-2100098.75,4.697216510772705,199.00543212890625,0.0007634581997990608,33118.921875,1.2853047847747803
48500.0,0.0,0.0,-2100099.0,4.615368843078613,202.870849609375,0.0008088570320978761,33141.12890625,1.284443736076355
48600.0,0.0,0.0,-2100098.75,4.951783180236816,204.1661376953125,0.0006733108311891556,33165.20703125,1.2835110425949097
48700.0,0.0,0.0,-2100100.0,4.833864212036133,204.6991424560547,-0.00017208431381732225,33190.89453125,1.282517671585083
48800.0,0.0,0.0,-2100101.0,4.3534255027771,198.1895751953125,-0.001827082596719265,33217.4296875,1.281493067741394
48900.0,0.0,0.0,-2100101.25,4.154396057128906,192.1643829345703,0.0005078811664134264,33243.69140625,1.2804807424545288
49000.0,0.0,0.0,-2100102.75,4.713137626647949,196.42674255371094,0.000434035318903625,33269.4140625,1.2794907093048096
49100.0,0.0,0.0,-2100100.0,4.628911018371582,194.45230102539062,0.0009838887490332127,33293.56640625,1.2785629034042358
49200.0,0.0,0.0,-2100101.0,4.328789710998535,201.9529266357422,-0.0008850188460201025,33316.87109375,1.2776684761047363
49300.0,0.0,0.0,-2100097.25,4.483363151550293,197.28857421875,-0.000900413142517209,33338.90234375,1.2768239974975586
49400.0,0.0,0.0,-2100099.5,4.191771030426025,202.821533203125,-0.0002616576384752989,33358.82421875,1.2760615348815918
49500.0,0.0,0.0,-2100098.25,4.490870952606201,198.64794921875,-0.000406650360673666,33376.16015625,1.2753984928131104
49600.0,0.0,0.0,-2100100.25,3.988853693008423,200.4403076171875,0.00013803434558212757,33390.87890625,1.2748364210128784
49700.0,0.0,0.0,-2100099.5,4.509068489074707,197.80560302734375,-0.0009668461279943585,33403.625,1.2743498086929321
49800.0,0.0,0.0,-2100100.0,4.1034722328186035,198.17958068847656,5.614710971713066e-07,33413.51171875,1.2739728689193726
49900.0,0.0,0.0,-2100101.25,4.074615001678467,202.8180389404297,-0.0002167409984394908,33420.7890625,1.273695468902588
50000.0,0.0,0.0,-2100097.75,4.532520294189453,200.01119995117188,-0.00013843632768839598,33424.8046875,1.2735425233840942
50100.0,0.0,0.0,-2100097.75,4.46061897277832,204.22189331054688,-7.598369847983122e-05,33425.8515625,1.2735025882720947
50200.0,0.0,0.0,-2100096.25,4.072037220001221,201.4275665283203,-0.0008515488589182496,33424.9375,1.273537516593933
50300.0,0.0,0.0,-2100097.75,4.488362789154053,201.22723388671875,-0.00014764443039894104,33421.90625,1.2736529111862183
50400.0,0.0,0.0,-2100100.75,3.8589141368865967,200.9413299560547,-0.0005398221546784043,33416.390625,1.2738633155822754
50500.0,0.0,0.0,-2100101.0,4.888622760772705,197.062744140625,-9.876093827188015e-05,33407.37109375,1.2742069959640503
50600.0,0.0,0.0,-2100100.5,4.206153869628906,195.1538848876953,-0.00037039548624306917,33395.5078125,1.2746598720550537
50700.0,0.0,0.0,-2100100.5,4.189417839050293,197.5769500732422,-0.0006702777463942766,33381.21875,1.2752054929733276
50800.0,0.0,0.0,-2100098.25,4.317163944244385,197.2666473388672,0.0006903412286192179,33365.14453125,1.2758197784423828
50900.0,0.0,0.0,-2100099.25,4.224399566650391,202.7337646484375,-0.0009445722680538893,33347.17578125,1.2765071392059326
51000.0,0.0,0.0,-2100099.25,5.252588748931885,202.65371704101562,-0.0002384877298027277,33326.01953125,1.2773176431655884
51100.0,0.0,0.0,-2100098.75,4.685740947723389,199.58767700195312,-0.0008003072580322623,33302.51953125,1.2782187461853027
51200.0,0.0,0.0,-2100098.25,4.334062576293945,197.03346252441406,0.000825408729724586,33278.0234375,1.279159665107727
51300.0,0.0,0.0,-2100099.5,4.557496547698975,199.2137451171875,0.0001978201325982809,33253.89453125,1.2800878286361694
51400.0,0.0,0.0,-2100098.5,4.457382678985596,196.39649963378906,-0.00014483369886875153,33229.65625,1.2810218334197998
51500.0,0.0,0.0,-2100100.25,4.432723522186279,198.98452758789062,-0.0001714500831440091,33205.40234375,1.2819572687149048
51600.0,0.0,0.0,-2100101.75,4.052784442901611,200.68629455566406,-0.0004589873133227229,33181.390625,1.282884955406189
51700.0,0.0,0.0,-2100102.0,4.0948872566223145,198.6949005126953,0.0009213765151798725,33157.7734375,1.2837986946105957
51800.0,0.0,0.0,-2100101.5,4.4308342933654785,196.27120971679688,-0.0002844992559403181,33135.59765625,1.2846580743789673
51900.0,0.0,0.0,-2100101.0,4.714574337005615,197.29933166503906,0.0003865386825054884,33115.5,1.2854375839233398
52000.0,0.0,0.0,-2100100.75,3.955054759979248,202.55377197265625,-0.0006495778216049075,33097.6875,1.2861294746398926
52100.0,0.0,0.0,-2100097.75,4.488267421722412,199.96463012695312,0.000867395312525332,33082.0390625,1.2867380380630493
52200.0,0.0,0.0,-2100099.75,4.300394535064697,205.04193115234375,0.0011639667209237814,33069.640625,1.2872201204299927
52300.0,0.0,0.0,-2100099.0,4.914928913116455,201.97869873046875,0.0005959018599241972,33061.375,1.2875419855117798
52400.0,0.0,0.0,-2100100.5,4.613515377044678,201.21153259277344,-9.636138565838337e-05,33056.55859375,1.2877296209335327
52500.0,0.0,0.0,-2100101.75,4.075307369232178,197.593505859375,-0.000691618537530303,33054.55078125,1.287807822227478
52600.0,0.0,0.0,-2100102.75,5.7558088302612305,196.4122314453125,0.0010036586318165064,33055.20703125,1.2877821922302246
52700.0,0.0,0.0,-2100102.5,4.462128639221191,196.2085723876953,0.001180626335553825,33058.734375,1.2876449823379517
52800.0,0.0,0.0,-2100100.75,4.175708770751953,197.14505004882812,0.00032505160197615623,33065.1640625,1.2873945236206055
52900.0,0.0,0.0,-2100100.5,5.6127753257751465,201.27232360839844,-0.0002590488875284791,33073.92578125,1.2870533466339111
53000.0,0.0,0.0,-2100099.25,4.2661261558532715,200.17420959472656,8.773442823439837e-05,33084.69921875,1.2866344451904297
53100.0,0.0,0.0,-2100100.75,4.092605113983154,202.9922637939453,0.0010203723795711994,33098.59765625,1.2860939502716064
53200.0,0.0,0.0,-2100100.25,4.074253082275391,201.415283203125,0.0007085903780534863,33116.3046875,1.285406231880188
53300.0,0.0,0.0,-2100098.75,4.585489749908447,196.68626403808594,0.0003191509749740362,33136.5859375,1.284619688987732
53400.0,0.0,0.0,-2100100.0,4.257502555847168,198.9631805419922,-0.0005141521105542779,33158.671875,1.2837640047073364
53500.0,0.0,0.0,-2100100.5,4.763930320739746,199.5701904296875,-0.0004553168546408415,33181.375,1.2828856706619263
53600.0,0.0,0.0,-2100099.5,4.857947826385498,197.01821899414062,0.0009023413294926286,33204.39453125,1.2819963693618774
53700.0,0.0,0.0,-2100100.0,4.737514495849609,197.79330444335938,-7.226201705634594e-05,33228.03125,1.2810841798782349
53800.0,0.0,0.0,-2100099.5,3.93420672416687,197.50430297851562,0.00011716887820512056,33251.31640625,1.2801874876022339
53900.0,0.0,0.0,-2100097.75,4.237389087677002,196.63014221191406,-0.0006539430469274521,33274.5390625,1.2792936563491821
54000.0,0.0,0.0,-2100098.75,4.311014175415039,203.63571166992188,0.000217240653000772,33297.7578125,1.2784018516540527
54100.0,0.0,0.0,-2100097.75,5.58260440826416,203.78599548339844,-6.801181007176638e-05,33320.7109375,1.277521014213562
54200.0,0.0,0.0,-2100098.5,4.589100360870361,202.54966735839844,-0.0004208926111459732,33342.37890625,1.2766908407211304
54300.0,0.0,0.0,-2100100.25,4.51005744934082,199.8729705810547,-0.00019995635375380516,33361.97265625,1.2759408950805664
54400.0,0.0,0.0,-2100100.75,4.789055824279785,196.17518615722656,-0.0002944392617791891,33378.7421875,1.275300145149231
54500.0,0.0,0.0,-2100102.25,4.595090866088867,199.1208953857422,-0.00017182319425046444,33392.5078125,1.2747743129730225
54600.0,0.0,0.0,-2100099.5,4.505106449127197,196.589599609375,-0.0007853924762457609,33403.7890625,1.2743438482284546
54700.0,0.0,0.0,-2100100.25,4.682531833648682,201.09458923339844,5.102809518575668e-05,33411.93359375,1.2740329504013062
54800.0,0.0,0.0,-2100099.75,5.131500720977783,201.15838623046875,-0.00011581543367356062,33417.03515625,1.273838758468628
54900.0,0.0,0.0,-2100099.25,4.098707675933838,200.8770751953125,-9.575998410582542e-05,33419.40625,1.2737483978271484
55000.0,0.0,0.0,-2100099.75,4.2084856033325195,201.76466369628906,-0.000766277895309031,33418.9453125,1.2737656831741333
55100.0,0.0,0.0,-2100100.0,4.269590854644775,202.45440673828125,-0.00013717706315219402,33416.57421875,1.2738564014434814
55200.0,0.0,0.0,-2100102.25,4.607298851013184,205.7904815673828,-0.00034534092992544174,33411.33203125,1.2740561962127686
55300.0,0.0,0.0,-2100100.25,4.259726524353027,199.2745819091797,-0.00022672000341117382,33402.11328125,1.2744077444076538
55400.0,0.0,0.0,-2100100.25,4.6827521324157715,196.2572784423828,-0.00035736593417823315,33389.56640625,1.2748867273330688
55500.0,0.0,0.0,-2100100.0,4.637977123260498,192.6752166748047,-0.0006130485562607646,33374.48828125,1.2754625082015991
55600.0,0.0,0.0,-2100101.5,4.761301517486572,194.93276977539062,-0.00039416318759322166,33357.1015625,1.2761273384094238
55700.0,0.0,0.0,-2100101.0,4.4278669357299805,197.31121826171875,-0.0007043228251859546,33336.70703125,1.2769079208374023
55800.0,0.0,0.0,-2100100.25,4.692225456237793,202.32872009277344,0.00036238611210137606,33313.85546875,1.2777838706970215
55900.0,0.0,0.0,-2100099.25,4.202066421508789,204.27767944335938,-7.073418237268925e-05,33289.19140625,1.2787306308746338
56000.0,0.0,0.0,-2100100.0,4.54168176651001,205.48692321777344,-0.00023985852021723986,33263.015625,1.279736876487732
56100.0,0.0,0.0,-2100099.5,4.14656400680542,201.5071563720703,-0.00044122396502643824,33236.3046875,1.2807655334472656
56200.0,0.0,0.0,-2100099.25,4.627209186553955,197.57009887695312,-0.0001718082930892706,33210.44140625,1.2817630767822266
56300.0,0.0,0.0,-2100101.5,4.237693786621094,199.3361358642578,0.0003348700702190399,33184.69140625,1.2827575206756592
56400.0,0.0,0.0,-2100099.25,4.135067939758301,192.70899963378906,0.0006414077943190932,33159.24609375,1.2837417125701904
56500.0,0.0,0.0,-2100103.75,4.178205966949463,201.95895385742188,-8.464325219392776e-05,33134.05078125,1.2847177982330322
56600.0,0.0,0.0,-2100098.25,4.129205703735352,190.30560302734375,-0.00033385714050382376,33109.08984375,1.2856866121292114
56700.0,0.0,0.0,-2100100.25,4.208133220672607,199.2556915283203,-0.00035594054497778416,33086.0078125,1.286583423614502
56800.0,0.0,0.0,-2100097.25,4.757735729217529,199.35585021972656,0.0006328216986730695,33065.921875,1.2873648405075073
56900.0,0.0,0.0,-2100098.5,5.137620449066162,204.49342346191406,0.0006958476733416319,33048.43359375,1.28804612159729
57000.0,0.0,0.0,-2100098.0,4.586994647979736,201.34695434570312,0.0008374404860660434,33033.78515625,1.2886173725128174
57100.0,0.0,0.0,-2100099.5,4.538261890411377,199.35968017578125,6.900704465806484e-05,33022.9921875,1.2890384197235107
57200.0,0.0,0.0,-2100102.0,4.949304103851318,199.49526977539062,-9.582831989973783e-05,33015.64453125,1.2893257141113281
57300.0,0.0,0.0,-2100102.25,3.9548771381378174,197.99205017089844,0.0003769418690353632,33010.9453125,1.2895089387893677
57400.0,0.0,0.0,-2100101.5,5.279736042022705,197.8744354248047,0.0004902406362816691,33009.453125,1.2895671129226685
57500.0,0.0,0.0,-2100101.5,4.369448184967041,201.1014862060547,0.0011751065030694008,33011.52734375,1.2894861698150635
57600.0,0.0,0.0,-2100100.5,4.8650689125061035,200.78506469726562,0.00021366507280617952,33016.7578125,1.2892817258834839
57700.0,0.0,0.0,-2100099.0,4.501441955566406,197.85055541992188,0.0001840450568124652,33025.15234375,1.2889541387557983
57800.0,0.0,0.0,-2100100.25,4.864175796508789,200.03465270996094,-0.0004940939834341407,33036.71875,1.2885031700134277
57900.0,0.0,0.0,-2100099.0,4.744504928588867,197.49264526367188,0.001043844036757946,33051.34375,1.2879328727722168
58000.0,0.0,0.0,-2100099.25,4.603694438934326,198.5194854736328,0.0008599939756095409,33069.671875,1.2872191667556763
58100.0,0.0,0.0,-2100099.25,4.770378112792969,199.50701904296875,0.0009044721373356879,33091.2734375,1.2863787412643433
58200.0,0.0,0.0,-2100101.0,4.218069076538086,203.50418090820312,-0.00027962157037109137,33115.01953125,1.2854564189910889
58300.0,0.0,0.0,-2100101.0,4.878462314605713,202.1363983154297,-0.0008601547451689839,33140.22265625,1.284478783607483
58400.0,0.0,0.0,-2100101.5,4.050593376159668,201.47811889648438,0.0005270631518214941,33166.9765625,1.2834426164627075
58500.0,0.0,0.0,-2100103.5,3.9547014236450195,201.80455017089844,0.0002095503732562065,33194.96484375,1.282360553741455
58600.0,0.0,0.0,-2100103.5,4.275660514831543,195.50628662109375,0.001253877067938447,33223.02734375,1.2812772989273071
58700.0,0.0,0.0,-2100104.25,4.0805134773254395,194.30172729492188,-0.000776051776483655,33250.7265625,1.2802101373672485
58800.0,0.0,0.0,-2100100.5,5.188346862792969,190.8741455078125,-0.000511924154125154,33276.984375,1.2791996002197266
58900.0,0.0,0.0,-2100099.0,4.643697738647461,196.151123046875,-0.000712502165697515,33301.69140625,1.2782505750656128
59000.0,0.0,0.0,-2100098.25,4.127101898193359,198.95556640625,0.0003334942739456892,33325.1796875,1.277349829673767
59100.0,0.0,0.0,-2100099.5,4.310147285461426,203.1390838623047,0.0010544391116127372,33347.15234375,1.2765083312988281
59200.0,0.0,0.0,-2100099.0,4.591812610626221,201.3364715576172,-0.00040728889871388674,33366.890625,1.275753140449524
59300.0,0.0,0.0,-2100099.75,4.407973289489746,199.9750213623047,-0.0009273937903344631,33384.11328125,1.275094747543335
59400.0,0.0,0.0,-2100100.5,4.475361347198486,198.2981414794922,-0.0018971259705722332,33399.23828125,1.2745174169540405
59500.0,0.0,0.0,-2100099.5,4.511361122131348,195.29591369628906,0.0006948217051103711,33412.13671875,1.274025321006775
59600.0,0.0,0.0,-2100100.5,4.525816440582275,200.1797637939453,0.0005372301675379276,33422.484375,1.2736310958862305
59700.0,0.0,0.0,-2100096.5,4.4942121505737305,197.7859649658203,8.132739458233118e-05,33429.1640625,1.2733763456344604
59800.0,0.0,0.0,-2100098.75,4.9513115882873535,209.11279296875,-0.0014051696052774787,33432.875,1.2732350826263428
59900.0,0.0,0.0,-2100095.75,4.130616188049316,202.63442993164062,-0.001381983165629208,33433.44140625,1.2732136249542236
60000.0,0.0,0.0,-2100099.5,4.991794109344482,204.9043731689453,0.00041333120316267014,33430.75390625,1.2733160257339478
60100.0,0.0,0.0,-2100097.75,5.114701271057129,195.11082458496094,0.0005375125911086798,33424.921875,1.2735381126403809
60200.0,0.0,0.0,-2100101.0,4.251311779022217,200.18275451660156,-1.1806259863078594e-05,33416.0234375,1.2738771438598633
60300.0,0.0,0.0,-2100098.75,4.523036956787109,195.7141571044922,-0.001520591089501977,33404.1875,1.2743284702301025
60400.0,0.0,0.0,-2100100.0,4.084539890289307,199.36770629882812,-0.0009048325009644032,33389.1796875,1.274901270866394
60500.0,0.0,0.0,-2100100.25,4.5209527015686035,200.5194854736328,-7.910735439509153e-05,33371.109375,1.2755916118621826
60600.0,0.0,0.0,-2100098.5,4.540838241577148,197.60421752929688,0.0003248682478442788,33350.296875,1.2763875722885132
60700.0,0.0,0.0,-2100098.75,4.460991859436035,199.35467529296875,0.0001423677895218134,33327.6015625,1.2772568464279175
60800.0,0.0,0.0,-2100097.75,4.341745853424072,199.47348022460938,-0.0010473442962393165,33303.6875,1.2781741619110107
60900.0,0.0,0.0,-2100099.5,4.345771789550781,205.93084716796875,-0.0006546766962856054,33278.45703125,1.27914297580719
61000.0,0.0,0.0,-2100097.75,3.915947198867798,202.6645965576172,-0.00010333908721804619,33252.51953125,1.2801411151885986
61100.0,0.0,0.0,-2100101.0,4.57871150970459,205.6013641357422,0.0007184192072600126,33226.6796875,1.2811365127563477
61200.0,0.0,0.0,-2100101.0,4.977919578552246,198.85598754882812,0.0007936169859021902,33201.1171875,1.2821227312088013
61300.0,0.0,0.0,-2100101.25,4.590490341186523,195.2949676513672,-0.00046022702008485794,33176.28125,1.2830824851989746
61400.0,0.0,0.0,-2100102.5,4.906890869140625,198.24356079101562,-0.00035492703318595886,33152.22265625,1.2840138673782349
61500.0,0.0,0.0,-2100099.25,4.269692420959473,194.10604858398438,-0.0005381889641284943,33129.01953125,1.2849133014678955
61600.0,0.0,0.0,-2100100.0,4.15553617477417,200.7814483642578,0.0012968494556844234,33107.38671875,1.285752534866333
61700.0,0.0,0.0,-2100098.0,4.5897417068481445,199.65545654296875,0.0006608208641409874,33087.4609375,1.286527156829834
61800.0,0.0,0.0,-2100100.5,4.652092456817627,204.07818603515625,0.0005572362570092082,33069.05078125,1.287243127822876
61900.0,0.0,0.0,-2100098.25,5.160789489746094,197.3982391357422,-0.0011052326299250126,33053.83203125,1.287835717201233
62000.0,0.0,0.0,-2100101.25,4.059865474700928,202.46241760253906,-0.0003112147096544504,33041.92578125,1.288299798965454
62100.0,0.0,0.0,-2100100.25,3.8927266597747803,199.92730712890625,0.001918230322189629,33033.81640625,1.2886162996292114
62200.0,0.0,0.0,-2100101.0,4.422745227813721,201.20272827148438,0.0009113874984905124,33029.70703125,1.2887765169143677
62300.0,0.0,0.0,-2100101.5,4.1583991050720215,201.6761474609375,0.0008035417413339019,33029.37890625,1.2887895107269287
62400.0,0.0,0.0,-2100099.75,4.035849094390869,197.8973388671875,-0.0015552560798823833,33032.8828125,1.2886525392532349
62500.0,0.0,0.0,-2100101.25,4.1200103759765625,201.29823303222656,0.0007042289944365621,33038.78515625,1.2884225845336914
62600.0,0.0,0.0,-2100100.75,5.155400276184082,199.26622009277344,0.001161499647423625,33047.24609375,1.2880924940109253
62700.0,0.0,0.0,-2100100.75,5.024800777435303,199.72442626953125,0.0008613545214757323,33059.05859375,1.2876324653625488
62800.0,0.0,0.0,-2100099.75,4.429684638977051,199.97596740722656,-3.726046998053789e-05,33074.5234375,1.2870301008224487
62900.0,0.0,0.0,-2100100.0,4.453509330749512,204.14010620117188,-0.0011218629078939557,33092.74609375,1.2863214015960693
63000.0,0.0,0.0,-2100100.0,4.764928340911865,206.04774475097656,0.0011073106434196234,33112.80859375,1.2855420112609863
63100.0,0.0,0.0,-2100100.75,4.558616638183594,206.2520294189453,5.9188343584537506e-05,33135.3046875,1.2846695184707642
63200.0,0.0,0.0,-2100099.5,4.700704574584961,198.02838134765625,0.0011966039892286062,33159.625,1.2837270498275757
63300.0,0.0,0.0,-2100100.25,4.657395362854004,195.02037048339844,-0.0005709402030333877,33186.296875,1.2826955318450928
63400.0,0.0,0.0,-2100101.5,4.518200874328613,196.57302856445312,-0.0003720687236636877,33213.7265625,1.2816359996795654
63500.0,0.0,0.0,-2100102.0,4.1335554122924805,199.26353454589844,0.00023559643886983395,33240.28515625,1.2806118726730347
63600.0,0.0,0.0,-2100101.75,4.327734470367432,203.71397399902344,-0.0007244300795719028,33265.3828125,1.2796458005905151
63700.0,0.0,0.0,-2100098.5,4.005927562713623,202.86972045898438,0.0006689963629469275,33288.77734375,1.278746485710144
63800.0,0.0,0.0,-2100097.0,4.042263031005859,205.4906463623047,-0.0009369653416797519,33312.1171875,1.2778505086898804
63900.0,0.0,0.0,-2100096.75,4.8374552726745605,207.41700744628906,0.0006994784343987703,33335.34375,1.2769602537155151
64000.0,0.0,0.0,-2100097.0,4.782994747161865,202.7703857421875,-0.0003871994558721781,33358.47265625,1.2760751247406006
64100.0,0.0,0.0,-2100100.25,4.636970520019531,197.7916717529297,-0.0003321863478049636,33380.48046875,1.2752336263656616
64200.0,0.0,0.0,-2100102.0,4.18057918548584,198.13832092285156,-0.0002872950863093138,33400.16015625,1.2744823694229126
64300.0,0.0,0.0,-2100102.75,5.173382759094238,200.12985229492188,-0.0006880476139485836,33416.74609375,1.2738494873046875
64400.0,0.0,0.0,-2100100.25,4.37651252746582,198.06793212890625,0.00021274317987263203,33430.1953125,1.2733373641967773
64500.0,0.0,0.0,-2100099.5,4.433321952819824,201.8802947998047,-0.001266778795979917,33440.81640625,1.272932767868042
64600.0,0.0,0.0,-2100098.25,4.7116875648498535,202.6944122314453,0.000246681971475482,33448.11328125,1.2726550102233887
64700.0,0.0,0.0,-2100099.25,4.718949794769287,205.12637329101562,0.00016454048454761505,33452.49609375,1.2724885940551758
64800.0,0.0,0.0,-2100097.5,4.117791652679443,199.1879119873047,-4.000274930149317e-05,33454.56640625,1.2724096775054932
64900.0,0.0,0.0,-2100100.5,4.465379238128662,201.28012084960938,-0.0008148973574861884,33454.4453125,1.2724143266677856
65000.0,0.0,0.0,-2100100.25,4.559554100036621,195.8749542236328,-0.001310658873990178,33451.44140625,1.2725284099578857
65100.0,0.0,0.0,-2100102.0,4.678269863128662,196.60870361328125,0.0005063465796411037,33444.82421875,1.2727800607681274
65200.0,0.0,0.0,-2100102.0,4.194996356964111,197.18972778320312,-0.00018592644482851028,33434.8671875,1.273159146308899
65300.0,0.0,0.0,-2100097.75,4.0837483406066895,195.52000427246094,0.0002662407932803035,33421.33203125,1.2736750841140747
65400.0,0.0,0.0,-2100098.5,4.211042404174805,206.65597534179688,-0.0015444487798959017,33405.421875,1.274281620979309
65500.0,0.0,0.0,-2100096.5,4.517074108123779,203.75479125976562,-0.00018375017680227757,33387.7109375,1.274957299232483
65600.0,0.0,0.0,-2100099.25,4.543601036071777,206.07937622070312,0.0005980669520795345,33368.6640625,1.2756850719451904
65700.0,0.0,0.0,-2100099.25,4.1309709548950195,200.5736083984375,0.0003642980009317398,33348.6484375,1.2764508724212646
65800.0,0.0,0.0,-2100100.5,4.174222469329834,199.09207153320312,0.00024358904920518398,33327.69921875,1.2772530317306519
65900.0,0.0,0.0,-2100100.5,4.818799018859863,196.84396362304688,-0.0016596124041825533,33305.80078125,1.2780930995941162
66000.0,0.0,0.0,-2100100.75,3.9970555305480957,196.87005615234375,0.00032070872839540243,33282.19921875,1.2789992094039917
66100.0,0.0,0.0,-2100101.0,4.080801486968994,200.52664184570312,1.2633390724658966e-05,33258.98828125,1.279892086982727
66200.0,0.0,0.0,-2100099.75,4.297176837921143,203.14625549316406,0.0009132626000791788,33235.77734375,1.2807857990264893
66300.0,0.0,0.0,-2100097.5,4.3483099937438965,201.4462127685547,0.00014166045002639294,33212.52734375,1.2816823720932007
66400.0,0.0,0.0,-2100097.5,4.053905963897705,202.0308074951172,-0.0006356375524774194,33190.4609375,1.2825344800949097
66500.0,0.0,0.0,-2100100.5,4.598369121551514,202.49615478515625,0.00040341285057365894,33169.5234375,1.2833439111709595
66600.0,0.0,0.0,-2100101.0,4.045156955718994,192.55809020996094,2.0603532902896404e-05,33149.7734375,1.2841088771820068
66700.0,0.0,0.0,-2100102.75,4.891775131225586,194.9094696044922,0.0007050321437418461,33131.6796875,1.2848100662231445
66800.0,0.0,0.0,-2100100.5,4.421566963195801,193.71641540527344,-0.0002944730222225189,33115.5546875,1.285435676574707
66900.0,0.0,0.0,-2100101.5,4.670913219451904,202.50418090820312,0.0006929148221388459,33101.4375,1.285983681678772
67000.0,0.0,0.0,-2100099.0,5.1712822914123535,200.98626708984375,8.013332262635231e-05,33089.87890625,1.2864328622817993
67100.0,0.0,0.0,-2100099.75,4.675128936767578,204.06515502929688,-0.00011746329255402088,33081.23046875,1.2867692708969116
67200.0,0.0,0.0,-2100098.75,4.880197525024414,199.49635314941406,0.0007537788478657603,33074.71875,1.287022590637207
67300.0,0.0,0.0,-2100099.75,4.137370586395264,197.88653564453125,7.037888281047344e-05,33070.86328125,1.287172555923462
67400.0,0.0,0.0,-2100102.5,4.971773624420166,201.16831970214844,0.001075575826689601,33069.76171875,1.2872154712677002
67500.0,0.0,0.0,-2100101.25,4.130077838897705,196.3719940185547,-0.0004143437836319208,33071.59375,1.2871441841125488
67600.0,0.0,0.0,-2100101.75,4.344490051269531,198.06407165527344,0.0007039228221401572,33075.875,1.2869776487350464
67700.0,0.0,0.0,-2100100.25,4.464643955230713,199.8753204345703,-0.0003204889362677932,33082.38671875,1.286724328994751
67800.0,0.0,0.0,-2100099.75,4.319526672363281,206.0491485595703,0.00042264966759830713,33091.03125,1.2863883972167969
67900.0,0.0,0.0,-2100097.0,4.144099235534668,204.07936096191406,0.0008122017607092857,33102.71484375,1.2859340906143188
68000.0,0.0,0.0,-2100099.5,4.9547834396362305,207.43675231933594,-0.0002669895766302943,33117.41796875,1.2853630781173706
68100.0,0.0,0.0,-2100099.25,4.640277862548828,200.09170532226562,0.0008689824026077986,33133.546875,1.2847373485565186
68200.0,0.0,0.0,-2100100.5,4.0724945068359375,197.73004150390625,-0.0006512479158118367,33150.98046875,1.2840619087219238
68300.0,0.0,0.0,-2100100.0,4.7011027336120605,195.78335571289062,0.0004093382740393281,33169.3828125,1.283349633216858
68400.0,0.0,0.0,-2100101.75,4.381524562835693,200.97462463378906,3.239745274186134e-05,33189.5390625,1.2825701236724854
68500.0,0.0,0.0,-2100100.5,4.201781749725342,200.60304260253906,0.0006515650311484933,33210.61328125,1.2817564010620117
68600.0,0.0,0.0,-2100100.5,4.730565071105957,202.5277099609375,-5.464325658977032e-05,33231.68359375,1.2809436321258545
68700.0,0.0,0.0,-2100100.25,3.8842084407806396,202.3885955810547,-0.0010782725876197219,33252.05859375,1.2801586389541626
68800.0,0.0,0.0,-2100098.0,4.532861709594727,197.0300750732422,0.0003160786582157016,33271.5703125,1.2794080972671509
68900.0,0.0,0.0,-2100100.0,4.572093963623047,200.0185546875,-0.00011062610428780317,33291.9765625,1.2786238193511963
69000.0,0.0,0.0,-2100099.25,4.361819744110107,197.0767364501953,0.0004374476848170161,33311.984375,1.2778557538986206
69100.0,0.0,0.0,-2100101.5,4.025532245635986,200.1138153076172,-0.0007295676041394472,33329.9296875,1.277167558670044
69200.0,0.0,0.0,-2100100.25,4.481837749481201,197.36001586914062,-0.0002780444920063019,33345.44140625,1.2765735387802124
69300.0,0.0,0.0,-2100101.5,4.518093585968018,201.31610107421875,-0.00024732062593102455,33358.91015625,1.276058316230774
69400.0,0.0,0.0,-2100098.75,4.3397650718688965,197.6820831298828,-0.00011977145913988352,33369.90625,1.2756376266479492
69500.0,0.0,0.0,-2100100.0,4.826058387756348,204.05039978027344,1.8690829165279865e-05,33378.96484375,1.2752915620803833
69600.0,0.0,0.0,-2100097.75,4.6199951171875,201.8278350830078,-0.0011389768915250897,33385.671875,1.2750351428985596
69700.0,0.0,0.0,-2100097.75,4.40024995803833,201.9546661376953,0.00012020906433463097,33389.23046875,1.2748993635177612
69800.0,0.0,0.0,-2100097.5,5.113531112670898,198.1360321044922,-0.0003039219882339239,33391.296875,1.2748204469680786
69900.0,0.0,0.0,-2100100.5,4.042760848999023,198.97293090820312,0.0002956707030534744,33391.3515625,1.2748183012008667
70000.0,0.0,0.0,-2100102.5,4.056211471557617,197.72146606445312,-0.00016129727009683847,33388.73828125,1.2749183177947998
70100.0,0.0,0.0,-2100102.5,4.179126262664795,196.4051513671875,-0.001057534129358828,33382.66796875,1.275149941444397
70200.0,0.0,0.0,-2100100.5,4.731086730957031,196.052001953125,-6.20642676949501e-05,33373.33984375,1.2755063772201538
70300.0,0.0,0.0,-2100100.75,4.5956130027771,202.44459533691406,-0.000690451473928988,33361.796875,1.2759478092193604
70400.0,0.0,0.0,-2100099.25,4.752919673919678,202.4577178955078,0.0001426370581611991,33348.0625,1.276473045349121
70500.0,0.0,0.0,-2100099.75,4.791012763977051,203.99441528320312,-0.0005834068870171905,33333.04296875,1.2770485877990723
70600.0,0.0,0.0,-2100097.5,4.29739236831665,198.36724853515625,0.00027195713482797146,33317.12109375,1.2776585817337036
70700.0,0.0,0.0,-2100098.5,5.421719551086426,199.74757385253906,0.00018491444643586874,33300.859375,1.2782825231552124
70800.0,0.0,0.0,-2100099.5,4.259651184082031,200.84214782714844,-0.00042017921805381775,33283.98828125,1.2789306640625
70900.0,0.0,0.0,-2100099.25,4.788982391357422,197.6974334716797,3.7979334592819214e-06,33265.734375,1.2796324491500854
71000.0,0.0,0.0,-2100100.25,4.166110515594482,196.97035217285156,-0.0007578742224723101,33247.07421875,1.280350685119629
71100.0,0.0,0.0,-2100102.5,4.703611850738525,198.80831909179688,0.0009228195413015783,33227.61328125,1.2811003923416138
71200.0,0.0,0.0,-2100101.75,3.998508930206299,195.97515869140625,0.00034409319050610065,33208.30078125,1.2818454504013062
71300.0,0.0,0.0,-2100101.25,4.744583606719971,198.44586181640625,1.252919901162386e-05,33189.76953125,1.282561182975769
71400.0,0.0,0.0,-2100100.0,4.094449520111084,203.79568481445312,-0.001680093235336244,33171.9296875,1.2832508087158203
71500.0,0.0,0.0,-2100098.0,4.215270042419434,203.04727172851562,0.00010297144763171673,33154.28515625,1.2839337587356567
71600.0,0.0,0.0,-2100099.25,4.980495929718018,205.01817321777344,0.0020379654597491026,33138.15234375,1.2845590114593506
71700.0,0.0,0.0,-2100098.5,4.21124792098999,200.03802490234375,0.0011926675215363503,33124.85546875,1.2850744724273682
71800.0,0.0,0.0,-2100100.25,4.698855876922607,198.2274627685547,-0.0003720322856679559,33113.875,1.2855007648468018
71900.0,0.0,0.0,-2100100.5,4.791110515594482,195.1031036376953,-0.0017437238711863756,33104.91015625,1.2858489751815796
72000.0,0.0,0.0,-2100103.0,4.212782382965088,200.06588745117188,0.00045780849177390337,33097.32421875,1.2861436605453491
72100.0,0.0,0.0,-2100102.25,4.573339939117432,200.28675842285156,0.001183787127956748,33091.15625,1.2863832712173462
72200.0,0.0,0.0,-2100099.0,5.354788303375244,196.7049560546875,0.0008209840161725879,33086.68359375,1.2865570783615112
72300.0,0.0,0.0,-2100099.0,4.459364414215088,202.21910095214844,0.0002370835281908512,33084.6796875,1.2866350412368774
72400.0,0.0,0.0,-2100097.75,4.193050861358643,208.058349609375,-0.0006508899386972189,33086.0078125,1.2865835428237915
72500.0,0.0,0.0,-2100097.0,4.235179424285889,214.05996704101562,0.0007324005709961057,33090.171875,1.2864214181900024
72600.0,0.0,0.0,-2100096.75,4.698230743408203,210.6521453857422,0.00037695118226110935,33097.04296875,1.2861547470092773
72700.0,0.0,0.0,-2100097.0,4.821197032928467,200.85662841796875,0.001234371797181666,33106.6796875,1.2857799530029297
72800.0,0.0,0.0,-2100098.75,4.498287677764893,200.54092407226562,0.00015084713231772184,33119.1953125,1.2852941751480103
72900.0,0.0,0.0,-2100100.0,4.017200469970703,200.29380798339844,-0.0005571356741711497,33133.6015625,1.2847354412078857
73000.0,0.0,0.0,-2100101.25,4.896017551422119,198.3597869873047,-5.126628093421459e-05,33148.515625,1.2841572761535645
73100.0,0.0,0.0,-2100101.25,5.200890064239502,195.70982360839844,-0.00025287410244345665,33164.11328125,1.2835532426834106
73200.0,0.0,0.0,-2100101.5,4.057528495788574,196.4105224609375,0.000983304693363607,33180.40234375,1.2829233407974243
73300.0,0.0,0.0,-2100099.5,4.317065238952637,196.2747344970703,-0.00015703542158007622,33197.94921875,1.28224515914917
73400.0,0.0,0.0,-2100099.5,4.2820658683776855,202.09158325195312,0.00028438481967896223,33215.93359375,1.2815507650375366
73500.0,0.0,0.0,-2100097.5,4.546340465545654,201.19622802734375,-0.0010549676371738315,33234.15234375,1.2808483839035034
73600.0,0.0,0.0,-2100100.0,4.605343341827393,205.7611541748047,-2.6446767151355743e-05,33251.9609375,1.2801623344421387
73700.0,0.0,0.0,-2100100.5,4.02949857711792,202.4186553955078,0.000747128389775753,33269.08984375,1.279503583908081
73800.0,0.0,0.0,-2100100.5,4.1050028800964355,197.67430114746094,0.000130351516418159,33285.47265625,1.2788734436035156
73900.0,0.0,0.0,-2100099.75,4.089580059051514,194.0947265625,2.646469511091709e-06,33301.30078125,1.2782657146453857
74000.0,0.0,0.0,-2100100.25,4.23037576675415,196.5343017578125,-0.0018963952315971255,33316.19921875,1.2776941061019897
74100.0,0.0,0.0,-2100100.25,4.159958362579346,200.2587890625,0.00055854138918221,33329.453125,1.2771859169006348
74200.0,0.0,0.0,-2100098.75,5.428255558013916,199.60443115234375,2.8332346118986607e-05,33341.296875,1.2767322063446045
74300.0,0.0,0.0,-2100099.5,4.647809028625488,201.1653594970703,-5.1356619223952293e-05,33350.8828125,1.2763653993606567
74400.0,0.0,0.0,-2100097.25,4.296578407287598,196.25811767578125,-0.000735391047783196,33358.25,1.2760835886001587
74500.0,0.0,0.0,-2100100.0,4.96561861038208,202.09811401367188,-0.0005642640171572566,33363.8828125,1.2758678197860718
74600.0,0.0,0.0,-2100100.25,4.4865875244140625,201.50613403320312,0.0006632049335166812,33367.08984375,1.2757453918457031
74700.0,0.0,0.0,-2100099.25,4.262699127197266,198.5339813232422,-0.0003824845189228654,33368.78515625,1.275680661201477
74800.0,0.0,0.0,-2100100.0,4.359807014465332,199.9735565185547,-0.00045084068551659584,33369.265625,1.2756623029708862
74900.0,0.0,0.0,-2100099.75,4.731573581695557,197.9789276123047,-0.0006010551005601883,33366.98046875,1.2757495641708374
75000.0,0.0,0.0,-2100101.0,4.4985527992248535,198.27513122558594,0.00011979939881712198,33361.59375,1.2759555578231812
75100.0,0.0,0.0,-2100102.0,4.443449974060059,199.61094665527344,-0.0008633882971480489,33354.09375,1.2762424945831299
75200.0,0.0,0.0,-2100099.75,4.108508586883545,197.52052307128906,-5.902873817831278e-05,33345.109375,1.2765861749649048
75300.0,0.0,0.0,-2100098.0,4.538258075714111,200.30203247070312,0.0007520702201873064,33335.47265625,1.276955246925354
75400.0,0.0,0.0,-2100098.75,4.431331157684326,206.0861053466797,1.617148518562317e-05,33324.53515625,1.2773743867874146
75500.0,0.0,0.0,-2100097.75,4.308006763458252,202.99497985839844,-8.888717275112867e-05,33311.44921875,1.277876377105713
75600.0,0.0,0.0,-2100099.0,4.307470798492432,201.0867919921875,-0.0010245356243103743,33297.6171875,1.2784072160720825
75700.0,0.0,0.0,-2100099.75,4.375593662261963,197.72396850585938,0.0001448452239856124,33283.46484375,1.2789506912231445
75800.0,0.0,0.0,-2100101.25,4.478631019592285,198.32040405273438,0.0003906507045030594,33268.75,1.2795164585113525
75900.0,0.0,0.0,-2100101.25,4.613664150238037,198.04832458496094,0.0004724987084046006,33253.2890625,1.2801114320755005
76000.0,0.0,0.0,-2100102.0,4.510903835296631,201.28855895996094,-0.00016344874165952206,33237.42578125,1.2807223796844482
76100.0,0.0,0.0,-2100100.5,4.676454067230225,199.34423828125,-0.0006758735980838537,33220.5546875,1.2813729047775269
76200.0,0.0,0.0,-2100100.75,4.3541035652160645,200.8491668701172,-0.0001248848857358098,33203.46484375,1.2820320129394531
76300.0,0.0,0.0,-2100100.25,3.874321222305298,200.97451782226562,-0.00020337954629212618,33186.85546875,1.282673716545105
76400.0,0.0,0.0,-2100100.25,4.325855731964111,201.2174072265625,0.0007665945449844003,33170.30078125,1.2833142280578613
76500.0,0.0,0.0,-2100099.25,4.121750831604004,199.05523681640625,0.0003235944313928485,33154.609375,1.283921480178833
76600.0,0.0,0.0,-2100100.25,4.67391300201416,200.837646484375,0.00028988055419176817,33139.72265625,1.2844980955123901
76700.0,0.0,0.0,-2100099.25,4.62862491607666,197.83645629882812,-0.0005057534435763955,33125.69921875,1.2850419282913208
76800.0,0.0,0.0,-2100099.5,4.190278053283691,196.2781982421875,-0.0003937302390113473,33113.15625,1.2855287790298462
76900.0,0.0,0.0,-2100101.25,4.113183975219727,196.57757568359375,0.0009960446041077375,33102.546875,1.2859406471252441
77000.0,0.0,0.0,-2100101.5,4.229277610778809,194.84715270996094,0.0008668325608596206,33093.31640625,1.286299228668213
77100.0,0.0,0.0,-2100103.25,4.216461658477783,199.52017211914062,0.0010485626989975572,33085.40625,1.2866065502166748
77200.0,0.0,0.0,-2100100.25,4.283902645111084,197.70538330078125,-0.0020289593376219273,33079.4921875,1.2868369817733765
77300.0,0.0,0.0,-2100100.75,4.236950874328613,205.08067321777344,-0.00019454013090580702,33074.890625,1.2870159149169922
77400.0,0.0,0.0,-2100097.5,4.232264995574951,200.9600067138672,0.0014513994101434946,33072.56640625,1.2871062755584717
77500.0,0.0,0.0,-2100098.25,4.823182582855225,202.66287231445312,0.0020492461044341326,33073.91796875,1.2870535850524902
77600.0,0.0,0.0,-2100099.75,5.009592533111572,202.72811889648438,-1.1851429007947445e-05,33078.703125,1.2868674993515015
77700.0,0.0,0.0,-2100100.5,4.547847747802734,198.32968139648438,-0.0015958665171638131,33085.65234375,1.2865971326828003
77800.0,0.0,0.0,-2100102.25,4.476360321044922,196.60255432128906,-5.897018127143383e-05,33094.2421875,1.2862632274627686
77900.0,0.0,0.0,-2100101.5,5.3404741287231445,194.23260498046875,0.0001658295514062047,33104.37109375,1.285869836807251
78000.0,0.0,0.0,-2100101.75,4.647143363952637,197.1566162109375,0.001499560079537332,33115.91015625,1.28542160987854
78100.0,0.0,0.0,-2100100.25,4.117122173309326,196.722900390625,-8.395244367420673e-05,33128.77734375,1.2849223613739014
78200.0,0.0,0.0,-2100100.5,4.409259796142578,199.16311645507812,-0.00026913429610431194,33142.453125,1.284392237663269
78300.0,0.0,0.0,-2100099.0,4.170112609863281,198.01783752441406,-0.0009009996429085732,33157.03515625,1.2838274240493774
78400.0,0.0,0.0,-2100099.75,5.599968910217285,202.0013427734375,1.286377664655447e-05,33172.10546875,1.2832441329956055
78500.0,0.0,0.0,-2100099.5,4.416312217712402,202.5323028564453,0.0014010348822921515,33187.859375,1.282634973526001
78600.0,0.0,0.0,-2100099.0,4.505649089813232,201.57098388671875,0.0001894243760034442,33204.55078125,1.2819904088974
78700.0,0.0,0.0,-2100100.5,4.079634189605713,202.1500701904297,-2.067664172500372e-05,33221.23828125,1.2813462018966675
78800.0,0.0,0.0,-2100099.5,4.538527011871338,194.39010620117188,-0.0012074412079527974,33237.48046875,1.2807201147079468
78900.0,0.0,0.0,-2100103.0,3.8628129959106445,197.30718994140625,-0.0004709314089268446,33253.20703125,1.2801144123077393
79000.0,0.0,0.0,-2100103.0,4.142465591430664,197.72923278808594,0.0002641676692292094,33267.85546875,1.2795507907867432
79100.0,0.0,0.0,-2100102.5,3.9782636165618896,200.7174072265625,0.0007193773053586483,33280.19921875,1.2790764570236206
79200.0,0.0,0.0,-2100099.75,4.323871612548828,201.11050415039062,0.0006642254302278161,33290.4453125,1.2786823511123657
79300.0,0.0,0.0,-2100098.25,4.138610363006592,203.55032348632812,-0.0013908945256844163,33300.5625,1.2782942056655884
79400.0,0.0,0.0,-2100096.75,3.8560335636138916,202.07569885253906,-0.0006641061045229435,33310.09765625,1.277928113937378
79500.0,0.0,0.0,-2100097.5,4.072564601898193,201.11697387695312,0.00025977345649152994,33318.5234375,1.2776049375534058
79600.0,0.0,0.0,-2100098.75,4.8236589431762695,201.35693359375,0.0008152312366291881,33326.484375,1.2772996425628662
79700.0,0.0,0.0,-2100099.0,4.647573471069336,199.84402465820312,0.00032999785616993904,33333.7578125,1.277021050453186
79800.0,0.0,0.0,-2100100.5,4.9352192878723145,201.09579467773438,-0.0012213768204674125,33339.59375,1.2767975330352783
79900.0,0.0,0.0,-2100101.25,3.894855260848999,200.92987060546875,-0.0006790227489545941,33342.3359375,1.2766923904418945
80000.0,0.0,0.0,-2100100.75,3.9139230251312256,198.45980834960938,-0.0010274520609527826,33342.16015625,1.276699185371399
80100.0,0.0,0.0,-2100100.25,4.4397382736206055,197.42425537109375,0.0011743300128728151,33339.625,1.2767962217330933
80200.0,0.0,0.0,-2100098.25,4.688846111297607,197.788330078125,0.00043884082697331905,33336.77734375,1.2769054174423218
80300.0,0.0,0.0,-2100099.25,4.021486759185791,209.52305603027344,-0.0007186167640611529,33332.8984375,1.277053952217102
80400.0,0.0,0.0,-2100096.5,5.0703654289245605,206.30853271484375,-0.001043217140249908,33326.890625,1.2772843837738037
80500.0,0.0,0.0,-2100097.5,4.189088821411133,204.63851928710938,-0.0009758250089362264,33319.12890625,1.2775816917419434
80600.0,0.0,0.0,-2100099.75,4.245895862579346,204.0769805908203,0.001617800211533904,33310.1171875,1.2779273986816406
80700.0,0.0,0.0,-2100099.75,4.225131988525391,200.05873107910156,0.00033917766995728016,33300.375,1.2783013582229614
80800.0,0.0,0.0,-2100100.75,3.8693253993988037,199.96295166015625,-0.00023578712716698647,33289.10546875,1.278733730316162
80900.0,0.0,0.0,-2100101.0,3.9224562644958496,198.88223266601562,-0.0017671851674094796,33275.3671875,1.2792619466781616
81000.0,0.0,0.0,-2100098.75,4.00120210647583,193.618408203125,-0.0004045416135340929,33259.02734375,1.2798906564712524
81100.0,0.0,0.0,-2100101.75,4.540777206420898,201.67893981933594,0.0005817848723381758,33241.8515625,1.280551552772522
81200.0,0.0,0.0,-2100098.75,4.291532039642334,199.92584228515625,0.0005132089136168361,33224.65234375,1.2812144756317139
81300.0,0.0,0.0,-2100098.25,4.05712890625,205.06507873535156,0.0005153038073331118,33207.14453125,1.2818901538848877
81400.0,0.0,0.0,-2100097.75,4.726437568664551,207.65115356445312,-0.0011171932565048337,33189.8046875,1.282560110092163
81500.0,0.0,0.0,-2100099.0,4.989344596862793,207.48876953125,9.84283396974206e-05,33172.640625,1.283223271369934
81600.0,0.0,0.0,-2100099.75,4.040673732757568,198.94239807128906,9.669642895460129e-05,33156.55078125,1.2838460206985474
81700.0,0.0,0.0,-2100102.0,4.479405879974365,198.01971435546875,0.000906329252757132,33141.72265625,1.2844206094741821
81800.0,0.0,0.0,-2100101.5,4.262739658355713,196.6035919189453,6.4087798818945885e-06,33127.05859375,1.2849891185760498
81900.0,0.0,0.0,-2100101.75,4.241106986999512,199.32493591308594,-0.0004871154669672251,33112.96875,1.2855358123779297
82000.0,0.0,0.0,-2100100.75,4.382508754730225,201.2603302001953,-0.00011005601845681667,33099.7265625,1.2860502004623413
82100.0,0.0,0.0,-2100099.75,4.554615497589111,201.4945068359375,0.0001264490419998765,33087.70703125,1.2865171432495117
82200.0,0.0,0.0,-2100100.0,4.7313408851623535,202.4559783935547,0.0008092082571238279,33077.359375,1.2869197130203247
82300.0,0.0,0.0,-2100098.75,4.486834526062012,199.16236877441406,0.00043173530139029026,33068.984375,1.2872456312179565
82400.0,0.0,0.0,-2100100.25,3.99605655670166,200.35511779785156,8.656852878630161e-05,33062.7734375,1.2874877452850342
82500.0,0.0,0.0,-2100101.25,4.485391616821289,198.43373107910156,0.0003220419166609645,33058.828125,1.2876414060592651
82600.0,0.0,0.0,-2100102.5,4.52856969833374,196.64093017578125,-0.00031773094087839127,33057.33203125,1.2876994609832764
82700.0,0.0,0.0,-2100102.75,3.9957687854766846,195.47988891601562,0.0002410671440884471,33057.2265625,1.2877033948898315
82800.0,0.0,0.0,-2100102.5,4.053184509277344,197.254150390625,0.0006688665598630905,33058.34375,1.2876601219177246
82900.0,0.0,0.0,-2100100.0,4.455050945281982,199.05459594726562,0.0010825215140357614,33061.53515625,1.2875356674194336
83000.0,0.0,0.0,-2100099.75,4.763849258422852,204.8385009765625,9.745708666741848e-06,33067.82421875,1.2872908115386963
83100.0,0.0,0.0,-2100097.5,3.9881341457366943,200.8426971435547,-0.0005174323450773954,33076.45703125,1.2869551181793213
83200.0,0.0,0.0,-2100097.75,4.093634128570557,199.29483032226562,2.7135247364640236e-06,33087.046875,1.2865428924560547
83300.0,0.0,0.0,-2100101.0,4.391485691070557,202.75045776367188,0.0006240681977942586,33099.44921875,1.2860609292984009
83400.0,0.0,0.0,-2100100.5,4.633549213409424,198.9475555419922,0.0011716836597770452,33113.98046875,1.285496473312378
83500.0,0.0,0.0,-2100102.0,4.572403907775879,200.59205627441406,-0.00027434504590928555,33130.16015625,1.2848687171936035
83600.0,0.0,0.0,-2100100.25,4.2649335861206055,196.36724853515625,-0.0002229510573670268,33147.3984375,1.2842005491256714
83700.0,0.0,0.0,-2100102.25,3.7502219676971436,202.36013793945312,-0.00073589151725173,33165.6796875,1.2834926843643188
83800.0,0.0,0.0,-2100099.0,4.816072940826416,202.5901336669922,0.00024633132852613926,33184.453125,1.282766580581665
83900.0,0.0,0.0,-2100098.0,4.224285125732422,208.52337646484375,0.0002634819829836488,33203.8828125,1.2820160388946533
84000.0,0.0,0.0,-2100096.25,5.089298248291016,204.28030395507812,0.0005820035003125668,33223.9375,1.2812421321868896
84100.0,0.0,0.0,-2100097.5,4.3851823806762695,201.9454803466797,0.00012439151760190725,33245.37890625,1.2804158926010132
84200.0,0.0,0.0,-2100100.5,4.047252655029297,202.77366638183594,-0.000794661114923656,33267.5078125,1.2795640230178833
84300.0,0.0,0.0,-2100098.5,4.599964618682861,196.72622680664062,6.205425597727299e-05,33289.171875,1.2787315845489502
84400.0,0.0,0.0,-2100102.5,4.1173810958862305,204.11497497558594,-0.00011148140765726566,33310.2578125,1.2779220342636108
84500.0,0.0,0.0,-2100099.75,4.457795143127441,197.1677703857422,0.0006876750849187374,33329.65234375,1.2771782875061035
84600.0,0.0,0.0,-2100100.25,4.630331039428711,197.95181274414062,-0.0004294018726795912,33347.01171875,1.2765133380889893
84700.0,0.0,0.0,-2100098.75,4.524840354919434,195.59930419921875,-0.0006981604965403676,33362.015625,1.2759394645690918
84800.0,0.0,0.0,-2100099.75,3.938344955444336,201.46949768066406,-0.0010571322636678815,33374.9375,1.2754453420639038
84900.0,0.0,0.0,-2100097.25,4.1663498878479,203.2231903076172,6.655091419816017e-05,33386.1484375,1.275017261505127
85000.0,0.0,0.0,-2100096.0,3.9535579681396484,205.8450469970703,0.00062645657453686,33395.2265625,1.2746704816818237
85100.0,0.0,0.0,-2100095.25,4.422076225280762,203.4432373046875,-9.52304108068347e-05,33402.51953125,1.2743924856185913
85200.0,0.0,0.0,-2100099.25,4.978296756744385,202.4058837890625,-0.0009642125805839896,33406.921875,1.2742245197296143
85300.0,0.0,0.0,-2100099.25,4.7133660316467285,193.89939880371094,-0.0013737502740696073,33407.45703125,1.2742040157318115
85400.0,0.0,0.0,-2100100.5,4.34246301651001,196.314697265625,-0.00019822712056338787,33405.15234375,1.2742918729782104
85500.0,0.0,0.0,-2100100.5,4.03190803527832,198.63027954101562,0.00025151832960546017,33400.03515625,1.274487018585205
85600.0,0.0,0.0,-2100100.5,4.611637592315674,202.19688415527344,0.0004708134802058339,33391.4765625,1.2748135328292847
85700.0,0.0,0.0,-2100097.75,3.8797755241394043,199.27235412597656,-0.0007454018341377378,33379.6875,1.2752639055252075
85800.0,0.0,0.0,-2100097.0,4.29091215133667,199.2036590576172,-0.0009487083880230784,33365.56640625,1.275803565979004
85900.0,0.0,0.0,-2100097.5,4.910423755645752,200.46694946289062,-0.00017479225061833858,33349.87890625,1.2764040231704712
86000.0,0.0,0.0,-2100099.25,4.597556114196777,201.8822021484375,0.000445998040959239,33332.8203125,1.2770568132400513
86100.0,0.0,0.0,-2100100.75,4.436498165130615,201.68289184570312,0.00048659287858754396,33314.984375,1.277740716934204
86200.0,0.0,0.0,-2100101.5,4.6873650550842285,197.8978729248047,-0.0001491254661232233,33295.44921875,1.278490424156189
86300.0,0.0,0.0,-2100103.5,4.465459823608398,197.77137756347656,-0.0010915197199210525,33273.421875,1.2793368101119995
86400.0,0.0,0.0,-2100101.5,4.308795928955078,192.72792053222656,-0.0005721120396628976,33249.38671875,1.2802613973617554
86500.0,0.0,0.0,-2100100.5,4.772287368774414,196.12237548828125,0.0006475220434367657,33224.4296875,1.2812232971191406
86600.0,0.0,0.0,-2100097.25,4.05210018157959,198.07749938964844,0.0009703680407255888,33199.94921875,1.282167911529541
86700.0,0.0,0.0,-2100099.0,4.445575714111328,204.88629150390625,-0.0001900602364912629,33176.08203125,1.283090591430664
86800.0,0.0,0.0,-2100099.0,4.107511520385742,203.28424072265625,-0.0002757980255410075,33152.81640625,1.2839909791946411
86900.0,0.0,0.0,-2100099.75,4.525481224060059,201.23231506347656,-0.00030690920539200306,33130.7109375,1.2848474979400635
87000.0,0.0,0.0,-2100101.0,5.0496978759765625,199.7462615966797,0.0005079904804006219,33110.09375,1.2856476306915283
87100.0,0.0,0.0,-2100101.0,4.478761672973633,197.33053588867188,0.0011251026298850775,33091.5703125,1.2863671779632568
87200.0,0.0,0.0,-2100101.25,4.036462783813477,197.5883331298828,0.00010479427874088287,33074.85546875,1.2870172262191772
87300.0,0.0,0.0,-2100099.5,3.92677903175354,195.9356231689453,0.0003777091624215245,33060.0234375,1.2875945568084717
87400.0,0.0,0.0,-2100101.75,4.072787284851074,205.48007202148438,-0.0012075366685166955,33046.88671875,1.2881064414978027
87500.0,0.0,0.0,-2100097.5,4.568315029144287,202.58990478515625,0.0007524951361119747,33035.64453125,1.28854501247406
87600.0,0.0,0.0,-2100098.0,4.2405595779418945,207.94337463378906,0.00043436966370791197,33028.546875,1.288822054862976
87700.0,0.0,0.0,-2100098.25,4.8940629959106445,207.449951171875,0.0014525760198011994,33025.61328125,1.2889362573623657
87800.0,0.0,0.0,-2100099.75,4.372776985168457,201.66795349121094,0.00029627897311002016,33026.5234375,1.2889009714126587
87900.0,0.0,0.0,-2100101.0,4.437214374542236,198.0077362060547,-5.718064494431019e-05,33030.9296875,1.288728952407837
88000.0,0.0,0.0,-2100100.75,4.550765514373779,196.80133056640625,0.00022141472436487675,33038.90625,1.288417935371399
88100.0,0.0,0.0,-2100101.5,4.18475341796875,199.29774475097656,0.0001605877187103033,33049.53515625,1.2880033254623413
88200.0,0.0,0.0,-2100101.75,4.203322887420654,201.16587829589844,0.0014522832352668047,33062.33984375,1.2875043153762817
88300.0,0.0,0.0,-2100100.25,4.688886642456055,200.8163604736328,-0.00024090951774269342,33078.1953125,1.286887288093567
88400.0,0.0,0.0,-2100100.0,5.314599514007568,202.84060668945312,0.0003513507544994354,33096.16015625,1.2861889600753784
88500.0,0.0,0.0,-2100099.0,4.161648273468018,201.2754364013672,-0.0010379470186308026,33115.83203125,1.2854247093200684
88600.0,0.0,0.0,-2100099.25,3.9322898387908936,200.86703491210938,0.0006595931481570005,33137.65234375,1.2845782041549683
88700.0,0.0,0.0,-2100100.0,4.099236488342285,200.51002502441406,0.0014258429873734713,33162.47265625,1.2836169004440308
88800.0,0.0,0.0,-2100101.0,3.9467577934265137,198.0369873046875,0.000437274225987494,33188.87109375,1.2825961112976074
88900.0,0.0,0.0,-2100102.0,4.432087421417236,196.22059631347656,-0.00038973893970251083,33215.484375,1.2815682888031006
89000.0,0.0,0.0,-2100102.75,4.242600917816162,196.61224365234375,-0.0015030037611722946,33241.5078125,1.2805649042129517
89100.0,0.0,0.0,-2100102.0,4.1581501960754395,197.58047485351562,0.0002325784880667925,33266.62109375,1.279598355293274
89200.0,0.0,0.0,-2100099.0,4.232577800750732,198.23660278320312,0.0002155429683625698,33290.6015625,1.2786765098571777
89300.0,0.0,0.0,-2100098.0,4.469017028808594,201.8366241455078,3.334472421556711e-05,33313.359375,1.2778029441833496
89400.0,0.0,0.0,-2100098.0,4.187680244445801,203.8810272216797,-0.0003731872420758009,33335.1171875,1.2769688367843628
89500.0,0.0,0.0,-2100098.25,4.351486682891846,202.83631896972656,-0.0007979216752573848,33355.81640625,1.2761765718460083
89600.0,0.0,0.0,-2100098.25,4.212417125701904,199.94960021972656,0.00028400192968547344,33374.73828125,1.2754528522491455
89700.0,0.0,0.0,-2100100.0,4.414976119995117,200.792236328125,-0.0005489710019901395,33391.5390625,1.2748115062713623
89800.0,0.0,0.0,-2100099.75,4.743363857269287,198.4251251220703,-0.00015639793127775192,33405.32421875,1.2742854356765747
89900.0,0.0,0.0,-2100100.0,4.05284309387207,197.86671447753906,-0.0003947148798033595,33415.76171875,1.2738871574401855
