
  Memory set to   3.725 GiB by Python driver.
  Threads set to 4 by Python driver.


  ==> GeomeTRIC Optimizer <==                                                                   ~

Scratch directory: /tmp/psi4_h2o_isolated/psi4_scratch/
gradient() will perform analytic gradient computation.
   => Libint2 <=

    Primary   basis highest AM E, G, H:  7, 6, 3
    Auxiliary basis highest AM E, G, H:  7, 7, 4
    Onebody   basis highest AM E, G, H:  -, -, -
    Solid Harmonics ordering:            Gaussian

*** tstart() called on P3-Ultra
*** at Fri Jul 10 18:04:48 2026

   => Loading Basis Set <=

    Name: DEF2-MTZVP
    Role: ORBITAL
    Keyword: BASIS
    atoms 1   entry O          line   161 file /tmp/psi4-1.11/share/psi4/basis/def2-mtzvp.gbs 
    atoms 2-3 entry H          line     9 file /tmp/psi4-1.11/share/psi4/basis/def2-mtzvp.gbs 

   => B973C: Empirical Dispersion <=

    Grimme's -D3 (BJ-damping) Dispersion Correction with ATM
    Grimme S.; Ehrlich S.; Goerigk L. (2011), J. Comput. Chem., 32: 1456

        s6 =       1.000000
        s8 =       1.500000
        a1 =       0.370000
        a2 =       4.100000
        s9 =       1.000000


         ---------------------------------------------------------
                                   SCF
               by Justin Turney, Rob Parrish, Andy Simmonett
                          and Daniel G. A. Smith
                              RKS Reference
                        4 Threads,   3814 MiB Core
         ---------------------------------------------------------

  ==> Geometry <==

    Molecular point group: c1
    Full point group: C2v

    Geometry (in Angstrom), charge = 0, multiplicity = 1:

       Center              X                  Y                   Z               Mass       
    ------------   -----------------  -----------------  -----------------  -----------------
         O            0.000000000000     0.000000000000     0.298154500000    15.994914619570
         H            0.000000000000     0.763239000000    -0.298154500000     1.007825032230
         H            0.000000000000    -0.763239000000    -0.298154500000     1.007825032230

  Running in c1 symmetry.

  Rotational constants: A =     14.35689  B =     10.52898  C =      6.07427 [cm^-1]
  Rotational constants: A = 430408.61435  B = 315650.97341  C = 182101.93973 [MHz]
  Nuclear repulsion =    9.088293764845689

  Charge       = 0
  Multiplicity = 1
  Electrons    = 10
  Nalpha       = 5
  Nbeta        = 5

  ==> Algorithm <==

  SCF Algorithm Type is PK.
  DIIS enabled.
  MOM disabled.
  Fractional occupation disabled.
  Guess Type is SAD.
  Energy threshold   = 1.00e-10
  Density threshold  = 1.00e-10
  Integral threshold = 1.00e-12

  ==> Primary Basis <==

  Basis Set: DEF2-MTZVP
    Blend: DEF2-MTZVP
    Number of shells: 16
    Number of basis functions: 30
    Number of Cartesian functions: 32
    Spherical Harmonics?: true
    Max angular momentum: 2

  ==> DFT Potential <==

   => LibXC <=

    Version 7.0.0
    S. Lehtola, C. Steigemann, M. J.T. Oliveira, and M. A.L. Marques.,  SoftwareX 7, 1–5 (2018) (10.1016/j.softx.2017.11.002)

   => Composite Functional: B973C <= 

    B97-3c GGA-based 3C composite method with a TZ basis set, D3 and short-range basis set correction.  (10.1063/1.5012601)
     J. G. Brandenburg, C.Bannwarth, A. Hansen, S. Grimme J. Chem. Phys. 148, 064104, 2018


    Deriv               =              1
    GGA                 =           TRUE
    Meta                =          FALSE

    Exchange Hybrid     =          FALSE
    MP2 Hybrid          =          FALSE

   => Exchange-Correlation Functionals <=

    1.0000   Becke 97-3c by Grimme et. al.

   => LibXC Density Thresholds  <==

    XC_GGA_XC_B97_3C:  1.00E-14 

   => Molecular Quadrature <=

    Radial Scheme          =       TREUTLER
    Pruning Scheme         =           NONE
    Nuclear Scheme         =       TREUTLER

    Blocking Scheme        =         OCTREE
    BS radius alpha        =              1
    Pruning alpha          =              1
    Radial Points          =             99
    Spherical Points       =            590
    Total Points           =         170344
    Total Blocks           =           1313
    Max Points             =            256
    Max Functions          =             30
    Weights Tolerance      =       1.00E-15

  ==> Integral Setup <==

  Using in-core PK algorithm.
   Calculation information:
      Number of atoms:                   3
      Number of AO shells:              16
      Number of primitives:             29
      Number of atomic orbitals:        32
      Number of basis functions:        30

      Integral cutoff                 1.00e-12
      Number of threads:                 4

  Performing in-core PK
  Using 216690 doubles for integral storage.
  We computed 10900 shell quartets total.
  Whereas there are 9316 unique shell quartets.
    17.00 percent of shell quartets recomputed by reordering.

  ==> DiskJK: Disk-Based J/K Matrices <==

    J tasked:                  Yes
    K tasked:                   No
    wK tasked:                  No
    Memory [MiB]:             2715
    Schwarz Cutoff:          1E-12

    OpenMP threads:              4

  Cached 100.0% of DFT collocation blocks in 0.142 [GiB].

  Minimum eigenvalue in the overlap matrix is 8.8216274170E-03.
  Reciprocal condition number of the overlap matrix is 1.7767523151E-03.
    Using symmetric orthogonalization.

  ==> Pre-Iterations <==

  SCF Guess: Superposition of Atomic Densities via on-the-fly atomic UHF (no occupation information).

   -------------------------
    Irrep   Nso     Nmo    
   -------------------------
     A         30      30 
   -------------------------
    Total      30      30
   -------------------------

  ==> Iterations <==

                        Total Energy        Delta E     RMS |[F,P]|

   @RKS iter SAD:   -76.07876988718749   -7.60788e+01   0.00000e+00 
   @RKS iter   1:   -76.18700255365381   -1.08233e-01   2.60889e-02 DIIS
   @RKS iter   2:   -75.53311713983771    6.53885e-01   4.86452e-02 DIIS
   @RKS iter   3:   -76.39483469908770   -8.61718e-01   2.47244e-03 DIIS
   @RKS iter   4:   -76.39752215170914   -2.68745e-03   4.11841e-04 DIIS
   @RKS iter   5:   -76.39757863430866   -5.64826e-05   7.90565e-05 DIIS
   @RKS iter   6:   -76.39758055219284   -1.91788e-06   3.95107e-06 DIIS
   @RKS iter   7:   -76.39758055654050   -4.34767e-09   4.86619e-07 DIIS
   @RKS iter   8:   -76.39758055663850   -9.79981e-11   4.18270e-08 DIIS
   @RKS iter   9:   -76.39758055663913   -6.25278e-13   2.53536e-09 DIIS
   @RKS iter  10:   -76.39758055663918   -5.68434e-14   1.22489e-11 DIIS
  Energy and wave function converged.


  ==> Post-Iterations <==

   Electrons on quadrature grid:
      Ntotal   =    9.9999999849 ; deviation = -1.514e-08 

    Orbital Energies [Eh]
    ---------------------

    Doubly Occupied:                                                      

       1A    -18.745124     2A     -0.928570     3A     -0.479665  
       4A     -0.337520     5A     -0.255767  

    Virtual:                                                              

       6A      0.004345     7A      0.077836     8A      0.258486  
       9A      0.277116    10A      0.321301    11A      0.331835  
      12A      0.332640    13A      0.421354    14A      0.421503  
      15A      0.473959    16A      0.518608    17A      0.724947  
      18A      0.750245    19A      1.889043    20A      1.916436  
      21A      2.011283    22A      2.031966    23A      2.058361  
      24A      2.319011    25A      2.442090    26A      2.456245  
      27A      2.593946    28A      3.227110    29A      3.485530  
      30A     42.924547  

    Final Occupation by Irrep:
              A 
    DOCC [     5 ]
    NA   [     5 ]
    NB   [     5 ]

  @RKS Final Energy:   -76.39758055663918

   => Energetics <=

    Nuclear Repulsion Energy =              9.0882937648456892
    One-Electron Energy =                -122.9103663734969984
    Two-Electron Energy =                  46.7009951657680773
    DFT Exchange-Correlation Energy =      -9.2702948106744145
    Empirical Dispersion Energy =          -0.0062083030815348
    VV10 Nonlocal Energy =                  0.0000000000000000
    Total Energy =                        -76.3975805566391841

Computation Completed


Properties will be evaluated at   0.000000,   0.000000,   0.000000 [a0]

Properties computed using the SCF density matrix


 Multipole Moments:

 ------------------------------------------------------------------------------------
     Multipole            Electronic (a.u.)      Nuclear  (a.u.)        Total (a.u.)
 ------------------------------------------------------------------------------------

 L = 1.  Multiply by 2.5417464519 to convert [e a0] to [Debye]
 Dipole X            :          0.0000000            0.0000000            0.0000000
 Dipole Y            :          0.0000000            0.0000000            0.0000000
 Dipole Z            :         -4.1001908            3.3805821           -0.7196088
 Magnitude           :                                                    0.7196088

 ------------------------------------------------------------------------------------

*** tstop() called on P3-Ultra at Fri Jul 10 18:04:50 2026
Module time:
	user time   =       3.73 seconds =       0.06 minutes
	system time =       0.30 seconds =       0.01 minutes
	total time  =          2 seconds =       0.03 minutes
Total time:
	user time   =       3.73 seconds =       0.06 minutes
	system time =       0.30 seconds =       0.01 minutes
	total time  =          2 seconds =       0.03 minutes

*** tstart() called on P3-Ultra
*** at Fri Jul 10 18:04:50 2026


         ------------------------------------------------------------
                                   SCF GRAD                          
                          Rob Parrish, Justin Turney,                
                       Andy Simmonett, and Alex Sokolov              
         ------------------------------------------------------------

  ==> Geometry <==

    Molecular point group: c1
    Full point group: C2v

    Geometry (in Angstrom), charge = 0, multiplicity = 1:

       Center              X                  Y                   Z               Mass       
    ------------   -----------------  -----------------  -----------------  -----------------
         O            0.000000000000     0.000000000000     0.298154500000    15.994914619570
         H            0.000000000000     0.763239000000    -0.298154500000     1.007825032230
         H            0.000000000000    -0.763239000000    -0.298154500000     1.007825032230

  Nuclear repulsion =    9.088293764845689

  ==> Basis Set <==

  Basis Set: DEF2-MTZVP
    Blend: DEF2-MTZVP
    Number of shells: 16
    Number of basis functions: 30
    Number of Cartesian functions: 32
    Spherical Harmonics?: true
    Max angular momentum: 2

  ==> DirectJKGrad: Integral-Direct SCF Gradients <==

    Gradient:                    1
    J tasked:                  Yes
    K tasked:                   No
    wK tasked:                  No
    Integrals threads:           4
    Schwarz Cutoff:          1E-12

  ==> DFT Potential <==

   => LibXC <=

    Version 7.0.0
    S. Lehtola, C. Steigemann, M. J.T. Oliveira, and M. A.L. Marques.,  SoftwareX 7, 1–5 (2018) (10.1016/j.softx.2017.11.002)

   => Composite Functional: B973C <= 

    B97-3c GGA-based 3C composite method with a TZ basis set, D3 and short-range basis set correction.  (10.1063/1.5012601)
     J. G. Brandenburg, C.Bannwarth, A. Hansen, S. Grimme J. Chem. Phys. 148, 064104, 2018


    Deriv               =              1
    GGA                 =           TRUE
    Meta                =          FALSE

    Exchange Hybrid     =          FALSE
    MP2 Hybrid          =          FALSE

   => Exchange-Correlation Functionals <=

    1.0000   Becke 97-3c by Grimme et. al.

   => LibXC Density Thresholds  <==

    XC_GGA_XC_B97_3C:  1.00E-14 

   => Molecular Quadrature <=

    Radial Scheme          =       TREUTLER
    Pruning Scheme         =           NONE
    Nuclear Scheme         =       TREUTLER

    Blocking Scheme        =         OCTREE
    BS radius alpha        =              1
    Pruning alpha          =              1
    Radial Points          =             99
    Spherical Points       =            590
    Total Points           =         170344
    Total Blocks           =           1313
    Max Points             =            256
    Max Functions          =             30
    Weights Tolerance      =       1.00E-15


  -Total Gradient:
     Atom            X                  Y                   Z
    ------   -----------------  -----------------  -----------------
       1        0.000000000000     0.000000000000     0.006095864885
       2        0.000000000000     0.005011827391    -0.003048535889
       3        0.000000000000    -0.005011827391    -0.003048535889


*** tstop() called on P3-Ultra at Fri Jul 10 18:04:50 2026
Module time:
	user time   =       0.46 seconds =       0.01 minutes
	system time =       0.00 seconds =       0.00 minutes
	total time  =          0 seconds =       0.00 minutes
Total time:
	user time   =       4.23 seconds =       0.07 minutes
	system time =       0.30 seconds =       0.01 minutes
	total time  =          2 seconds =       0.03 minutes

  Measures of convergence in internal coordinates in au.                                        ~
  Criteria marked as inactive (o), active & met (*), and active & unmet ( ).                    ~
  --------------------------------------------------------------------------------------------- ~
   Step     Total Energy     Delta E     MAX Force     RMS Force      MAX Disp      RMS Disp    ~
  --------------------------------------------------------------------------------------------- ~
    Convergence Criteria    1.00e-06      2.00e-06      1.00e-06      6.00e-06      4.00e-06    ~
  --------------------------------------------------------------------------------------------- ~
      0  -7.63975806e+01    --------      6.10e-03      5.94e-03      --------      --------    ~
Scratch directory: /tmp/psi4_h2o_isolated/psi4_scratch/
gradient() will perform analytic gradient computation.
   => Libint2 <=

    Primary   basis highest AM E, G, H:  7, 6, 3
    Auxiliary basis highest AM E, G, H:  7, 7, 4
    Onebody   basis highest AM E, G, H:  -, -, -
    Solid Harmonics ordering:            Gaussian

*** tstart() called on P3-Ultra
*** at Fri Jul 10 18:04:50 2026

   => Loading Basis Set <=

    Name: DEF2-MTZVP
    Role: ORBITAL
    Keyword: BASIS
    atoms 1   entry O          line   161 file /tmp/psi4-1.11/share/psi4/basis/def2-mtzvp.gbs 
    atoms 2-3 entry H          line     9 file /tmp/psi4-1.11/share/psi4/basis/def2-mtzvp.gbs 

   => B973C: Empirical Dispersion <=

    Grimme's -D3 (BJ-damping) Dispersion Correction with ATM
    Grimme S.; Ehrlich S.; Goerigk L. (2011), J. Comput. Chem., 32: 1456

        s6 =       1.000000
        s8 =       1.500000
        a1 =       0.370000
        a2 =       4.100000
        s9 =       1.000000


         ---------------------------------------------------------
                                   SCF
               by Justin Turney, Rob Parrish, Andy Simmonett
                          and Daniel G. A. Smith
                              RKS Reference
                        4 Threads,   3814 MiB Core
         ---------------------------------------------------------

  ==> Geometry <==

    Molecular point group: c1
    Full point group: C2v

    Geometry (in Angstrom), charge = 0, multiplicity = 1:

       Center              X                  Y                   Z               Mass       
    ------------   -----------------  -----------------  -----------------  -----------------
         O           -0.000000000000    -0.000000000000     0.297784409251    15.994914619570
         H           -0.000000000000     0.756388848978    -0.297950294816     1.007825032230
         H           -0.000000000000    -0.756388848979    -0.297950294817     1.007825032230

  Running in c1 symmetry.

  Rotational constants: A =     14.61811  B =     10.55385  C =      6.12894 [cm^-1]
  Rotational constants: A = 438239.81064  B = 316396.59028  C = 183740.91369 [MHz]
  Nuclear repulsion =    9.143585954220079

  Charge       = 0
  Multiplicity = 1
  Electrons    = 10
  Nalpha       = 5
  Nbeta        = 5

  ==> Algorithm <==

  SCF Algorithm Type is PK.
  DIIS enabled.
  MOM disabled.
  Fractional occupation disabled.
  Guess Type is SAD.
  Energy threshold   = 1.00e-10
  Density threshold  = 1.00e-10
  Integral threshold = 1.00e-12

  ==> Primary Basis <==

  Basis Set: DEF2-MTZVP
    Blend: DEF2-MTZVP
    Number of shells: 16
    Number of basis functions: 30
    Number of Cartesian functions: 32
    Spherical Harmonics?: true
    Max angular momentum: 2

  ==> DFT Potential <==

   => LibXC <=

    Version 7.0.0
    S. Lehtola, C. Steigemann, M. J.T. Oliveira, and M. A.L. Marques.,  SoftwareX 7, 1–5 (2018) (10.1016/j.softx.2017.11.002)

   => Composite Functional: B973C <= 

    B97-3c GGA-based 3C composite method with a TZ basis set, D3 and short-range basis set correction.  (10.1063/1.5012601)
     J. G. Brandenburg, C.Bannwarth, A. Hansen, S. Grimme J. Chem. Phys. 148, 064104, 2018


    Deriv               =              1
    GGA                 =           TRUE
    Meta                =          FALSE

    Exchange Hybrid     =          FALSE
    MP2 Hybrid          =          FALSE

   => Exchange-Correlation Functionals <=

    1.0000   Becke 97-3c by Grimme et. al.

   => LibXC Density Thresholds  <==

    XC_GGA_XC_B97_3C:  1.00E-14 

   => Molecular Quadrature <=

    Radial Scheme          =       TREUTLER
    Pruning Scheme         =           NONE
    Nuclear Scheme         =       TREUTLER

    Blocking Scheme        =         OCTREE
    BS radius alpha        =              1
    Pruning alpha          =              1
    Radial Points          =             99
    Spherical Points       =            590
    Total Points           =         170330
    Total Blocks           =           1314
    Max Points             =            256
    Max Functions          =             30
    Weights Tolerance      =       1.00E-15

  ==> Integral Setup <==

  Using in-core PK algorithm.
   Calculation information:
      Number of atoms:                   3
      Number of AO shells:              16
      Number of primitives:             29
      Number of atomic orbitals:        32
      Number of basis functions:        30

      Integral cutoff                 1.00e-12
      Number of threads:                 4

  Performing in-core PK
  Using 216690 doubles for integral storage.
  We computed 10900 shell quartets total.
  Whereas there are 9316 unique shell quartets.
    17.00 percent of shell quartets recomputed by reordering.

  ==> DiskJK: Disk-Based J/K Matrices <==

    J tasked:                  Yes
    K tasked:                   No
    wK tasked:                  No
    Memory [MiB]:             2715
    Schwarz Cutoff:          1E-12

    OpenMP threads:              4

  Cached 100.0% of DFT collocation blocks in 0.142 [GiB].

  Minimum eigenvalue in the overlap matrix is 8.6928483467E-03.
  Reciprocal condition number of the overlap matrix is 1.7445649563E-03.
    Using symmetric orthogonalization.

  ==> Pre-Iterations <==

  SCF Guess: Superposition of Atomic Densities via on-the-fly atomic UHF (no occupation information).

   -------------------------
    Irrep   Nso     Nmo    
   -------------------------
     A         30      30 
   -------------------------
    Total      30      30
   -------------------------

  ==> Iterations <==

                        Total Energy        Delta E     RMS |[F,P]|

   @RKS iter SAD:   -76.08182945025057   -7.60818e+01   0.00000e+00 
   @RKS iter   1:   -76.18647072929707   -1.04641e-01   2.61622e-02 DIIS
   @RKS iter   2:   -75.54200115610803    6.44470e-01   4.85080e-02 DIIS
   @RKS iter   3:   -76.39495308589730   -8.52952e-01   2.45336e-03 DIIS
   @RKS iter   4:   -76.39758983921183   -2.63675e-03   4.10272e-04 DIIS
   @RKS iter   5:   -76.39764568905747   -5.58498e-05   7.87757e-05 DIIS
   @RKS iter   6:   -76.39764758559852   -1.89654e-06   3.84599e-06 DIIS
   @RKS iter   7:   -76.39764758967777   -4.07925e-09   4.64990e-07 DIIS
   @RKS iter   8:   -76.39764758976720   -8.94289e-11   3.95159e-08 DIIS
   @RKS iter   9:   -76.39764758976771   -5.11591e-13   2.37939e-09 DIIS
   @RKS iter  10:   -76.39764758976780   -8.52651e-14   1.17408e-11 DIIS
  Energy and wave function converged.


  ==> Post-Iterations <==

   Electrons on quadrature grid:
      Ntotal   =    9.9999999857 ; deviation = -1.434e-08 

    Orbital Energies [Eh]
    ---------------------

    Doubly Occupied:                                                      

       1A    -18.744360     2A     -0.931330     3A     -0.480851  
       4A     -0.338684     5A     -0.256295  

    Virtual:                                                              

       6A      0.005512     7A      0.079257     8A      0.259271  
       9A      0.278901    10A      0.321216    11A      0.331717  
      12A      0.333000    13A      0.421098    14A      0.421433  
      15A      0.476707    16A      0.521150    17A      0.723829  
      18A      0.751732    19A      1.893057    20A      1.917656  
      21A      2.009124    22A      2.031036    23A      2.056926  
      24A      2.320872    25A      2.441902    26A      2.459699  
      27A      2.595833    28A      3.234689    29A      3.500571  
      30A     42.926048  

    Final Occupation by Irrep:
              A 
    DOCC [     5 ]
    NA   [     5 ]
    NB   [     5 ]

  @RKS Final Energy:   -76.39764758976780

   => Energetics <=

    Nuclear Repulsion Energy =              9.1435859542200788
    One-Electron Energy =                -123.0073587980199932
    Two-Electron Energy =                  46.7483432859514778
    DFT Exchange-Correlation Energy =      -9.2758634686374819
    Empirical Dispersion Energy =          -0.0063545632818731
    VV10 Nonlocal Energy =                  0.0000000000000000
    Total Energy =                        -76.3976475897678000

Computation Completed


Properties will be evaluated at   0.000000,   0.000000,   0.000000 [a0]

Properties computed using the SCF density matrix


 Multipole Moments:

 ------------------------------------------------------------------------------------
     Multipole            Electronic (a.u.)      Nuclear  (a.u.)        Total (a.u.)
 ------------------------------------------------------------------------------------

 L = 1.  Multiply by 2.5417464519 to convert [e a0] to [Debye]
 Dipole X            :          0.0000000           -0.0000000           -0.0000000
 Dipole Y            :          0.0000000           -0.0000000            0.0000000
 Dipole Z            :         -4.0978164            3.3757589           -0.7220575
 Magnitude           :                                                    0.7220575

 ------------------------------------------------------------------------------------

*** tstop() called on P3-Ultra at Fri Jul 10 18:04:51 2026
Module time:
	user time   =       2.86 seconds =       0.05 minutes
	system time =       0.11 seconds =       0.00 minutes
	total time  =          1 seconds =       0.02 minutes
Total time:
	user time   =       7.26 seconds =       0.12 minutes
	system time =       0.41 seconds =       0.01 minutes
	total time  =          3 seconds =       0.05 minutes

*** tstart() called on P3-Ultra
*** at Fri Jul 10 18:04:51 2026


         ------------------------------------------------------------
                                   SCF GRAD                          
                          Rob Parrish, Justin Turney,                
                       Andy Simmonett, and Alex Sokolov              
         ------------------------------------------------------------

  ==> Geometry <==

    Molecular point group: c1
    Full point group: C2v

    Geometry (in Angstrom), charge = 0, multiplicity = 1:

       Center              X                  Y                   Z               Mass       
    ------------   -----------------  -----------------  -----------------  -----------------
         O           -0.000000000000    -0.000000000000     0.297784409251    15.994914619570
         H           -0.000000000000     0.756388848978    -0.297950294816     1.007825032230
         H           -0.000000000000    -0.756388848979    -0.297950294817     1.007825032230

  Nuclear repulsion =    9.143585954220079

  ==> Basis Set <==

  Basis Set: DEF2-MTZVP
    Blend: DEF2-MTZVP
    Number of shells: 16
    Number of basis functions: 30
    Number of Cartesian functions: 32
    Spherical Harmonics?: true
    Max angular momentum: 2

  ==> DirectJKGrad: Integral-Direct SCF Gradients <==

    Gradient:                    1
    J tasked:                  Yes
    K tasked:                   No
    wK tasked:                  No
    Integrals threads:           4
    Schwarz Cutoff:          1E-12

  ==> DFT Potential <==

   => LibXC <=

    Version 7.0.0
    S. Lehtola, C. Steigemann, M. J.T. Oliveira, and M. A.L. Marques.,  SoftwareX 7, 1–5 (2018) (10.1016/j.softx.2017.11.002)

   => Composite Functional: B973C <= 

    B97-3c GGA-based 3C composite method with a TZ basis set, D3 and short-range basis set correction.  (10.1063/1.5012601)
     J. G. Brandenburg, C.Bannwarth, A. Hansen, S. Grimme J. Chem. Phys. 148, 064104, 2018


    Deriv               =              1
    GGA                 =           TRUE
    Meta                =          FALSE

    Exchange Hybrid     =          FALSE
    MP2 Hybrid          =          FALSE

   => Exchange-Correlation Functionals <=

    1.0000   Becke 97-3c by Grimme et. al.

   => LibXC Density Thresholds  <==

    XC_GGA_XC_B97_3C:  1.00E-14 

   => Molecular Quadrature <=

    Radial Scheme          =       TREUTLER
    Pruning Scheme         =           NONE
    Nuclear Scheme         =       TREUTLER

    Blocking Scheme        =         OCTREE
    BS radius alpha        =              1
    Pruning alpha          =              1
    Radial Points          =             99
    Spherical Points       =            590
    Total Points           =         170330
    Total Blocks           =           1314
    Max Points             =            256
    Max Functions          =             30
    Weights Tolerance      =       1.00E-15


  -Total Gradient:
     Atom            X                  Y                   Z
    ------   -----------------  -----------------  -----------------
       1        0.000000000000    -0.000000000000     0.000878565426
       2       -0.000000000000    -0.000156809639    -0.000439949292
       3       -0.000000000000     0.000156809639    -0.000439949291


*** tstop() called on P3-Ultra at Fri Jul 10 18:04:51 2026
Module time:
	user time   =       0.41 seconds =       0.01 minutes
	system time =       0.01 seconds =       0.00 minutes
	total time  =          0 seconds =       0.00 minutes
Total time:
	user time   =       7.70 seconds =       0.13 minutes
	system time =       0.43 seconds =       0.01 minutes
	total time  =          3 seconds =       0.05 minutes

      1  -7.63976476e+01   -6.70e-05      8.79e-04      6.35e-04      6.85e-03      5.60e-03    ~
Scratch directory: /tmp/psi4_h2o_isolated/psi4_scratch/
gradient() will perform analytic gradient computation.
   => Libint2 <=

    Primary   basis highest AM E, G, H:  7, 6, 3
    Auxiliary basis highest AM E, G, H:  7, 7, 4
    Onebody   basis highest AM E, G, H:  -, -, -
    Solid Harmonics ordering:            Gaussian

*** tstart() called on P3-Ultra
*** at Fri Jul 10 18:04:51 2026

   => Loading Basis Set <=

    Name: DEF2-MTZVP
    Role: ORBITAL
    Keyword: BASIS
    atoms 1   entry O          line   161 file /tmp/psi4-1.11/share/psi4/basis/def2-mtzvp.gbs 
    atoms 2-3 entry H          line     9 file /tmp/psi4-1.11/share/psi4/basis/def2-mtzvp.gbs 

   => B973C: Empirical Dispersion <=

    Grimme's -D3 (BJ-damping) Dispersion Correction with ATM
    Grimme S.; Ehrlich S.; Goerigk L. (2011), J. Comput. Chem., 32: 1456

        s6 =       1.000000
        s8 =       1.500000
        a1 =       0.370000
        a2 =       4.100000
        s9 =       1.000000


         ---------------------------------------------------------
                                   SCF
               by Justin Turney, Rob Parrish, Andy Simmonett
                          and Daniel G. A. Smith
                              RKS Reference
                        4 Threads,   3814 MiB Core
         ---------------------------------------------------------

  ==> Geometry <==

    Molecular point group: c1
    Full point group: C2v

    Geometry (in Angstrom), charge = 0, multiplicity = 1:

       Center              X                  Y                   Z               Mass       
    ------------   -----------------  -----------------  -----------------  -----------------
         O           -0.000000000000    -0.000000000000     0.296487114281    15.994914619570
         H            0.000000000001     0.757543815254    -0.297280402284     1.007825032230
         H            0.000000000000    -0.757543815254    -0.297280402285     1.007825032230

  Running in c1 symmetry.

  Rotational constants: A =     14.57357  B =     10.64136  C =      6.15043 [cm^-1]
  Rotational constants: A = 436904.53115  B = 319019.96400  C = 184385.17166 [MHz]
  Nuclear repulsion =    9.145859153204327

  Charge       = 0
  Multiplicity = 1
  Electrons    = 10
  Nalpha       = 5
  Nbeta        = 5

  ==> Algorithm <==

  SCF Algorithm Type is PK.
  DIIS enabled.
  MOM disabled.
  Fractional occupation disabled.
  Guess Type is SAD.
  Energy threshold   = 1.00e-10
  Density threshold  = 1.00e-10
  Integral threshold = 1.00e-12

  ==> Primary Basis <==

  Basis Set: DEF2-MTZVP
    Blend: DEF2-MTZVP
    Number of shells: 16
    Number of basis functions: 30
    Number of Cartesian functions: 32
    Spherical Harmonics?: true
    Max angular momentum: 2

  ==> DFT Potential <==

   => LibXC <=

    Version 7.0.0
    S. Lehtola, C. Steigemann, M. J.T. Oliveira, and M. A.L. Marques.,  SoftwareX 7, 1–5 (2018) (10.1016/j.softx.2017.11.002)

   => Composite Functional: B973C <= 

    B97-3c GGA-based 3C composite method with a TZ basis set, D3 and short-range basis set correction.  (10.1063/1.5012601)
     J. G. Brandenburg, C.Bannwarth, A. Hansen, S. Grimme J. Chem. Phys. 148, 064104, 2018


    Deriv               =              1
    GGA                 =           TRUE
    Meta                =          FALSE

    Exchange Hybrid     =          FALSE
    MP2 Hybrid          =          FALSE

   => Exchange-Correlation Functionals <=

    1.0000   Becke 97-3c by Grimme et. al.

   => LibXC Density Thresholds  <==

    XC_GGA_XC_B97_3C:  1.00E-14 

   => Molecular Quadrature <=

    Radial Scheme          =       TREUTLER
    Pruning Scheme         =           NONE
    Nuclear Scheme         =       TREUTLER

    Blocking Scheme        =         OCTREE
    BS radius alpha        =              1
    Pruning alpha          =              1
    Radial Points          =             99
    Spherical Points       =            590
    Total Points           =         170330
    Total Blocks           =           1314
    Max Points             =            256
    Max Functions          =             30
    Weights Tolerance      =       1.00E-15

  ==> Integral Setup <==

  Using in-core PK algorithm.
   Calculation information:
      Number of atoms:                   3
      Number of AO shells:              16
      Number of primitives:             29
      Number of atomic orbitals:        32
      Number of basis functions:        30

      Integral cutoff                 1.00e-12
      Number of threads:                 4

  Performing in-core PK
  Using 216690 doubles for integral storage.
  We computed 10900 shell quartets total.
  Whereas there are 9316 unique shell quartets.
    17.00 percent of shell quartets recomputed by reordering.

  ==> DiskJK: Disk-Based J/K Matrices <==

    J tasked:                  Yes
    K tasked:                   No
    wK tasked:                  No
    Memory [MiB]:             2715
    Schwarz Cutoff:          1E-12

    OpenMP threads:              4

  Cached 100.0% of DFT collocation blocks in 0.142 [GiB].

  Minimum eigenvalue in the overlap matrix is 8.6989090083E-03.
  Reciprocal condition number of the overlap matrix is 1.7462842913E-03.
    Using symmetric orthogonalization.

  ==> Pre-Iterations <==

  SCF Guess: Superposition of Atomic Densities via on-the-fly atomic UHF (no occupation information).

   -------------------------
    Irrep   Nso     Nmo    
   -------------------------
     A         30      30 
   -------------------------
    Total      30      30
   -------------------------

  ==> Iterations <==

                        Total Energy        Delta E     RMS |[F,P]|

   @RKS iter SAD:   -76.08187292486633   -7.60819e+01   0.00000e+00 
   @RKS iter   1:   -76.18635907542433   -1.04486e-01   2.61724e-02 DIIS
   @RKS iter   2:   -75.54243952049589    6.43920e-01   4.85025e-02 DIIS
   @RKS iter   3:   -76.39496145111093   -8.52522e-01   2.45101e-03 DIIS
   @RKS iter   4:   -76.39759247065821   -2.63102e-03   4.08351e-04 DIIS
   @RKS iter   5:   -76.39764771868403   -5.52480e-05   7.85495e-05 DIIS
   @RKS iter   6:   -76.39764960468403   -1.88600e-06   3.84693e-06 DIIS
   @RKS iter   7:   -76.39764960876823   -4.08420e-09   4.63051e-07 DIIS
   @RKS iter   8:   -76.39764960885677   -8.85336e-11   3.93837e-08 DIIS
   @RKS iter   9:   -76.39764960885732   -5.54223e-13   2.36923e-09 DIIS
   @RKS iter  10:   -76.39764960885736   -4.26326e-14   1.17004e-11 DIIS
  Energy and wave function converged.


  ==> Post-Iterations <==

   Electrons on quadrature grid:
      Ntotal   =    9.9999999853 ; deviation = -1.470e-08 

    Orbital Energies [Eh]
    ---------------------

    Doubly Occupied:                                                      

       1A    -18.744193     2A     -0.931252     3A     -0.481440  
       4A     -0.338181     5A     -0.256257  

    Virtual:                                                              

       6A      0.005629     7A      0.079336     8A      0.259438  
       9A      0.278459    10A      0.321524    11A      0.331893  
      12A      0.332882    13A      0.421106    14A      0.421404  
      15A      0.476899    16A      0.521334    17A      0.724348  
      18A      0.751431    19A      1.892227    20A      1.918975  
      21A      2.009821    22A      2.030770    23A      2.057169  
      24A      2.321466    25A      2.441933    26A      2.459304  
      27A      2.595953    28A      3.234621    29A      3.502564  
      30A     42.926421  

    Final Occupation by Irrep:
              A 
    DOCC [     5 ]
    NA   [     5 ]
    NB   [     5 ]

  @RKS Final Energy:   -76.39764960885736

   => Energetics <=

    Nuclear Repulsion Energy =              9.1458591532043272
    One-Electron Energy =                -123.0121263448678803
    Two-Electron Energy =                  46.7511091108885637
    DFT Exchange-Correlation Energy =      -9.2761301531550018
    Empirical Dispersion Energy =          -0.0063613749273636
    VV10 Nonlocal Energy =                  0.0000000000000000
    Total Energy =                        -76.3976496088573640

Computation Completed


Properties will be evaluated at   0.000000,   0.000000,   0.000000 [a0]

Properties computed using the SCF density matrix


 Multipole Moments:

 ------------------------------------------------------------------------------------
     Multipole            Electronic (a.u.)      Nuclear  (a.u.)        Total (a.u.)
 ------------------------------------------------------------------------------------

 L = 1.  Multiply by 2.5417464519 to convert [e a0] to [Debye]
 Dipole X            :         -0.0000000           -0.0000000           -0.0000000
 Dipole Y            :          0.0000000           -0.0000000            0.0000000
 Dipole Z            :         -4.0791045            3.3586785           -0.7204260
 Magnitude           :                                                    0.7204260

 ------------------------------------------------------------------------------------

*** tstop() called on P3-Ultra at Fri Jul 10 18:04:51 2026
Module time:
	user time   =       2.32 seconds =       0.04 minutes
	system time =       0.05 seconds =       0.00 minutes
	total time  =          0 seconds =       0.00 minutes
Total time:
	user time   =      10.18 seconds =       0.17 minutes
	system time =       0.50 seconds =       0.01 minutes
	total time  =          3 seconds =       0.05 minutes

*** tstart() called on P3-Ultra
*** at Fri Jul 10 18:04:51 2026


         ------------------------------------------------------------
                                   SCF GRAD                          
                          Rob Parrish, Justin Turney,                
                       Andy Simmonett, and Alex Sokolov              
         ------------------------------------------------------------

  ==> Geometry <==

    Molecular point group: c1
    Full point group: C2v

    Geometry (in Angstrom), charge = 0, multiplicity = 1:

       Center              X                  Y                   Z               Mass       
    ------------   -----------------  -----------------  -----------------  -----------------
         O           -0.000000000000    -0.000000000000     0.296487114281    15.994914619570
         H            0.000000000001     0.757543815254    -0.297280402284     1.007825032230
         H            0.000000000000    -0.757543815254    -0.297280402285     1.007825032230

  Nuclear repulsion =    9.145859153204327

  ==> Basis Set <==

  Basis Set: DEF2-MTZVP
    Blend: DEF2-MTZVP
    Number of shells: 16
    Number of basis functions: 30
    Number of Cartesian functions: 32
    Spherical Harmonics?: true
    Max angular momentum: 2

  ==> DirectJKGrad: Integral-Direct SCF Gradients <==

    Gradient:                    1
    J tasked:                  Yes
    K tasked:                   No
    wK tasked:                  No
    Integrals threads:           4
    Schwarz Cutoff:          1E-12

  ==> DFT Potential <==

   => LibXC <=

    Version 7.0.0
    S. Lehtola, C. Steigemann, M. J.T. Oliveira, and M. A.L. Marques.,  SoftwareX 7, 1–5 (2018) (10.1016/j.softx.2017.11.002)

   => Composite Functional: B973C <= 

    B97-3c GGA-based 3C composite method with a TZ basis set, D3 and short-range basis set correction.  (10.1063/1.5012601)
     J. G. Brandenburg, C.Bannwarth, A. Hansen, S. Grimme J. Chem. Phys. 148, 064104, 2018


    Deriv               =              1
    GGA                 =           TRUE
    Meta                =          FALSE

    Exchange Hybrid     =          FALSE
    MP2 Hybrid          =          FALSE

   => Exchange-Correlation Functionals <=

    1.0000   Becke 97-3c by Grimme et. al.

   => LibXC Density Thresholds  <==

    XC_GGA_XC_B97_3C:  1.00E-14 

   => Molecular Quadrature <=

    Radial Scheme          =       TREUTLER
    Pruning Scheme         =           NONE
    Nuclear Scheme         =       TREUTLER

    Blocking Scheme        =         OCTREE
    BS radius alpha        =              1
    Pruning alpha          =              1
    Radial Points          =             99
    Spherical Points       =            590
    Total Points           =         170330
    Total Blocks           =           1314
    Max Points             =            256
    Max Functions          =             30
    Weights Tolerance      =       1.00E-15


  -Total Gradient:
     Atom            X                  Y                   Z
    ------   -----------------  -----------------  -----------------
       1        0.000000000003    -0.000000000000     0.000018262877
       2       -0.000000000002    -0.000003890834    -0.000009752726
       3       -0.000000000001     0.000003890834    -0.000009752726


*** tstop() called on P3-Ultra at Fri Jul 10 18:04:52 2026
Module time:
	user time   =       0.56 seconds =       0.01 minutes
	system time =       0.02 seconds =       0.00 minutes
	total time  =          1 seconds =       0.02 minutes
Total time:
	user time   =      10.78 seconds =       0.18 minutes
	system time =       0.52 seconds =       0.01 minutes
	total time  =          4 seconds =       0.07 minutes

      2  -7.63976496e+01   -2.02e-06      1.83e-05      1.36e-05      1.33e-03      1.32e-03    ~
Scratch directory: /tmp/psi4_h2o_isolated/psi4_scratch/
gradient() will perform analytic gradient computation.
   => Libint2 <=

    Primary   basis highest AM E, G, H:  7, 6, 3
    Auxiliary basis highest AM E, G, H:  7, 7, 4
    Onebody   basis highest AM E, G, H:  -, -, -
    Solid Harmonics ordering:            Gaussian

*** tstart() called on P3-Ultra
*** at Fri Jul 10 18:04:52 2026

   => Loading Basis Set <=

    Name: DEF2-MTZVP
    Role: ORBITAL
    Keyword: BASIS
    atoms 1   entry O          line   161 file /tmp/psi4-1.11/share/psi4/basis/def2-mtzvp.gbs 
    atoms 2-3 entry H          line     9 file /tmp/psi4-1.11/share/psi4/basis/def2-mtzvp.gbs 

   => B973C: Empirical Dispersion <=

    Grimme's -D3 (BJ-damping) Dispersion Correction with ATM
    Grimme S.; Ehrlich S.; Goerigk L. (2011), J. Comput. Chem., 32: 1456

        s6 =       1.000000
        s8 =       1.500000
        a1 =       0.370000
        a2 =       4.100000
        s9 =       1.000000


         ---------------------------------------------------------
                                   SCF
               by Justin Turney, Rob Parrish, Andy Simmonett
                          and Daniel G. A. Smith
                              RKS Reference
                        4 Threads,   3814 MiB Core
         ---------------------------------------------------------

  ==> Geometry <==

    Molecular point group: c1
    Full point group: C2v

    Geometry (in Angstrom), charge = 0, multiplicity = 1:

       Center              X                  Y                   Z               Mass       
    ------------   -----------------  -----------------  -----------------  -----------------
         O           -0.000000000015     0.000000000000     0.296471350656    15.994914619570
         H            0.000000000017     0.757570168782    -0.297252353122     1.007825032230
         H           -0.000000000002    -0.757570168782    -0.297252353122     1.007825032230

  Running in c1 symmetry.

  Rotational constants: A =     14.57255  B =     10.64259  C =      6.15066 [cm^-1]
  Rotational constants: A = 436874.13456  B = 319056.84526  C = 184392.07662 [MHz]
  Nuclear repulsion =    9.145904442994814

  Charge       = 0
  Multiplicity = 1
  Electrons    = 10
  Nalpha       = 5
  Nbeta        = 5

  ==> Algorithm <==

  SCF Algorithm Type is PK.
  DIIS enabled.
  MOM disabled.
  Fractional occupation disabled.
  Guess Type is SAD.
  Energy threshold   = 1.00e-10
  Density threshold  = 1.00e-10
  Integral threshold = 1.00e-12

  ==> Primary Basis <==

  Basis Set: DEF2-MTZVP
    Blend: DEF2-MTZVP
    Number of shells: 16
    Number of basis functions: 30
    Number of Cartesian functions: 32
    Spherical Harmonics?: true
    Max angular momentum: 2

  ==> DFT Potential <==

   => LibXC <=

    Version 7.0.0
    S. Lehtola, C. Steigemann, M. J.T. Oliveira, and M. A.L. Marques.,  SoftwareX 7, 1–5 (2018) (10.1016/j.softx.2017.11.002)

   => Composite Functional: B973C <= 

    B97-3c GGA-based 3C composite method with a TZ basis set, D3 and short-range basis set correction.  (10.1063/1.5012601)
     J. G. Brandenburg, C.Bannwarth, A. Hansen, S. Grimme J. Chem. Phys. 148, 064104, 2018


    Deriv               =              1
    GGA                 =           TRUE
    Meta                =          FALSE

    Exchange Hybrid     =          FALSE
    MP2 Hybrid          =          FALSE

   => Exchange-Correlation Functionals <=

    1.0000   Becke 97-3c by Grimme et. al.

   => LibXC Density Thresholds  <==

    XC_GGA_XC_B97_3C:  1.00E-14 

   => Molecular Quadrature <=

    Radial Scheme          =       TREUTLER
    Pruning Scheme         =           NONE
    Nuclear Scheme         =       TREUTLER

    Blocking Scheme        =         OCTREE
    BS radius alpha        =              1
    Pruning alpha          =              1
    Radial Points          =             99
    Spherical Points       =            590
    Total Points           =         170330
    Total Blocks           =           1307
    Max Points             =            256
    Max Functions          =             30
    Weights Tolerance      =       1.00E-15

  ==> Integral Setup <==

  Using in-core PK algorithm.
   Calculation information:
      Number of atoms:                   3
      Number of AO shells:              16
      Number of primitives:             29
      Number of atomic orbitals:        32
      Number of basis functions:        30

      Integral cutoff                 1.00e-12
      Number of threads:                 4

  Performing in-core PK
  Using 216690 doubles for integral storage.
  We computed 10900 shell quartets total.
  Whereas there are 9316 unique shell quartets.
    17.00 percent of shell quartets recomputed by reordering.

  ==> DiskJK: Disk-Based J/K Matrices <==

    J tasked:                  Yes
    K tasked:                   No
    wK tasked:                  No
    Memory [MiB]:             2715
    Schwarz Cutoff:          1E-12

    OpenMP threads:              4

  Cached 100.0% of DFT collocation blocks in 0.142 [GiB].

  Minimum eigenvalue in the overlap matrix is 8.6990540889E-03.
  Reciprocal condition number of the overlap matrix is 1.7463251986E-03.
    Using symmetric orthogonalization.

  ==> Pre-Iterations <==

  SCF Guess: Superposition of Atomic Densities via on-the-fly atomic UHF (no occupation information).

   -------------------------
    Irrep   Nso     Nmo    
   -------------------------
     A         30      30 
   -------------------------
    Total      30      30
   -------------------------

  ==> Iterations <==

                        Total Energy        Delta E     RMS |[F,P]|

   @RKS iter SAD:   -76.08187360310144   -7.60819e+01   0.00000e+00 
   @RKS iter   1:   -76.18635659282003   -1.04483e-01   2.61726e-02 DIIS
   @RKS iter   2:   -75.54244829598983    6.43908e-01   4.85024e-02 DIIS
   @RKS iter   3:   -76.39496158754525   -8.52513e-01   2.45096e-03 DIIS
   @RKS iter   4:   -76.39759248515148   -2.63090e-03   4.08308e-04 DIIS
   @RKS iter   5:   -76.39764771989167   -5.52347e-05   7.85445e-05 DIIS
   @RKS iter   6:   -76.39764960565937   -1.88577e-06   3.84697e-06 DIIS
   @RKS iter   7:   -76.39764960974361   -4.08424e-09   4.63007e-07 DIIS
   @RKS iter   8:   -76.39764960983220   -8.85905e-11   3.93807e-08 DIIS
   @RKS iter   9:   -76.39764960983268   -4.83169e-13   2.36904e-09 DIIS
   @RKS iter  10:   -76.39764960983274   -5.68434e-14   1.17002e-11 DIIS
  Energy and wave function converged.


  ==> Post-Iterations <==

   Electrons on quadrature grid:
      Ntotal   =    9.9999999853 ; deviation = -1.471e-08 

    Orbital Energies [Eh]
    ---------------------

    Doubly Occupied:                                                      

       1A    -18.744189     2A     -0.931250     3A     -0.481453  
       4A     -0.338169     5A     -0.256256  

    Virtual:                                                              

       6A      0.005632     7A      0.079337     8A      0.259442  
       9A      0.278449    10A      0.321531    11A      0.331897  
      12A      0.332879    13A      0.421107    14A      0.421403  
      15A      0.476903    16A      0.521338    17A      0.724359  
      18A      0.751424    19A      1.892208    20A      1.919004  
      21A      2.009837    22A      2.030764    23A      2.057175  
      24A      2.321480    25A      2.441933    26A      2.459295  
      27A      2.595956    28A      3.234619    29A      3.502607  
      30A     42.926429  

    Final Occupation by Irrep:
              A 
    DOCC [     5 ]
    NA   [     5 ]
    NB   [     5 ]

  @RKS Final Energy:   -76.39764960983274

   => Energetics <=

    Nuclear Repulsion Energy =              9.1459044429948140
    One-Electron Energy =                -123.0122231221777440
    Two-Electron Energy =                  46.7511661270106771
    DFT Exchange-Correlation Energy =      -9.2761355451869427
    Empirical Dispersion Energy =          -0.0063615124735477
    VV10 Nonlocal Energy =                  0.0000000000000000
    Total Energy =                        -76.3976496098327402

Computation Completed


Properties will be evaluated at   0.000000,   0.000000,   0.000000 [a0]

Properties computed using the SCF density matrix


 Multipole Moments:

 ------------------------------------------------------------------------------------
     Multipole            Electronic (a.u.)      Nuclear  (a.u.)        Total (a.u.)
 ------------------------------------------------------------------------------------

 L = 1.  Multiply by 2.5417464519 to convert [e a0] to [Debye]
 Dipole X            :          0.0000000           -0.0000000           -0.0000000
 Dipole Y            :         -0.0000000            0.0000000            0.0000000
 Dipole Z            :         -4.0789355            3.3585462           -0.7203893
 Magnitude           :                                                    0.7203893

 ------------------------------------------------------------------------------------

*** tstop() called on P3-Ultra at Fri Jul 10 18:04:52 2026
Module time:
	user time   =       3.08 seconds =       0.05 minutes
	system time =       0.05 seconds =       0.00 minutes
	total time  =          0 seconds =       0.00 minutes
Total time:
	user time   =      14.07 seconds =       0.23 minutes
	system time =       0.57 seconds =       0.01 minutes
	total time  =          4 seconds =       0.07 minutes

*** tstart() called on P3-Ultra
*** at Fri Jul 10 18:04:52 2026


         ------------------------------------------------------------
                                   SCF GRAD                          
                          Rob Parrish, Justin Turney,                
                       Andy Simmonett, and Alex Sokolov              
         ------------------------------------------------------------

  ==> Geometry <==

    Molecular point group: c1
    Full point group: C2v

    Geometry (in Angstrom), charge = 0, multiplicity = 1:

       Center              X                  Y                   Z               Mass       
    ------------   -----------------  -----------------  -----------------  -----------------
         O           -0.000000000015     0.000000000000     0.296471350656    15.994914619570
         H            0.000000000017     0.757570168782    -0.297252353122     1.007825032230
         H           -0.000000000002    -0.757570168782    -0.297252353122     1.007825032230

  Nuclear repulsion =    9.145904442994814

  ==> Basis Set <==

  Basis Set: DEF2-MTZVP
    Blend: DEF2-MTZVP
    Number of shells: 16
    Number of basis functions: 30
    Number of Cartesian functions: 32
    Spherical Harmonics?: true
    Max angular momentum: 2

  ==> DirectJKGrad: Integral-Direct SCF Gradients <==

    Gradient:                    1
    J tasked:                  Yes
    K tasked:                   No
    wK tasked:                  No
    Integrals threads:           4
    Schwarz Cutoff:          1E-12

  ==> DFT Potential <==

   => LibXC <=

    Version 7.0.0
    S. Lehtola, C. Steigemann, M. J.T. Oliveira, and M. A.L. Marques.,  SoftwareX 7, 1–5 (2018) (10.1016/j.softx.2017.11.002)

   => Composite Functional: B973C <= 

    B97-3c GGA-based 3C composite method with a TZ basis set, D3 and short-range basis set correction.  (10.1063/1.5012601)
     J. G. Brandenburg, C.Bannwarth, A. Hansen, S. Grimme J. Chem. Phys. 148, 064104, 2018


    Deriv               =              1
    GGA                 =           TRUE
    Meta                =          FALSE

    Exchange Hybrid     =          FALSE
    MP2 Hybrid          =          FALSE

   => Exchange-Correlation Functionals <=

    1.0000   Becke 97-3c by Grimme et. al.

   => LibXC Density Thresholds  <==

    XC_GGA_XC_B97_3C:  1.00E-14 

   => Molecular Quadrature <=

    Radial Scheme          =       TREUTLER
    Pruning Scheme         =           NONE
    Nuclear Scheme         =       TREUTLER

    Blocking Scheme        =         OCTREE
    BS radius alpha        =              1
    Pruning alpha          =              1
    Radial Points          =             99
    Spherical Points       =            590
    Total Points           =         170330
    Total Blocks           =           1307
    Max Points             =            256
    Max Functions          =             30
    Weights Tolerance      =       1.00E-15


  -Total Gradient:
     Atom            X                  Y                   Z
    ------   -----------------  -----------------  -----------------
       1        0.000000000002     0.000000000000    -0.000000386980
       2       -0.000000000000    -0.000000014799    -0.000000426748
       3       -0.000000000002     0.000000014799    -0.000000426748


*** tstop() called on P3-Ultra at Fri Jul 10 18:04:52 2026
Module time:
	user time   =       0.56 seconds =       0.01 minutes
	system time =       0.01 seconds =       0.00 minutes
	total time  =          0 seconds =       0.00 minutes
Total time:
	user time   =      14.68 seconds =       0.24 minutes
	system time =       0.58 seconds =       0.01 minutes
	total time  =          4 seconds =       0.07 minutes

      3  -7.63976496e+01   -9.75e-10 *    4.27e-07 *    4.14e-07 *    3.01e-05      2.98e-05    ~
Scratch directory: /tmp/psi4_h2o_isolated/psi4_scratch/
gradient() will perform analytic gradient computation.
   => Libint2 <=

    Primary   basis highest AM E, G, H:  7, 6, 3
    Auxiliary basis highest AM E, G, H:  7, 7, 4
    Onebody   basis highest AM E, G, H:  -, -, -
    Solid Harmonics ordering:            Gaussian

*** tstart() called on P3-Ultra
*** at Fri Jul 10 18:04:53 2026

   => Loading Basis Set <=

    Name: DEF2-MTZVP
    Role: ORBITAL
    Keyword: BASIS
    atoms 1   entry O          line   161 file /tmp/psi4-1.11/share/psi4/basis/def2-mtzvp.gbs 
    atoms 2-3 entry H          line     9 file /tmp/psi4-1.11/share/psi4/basis/def2-mtzvp.gbs 

   => B973C: Empirical Dispersion <=

    Grimme's -D3 (BJ-damping) Dispersion Correction with ATM
    Grimme S.; Ehrlich S.; Goerigk L. (2011), J. Comput. Chem., 32: 1456

        s6 =       1.000000
        s8 =       1.500000
        a1 =       0.370000
        a2 =       4.100000
        s9 =       1.000000


         ---------------------------------------------------------
                                   SCF
               by Justin Turney, Rob Parrish, Andy Simmonett
                          and Daniel G. A. Smith
                              RKS Reference
                        4 Threads,   3814 MiB Core
         ---------------------------------------------------------

  ==> Geometry <==

    Molecular point group: c1
    Full point group: C2v

    Geometry (in Angstrom), charge = 0, multiplicity = 1:

       Center              X                  Y                   Z               Mass       
    ------------   -----------------  -----------------  -----------------  -----------------
         O           -0.000000000028    -0.000000000001     0.296484403591    15.994914619570
         H           -0.000000000003     0.757570655514    -0.297238505679     1.007825032230
         H            0.000000000031    -0.757570655514    -0.297238505680     1.007825032230

  Running in c1 symmetry.

  Rotational constants: A =     14.57253  B =     10.64187  C =      6.15041 [cm^-1]
  Rotational constants: A = 436873.57319  B = 319035.25279  C = 184384.76450 [MHz]
  Nuclear repulsion =    9.145905196465499

  Charge       = 0
  Multiplicity = 1
  Electrons    = 10
  Nalpha       = 5
  Nbeta        = 5

  ==> Algorithm <==

  SCF Algorithm Type is PK.
  DIIS enabled.
  MOM disabled.
  Fractional occupation disabled.
  Guess Type is SAD.
  Energy threshold   = 1.00e-10
  Density threshold  = 1.00e-10
  Integral threshold = 1.00e-12

  ==> Primary Basis <==

  Basis Set: DEF2-MTZVP
    Blend: DEF2-MTZVP
    Number of shells: 16
    Number of basis functions: 30
    Number of Cartesian functions: 32
    Spherical Harmonics?: true
    Max angular momentum: 2

  ==> DFT Potential <==

   => LibXC <=

    Version 7.0.0
    S. Lehtola, C. Steigemann, M. J.T. Oliveira, and M. A.L. Marques.,  SoftwareX 7, 1–5 (2018) (10.1016/j.softx.2017.11.002)

   => Composite Functional: B973C <= 

    B97-3c GGA-based 3C composite method with a TZ basis set, D3 and short-range basis set correction.  (10.1063/1.5012601)
     J. G. Brandenburg, C.Bannwarth, A. Hansen, S. Grimme J. Chem. Phys. 148, 064104, 2018


    Deriv               =              1
    GGA                 =           TRUE
    Meta                =          FALSE

    Exchange Hybrid     =          FALSE
    MP2 Hybrid          =          FALSE

   => Exchange-Correlation Functionals <=

    1.0000   Becke 97-3c by Grimme et. al.

   => LibXC Density Thresholds  <==

    XC_GGA_XC_B97_3C:  1.00E-14 

   => Molecular Quadrature <=

    Radial Scheme          =       TREUTLER
    Pruning Scheme         =           NONE
    Nuclear Scheme         =       TREUTLER

    Blocking Scheme        =         OCTREE
    BS radius alpha        =              1
    Pruning alpha          =              1
    Radial Points          =             99
    Spherical Points       =            590
    Total Points           =         170330
    Total Blocks           =           1307
    Max Points             =            256
    Max Functions          =             30
    Weights Tolerance      =       1.00E-15

  ==> Integral Setup <==

  Using in-core PK algorithm.
   Calculation information:
      Number of atoms:                   3
      Number of AO shells:              16
      Number of primitives:             29
      Number of atomic orbitals:        32
      Number of basis functions:        30

      Integral cutoff                 1.00e-12
      Number of threads:                 4

  Performing in-core PK
  Using 216690 doubles for integral storage.
  We computed 10900 shell quartets total.
  Whereas there are 9316 unique shell quartets.
    17.00 percent of shell quartets recomputed by reordering.

  ==> DiskJK: Disk-Based J/K Matrices <==

    J tasked:                  Yes
    K tasked:                   No
    wK tasked:                  No
    Memory [MiB]:             2715
    Schwarz Cutoff:          1E-12

    OpenMP threads:              4

  Cached 100.0% of DFT collocation blocks in 0.142 [GiB].

  Minimum eigenvalue in the overlap matrix is 8.6990568789E-03.
  Reciprocal condition number of the overlap matrix is 1.7463259802E-03.
    Using symmetric orthogonalization.

  ==> Pre-Iterations <==

  SCF Guess: Superposition of Atomic Densities via on-the-fly atomic UHF (no occupation information).

   -------------------------
    Irrep   Nso     Nmo    
   -------------------------
     A         30      30 
   -------------------------
    Total      30      30
   -------------------------

  ==> Iterations <==

                        Total Energy        Delta E     RMS |[F,P]|

   @RKS iter SAD:   -76.08187361167278   -7.60819e+01   0.00000e+00 
   @RKS iter   1:   -76.18635654848046   -1.04483e-01   2.61726e-02 DIIS
   @RKS iter   2:   -75.54244844451935    6.43908e-01   4.85023e-02 DIIS
   @RKS iter   3:   -76.39496158991477   -8.52513e-01   2.45096e-03 DIIS
   @RKS iter   4:   -76.39759248536842   -2.63090e-03   4.08307e-04 DIIS
   @RKS iter   5:   -76.39764771986805   -5.52345e-05   7.85444e-05 DIIS
   @RKS iter   6:   -76.39764960563154   -1.88576e-06   3.84697e-06 DIIS
   @RKS iter   7:   -76.39764960971581   -4.08427e-09   4.63007e-07 DIIS
   @RKS iter   8:   -76.39764960980453   -8.87184e-11   3.93806e-08 DIIS
   @RKS iter   9:   -76.39764960980506   -5.25802e-13   2.36904e-09 DIIS
   @RKS iter  10:   -76.39764960980504    1.42109e-14   1.16999e-11 DIIS
  Energy and wave function converged.


  ==> Post-Iterations <==

   Electrons on quadrature grid:
      Ntotal   =    9.9999999853 ; deviation = -1.471e-08 

    Orbital Energies [Eh]
    ---------------------

    Doubly Occupied:                                                      

       1A    -18.744189     2A     -0.931250     3A     -0.481453  
       4A     -0.338169     5A     -0.256256  

    Virtual:                                                              

       6A      0.005632     7A      0.079337     8A      0.259442  
       9A      0.278449    10A      0.321531    11A      0.331897  
      12A      0.332879    13A      0.421107    14A      0.421403  
      15A      0.476903    16A      0.521338    17A      0.724360  
      18A      0.751424    19A      1.892208    20A      1.919005  
      21A      2.009837    22A      2.030764    23A      2.057175  
      24A      2.321480    25A      2.441933    26A      2.459295  
      27A      2.595956    28A      3.234619    29A      3.502608  
      30A     42.926429  

    Final Occupation by Irrep:
              A 
    DOCC [     5 ]
    NA   [     5 ]
    NB   [     5 ]

  @RKS Final Energy:   -76.39764960980504

   => Energetics <=

    Nuclear Repulsion Energy =              9.1459051964654989
    One-Electron Energy =                -123.0122247585939022
    Two-Electron Energy =                  46.7511671032280631
    DFT Exchange-Correlation Energy =      -9.2761356361449785
    Empirical Dispersion Energy =          -0.0063615147597208
    VV10 Nonlocal Energy =                  0.0000000000000000
    Total Energy =                        -76.3976496098050433

Computation Completed


Properties will be evaluated at   0.000000,   0.000000,   0.000000 [a0]

Properties computed using the SCF density matrix


 Multipole Moments:

 ------------------------------------------------------------------------------------
     Multipole            Electronic (a.u.)      Nuclear  (a.u.)        Total (a.u.)
 ------------------------------------------------------------------------------------

 L = 1.  Multiply by 2.5417464519 to convert [e a0] to [Debye]
 Dipole X            :          0.0000000           -0.0000000            0.0000000
 Dipole Y            :          0.0000000           -0.0000000            0.0000000
 Dipole Z            :         -4.0791845            3.3587958           -0.7203887
 Magnitude           :                                                    0.7203887

 ------------------------------------------------------------------------------------

*** tstop() called on P3-Ultra at Fri Jul 10 18:04:53 2026
Module time:
	user time   =       2.98 seconds =       0.05 minutes
	system time =       0.05 seconds =       0.00 minutes
	total time  =          0 seconds =       0.00 minutes
Total time:
	user time   =      17.86 seconds =       0.30 minutes
	system time =       0.63 seconds =       0.01 minutes
	total time  =          5 seconds =       0.08 minutes

*** tstart() called on P3-Ultra
*** at Fri Jul 10 18:04:53 2026


         ------------------------------------------------------------
                                   SCF GRAD                          
                          Rob Parrish, Justin Turney,                
                       Andy Simmonett, and Alex Sokolov              
         ------------------------------------------------------------

  ==> Geometry <==

    Molecular point group: c1
    Full point group: C2v

    Geometry (in Angstrom), charge = 0, multiplicity = 1:

       Center              X                  Y                   Z               Mass       
    ------------   -----------------  -----------------  -----------------  -----------------
         O           -0.000000000028    -0.000000000001     0.296484403591    15.994914619570
         H           -0.000000000003     0.757570655514    -0.297238505679     1.007825032230
         H            0.000000000031    -0.757570655514    -0.297238505680     1.007825032230

  Nuclear repulsion =    9.145905196465499

  ==> Basis Set <==

  Basis Set: DEF2-MTZVP
    Blend: DEF2-MTZVP
    Number of shells: 16
    Number of basis functions: 30
    Number of Cartesian functions: 32
    Spherical Harmonics?: true
    Max angular momentum: 2

  ==> DirectJKGrad: Integral-Direct SCF Gradients <==

    Gradient:                    1
    J tasked:                  Yes
    K tasked:                   No
    wK tasked:                  No
    Integrals threads:           4
    Schwarz Cutoff:          1E-12

  ==> DFT Potential <==

   => LibXC <=

    Version 7.0.0
    S. Lehtola, C. Steigemann, M. J.T. Oliveira, and M. A.L. Marques.,  SoftwareX 7, 1–5 (2018) (10.1016/j.softx.2017.11.002)

   => Composite Functional: B973C <= 

    B97-3c GGA-based 3C composite method with a TZ basis set, D3 and short-range basis set correction.  (10.1063/1.5012601)
     J. G. Brandenburg, C.Bannwarth, A. Hansen, S. Grimme J. Chem. Phys. 148, 064104, 2018


    Deriv               =              1
    GGA                 =           TRUE
    Meta                =          FALSE

    Exchange Hybrid     =          FALSE
    MP2 Hybrid          =          FALSE

   => Exchange-Correlation Functionals <=

    1.0000   Becke 97-3c by Grimme et. al.

   => LibXC Density Thresholds  <==

    XC_GGA_XC_B97_3C:  1.00E-14 

   => Molecular Quadrature <=

    Radial Scheme          =       TREUTLER
    Pruning Scheme         =           NONE
    Nuclear Scheme         =       TREUTLER

    Blocking Scheme        =         OCTREE
    BS radius alpha        =              1
    Pruning alpha          =              1
    Radial Points          =             99
    Spherical Points       =            590
    Total Points           =         170330
    Total Blocks           =           1307
    Max Points             =            256
    Max Functions          =             30
    Weights Tolerance      =       1.00E-15


  -Total Gradient:
     Atom            X                  Y                   Z
    ------   -----------------  -----------------  -----------------
       1       -0.000000000001     0.000000000000    -0.000000718859
       2       -0.000000000000     0.000000062023    -0.000000260790
       3        0.000000000001    -0.000000062023    -0.000000260790


*** tstop() called on P3-Ultra at Fri Jul 10 18:04:53 2026
Module time:
	user time   =       0.46 seconds =       0.01 minutes
	system time =       0.01 seconds =       0.00 minutes
	total time  =          0 seconds =       0.00 minutes
Total time:
	user time   =      18.37 seconds =       0.31 minutes
	system time =       0.65 seconds =       0.01 minutes
	total time  =          5 seconds =       0.08 minutes

      4  -7.63976496e+01    2.77e-11 *    7.19e-07 *    4.69e-07 *    5.54e-07 *    5.46e-07 *  ~

  Optimization converged!                                                                       ~

  Final Energy : -76.39764960980504 

  Final Geometry : 
    Molecular point group: c1
    Full point group: C2v

    Geometry (in Angstrom), charge = 0, multiplicity = 1:

    O           -0.000000000028    -0.000000000001     0.296484403591
    H           -0.000000000003     0.757570655514    -0.297238505679
    H            0.000000000031    -0.757570655514    -0.297238505680


Scratch directory: /tmp/psi4_h2o_isolated/psi4_scratch/
gradient() will perform analytic gradient computation.
   => Libint2 <=

    Primary   basis highest AM E, G, H:  7, 6, 3
    Auxiliary basis highest AM E, G, H:  7, 7, 4
    Onebody   basis highest AM E, G, H:  -, -, -
    Solid Harmonics ordering:            Gaussian

*** tstart() called on P3-Ultra
*** at Fri Jul 10 18:04:53 2026

   => Loading Basis Set <=

    Name: DEF2-MTZVP
    Role: ORBITAL
    Keyword: BASIS
    atoms 1   entry O          line   161 file /tmp/psi4-1.11/share/psi4/basis/def2-mtzvp.gbs 
    atoms 2-3 entry H          line     9 file /tmp/psi4-1.11/share/psi4/basis/def2-mtzvp.gbs 

   => B973C: Empirical Dispersion <=

    Grimme's -D3 (BJ-damping) Dispersion Correction with ATM
    Grimme S.; Ehrlich S.; Goerigk L. (2011), J. Comput. Chem., 32: 1456

        s6 =       1.000000
        s8 =       1.500000
        a1 =       0.370000
        a2 =       4.100000
        s9 =       1.000000


         ---------------------------------------------------------
                                   SCF
               by Justin Turney, Rob Parrish, Andy Simmonett
                          and Daniel G. A. Smith
                              RKS Reference
                        4 Threads,   3814 MiB Core
         ---------------------------------------------------------

  ==> Geometry <==

    Molecular point group: c1
    Full point group: C2v

    Geometry (in Angstrom), charge = 0, multiplicity = 1:

       Center              X                  Y                   Z               Mass       
    ------------   -----------------  -----------------  -----------------  -----------------
         O           -0.000000000028    -0.000000000001     0.296484403591    15.994914619570
         H           -0.000000000003     0.757570655514    -0.297238505679     1.007825032230
         H            0.000000000031    -0.757570655514    -0.297238505680     1.007825032230

  Running in c1 symmetry.

  Rotational constants: A =     14.57253  B =     10.64187  C =      6.15041 [cm^-1]
  Rotational constants: A = 436873.57319  B = 319035.25279  C = 184384.76450 [MHz]
  Nuclear repulsion =    9.145905196465499

  Charge       = 0
  Multiplicity = 1
  Electrons    = 10
  Nalpha       = 5
  Nbeta        = 5

  ==> Algorithm <==

  SCF Algorithm Type is PK.
  DIIS enabled.
  MOM disabled.
  Fractional occupation disabled.
  Guess Type is SAD.
  Energy threshold   = 1.00e-10
  Density threshold  = 1.00e-10
  Integral threshold = 1.00e-12

  ==> Primary Basis <==

  Basis Set: DEF2-MTZVP
    Blend: DEF2-MTZVP
    Number of shells: 16
    Number of basis functions: 30
    Number of Cartesian functions: 32
    Spherical Harmonics?: true
    Max angular momentum: 2

  ==> DFT Potential <==

   => LibXC <=

    Version 7.0.0
    S. Lehtola, C. Steigemann, M. J.T. Oliveira, and M. A.L. Marques.,  SoftwareX 7, 1–5 (2018) (10.1016/j.softx.2017.11.002)

   => Composite Functional: B973C <= 

    B97-3c GGA-based 3C composite method with a TZ basis set, D3 and short-range basis set correction.  (10.1063/1.5012601)
     J. G. Brandenburg, C.Bannwarth, A. Hansen, S. Grimme J. Chem. Phys. 148, 064104, 2018


    Deriv               =              1
    GGA                 =           TRUE
    Meta                =          FALSE

    Exchange Hybrid     =          FALSE
    MP2 Hybrid          =          FALSE

   => Exchange-Correlation Functionals <=

    1.0000   Becke 97-3c by Grimme et. al.

   => LibXC Density Thresholds  <==

    XC_GGA_XC_B97_3C:  1.00E-14 

   => Molecular Quadrature <=

    Radial Scheme          =       TREUTLER
    Pruning Scheme         =           NONE
    Nuclear Scheme         =       TREUTLER

    Blocking Scheme        =         OCTREE
    BS radius alpha        =              1
    Pruning alpha          =              1
    Radial Points          =             99
    Spherical Points       =            590
    Total Points           =         170330
    Total Blocks           =           1307
    Max Points             =            256
    Max Functions          =             30
    Weights Tolerance      =       1.00E-15

  ==> Integral Setup <==

  Using in-core PK algorithm.
   Calculation information:
      Number of atoms:                   3
      Number of AO shells:              16
      Number of primitives:             29
      Number of atomic orbitals:        32
      Number of basis functions:        30

      Integral cutoff                 1.00e-12
      Number of threads:                 4

  Performing in-core PK
  Using 216690 doubles for integral storage.
  We computed 10900 shell quartets total.
  Whereas there are 9316 unique shell quartets.
    17.00 percent of shell quartets recomputed by reordering.

  ==> DiskJK: Disk-Based J/K Matrices <==

    J tasked:                  Yes
    K tasked:                   No
    wK tasked:                  No
    Memory [MiB]:             2715
    Schwarz Cutoff:          1E-12

    OpenMP threads:              4

  Cached 100.0% of DFT collocation blocks in 0.142 [GiB].

  Minimum eigenvalue in the overlap matrix is 8.6990568789E-03.
  Reciprocal condition number of the overlap matrix is 1.7463259802E-03.
    Using symmetric orthogonalization.

  ==> Pre-Iterations <==

  SCF Guess: Superposition of Atomic Densities via on-the-fly atomic UHF (no occupation information).

   -------------------------
    Irrep   Nso     Nmo    
   -------------------------
     A         30      30 
   -------------------------
    Total      30      30
   -------------------------

  ==> Iterations <==

                        Total Energy        Delta E     RMS |[F,P]|

   @RKS iter SAD:   -76.08187361167285   -7.60819e+01   0.00000e+00 
   @RKS iter   1:   -76.18635654848040   -1.04483e-01   2.61726e-02 DIIS
   @RKS iter   2:   -75.54244844451939    6.43908e-01   4.85023e-02 DIIS
   @RKS iter   3:   -76.39496158991477   -8.52513e-01   2.45096e-03 DIIS
   @RKS iter   4:   -76.39759248536848   -2.63090e-03   4.08307e-04 DIIS
   @RKS iter   5:   -76.39764771986809   -5.52345e-05   7.85444e-05 DIIS
   @RKS iter   6:   -76.39764960563157   -1.88576e-06   3.84697e-06 DIIS
   @RKS iter   7:   -76.39764960971586   -4.08428e-09   4.63007e-07 DIIS
   @RKS iter   8:   -76.39764960980442   -8.85620e-11   3.93806e-08 DIIS
   @RKS iter   9:   -76.39764960980497   -5.54223e-13   2.36904e-09 DIIS
   @RKS iter  10:   -76.39764960980494    2.84217e-14   1.17008e-11 DIIS
  Energy and wave function converged.


  ==> Post-Iterations <==

   Electrons on quadrature grid:
      Ntotal   =    9.9999999853 ; deviation = -1.471e-08 

    Orbital Energies [Eh]
    ---------------------

    Doubly Occupied:                                                      

       1A    -18.744189     2A     -0.931250     3A     -0.481453  
       4A     -0.338169     5A     -0.256256  

    Virtual:                                                              

       6A      0.005632     7A      0.079337     8A      0.259442  
       9A      0.278449    10A      0.321531    11A      0.331897  
      12A      0.332879    13A      0.421107    14A      0.421403  
      15A      0.476903    16A      0.521338    17A      0.724360  
      18A      0.751424    19A      1.892208    20A      1.919005  
      21A      2.009837    22A      2.030764    23A      2.057175  
      24A      2.321480    25A      2.441933    26A      2.459295  
      27A      2.595956    28A      3.234619    29A      3.502608  
      30A     42.926429  

    Final Occupation by Irrep:
              A 
    DOCC [     5 ]
    NA   [     5 ]
    NB   [     5 ]

  @RKS Final Energy:   -76.39764960980494

   => Energetics <=

    Nuclear Repulsion Energy =              9.1459051964654989
    One-Electron Energy =                -123.0122247585939022
    Two-Electron Energy =                  46.7511671032281697
    DFT Exchange-Correlation Energy =      -9.2761356361449803
    Empirical Dispersion Energy =          -0.0063615147597208
    VV10 Nonlocal Energy =                  0.0000000000000000
    Total Energy =                        -76.3976496098049438

Computation Completed


Properties will be evaluated at   0.000000,   0.000000,   0.000000 [a0]

Properties computed using the SCF density matrix


 Multipole Moments:

 ------------------------------------------------------------------------------------
     Multipole            Electronic (a.u.)      Nuclear  (a.u.)        Total (a.u.)
 ------------------------------------------------------------------------------------

 L = 1.  Multiply by 2.5417464519 to convert [e a0] to [Debye]
 Dipole X            :          0.0000000           -0.0000000            0.0000000
 Dipole Y            :          0.0000000           -0.0000000            0.0000000
 Dipole Z            :         -4.0791845            3.3587958           -0.7203887
 Magnitude           :                                                    0.7203887

 ------------------------------------------------------------------------------------

*** tstop() called on P3-Ultra at Fri Jul 10 18:04:54 2026
Module time:
	user time   =       3.10 seconds =       0.05 minutes
	system time =       0.07 seconds =       0.00 minutes
	total time  =          1 seconds =       0.02 minutes
Total time:
	user time   =      21.65 seconds =       0.36 minutes
	system time =       0.72 seconds =       0.01 minutes
	total time  =          6 seconds =       0.10 minutes

*** tstart() called on P3-Ultra
*** at Fri Jul 10 18:04:54 2026


         ------------------------------------------------------------
                                   SCF GRAD                          
                          Rob Parrish, Justin Turney,                
                       Andy Simmonett, and Alex Sokolov              
         ------------------------------------------------------------

  ==> Geometry <==

    Molecular point group: c1
    Full point group: C2v

    Geometry (in Angstrom), charge = 0, multiplicity = 1:

       Center              X                  Y                   Z               Mass       
    ------------   -----------------  -----------------  -----------------  -----------------
         O           -0.000000000028    -0.000000000001     0.296484403591    15.994914619570
         H           -0.000000000003     0.757570655514    -0.297238505679     1.007825032230
         H            0.000000000031    -0.757570655514    -0.297238505680     1.007825032230

  Nuclear repulsion =    9.145905196465499

  ==> Basis Set <==

  Basis Set: DEF2-MTZVP
    Blend: DEF2-MTZVP
    Number of shells: 16
    Number of basis functions: 30
    Number of Cartesian functions: 32
    Spherical Harmonics?: true
    Max angular momentum: 2

  ==> DirectJKGrad: Integral-Direct SCF Gradients <==

    Gradient:                    1
    J tasked:                  Yes
    K tasked:                   No
    wK tasked:                  No
    Integrals threads:           4
    Schwarz Cutoff:          1E-12

  ==> DFT Potential <==

   => LibXC <=

    Version 7.0.0
    S. Lehtola, C. Steigemann, M. J.T. Oliveira, and M. A.L. Marques.,  SoftwareX 7, 1–5 (2018) (10.1016/j.softx.2017.11.002)

   => Composite Functional: B973C <= 

    B97-3c GGA-based 3C composite method with a TZ basis set, D3 and short-range basis set correction.  (10.1063/1.5012601)
     J. G. Brandenburg, C.Bannwarth, A. Hansen, S. Grimme J. Chem. Phys. 148, 064104, 2018


    Deriv               =              1
    GGA                 =           TRUE
    Meta                =          FALSE

    Exchange Hybrid     =          FALSE
    MP2 Hybrid          =          FALSE

   => Exchange-Correlation Functionals <=

    1.0000   Becke 97-3c by Grimme et. al.

   => LibXC Density Thresholds  <==

    XC_GGA_XC_B97_3C:  1.00E-14 

   => Molecular Quadrature <=

    Radial Scheme          =       TREUTLER
    Pruning Scheme         =           NONE
    Nuclear Scheme         =       TREUTLER

    Blocking Scheme        =         OCTREE
    BS radius alpha        =              1
    Pruning alpha          =              1
    Radial Points          =             99
    Spherical Points       =            590
    Total Points           =         170330
    Total Blocks           =           1307
    Max Points             =            256
    Max Functions          =             30
    Weights Tolerance      =       1.00E-15


  -Total Gradient:
     Atom            X                  Y                   Z
    ------   -----------------  -----------------  -----------------
       1       -0.000000000001     0.000000000000    -0.000000718859
       2       -0.000000000000     0.000000062023    -0.000000260790
       3        0.000000000001    -0.000000062023    -0.000000260790


*** tstop() called on P3-Ultra at Fri Jul 10 18:04:54 2026
Module time:
	user time   =       0.49 seconds =       0.01 minutes
	system time =       0.03 seconds =       0.00 minutes
	total time  =          0 seconds =       0.00 minutes
Total time:
	user time   =      22.19 seconds =       0.37 minutes
	system time =       0.75 seconds =       0.01 minutes
	total time  =          6 seconds =       0.10 minutes

Scratch directory: /tmp/psi4_h2o_isolated/psi4_scratch/
gradient() will perform analytic gradient computation.
   => Libint2 <=

    Primary   basis highest AM E, G, H:  7, 6, 3
    Auxiliary basis highest AM E, G, H:  7, 7, 4
    Onebody   basis highest AM E, G, H:  -, -, -
    Solid Harmonics ordering:            Gaussian

*** tstart() called on P3-Ultra
*** at Fri Jul 10 18:04:54 2026

   => Loading Basis Set <=

    Name: DEF2-MTZVP
    Role: ORBITAL
    Keyword: BASIS
    atoms 1   entry O          line   161 file /tmp/psi4-1.11/share/psi4/basis/def2-mtzvp.gbs 
    atoms 2-3 entry H          line     9 file /tmp/psi4-1.11/share/psi4/basis/def2-mtzvp.gbs 

   => B973C: Empirical Dispersion <=

    Grimme's -D3 (BJ-damping) Dispersion Correction with ATM
    Grimme S.; Ehrlich S.; Goerigk L. (2011), J. Comput. Chem., 32: 1456

        s6 =       1.000000
        s8 =       1.500000
        a1 =       0.370000
        a2 =       4.100000
        s9 =       1.000000


         ---------------------------------------------------------
                                   SCF
               by Justin Turney, Rob Parrish, Andy Simmonett
                          and Daniel G. A. Smith
                              RKS Reference
                        4 Threads,   3814 MiB Core
         ---------------------------------------------------------

  ==> Geometry <==

    Molecular point group: c1
    Full point group: Cs

    Geometry (in Angstrom), charge = 0, multiplicity = 1:

       Center              X                  Y                   Z               Mass       
    ------------   -----------------  -----------------  -----------------  -----------------
         O           -0.002645886081    -0.000000000001     0.296484403591    15.994914619570
         H           -0.000000000003     0.757570655514    -0.297238505679     1.007825032230
         H            0.000000000031    -0.757570655514    -0.297238505680     1.007825032230

  Running in c1 symmetry.

  Rotational constants: A =     14.57238  B =     10.64112  C =      6.15019 [cm^-1]
  Rotational constants: A = 436868.81947  B = 319012.70242  C = 184378.07872 [MHz]
  Nuclear repulsion =    9.145871959686552

  Charge       = 0
  Multiplicity = 1
  Electrons    = 10
  Nalpha       = 5
  Nbeta        = 5

  ==> Algorithm <==

  SCF Algorithm Type is PK.
  DIIS enabled.
  MOM disabled.
  Fractional occupation disabled.
  Guess Type is SAD.
  Energy threshold   = 1.00e-10
  Density threshold  = 1.00e-10
  Integral threshold = 1.00e-12

  ==> Primary Basis <==

  Basis Set: DEF2-MTZVP
    Blend: DEF2-MTZVP
    Number of shells: 16
    Number of basis functions: 30
    Number of Cartesian functions: 32
    Spherical Harmonics?: true
    Max angular momentum: 2

  ==> DFT Potential <==

   => LibXC <=

    Version 7.0.0
    S. Lehtola, C. Steigemann, M. J.T. Oliveira, and M. A.L. Marques.,  SoftwareX 7, 1–5 (2018) (10.1016/j.softx.2017.11.002)

   => Composite Functional: B973C <= 

    B97-3c GGA-based 3C composite method with a TZ basis set, D3 and short-range basis set correction.  (10.1063/1.5012601)
     J. G. Brandenburg, C.Bannwarth, A. Hansen, S. Grimme J. Chem. Phys. 148, 064104, 2018


    Deriv               =              1
    GGA                 =           TRUE
    Meta                =          FALSE

    Exchange Hybrid     =          FALSE
    MP2 Hybrid          =          FALSE

   => Exchange-Correlation Functionals <=

    1.0000   Becke 97-3c by Grimme et. al.

   => LibXC Density Thresholds  <==

    XC_GGA_XC_B97_3C:  1.00E-14 

   => Molecular Quadrature <=

    Radial Scheme          =       TREUTLER
    Pruning Scheme         =           NONE
    Nuclear Scheme         =       TREUTLER

    Blocking Scheme        =         OCTREE
    BS radius alpha        =              1
    Pruning alpha          =              1
    Radial Points          =             99
    Spherical Points       =            590
    Total Points           =         170330
    Total Blocks           =           1311
    Max Points             =            256
    Max Functions          =             30
    Weights Tolerance      =       1.00E-15

  ==> Integral Setup <==

  Using in-core PK algorithm.
   Calculation information:
      Number of atoms:                   3
      Number of AO shells:              16
      Number of primitives:             29
      Number of atomic orbitals:        32
      Number of basis functions:        30

      Integral cutoff                 1.00e-12
      Number of threads:                 4

  Performing in-core PK
  Using 216690 doubles for integral storage.
  We computed 10900 shell quartets total.
  Whereas there are 9316 unique shell quartets.
    17.00 percent of shell quartets recomputed by reordering.

  ==> DiskJK: Disk-Based J/K Matrices <==

    J tasked:                  Yes
    K tasked:                   No
    wK tasked:                  No
    Memory [MiB]:             2715
    Schwarz Cutoff:          1E-12

    OpenMP threads:              4

  Cached 100.0% of DFT collocation blocks in 0.142 [GiB].

  Minimum eigenvalue in the overlap matrix is 8.6991014800E-03.
  Reciprocal condition number of the overlap matrix is 1.7463365041E-03.
    Using symmetric orthogonalization.

  ==> Pre-Iterations <==

  SCF Guess: Superposition of Atomic Densities via on-the-fly atomic UHF (no occupation information).

   -------------------------
    Irrep   Nso     Nmo    
   -------------------------
     A         30      30 
   -------------------------
    Total      30      30
   -------------------------

  ==> Iterations <==

                        Total Energy        Delta E     RMS |[F,P]|

   @RKS iter SAD:   -76.08187203924744   -7.60819e+01   0.00000e+00 
   @RKS iter   1:   -76.18635717464059   -1.04485e-01   2.61726e-02 DIIS
   @RKS iter   2:   -75.54244305587649    6.43914e-01   4.85024e-02 DIIS
   @RKS iter   3:   -76.39496154818268   -8.52518e-01   2.45097e-03 DIIS
   @RKS iter   4:   -76.39759248334360   -2.63094e-03   4.08314e-04 DIIS
   @RKS iter   5:   -76.39764771983893   -5.52365e-05   7.85452e-05 DIIS
   @RKS iter   6:   -76.39764960564268   -1.88580e-06   3.84702e-06 DIIS
   @RKS iter   7:   -76.39764960972713   -4.08444e-09   4.63022e-07 DIIS
   @RKS iter   8:   -76.39764960981576   -8.86331e-11   3.93821e-08 DIIS
   @RKS iter   9:   -76.39764960981636   -5.96856e-13   2.36914e-09 DIIS
   @RKS iter  10:   -76.39764960981630    5.68434e-14   1.17006e-11 DIIS
  Energy and wave function converged.


  ==> Post-Iterations <==

   Electrons on quadrature grid:
      Ntotal   =    9.9999999853 ; deviation = -1.471e-08 

    Orbital Energies [Eh]
    ---------------------

    Doubly Occupied:                                                      

       1A    -18.744190     2A     -0.931249     3A     -0.481451  
       4A     -0.338170     5A     -0.256256  

    Virtual:                                                              

       6A      0.005631     7A      0.079337     8A      0.259441  
       9A      0.278449    10A      0.321530    11A      0.331896  
      12A      0.332879    13A      0.421107    14A      0.421403  
      15A      0.476902    16A      0.521336    17A      0.724359  
      18A      0.751424    19A      1.892208    20A      1.919000  
      21A      2.009836    22A      2.030765    23A      2.057175  
      24A      2.321477    25A      2.441933    26A      2.459294  
      27A      2.595954    28A      3.234615    29A      3.502595  
      30A     42.926427  

    Final Occupation by Irrep:
              A 
    DOCC [     5 ]
    NA   [     5 ]
    NB   [     5 ]

  @RKS Final Energy:   -76.39764960981630

   => Energetics <=

    Nuclear Repulsion Energy =              9.1458719596865521
    One-Electron Energy =                -123.0121643004483758
    Two-Electron Energy =                  46.7511363371718645
    DFT Exchange-Correlation Energy =      -9.2761321822278937
    Empirical Dispersion Energy =          -0.0063614239984398
    VV10 Nonlocal Energy =                  0.0000000000000000
    Total Energy =                        -76.3976496098162983

Computation Completed


Properties will be evaluated at   0.000000,   0.000000,   0.000000 [a0]

Properties computed using the SCF density matrix


 Multipole Moments:

 ------------------------------------------------------------------------------------
     Multipole            Electronic (a.u.)      Nuclear  (a.u.)        Total (a.u.)
 ------------------------------------------------------------------------------------

 L = 1.  Multiply by 2.5417464519 to convert [e a0] to [Debye]
 Dipole X            :          0.0432103           -0.0400000            0.0032103
 Dipole Y            :          0.0000000           -0.0000000            0.0000000
 Dipole Z            :         -4.0791809            3.3587958           -0.7203850
 Magnitude           :                                                    0.7203922

 ------------------------------------------------------------------------------------

*** tstop() called on P3-Ultra at Fri Jul 10 18:04:55 2026
Module time:
	user time   =       3.22 seconds =       0.05 minutes
	system time =       0.11 seconds =       0.00 minutes
	total time  =          1 seconds =       0.02 minutes
Total time:
	user time   =      25.56 seconds =       0.43 minutes
	system time =       0.86 seconds =       0.01 minutes
	total time  =          7 seconds =       0.12 minutes

*** tstart() called on P3-Ultra
*** at Fri Jul 10 18:04:55 2026


         ------------------------------------------------------------
                                   SCF GRAD                          
                          Rob Parrish, Justin Turney,                
                       Andy Simmonett, and Alex Sokolov              
         ------------------------------------------------------------

  ==> Geometry <==

    Molecular point group: c1
    Full point group: Cs

    Geometry (in Angstrom), charge = 0, multiplicity = 1:

       Center              X                  Y                   Z               Mass       
    ------------   -----------------  -----------------  -----------------  -----------------
         O           -0.002645886081    -0.000000000001     0.296484403591    15.994914619570
         H           -0.000000000003     0.757570655514    -0.297238505679     1.007825032230
         H            0.000000000031    -0.757570655514    -0.297238505680     1.007825032230

  Nuclear repulsion =    9.145871959686552

  ==> Basis Set <==

  Basis Set: DEF2-MTZVP
    Blend: DEF2-MTZVP
    Number of shells: 16
    Number of basis functions: 30
    Number of Cartesian functions: 32
    Spherical Harmonics?: true
    Max angular momentum: 2

  ==> DirectJKGrad: Integral-Direct SCF Gradients <==

    Gradient:                    1
    J tasked:                  Yes
    K tasked:                   No
    wK tasked:                  No
    Integrals threads:           4
    Schwarz Cutoff:          1E-12

  ==> DFT Potential <==

   => LibXC <=

    Version 7.0.0
    S. Lehtola, C. Steigemann, M. J.T. Oliveira, and M. A.L. Marques.,  SoftwareX 7, 1–5 (2018) (10.1016/j.softx.2017.11.002)

   => Composite Functional: B973C <= 

    B97-3c GGA-based 3C composite method with a TZ basis set, D3 and short-range basis set correction.  (10.1063/1.5012601)
     J. G. Brandenburg, C.Bannwarth, A. Hansen, S. Grimme J. Chem. Phys. 148, 064104, 2018


    Deriv               =              1
    GGA                 =           TRUE
    Meta                =          FALSE

    Exchange Hybrid     =          FALSE
    MP2 Hybrid          =          FALSE

   => Exchange-Correlation Functionals <=

    1.0000   Becke 97-3c by Grimme et. al.

   => LibXC Density Thresholds  <==

    XC_GGA_XC_B97_3C:  1.00E-14 

   => Molecular Quadrature <=

    Radial Scheme          =       TREUTLER
    Pruning Scheme         =           NONE
    Nuclear Scheme         =       TREUTLER

    Blocking Scheme        =         OCTREE
    BS radius alpha        =              1
    Pruning alpha          =              1
    Radial Points          =             99
    Spherical Points       =            590
    Total Points           =         170330
    Total Blocks           =           1311
    Max Points             =            256
    Max Functions          =             30
    Weights Tolerance      =       1.00E-15


  -Total Gradient:
     Atom            X                  Y                   Z
    ------   -----------------  -----------------  -----------------
       1       -0.000000019242     0.000000000000     0.000004317741
       2        0.000000012385     0.000002162680    -0.000002779186
       3        0.000000012385    -0.000002162680    -0.000002779186


*** tstop() called on P3-Ultra at Fri Jul 10 18:04:55 2026
Module time:
	user time   =       0.58 seconds =       0.01 minutes
	system time =       0.02 seconds =       0.00 minutes
	total time  =          0 seconds =       0.00 minutes
Total time:
	user time   =      26.20 seconds =       0.44 minutes
	system time =       0.88 seconds =       0.01 minutes
	total time  =          7 seconds =       0.12 minutes

Scratch directory: /tmp/psi4_h2o_isolated/psi4_scratch/
gradient() will perform analytic gradient computation.
   => Libint2 <=

    Primary   basis highest AM E, G, H:  7, 6, 3
    Auxiliary basis highest AM E, G, H:  7, 7, 4
    Onebody   basis highest AM E, G, H:  -, -, -
    Solid Harmonics ordering:            Gaussian

*** tstart() called on P3-Ultra
*** at Fri Jul 10 18:04:55 2026

   => Loading Basis Set <=

    Name: DEF2-MTZVP
    Role: ORBITAL
    Keyword: BASIS
    atoms 1   entry O          line   161 file /tmp/psi4-1.11/share/psi4/basis/def2-mtzvp.gbs 
    atoms 2-3 entry H          line     9 file /tmp/psi4-1.11/share/psi4/basis/def2-mtzvp.gbs 

   => B973C: Empirical Dispersion <=

    Grimme's -D3 (BJ-damping) Dispersion Correction with ATM
    Grimme S.; Ehrlich S.; Goerigk L. (2011), J. Comput. Chem., 32: 1456

        s6 =       1.000000
        s8 =       1.500000
        a1 =       0.370000
        a2 =       4.100000
        s9 =       1.000000


         ---------------------------------------------------------
                                   SCF
               by Justin Turney, Rob Parrish, Andy Simmonett
                          and Daniel G. A. Smith
                              RKS Reference
                        4 Threads,   3814 MiB Core
         ---------------------------------------------------------

  ==> Geometry <==

    Molecular point group: c1
    Full point group: Cs

    Geometry (in Angstrom), charge = 0, multiplicity = 1:

       Center              X                  Y                   Z               Mass       
    ------------   -----------------  -----------------  -----------------  -----------------
         O            0.002645886025    -0.000000000001     0.296484403591    15.994914619570
         H           -0.000000000003     0.757570655514    -0.297238505679     1.007825032230
         H            0.000000000031    -0.757570655514    -0.297238505680     1.007825032230

  Running in c1 symmetry.

  Rotational constants: A =     14.57238  B =     10.64112  C =      6.15019 [cm^-1]
  Rotational constants: A = 436868.81947  B = 319012.70242  C = 184378.07872 [MHz]
  Nuclear repulsion =    9.145871959688666

  Charge       = 0
  Multiplicity = 1
  Electrons    = 10
  Nalpha       = 5
  Nbeta        = 5

  ==> Algorithm <==

  SCF Algorithm Type is PK.
  DIIS enabled.
  MOM disabled.
  Fractional occupation disabled.
  Guess Type is SAD.
  Energy threshold   = 1.00e-10
  Density threshold  = 1.00e-10
  Integral threshold = 1.00e-12

  ==> Primary Basis <==

  Basis Set: DEF2-MTZVP
    Blend: DEF2-MTZVP
    Number of shells: 16
    Number of basis functions: 30
    Number of Cartesian functions: 32
    Spherical Harmonics?: true
    Max angular momentum: 2

  ==> DFT Potential <==

   => LibXC <=

    Version 7.0.0
    S. Lehtola, C. Steigemann, M. J.T. Oliveira, and M. A.L. Marques.,  SoftwareX 7, 1–5 (2018) (10.1016/j.softx.2017.11.002)

   => Composite Functional: B973C <= 

    B97-3c GGA-based 3C composite method with a TZ basis set, D3 and short-range basis set correction.  (10.1063/1.5012601)
     J. G. Brandenburg, C.Bannwarth, A. Hansen, S. Grimme J. Chem. Phys. 148, 064104, 2018


    Deriv               =              1
    GGA                 =           TRUE
    Meta                =          FALSE

    Exchange Hybrid     =          FALSE
    MP2 Hybrid          =          FALSE

   => Exchange-Correlation Functionals <=

    1.0000   Becke 97-3c by Grimme et. al.

   => LibXC Density Thresholds  <==

    XC_GGA_XC_B97_3C:  1.00E-14 

   => Molecular Quadrature <=

    Radial Scheme          =       TREUTLER
    Pruning Scheme         =           NONE
    Nuclear Scheme         =       TREUTLER

    Blocking Scheme        =         OCTREE
    BS radius alpha        =              1
    Pruning alpha          =              1
    Radial Points          =             99
    Spherical Points       =            590
    Total Points           =         170330
    Total Blocks           =           1313
    Max Points             =            256
    Max Functions          =             30
    Weights Tolerance      =       1.00E-15

  ==> Integral Setup <==

  Using in-core PK algorithm.
   Calculation information:
      Number of atoms:                   3
      Number of AO shells:              16
      Number of primitives:             29
      Number of atomic orbitals:        32
      Number of basis functions:        30

      Integral cutoff                 1.00e-12
      Number of threads:                 4

  Performing in-core PK
  Using 216690 doubles for integral storage.
  We computed 10900 shell quartets total.
  Whereas there are 9316 unique shell quartets.
    17.00 percent of shell quartets recomputed by reordering.

  ==> DiskJK: Disk-Based J/K Matrices <==

    J tasked:                  Yes
    K tasked:                   No
    wK tasked:                  No
    Memory [MiB]:             2715
    Schwarz Cutoff:          1E-12

    OpenMP threads:              4

  Cached 100.0% of DFT collocation blocks in 0.142 [GiB].

  Minimum eigenvalue in the overlap matrix is 8.6991014800E-03.
  Reciprocal condition number of the overlap matrix is 1.7463365041E-03.
    Using symmetric orthogonalization.

  ==> Pre-Iterations <==

  SCF Guess: Superposition of Atomic Densities via on-the-fly atomic UHF (no occupation information).

   -------------------------
    Irrep   Nso     Nmo    
   -------------------------
     A         30      30 
   -------------------------
    Total      30      30
   -------------------------

  ==> Iterations <==

                        Total Energy        Delta E     RMS |[F,P]|

   @RKS iter SAD:   -76.08187203924727   -7.60819e+01   0.00000e+00 
   @RKS iter   1:   -76.18635717464062   -1.04485e-01   2.61726e-02 DIIS
   @RKS iter   2:   -75.54244305587687    6.43914e-01   4.85024e-02 DIIS
   @RKS iter   3:   -76.39496154818281   -8.52518e-01   2.45097e-03 DIIS
   @RKS iter   4:   -76.39759248334369   -2.63094e-03   4.08314e-04 DIIS
   @RKS iter   5:   -76.39764771983899   -5.52365e-05   7.85452e-05 DIIS
   @RKS iter   6:   -76.39764960564284   -1.88580e-06   3.84702e-06 DIIS
   @RKS iter   7:   -76.39764960972720   -4.08436e-09   4.63022e-07 DIIS
   @RKS iter   8:   -76.39764960981584   -8.86473e-11   3.93821e-08 DIIS
   @RKS iter   9:   -76.39764960981640   -5.54223e-13   2.36914e-09 DIIS
   @RKS iter  10:   -76.39764960981653   -1.27898e-13   1.17009e-11 DIIS
  Energy and wave function converged.


  ==> Post-Iterations <==

   Electrons on quadrature grid:
      Ntotal   =    9.9999999853 ; deviation = -1.471e-08 

    Orbital Energies [Eh]
    ---------------------

    Doubly Occupied:                                                      

       1A    -18.744190     2A     -0.931249     3A     -0.481451  
       4A     -0.338170     5A     -0.256256  

    Virtual:                                                              

       6A      0.005631     7A      0.079337     8A      0.259441  
       9A      0.278449    10A      0.321530    11A      0.331896  
      12A      0.332879    13A      0.421107    14A      0.421403  
      15A      0.476902    16A      0.521336    17A      0.724359  
      18A      0.751424    19A      1.892208    20A      1.919000  
      21A      2.009836    22A      2.030765    23A      2.057175  
      24A      2.321477    25A      2.441933    26A      2.459294  
      27A      2.595954    28A      3.234615    29A      3.502595  
      30A     42.926427  

    Final Occupation by Irrep:
              A 
    DOCC [     5 ]
    NA   [     5 ]
    NB   [     5 ]

  @RKS Final Energy:   -76.39764960981653

   => Energetics <=

    Nuclear Repulsion Energy =              9.1458719596886660
    One-Electron Energy =                -123.0121643004527812
    Two-Electron Energy =                  46.7511363371742021
    DFT Exchange-Correlation Energy =      -9.2761321822281673
    Empirical Dispersion Energy =          -0.0063614239984398
    VV10 Nonlocal Energy =                  0.0000000000000000
    Total Energy =                        -76.3976496098165256

Computation Completed


Properties will be evaluated at   0.000000,   0.000000,   0.000000 [a0]

Properties computed using the SCF density matrix


 Multipole Moments:

 ------------------------------------------------------------------------------------
     Multipole            Electronic (a.u.)      Nuclear  (a.u.)        Total (a.u.)
 ------------------------------------------------------------------------------------

 L = 1.  Multiply by 2.5417464519 to convert [e a0] to [Debye]
 Dipole X            :         -0.0432103            0.0400000           -0.0032103
 Dipole Y            :          0.0000000           -0.0000000            0.0000000
 Dipole Z            :         -4.0791809            3.3587958           -0.7203850
 Magnitude           :                                                    0.7203922

 ------------------------------------------------------------------------------------

*** tstop() called on P3-Ultra at Fri Jul 10 18:04:56 2026
Module time:
	user time   =       2.94 seconds =       0.05 minutes
	system time =       0.09 seconds =       0.00 minutes
	total time  =          1 seconds =       0.02 minutes
Total time:
	user time   =      29.29 seconds =       0.49 minutes
	system time =       0.97 seconds =       0.02 minutes
	total time  =          8 seconds =       0.13 minutes

*** tstart() called on P3-Ultra
*** at Fri Jul 10 18:04:56 2026


         ------------------------------------------------------------
                                   SCF GRAD                          
                          Rob Parrish, Justin Turney,                
                       Andy Simmonett, and Alex Sokolov              
         ------------------------------------------------------------

  ==> Geometry <==

    Molecular point group: c1
    Full point group: Cs

    Geometry (in Angstrom), charge = 0, multiplicity = 1:

       Center              X                  Y                   Z               Mass       
    ------------   -----------------  -----------------  -----------------  -----------------
         O            0.002645886025    -0.000000000001     0.296484403591    15.994914619570
         H           -0.000000000003     0.757570655514    -0.297238505679     1.007825032230
         H            0.000000000031    -0.757570655514    -0.297238505680     1.007825032230

  Nuclear repulsion =    9.145871959688666

  ==> Basis Set <==

  Basis Set: DEF2-MTZVP
    Blend: DEF2-MTZVP
    Number of shells: 16
    Number of basis functions: 30
    Number of Cartesian functions: 32
    Spherical Harmonics?: true
    Max angular momentum: 2

  ==> DirectJKGrad: Integral-Direct SCF Gradients <==

    Gradient:                    1
    J tasked:                  Yes
    K tasked:                   No
    wK tasked:                  No
    Integrals threads:           4
    Schwarz Cutoff:          1E-12

  ==> DFT Potential <==

   => LibXC <=

    Version 7.0.0
    S. Lehtola, C. Steigemann, M. J.T. Oliveira, and M. A.L. Marques.,  SoftwareX 7, 1–5 (2018) (10.1016/j.softx.2017.11.002)

   => Composite Functional: B973C <= 

    B97-3c GGA-based 3C composite method with a TZ basis set, D3 and short-range basis set correction.  (10.1063/1.5012601)
     J. G. Brandenburg, C.Bannwarth, A. Hansen, S. Grimme J. Chem. Phys. 148, 064104, 2018


    Deriv               =              1
    GGA                 =           TRUE
    Meta                =          FALSE

    Exchange Hybrid     =          FALSE
    MP2 Hybrid          =          FALSE

   => Exchange-Correlation Functionals <=

    1.0000   Becke 97-3c by Grimme et. al.

   => LibXC Density Thresholds  <==

    XC_GGA_XC_B97_3C:  1.00E-14 

   => Molecular Quadrature <=

    Radial Scheme          =       TREUTLER
    Pruning Scheme         =           NONE
    Nuclear Scheme         =       TREUTLER

    Blocking Scheme        =         OCTREE
    BS radius alpha        =              1
    Pruning alpha          =              1
    Radial Points          =             99
    Spherical Points       =            590
    Total Points           =         170330
    Total Blocks           =           1313
    Max Points             =            256
    Max Functions          =             30
    Weights Tolerance      =       1.00E-15


  -Total Gradient:
     Atom            X                  Y                   Z
    ------   -----------------  -----------------  -----------------
       1        0.000000019242    -0.000000000000     0.000004317740
       2       -0.000000012385     0.000002162680    -0.000002779186
       3       -0.000000012385    -0.000002162680    -0.000002779186


*** tstop() called on P3-Ultra at Fri Jul 10 18:04:56 2026
Module time:
	user time   =       0.45 seconds =       0.01 minutes
	system time =       0.02 seconds =       0.00 minutes
	total time  =          0 seconds =       0.00 minutes
Total time:
	user time   =      29.78 seconds =       0.50 minutes
	system time =       0.99 seconds =       0.02 minutes
	total time  =          8 seconds =       0.13 minutes

Scratch directory: /tmp/psi4_h2o_isolated/psi4_scratch/
gradient() will perform analytic gradient computation.
   => Libint2 <=

    Primary   basis highest AM E, G, H:  7, 6, 3
    Auxiliary basis highest AM E, G, H:  7, 7, 4
    Onebody   basis highest AM E, G, H:  -, -, -
    Solid Harmonics ordering:            Gaussian

*** tstart() called on P3-Ultra
*** at Fri Jul 10 18:04:56 2026

   => Loading Basis Set <=

    Name: DEF2-MTZVP
    Role: ORBITAL
    Keyword: BASIS
    atoms 1   entry O          line   161 file /tmp/psi4-1.11/share/psi4/basis/def2-mtzvp.gbs 
    atoms 2-3 entry H          line     9 file /tmp/psi4-1.11/share/psi4/basis/def2-mtzvp.gbs 

   => B973C: Empirical Dispersion <=

    Grimme's -D3 (BJ-damping) Dispersion Correction with ATM
    Grimme S.; Ehrlich S.; Goerigk L. (2011), J. Comput. Chem., 32: 1456

        s6 =       1.000000
        s8 =       1.500000
        a1 =       0.370000
        a2 =       4.100000
        s9 =       1.000000


         ---------------------------------------------------------
                                   SCF
               by Justin Turney, Rob Parrish, Andy Simmonett
                          and Daniel G. A. Smith
                              RKS Reference
                        4 Threads,   3814 MiB Core
         ---------------------------------------------------------

  ==> Geometry <==

    Molecular point group: c1
    Full point group: Cs

    Geometry (in Angstrom), charge = 0, multiplicity = 1:

       Center              X                  Y                   Z               Mass       
    ------------   -----------------  -----------------  -----------------  -----------------
         O           -0.000000000028    -0.002645886054     0.296484403591    15.994914619570
         H           -0.000000000003     0.757570655514    -0.297238505679     1.007825032230
         H            0.000000000031    -0.757570655514    -0.297238505680     1.007825032230

  Running in c1 symmetry.

  Rotational constants: A =     14.57576  B =     10.63940  C =      6.15016 [cm^-1]
  Rotational constants: A = 436970.37682  B = 318961.10481  C = 184377.23199 [MHz]
  Nuclear repulsion =    9.145933729834221

  Charge       = 0
  Multiplicity = 1
  Electrons    = 10
  Nalpha       = 5
  Nbeta        = 5

  ==> Algorithm <==

  SCF Algorithm Type is PK.
  DIIS enabled.
  MOM disabled.
  Fractional occupation disabled.
  Guess Type is SAD.
  Energy threshold   = 1.00e-10
  Density threshold  = 1.00e-10
  Integral threshold = 1.00e-12

  ==> Primary Basis <==

  Basis Set: DEF2-MTZVP
    Blend: DEF2-MTZVP
    Number of shells: 16
    Number of basis functions: 30
    Number of Cartesian functions: 32
    Spherical Harmonics?: true
    Max angular momentum: 2

  ==> DFT Potential <==

   => LibXC <=

    Version 7.0.0
    S. Lehtola, C. Steigemann, M. J.T. Oliveira, and M. A.L. Marques.,  SoftwareX 7, 1–5 (2018) (10.1016/j.softx.2017.11.002)

   => Composite Functional: B973C <= 

    B97-3c GGA-based 3C composite method with a TZ basis set, D3 and short-range basis set correction.  (10.1063/1.5012601)
     J. G. Brandenburg, C.Bannwarth, A. Hansen, S. Grimme J. Chem. Phys. 148, 064104, 2018


    Deriv               =              1
    GGA                 =           TRUE
    Meta                =          FALSE

    Exchange Hybrid     =          FALSE
    MP2 Hybrid          =          FALSE

   => Exchange-Correlation Functionals <=

    1.0000   Becke 97-3c by Grimme et. al.

   => LibXC Density Thresholds  <==

    XC_GGA_XC_B97_3C:  1.00E-14 

   => Molecular Quadrature <=

    Radial Scheme          =       TREUTLER
    Pruning Scheme         =           NONE
    Nuclear Scheme         =       TREUTLER

    Blocking Scheme        =         OCTREE
    BS radius alpha        =              1
    Pruning alpha          =              1
    Radial Points          =             99
    Spherical Points       =            590
    Total Points           =         170337
    Total Blocks           =           1301
    Max Points             =            256
    Max Functions          =             30
    Weights Tolerance      =       1.00E-15

  ==> Integral Setup <==

  Using in-core PK algorithm.
   Calculation information:
      Number of atoms:                   3
      Number of AO shells:              16
      Number of primitives:             29
      Number of atomic orbitals:        32
      Number of basis functions:        30

      Integral cutoff                 1.00e-12
      Number of threads:                 4

  Performing in-core PK
  Using 216690 doubles for integral storage.
  We computed 10900 shell quartets total.
  Whereas there are 9316 unique shell quartets.
    17.00 percent of shell quartets recomputed by reordering.

  ==> DiskJK: Disk-Based J/K Matrices <==

    J tasked:                  Yes
    K tasked:                   No
    wK tasked:                  No
    Memory [MiB]:             2715
    Schwarz Cutoff:          1E-12

    OpenMP threads:              4

  Cached 100.0% of DFT collocation blocks in 0.142 [GiB].

  Minimum eigenvalue in the overlap matrix is 8.6984981513E-03.
  Reciprocal condition number of the overlap matrix is 1.7462130071E-03.
    Using symmetric orthogonalization.

  ==> Pre-Iterations <==

  SCF Guess: Superposition of Atomic Densities via on-the-fly atomic UHF (no occupation information).

   -------------------------
    Irrep   Nso     Nmo    
   -------------------------
     A         30      30 
   -------------------------
    Total      30      30
   -------------------------

  ==> Iterations <==

                        Total Energy        Delta E     RMS |[F,P]|

   @RKS iter SAD:   -76.08186743064378   -7.60819e+01   0.00000e+00 
   @RKS iter   1:   -76.18634245044727   -1.04475e-01   2.61729e-02 DIIS
   @RKS iter   2:   -75.54240369718227    6.43939e-01   4.85031e-02 DIIS
   @RKS iter   3:   -76.39495310272100   -8.52549e-01   2.45109e-03 DIIS
   @RKS iter   4:   -76.39758432316164   -2.63122e-03   4.08369e-04 DIIS
   @RKS iter   5:   -76.39763957948465   -5.52563e-05   7.85599e-05 DIIS
   @RKS iter   6:   -76.39764146604024   -1.88656e-06   3.88538e-06 DIIS
   @RKS iter   7:   -76.39764147021263   -4.17239e-09   5.45130e-07 DIIS
   @RKS iter   8:   -76.39764147032888   -1.16245e-10   1.34323e-07 DIIS
   @RKS iter   9:   -76.39764147033631   -7.43228e-12   1.63471e-08 DIIS
   @RKS iter  10:   -76.39764147033655   -2.41585e-13   1.00568e-09 DIIS
   @RKS iter  11:   -76.39764147033641    1.42109e-13   3.48160e-11 DIIS
  Energy and wave function converged.


  ==> Post-Iterations <==

   Electrons on quadrature grid:
      Ntotal   =    9.9999999854 ; deviation = -1.460e-08 

    Orbital Energies [Eh]
    ---------------------

    Doubly Occupied:                                                      

       1A    -18.744188     2A     -0.931253     3A     -0.481452  
       4A     -0.338170     5A     -0.256256  

    Virtual:                                                              

       6A      0.005626     7A      0.079338     8A      0.259435  
       9A      0.278455    10A      0.321531    11A      0.331887  
      12A      0.332890    13A      0.421106    14A      0.421403  
      15A      0.476884    16A      0.521363    17A      0.724360  
      18A      0.751427    19A      1.892166    20A      1.919060  
      21A      2.009838    22A      2.030762    23A      2.057176  
      24A      2.321475    25A      2.441933    26A      2.459299  
      27A      2.595963    28A      3.234552    29A      3.502661  
      30A     42.926423  

    Final Occupation by Irrep:
              A 
    DOCC [     5 ]
    NA   [     5 ]
    NB   [     5 ]

  @RKS Final Energy:   -76.39764147033641

   => Energetics <=

    Nuclear Repulsion Energy =              9.1459337298342209
    One-Electron Energy =                -123.0122586460669396
    Two-Electron Energy =                  46.7511838342565369
    DFT Exchange-Correlation Energy =      -9.2761386587184340
    Empirical Dispersion Energy =          -0.0063617296417941
    VV10 Nonlocal Energy =                  0.0000000000000000
    Total Energy =                        -76.3976414703364100

Computation Completed


Properties will be evaluated at   0.000000,   0.000000,   0.000000 [a0]

Properties computed using the SCF density matrix


 Multipole Moments:

 ------------------------------------------------------------------------------------
     Multipole            Electronic (a.u.)      Nuclear  (a.u.)        Total (a.u.)
 ------------------------------------------------------------------------------------

 L = 1.  Multiply by 2.5417464519 to convert [e a0] to [Debye]
 Dipole X            :          0.0000000           -0.0000000            0.0000000
 Dipole Y            :          0.0421466           -0.0400000            0.0021466
 Dipole Z            :         -4.0791854            3.3587958           -0.7203896
 Magnitude           :                                                    0.7203928

 ------------------------------------------------------------------------------------

*** tstop() called on P3-Ultra at Fri Jul 10 18:04:57 2026
Module time:
	user time   =       2.73 seconds =       0.05 minutes
	system time =       0.04 seconds =       0.00 minutes
	total time  =          1 seconds =       0.02 minutes
Total time:
	user time   =      32.66 seconds =       0.54 minutes
	system time =       1.03 seconds =       0.02 minutes
	total time  =          9 seconds =       0.15 minutes

*** tstart() called on P3-Ultra
*** at Fri Jul 10 18:04:57 2026


         ------------------------------------------------------------
                                   SCF GRAD                          
                          Rob Parrish, Justin Turney,                
                       Andy Simmonett, and Alex Sokolov              
         ------------------------------------------------------------

  ==> Geometry <==

    Molecular point group: c1
    Full point group: Cs

    Geometry (in Angstrom), charge = 0, multiplicity = 1:

       Center              X                  Y                   Z               Mass       
    ------------   -----------------  -----------------  -----------------  -----------------
         O           -0.000000000028    -0.002645886054     0.296484403591    15.994914619570
         H           -0.000000000003     0.757570655514    -0.297238505679     1.007825032230
         H            0.000000000031    -0.757570655514    -0.297238505680     1.007825032230

  Nuclear repulsion =    9.145933729834221

  ==> Basis Set <==

  Basis Set: DEF2-MTZVP
    Blend: DEF2-MTZVP
    Number of shells: 16
    Number of basis functions: 30
    Number of Cartesian functions: 32
    Spherical Harmonics?: true
    Max angular momentum: 2

  ==> DirectJKGrad: Integral-Direct SCF Gradients <==

    Gradient:                    1
    J tasked:                  Yes
    K tasked:                   No
    wK tasked:                  No
    Integrals threads:           4
    Schwarz Cutoff:          1E-12

  ==> DFT Potential <==

   => LibXC <=

    Version 7.0.0
    S. Lehtola, C. Steigemann, M. J.T. Oliveira, and M. A.L. Marques.,  SoftwareX 7, 1–5 (2018) (10.1016/j.softx.2017.11.002)

   => Composite Functional: B973C <= 

    B97-3c GGA-based 3C composite method with a TZ basis set, D3 and short-range basis set correction.  (10.1063/1.5012601)
     J. G. Brandenburg, C.Bannwarth, A. Hansen, S. Grimme J. Chem. Phys. 148, 064104, 2018


    Deriv               =              1
    GGA                 =           TRUE
    Meta                =          FALSE

    Exchange Hybrid     =          FALSE
    MP2 Hybrid          =          FALSE

   => Exchange-Correlation Functionals <=

    1.0000   Becke 97-3c by Grimme et. al.

   => LibXC Density Thresholds  <==

    XC_GGA_XC_B97_3C:  1.00E-14 

   => Molecular Quadrature <=

    Radial Scheme          =       TREUTLER
    Pruning Scheme         =           NONE
    Nuclear Scheme         =       TREUTLER

    Blocking Scheme        =         OCTREE
    BS radius alpha        =              1
    Pruning alpha          =              1
    Radial Points          =             99
    Spherical Points       =            590
    Total Points           =         170337
    Total Blocks           =           1301
    Max Points             =            256
    Max Functions          =             30
    Weights Tolerance      =       1.00E-15


  -Total Gradient:
     Atom            X                  Y                   Z
    ------   -----------------  -----------------  -----------------
       1       -0.000000000001    -0.003255203767    -0.000022577760
       2       -0.000000000000     0.001618918817    -0.001264839284
       3        0.000000000001     0.001636562406     0.001286200827


*** tstop() called on P3-Ultra at Fri Jul 10 18:04:57 2026
Module time:
	user time   =       0.52 seconds =       0.01 minutes
	system time =       0.02 seconds =       0.00 minutes
	total time  =          0 seconds =       0.00 minutes
Total time:
	user time   =      33.22 seconds =       0.55 minutes
	system time =       1.05 seconds =       0.02 minutes
	total time  =          9 seconds =       0.15 minutes

Scratch directory: /tmp/psi4_h2o_isolated/psi4_scratch/
gradient() will perform analytic gradient computation.
   => Libint2 <=

    Primary   basis highest AM E, G, H:  7, 6, 3
    Auxiliary basis highest AM E, G, H:  7, 7, 4
    Onebody   basis highest AM E, G, H:  -, -, -
    Solid Harmonics ordering:            Gaussian

*** tstart() called on P3-Ultra
*** at Fri Jul 10 18:04:57 2026

   => Loading Basis Set <=

    Name: DEF2-MTZVP
    Role: ORBITAL
    Keyword: BASIS
    atoms 1   entry O          line   161 file /tmp/psi4-1.11/share/psi4/basis/def2-mtzvp.gbs 
    atoms 2-3 entry H          line     9 file /tmp/psi4-1.11/share/psi4/basis/def2-mtzvp.gbs 

   => B973C: Empirical Dispersion <=

    Grimme's -D3 (BJ-damping) Dispersion Correction with ATM
    Grimme S.; Ehrlich S.; Goerigk L. (2011), J. Comput. Chem., 32: 1456

        s6 =       1.000000
        s8 =       1.500000
        a1 =       0.370000
        a2 =       4.100000
        s9 =       1.000000


         ---------------------------------------------------------
                                   SCF
               by Justin Turney, Rob Parrish, Andy Simmonett
                          and Daniel G. A. Smith
                              RKS Reference
                        4 Threads,   3814 MiB Core
         ---------------------------------------------------------

  ==> Geometry <==

    Molecular point group: c1
    Full point group: Cs

    Geometry (in Angstrom), charge = 0, multiplicity = 1:

       Center              X                  Y                   Z               Mass       
    ------------   -----------------  -----------------  -----------------  -----------------
         O           -0.000000000028     0.002645886053     0.296484403591    15.994914619570
         H           -0.000000000003     0.757570655514    -0.297238505679     1.007825032230
         H            0.000000000031    -0.757570655514    -0.297238505680     1.007825032230

  Running in c1 symmetry.

  Rotational constants: A =     14.57576  B =     10.63940  C =      6.15016 [cm^-1]
  Rotational constants: A = 436970.37682  B = 318961.10481  C = 184377.23199 [MHz]
  Nuclear repulsion =    9.145933729834242

  Charge       = 0
  Multiplicity = 1
  Electrons    = 10
  Nalpha       = 5
  Nbeta        = 5

  ==> Algorithm <==

  SCF Algorithm Type is PK.
  DIIS enabled.
  MOM disabled.
  Fractional occupation disabled.
  Guess Type is SAD.
  Energy threshold   = 1.00e-10
  Density threshold  = 1.00e-10
  Integral threshold = 1.00e-12

  ==> Primary Basis <==

  Basis Set: DEF2-MTZVP
    Blend: DEF2-MTZVP
    Number of shells: 16
    Number of basis functions: 30
    Number of Cartesian functions: 32
    Spherical Harmonics?: true
    Max angular momentum: 2

  ==> DFT Potential <==

   => LibXC <=

    Version 7.0.0
    S. Lehtola, C. Steigemann, M. J.T. Oliveira, and M. A.L. Marques.,  SoftwareX 7, 1–5 (2018) (10.1016/j.softx.2017.11.002)

   => Composite Functional: B973C <= 

    B97-3c GGA-based 3C composite method with a TZ basis set, D3 and short-range basis set correction.  (10.1063/1.5012601)
     J. G. Brandenburg, C.Bannwarth, A. Hansen, S. Grimme J. Chem. Phys. 148, 064104, 2018


    Deriv               =              1
    GGA                 =           TRUE
    Meta                =          FALSE

    Exchange Hybrid     =          FALSE
    MP2 Hybrid          =          FALSE

   => Exchange-Correlation Functionals <=

    1.0000   Becke 97-3c by Grimme et. al.

   => LibXC Density Thresholds  <==

    XC_GGA_XC_B97_3C:  1.00E-14 

   => Molecular Quadrature <=

    Radial Scheme          =       TREUTLER
    Pruning Scheme         =           NONE
    Nuclear Scheme         =       TREUTLER

    Blocking Scheme        =         OCTREE
    BS radius alpha        =              1
    Pruning alpha          =              1
    Radial Points          =             99
    Spherical Points       =            590
    Total Points           =         170337
    Total Blocks           =           1309
    Max Points             =            256
    Max Functions          =             30
    Weights Tolerance      =       1.00E-15

  ==> Integral Setup <==

  Using in-core PK algorithm.
   Calculation information:
      Number of atoms:                   3
      Number of AO shells:              16
      Number of primitives:             29
      Number of atomic orbitals:        32
      Number of basis functions:        30

      Integral cutoff                 1.00e-12
      Number of threads:                 4

  Performing in-core PK
  Using 216690 doubles for integral storage.
  We computed 10900 shell quartets total.
  Whereas there are 9316 unique shell quartets.
    17.00 percent of shell quartets recomputed by reordering.

  ==> DiskJK: Disk-Based J/K Matrices <==

    J tasked:                  Yes
    K tasked:                   No
    wK tasked:                  No
    Memory [MiB]:             2715
    Schwarz Cutoff:          1E-12

    OpenMP threads:              4

  Cached 100.0% of DFT collocation blocks in 0.142 [GiB].

  Minimum eigenvalue in the overlap matrix is 8.6984981513E-03.
  Reciprocal condition number of the overlap matrix is 1.7462130071E-03.
    Using symmetric orthogonalization.

  ==> Pre-Iterations <==

  SCF Guess: Superposition of Atomic Densities via on-the-fly atomic UHF (no occupation information).

   -------------------------
    Irrep   Nso     Nmo    
   -------------------------
     A         30      30 
   -------------------------
    Total      30      30
   -------------------------

  ==> Iterations <==

                        Total Energy        Delta E     RMS |[F,P]|

   @RKS iter SAD:   -76.08186743064384   -7.60819e+01   0.00000e+00 
   @RKS iter   1:   -76.18634245044727   -1.04475e-01   2.61729e-02 DIIS
   @RKS iter   2:   -75.54240369718265    6.43939e-01   4.85031e-02 DIIS
   @RKS iter   3:   -76.39495310272109   -8.52549e-01   2.45109e-03 DIIS
   @RKS iter   4:   -76.39758432316169   -2.63122e-03   4.08369e-04 DIIS
   @RKS iter   5:   -76.39763957948475   -5.52563e-05   7.85599e-05 DIIS
   @RKS iter   6:   -76.39764146604027   -1.88656e-06   3.88538e-06 DIIS
   @RKS iter   7:   -76.39764147021270   -4.17243e-09   5.45130e-07 DIIS
   @RKS iter   8:   -76.39764147032889   -1.16188e-10   1.34323e-07 DIIS
   @RKS iter   9:   -76.39764147033621   -7.31859e-12   1.63471e-08 DIIS
   @RKS iter  10:   -76.39764147033635   -1.42109e-13   1.00568e-09 DIIS
   @RKS iter  11:   -76.39764147033635    0.00000e+00   3.48163e-11 DIIS
  Energy and wave function converged.


  ==> Post-Iterations <==

   Electrons on quadrature grid:
      Ntotal   =    9.9999999854 ; deviation = -1.460e-08 

    Orbital Energies [Eh]
    ---------------------

    Doubly Occupied:                                                      

       1A    -18.744188     2A     -0.931253     3A     -0.481452  
       4A     -0.338170     5A     -0.256256  

    Virtual:                                                              

       6A      0.005626     7A      0.079338     8A      0.259435  
       9A      0.278455    10A      0.321531    11A      0.331887  
      12A      0.332890    13A      0.421106    14A      0.421403  
      15A      0.476884    16A      0.521363    17A      0.724360  
      18A      0.751427    19A      1.892166    20A      1.919060  
      21A      2.009838    22A      2.030762    23A      2.057176  
      24A      2.321475    25A      2.441933    26A      2.459299  
      27A      2.595963    28A      3.234552    29A      3.502661  
      30A     42.926423  

    Final Occupation by Irrep:
              A 
    DOCC [     5 ]
    NA   [     5 ]
    NB   [     5 ]

  @RKS Final Energy:   -76.39764147033635

   => Energetics <=

    Nuclear Repulsion Energy =              9.1459337298342422
    One-Electron Energy =                -123.0122586460668117
    Two-Electron Energy =                  46.7511838342564445
    DFT Exchange-Correlation Energy =      -9.2761386587184234
    Empirical Dispersion Energy =          -0.0063617296417941
    VV10 Nonlocal Energy =                  0.0000000000000000
    Total Energy =                        -76.3976414703363531

Computation Completed


Properties will be evaluated at   0.000000,   0.000000,   0.000000 [a0]

Properties computed using the SCF density matrix


 Multipole Moments:

 ------------------------------------------------------------------------------------
     Multipole            Electronic (a.u.)      Nuclear  (a.u.)        Total (a.u.)
 ------------------------------------------------------------------------------------

 L = 1.  Multiply by 2.5417464519 to convert [e a0] to [Debye]
 Dipole X            :          0.0000000           -0.0000000            0.0000000
 Dipole Y            :         -0.0421466            0.0400000           -0.0021466
 Dipole Z            :         -4.0791854            3.3587958           -0.7203896
 Magnitude           :                                                    0.7203928

 ------------------------------------------------------------------------------------

*** tstop() called on P3-Ultra at Fri Jul 10 18:04:58 2026
Module time:
	user time   =       3.36 seconds =       0.06 minutes
	system time =       0.01 seconds =       0.00 minutes
	total time  =          1 seconds =       0.02 minutes
Total time:
	user time   =      36.75 seconds =       0.61 minutes
	system time =       1.07 seconds =       0.02 minutes
	total time  =         10 seconds =       0.17 minutes

*** tstart() called on P3-Ultra
*** at Fri Jul 10 18:04:58 2026


         ------------------------------------------------------------
                                   SCF GRAD                          
                          Rob Parrish, Justin Turney,                
                       Andy Simmonett, and Alex Sokolov              
         ------------------------------------------------------------

  ==> Geometry <==

    Molecular point group: c1
    Full point group: Cs

    Geometry (in Angstrom), charge = 0, multiplicity = 1:

       Center              X                  Y                   Z               Mass       
    ------------   -----------------  -----------------  -----------------  -----------------
         O           -0.000000000028     0.002645886053     0.296484403591    15.994914619570
         H           -0.000000000003     0.757570655514    -0.297238505679     1.007825032230
         H            0.000000000031    -0.757570655514    -0.297238505680     1.007825032230

  Nuclear repulsion =    9.145933729834242

  ==> Basis Set <==

  Basis Set: DEF2-MTZVP
    Blend: DEF2-MTZVP
    Number of shells: 16
    Number of basis functions: 30
    Number of Cartesian functions: 32
    Spherical Harmonics?: true
    Max angular momentum: 2

  ==> DirectJKGrad: Integral-Direct SCF Gradients <==

    Gradient:                    1
    J tasked:                  Yes
    K tasked:                   No
    wK tasked:                  No
    Integrals threads:           4
    Schwarz Cutoff:          1E-12

  ==> DFT Potential <==

   => LibXC <=

    Version 7.0.0
    S. Lehtola, C. Steigemann, M. J.T. Oliveira, and M. A.L. Marques.,  SoftwareX 7, 1–5 (2018) (10.1016/j.softx.2017.11.002)

   => Composite Functional: B973C <= 

    B97-3c GGA-based 3C composite method with a TZ basis set, D3 and short-range basis set correction.  (10.1063/1.5012601)
     J. G. Brandenburg, C.Bannwarth, A. Hansen, S. Grimme J. Chem. Phys. 148, 064104, 2018


    Deriv               =              1
    GGA                 =           TRUE
    Meta                =          FALSE

    Exchange Hybrid     =          FALSE
    MP2 Hybrid          =          FALSE

   => Exchange-Correlation Functionals <=

    1.0000   Becke 97-3c by Grimme et. al.

   => LibXC Density Thresholds  <==

    XC_GGA_XC_B97_3C:  1.00E-14 

   => Molecular Quadrature <=

    Radial Scheme          =       TREUTLER
    Pruning Scheme         =           NONE
    Nuclear Scheme         =       TREUTLER

    Blocking Scheme        =         OCTREE
    BS radius alpha        =              1
    Pruning alpha          =              1
    Radial Points          =             99
    Spherical Points       =            590
    Total Points           =         170337
    Total Blocks           =           1309
    Max Points             =            256
    Max Functions          =             30
    Weights Tolerance      =       1.00E-15


  -Total Gradient:
     Atom            X                  Y                   Z
    ------   -----------------  -----------------  -----------------
       1       -0.000000000001     0.003255203767    -0.000022577760
       2       -0.000000000001    -0.001636562406     0.001286200827
       3        0.000000000001    -0.001618918817    -0.001264839284


*** tstop() called on P3-Ultra at Fri Jul 10 18:04:58 2026
Module time:
	user time   =       0.47 seconds =       0.01 minutes
	system time =       0.01 seconds =       0.00 minutes
	total time  =          0 seconds =       0.00 minutes
Total time:
	user time   =      37.26 seconds =       0.62 minutes
	system time =       1.09 seconds =       0.02 minutes
	total time  =         10 seconds =       0.17 minutes

Scratch directory: /tmp/psi4_h2o_isolated/psi4_scratch/
gradient() will perform analytic gradient computation.
   => Libint2 <=

    Primary   basis highest AM E, G, H:  7, 6, 3
    Auxiliary basis highest AM E, G, H:  7, 7, 4
    Onebody   basis highest AM E, G, H:  -, -, -
    Solid Harmonics ordering:            Gaussian

*** tstart() called on P3-Ultra
*** at Fri Jul 10 18:04:58 2026

   => Loading Basis Set <=

    Name: DEF2-MTZVP
    Role: ORBITAL
    Keyword: BASIS
    atoms 1   entry O          line   161 file /tmp/psi4-1.11/share/psi4/basis/def2-mtzvp.gbs 
    atoms 2-3 entry H          line     9 file /tmp/psi4-1.11/share/psi4/basis/def2-mtzvp.gbs 

   => B973C: Empirical Dispersion <=

    Grimme's -D3 (BJ-damping) Dispersion Correction with ATM
    Grimme S.; Ehrlich S.; Goerigk L. (2011), J. Comput. Chem., 32: 1456

        s6 =       1.000000
        s8 =       1.500000
        a1 =       0.370000
        a2 =       4.100000
        s9 =       1.000000


         ---------------------------------------------------------
                                   SCF
               by Justin Turney, Rob Parrish, Andy Simmonett
                          and Daniel G. A. Smith
                              RKS Reference
                        4 Threads,   3814 MiB Core
         ---------------------------------------------------------

  ==> Geometry <==

    Molecular point group: c1
    Full point group: C2v

    Geometry (in Angstrom), charge = 0, multiplicity = 1:

       Center              X                  Y                   Z               Mass       
    ------------   -----------------  -----------------  -----------------  -----------------
         O           -0.000000000028    -0.000000000001     0.293838517537    15.994914619570
         H           -0.000000000003     0.757570655514    -0.297238505679     1.007825032230
         H            0.000000000031    -0.757570655514    -0.297238505680     1.007825032230

  Running in c1 symmetry.

  Rotational constants: A =     14.57253  B =     10.81239  C =      6.20699 [cm^-1]
  Rotational constants: A = 436873.57319  B = 324147.44037  C = 186080.86767 [MHz]
  Nuclear repulsion =    9.160826238575002

  Charge       = 0
  Multiplicity = 1
  Electrons    = 10
  Nalpha       = 5
  Nbeta        = 5

  ==> Algorithm <==

  SCF Algorithm Type is PK.
  DIIS enabled.
  MOM disabled.
  Fractional occupation disabled.
  Guess Type is SAD.
  Energy threshold   = 1.00e-10
  Density threshold  = 1.00e-10
  Integral threshold = 1.00e-12

  ==> Primary Basis <==

  Basis Set: DEF2-MTZVP
    Blend: DEF2-MTZVP
    Number of shells: 16
    Number of basis functions: 30
    Number of Cartesian functions: 32
    Spherical Harmonics?: true
    Max angular momentum: 2

  ==> DFT Potential <==

   => LibXC <=

    Version 7.0.0
    S. Lehtola, C. Steigemann, M. J.T. Oliveira, and M. A.L. Marques.,  SoftwareX 7, 1–5 (2018) (10.1016/j.softx.2017.11.002)

   => Composite Functional: B973C <= 

    B97-3c GGA-based 3C composite method with a TZ basis set, D3 and short-range basis set correction.  (10.1063/1.5012601)
     J. G. Brandenburg, C.Bannwarth, A. Hansen, S. Grimme J. Chem. Phys. 148, 064104, 2018


    Deriv               =              1
    GGA                 =           TRUE
    Meta                =          FALSE

    Exchange Hybrid     =          FALSE
    MP2 Hybrid          =          FALSE

   => Exchange-Correlation Functionals <=

    1.0000   Becke 97-3c by Grimme et. al.

   => LibXC Density Thresholds  <==

    XC_GGA_XC_B97_3C:  1.00E-14 

   => Molecular Quadrature <=

    Radial Scheme          =       TREUTLER
    Pruning Scheme         =           NONE
    Nuclear Scheme         =       TREUTLER

    Blocking Scheme        =         OCTREE
    BS radius alpha        =              1
    Pruning alpha          =              1
    Radial Points          =             99
    Spherical Points       =            590
    Total Points           =         170334
    Total Blocks           =           1306
    Max Points             =            256
    Max Functions          =             30
    Weights Tolerance      =       1.00E-15

  ==> Integral Setup <==

  Using in-core PK algorithm.
   Calculation information:
      Number of atoms:                   3
      Number of AO shells:              16
      Number of primitives:             29
      Number of atomic orbitals:        32
      Number of basis functions:        30

      Integral cutoff                 1.00e-12
      Number of threads:                 4

  Performing in-core PK
  Using 216690 doubles for integral storage.
  We computed 10900 shell quartets total.
  Whereas there are 9316 unique shell quartets.
    17.00 percent of shell quartets recomputed by reordering.

  ==> DiskJK: Disk-Based J/K Matrices <==

    J tasked:                  Yes
    K tasked:                   No
    wK tasked:                  No
    Memory [MiB]:             2715
    Schwarz Cutoff:          1E-12

    OpenMP threads:              4

  Cached 100.0% of DFT collocation blocks in 0.142 [GiB].

  Minimum eigenvalue in the overlap matrix is 8.6790554674E-03.
  Reciprocal condition number of the overlap matrix is 1.7416088739E-03.
    Using symmetric orthogonalization.

  ==> Pre-Iterations <==

  SCF Guess: Superposition of Atomic Densities via on-the-fly atomic UHF (no occupation information).

   -------------------------
    Irrep   Nso     Nmo    
   -------------------------
     A         30      30 
   -------------------------
    Total      30      30
   -------------------------

  ==> Iterations <==

                        Total Energy        Delta E     RMS |[F,P]|

   @RKS iter SAD:   -76.08257487698828   -7.60826e+01   0.00000e+00 
   @RKS iter   1:   -76.18606780715280   -1.03493e-01   2.62020e-02 DIIS
   @RKS iter   2:   -75.54484226547692    6.41226e-01   4.84667e-02 DIIS
   @RKS iter   3:   -76.39497448685057   -8.50132e-01   2.44408e-03 DIIS
   @RKS iter   4:   -76.39758772859709   -2.61324e-03   4.05543e-04 DIIS
   @RKS iter   5:   -76.39764207594168   -5.43473e-05   7.81931e-05 DIIS
   @RKS iter   6:   -76.39764394367400   -1.86773e-06   3.82609e-06 DIIS
   @RKS iter   7:   -76.39764394770943   -4.03543e-09   4.56005e-07 DIIS
   @RKS iter   8:   -76.39764394779532   -8.58904e-11   3.87338e-08 DIIS
   @RKS iter   9:   -76.39764394779588   -5.68434e-13   2.32429e-09 DIIS
   @RKS iter  10:   -76.39764394779573    1.56319e-13   1.16548e-11 DIIS
  Energy and wave function converged.


  ==> Post-Iterations <==

   Electrons on quadrature grid:
      Ntotal   =    9.9999999851 ; deviation = -1.495e-08 

    Orbital Energies [Eh]
    ---------------------

    Doubly Occupied:                                                      

       1A    -18.743808     2A     -0.931749     3A     -0.482466  
       4A     -0.337776     5A     -0.256322  

    Virtual:                                                              

       6A      0.006028     7A      0.079739     8A      0.259827  
       9A      0.278265    10A      0.321905    11A      0.332098  
      12A      0.332806    13A      0.421060    14A      0.421349  
      15A      0.477750    16A      0.522126    17A      0.724786  
      18A      0.751365    19A      1.892023    20A      1.920970  
      21A      2.010276    22A      2.030220    23A      2.057177  
      24A      2.322663    25A      2.441931    26A      2.459527  
      27A      2.596530    28A      3.236166    29A      3.508358  
      30A     42.927211  

    Final Occupation by Irrep:
              A 
    DOCC [     5 ]
    NA   [     5 ]
    NB   [     5 ]

  @RKS Final Energy:   -76.39764394779573

   => Energetics <=

    Nuclear Repulsion Energy =              9.1608262385750017
    One-Electron Energy =                -123.0393544906175691
    Two-Electron Energy =                  46.7649724724102356
    DFT Exchange-Correlation Energy =      -9.2776858083025822
    Empirical Dispersion Energy =          -0.0064023598608212
    VV10 Nonlocal Energy =                  0.0000000000000000
    Total Energy =                        -76.3976439477957285

Computation Completed


Properties will be evaluated at   0.000000,   0.000000,   0.000000 [a0]

Properties computed using the SCF density matrix


 Multipole Moments:

 ------------------------------------------------------------------------------------
     Multipole            Electronic (a.u.)      Nuclear  (a.u.)        Total (a.u.)
 ------------------------------------------------------------------------------------

 L = 1.  Multiply by 2.5417464519 to convert [e a0] to [Debye]
 Dipole X            :          0.0000000           -0.0000000            0.0000000
 Dipole Y            :          0.0000000           -0.0000000            0.0000000
 Dipole Z            :         -4.0376128            3.3187958           -0.7188170
 Magnitude           :                                                    0.7188170

 ------------------------------------------------------------------------------------

*** tstop() called on P3-Ultra at Fri Jul 10 18:05:01 2026
Module time:
	user time   =       3.39 seconds =       0.06 minutes
	system time =       0.03 seconds =       0.00 minutes
	total time  =          3 seconds =       0.05 minutes
Total time:
	user time   =      40.81 seconds =       0.68 minutes
	system time =       1.12 seconds =       0.02 minutes
	total time  =         13 seconds =       0.22 minutes

*** tstart() called on P3-Ultra
*** at Fri Jul 10 18:05:01 2026


         ------------------------------------------------------------
                                   SCF GRAD                          
                          Rob Parrish, Justin Turney,                
                       Andy Simmonett, and Alex Sokolov              
         ------------------------------------------------------------

  ==> Geometry <==

    Molecular point group: c1
    Full point group: C2v

    Geometry (in Angstrom), charge = 0, multiplicity = 1:

       Center              X                  Y                   Z               Mass       
    ------------   -----------------  -----------------  -----------------  -----------------
         O           -0.000000000028    -0.000000000001     0.293838517537    15.994914619570
         H           -0.000000000003     0.757570655514    -0.297238505679     1.007825032230
         H            0.000000000031    -0.757570655514    -0.297238505680     1.007825032230

  Nuclear repulsion =    9.160826238575002

  ==> Basis Set <==

  Basis Set: DEF2-MTZVP
    Blend: DEF2-MTZVP
    Number of shells: 16
    Number of basis functions: 30
    Number of Cartesian functions: 32
    Spherical Harmonics?: true
    Max angular momentum: 2

  ==> DirectJKGrad: Integral-Direct SCF Gradients <==

    Gradient:                    1
    J tasked:                  Yes
    K tasked:                   No
    wK tasked:                  No
    Integrals threads:           4
    Schwarz Cutoff:          1E-12

  ==> DFT Potential <==

   => LibXC <=

    Version 7.0.0
    S. Lehtola, C. Steigemann, M. J.T. Oliveira, and M. A.L. Marques.,  SoftwareX 7, 1–5 (2018) (10.1016/j.softx.2017.11.002)

   => Composite Functional: B973C <= 

    B97-3c GGA-based 3C composite method with a TZ basis set, D3 and short-range basis set correction.  (10.1063/1.5012601)
     J. G. Brandenburg, C.Bannwarth, A. Hansen, S. Grimme J. Chem. Phys. 148, 064104, 2018


    Deriv               =              1
    GGA                 =           TRUE
    Meta                =          FALSE

    Exchange Hybrid     =          FALSE
    MP2 Hybrid          =          FALSE

   => Exchange-Correlation Functionals <=

    1.0000   Becke 97-3c by Grimme et. al.

   => LibXC Density Thresholds  <==

    XC_GGA_XC_B97_3C:  1.00E-14 

   => Molecular Quadrature <=

    Radial Scheme          =       TREUTLER
    Pruning Scheme         =           NONE
    Nuclear Scheme         =       TREUTLER

    Blocking Scheme        =         OCTREE
    BS radius alpha        =              1
    Pruning alpha          =              1
    Radial Points          =             99
    Spherical Points       =            590
    Total Points           =         170334
    Total Blocks           =           1306
    Max Points             =            256
    Max Functions          =             30
    Weights Tolerance      =       1.00E-15


  -Total Gradient:
     Atom            X                  Y                   Z
    ------   -----------------  -----------------  -----------------
       1       -0.000000000000     0.000000000000    -0.002266125073
       2       -0.000000000001    -0.000949840367     0.001132489474
       3        0.000000000001     0.000949840367     0.001132489474


*** tstop() called on P3-Ultra at Fri Jul 10 18:05:01 2026
Module time:
	user time   =       0.60 seconds =       0.01 minutes
	system time =       0.01 seconds =       0.00 minutes
	total time  =          0 seconds =       0.00 minutes
Total time:
	user time   =      41.50 seconds =       0.69 minutes
	system time =       1.13 seconds =       0.02 minutes
	total time  =         13 seconds =       0.22 minutes

Scratch directory: /tmp/psi4_h2o_isolated/psi4_scratch/
gradient() will perform analytic gradient computation.
   => Libint2 <=

    Primary   basis highest AM E, G, H:  7, 6, 3
    Auxiliary basis highest AM E, G, H:  7, 7, 4
    Onebody   basis highest AM E, G, H:  -, -, -
    Solid Harmonics ordering:            Gaussian

*** tstart() called on P3-Ultra
*** at Fri Jul 10 18:05:01 2026

   => Loading Basis Set <=

    Name: DEF2-MTZVP
    Role: ORBITAL
    Keyword: BASIS
    atoms 1   entry O          line   161 file /tmp/psi4-1.11/share/psi4/basis/def2-mtzvp.gbs 
    atoms 2-3 entry H          line     9 file /tmp/psi4-1.11/share/psi4/basis/def2-mtzvp.gbs 

   => B973C: Empirical Dispersion <=

    Grimme's -D3 (BJ-damping) Dispersion Correction with ATM
    Grimme S.; Ehrlich S.; Goerigk L. (2011), J. Comput. Chem., 32: 1456

        s6 =       1.000000
        s8 =       1.500000
        a1 =       0.370000
        a2 =       4.100000
        s9 =       1.000000


         ---------------------------------------------------------
                                   SCF
               by Justin Turney, Rob Parrish, Andy Simmonett
                          and Daniel G. A. Smith
                              RKS Reference
                        4 Threads,   3814 MiB Core
         ---------------------------------------------------------

  ==> Geometry <==

    Molecular point group: c1
    Full point group: C2v

    Geometry (in Angstrom), charge = 0, multiplicity = 1:

       Center              X                  Y                   Z               Mass       
    ------------   -----------------  -----------------  -----------------  -----------------
         O           -0.000000000028    -0.000000000001     0.299130289644    15.994914619570
         H           -0.000000000003     0.757570655514    -0.297238505679     1.007825032230
         H            0.000000000031    -0.757570655514    -0.297238505680     1.007825032230

  Running in c1 symmetry.

  Rotational constants: A =     14.57253  B =     10.47518  C =      6.09437 [cm^-1]
  Rotational constants: A = 436873.57319  B = 314038.10392  C = 182704.50808 [MHz]
  Nuclear repulsion =    9.130993560860295

  Charge       = 0
  Multiplicity = 1
  Electrons    = 10
  Nalpha       = 5
  Nbeta        = 5

  ==> Algorithm <==

  SCF Algorithm Type is PK.
  DIIS enabled.
  MOM disabled.
  Fractional occupation disabled.
  Guess Type is SAD.
  Energy threshold   = 1.00e-10
  Density threshold  = 1.00e-10
  Integral threshold = 1.00e-12

  ==> Primary Basis <==

  Basis Set: DEF2-MTZVP
    Blend: DEF2-MTZVP
    Number of shells: 16
    Number of basis functions: 30
    Number of Cartesian functions: 32
    Spherical Harmonics?: true
    Max angular momentum: 2

  ==> DFT Potential <==

   => LibXC <=

    Version 7.0.0
    S. Lehtola, C. Steigemann, M. J.T. Oliveira, and M. A.L. Marques.,  SoftwareX 7, 1–5 (2018) (10.1016/j.softx.2017.11.002)

   => Composite Functional: B973C <= 

    B97-3c GGA-based 3C composite method with a TZ basis set, D3 and short-range basis set correction.  (10.1063/1.5012601)
     J. G. Brandenburg, C.Bannwarth, A. Hansen, S. Grimme J. Chem. Phys. 148, 064104, 2018


    Deriv               =              1
    GGA                 =           TRUE
    Meta                =          FALSE

    Exchange Hybrid     =          FALSE
    MP2 Hybrid          =          FALSE

   => Exchange-Correlation Functionals <=

    1.0000   Becke 97-3c by Grimme et. al.

   => LibXC Density Thresholds  <==

    XC_GGA_XC_B97_3C:  1.00E-14 

   => Molecular Quadrature <=

    Radial Scheme          =       TREUTLER
    Pruning Scheme         =           NONE
    Nuclear Scheme         =       TREUTLER

    Blocking Scheme        =         OCTREE
    BS radius alpha        =              1
    Pruning alpha          =              1
    Radial Points          =             99
    Spherical Points       =            590
    Total Points           =         170336
    Total Blocks           =           1310
    Max Points             =            256
    Max Functions          =             30
    Weights Tolerance      =       1.00E-15

  ==> Integral Setup <==

  Using in-core PK algorithm.
   Calculation information:
      Number of atoms:                   3
      Number of AO shells:              16
      Number of primitives:             29
      Number of atomic orbitals:        32
      Number of basis functions:        30

      Integral cutoff                 1.00e-12
      Number of threads:                 4

  Performing in-core PK
  Using 216690 doubles for integral storage.
  We computed 10900 shell quartets total.
  Whereas there are 9316 unique shell quartets.
    17.00 percent of shell quartets recomputed by reordering.

  ==> DiskJK: Disk-Based J/K Matrices <==

    J tasked:                  Yes
    K tasked:                   No
    wK tasked:                  No
    Memory [MiB]:             2715
    Schwarz Cutoff:          1E-12

    OpenMP threads:              4

  Cached 100.0% of DFT collocation blocks in 0.142 [GiB].

  Minimum eigenvalue in the overlap matrix is 8.7190886366E-03.
  Reciprocal condition number of the overlap matrix is 1.7510548965E-03.
    Using symmetric orthogonalization.

  ==> Pre-Iterations <==

  SCF Guess: Superposition of Atomic Densities via on-the-fly atomic UHF (no occupation information).

   -------------------------
    Irrep   Nso     Nmo    
   -------------------------
     A         30      30 
   -------------------------
    Total      30      30
   -------------------------

  ==> Iterations <==

                        Total Energy        Delta E     RMS |[F,P]|

   @RKS iter SAD:   -76.08116350497809   -7.60812e+01   0.00000e+00 
   @RKS iter   1:   -76.18662985154093   -1.05466e-01   2.61435e-02 DIIS
   @RKS iter   2:   -75.54000552080046    6.46624e-01   4.85387e-02 DIIS
   @RKS iter   3:   -76.39493703461245   -8.54932e-01   2.45795e-03 DIIS
   @RKS iter   4:   -76.39758592224443   -2.64889e-03   4.11099e-04 DIIS
   @RKS iter   5:   -76.39764206119401   -5.61389e-05   7.88970e-05 DIIS
   @RKS iter   6:   -76.39764396516610   -1.90397e-06   3.86812e-06 DIIS
   @RKS iter   7:   -76.39764396930025   -4.13415e-09   4.70111e-07 DIIS
   @RKS iter   8:   -76.39764396939164   -9.13900e-11   4.00407e-08 DIIS
   @RKS iter   9:   -76.39764396939215   -5.11591e-13   2.41494e-09 DIIS
   @RKS iter  10:   -76.39764396939212    2.84217e-14   1.17567e-11 DIIS
  Energy and wave function converged.


  ==> Post-Iterations <==

   Electrons on quadrature grid:
      Ntotal   =    9.9999999856 ; deviation = -1.443e-08 

    Orbital Energies [Eh]
    ---------------------

    Doubly Occupied:                                                      

       1A    -18.744570     2A     -0.930750     3A     -0.480443  
       4A     -0.338561     5A     -0.256191  

    Virtual:                                                              

       6A      0.005233     7A      0.078931     8A      0.259057  
       9A      0.278632    10A      0.321154    11A      0.331696  
      12A      0.332952    13A      0.421152    14A      0.421456  
      15A      0.476058    16A      0.520552    17A      0.723934  
      18A      0.751483    19A      1.892391    20A      1.917051  
      21A      2.009410    22A      2.031306    23A      2.057175  
      24A      2.320306    25A      2.441935    26A      2.459054  
      27A      2.595390    28A      3.233071    29A      3.496819  
      30A     42.925638  

    Final Occupation by Irrep:
              A 
    DOCC [     5 ]
    NA   [     5 ]
    NB   [     5 ]

  @RKS Final Energy:   -76.39764396939212

   => Energetics <=

    Nuclear Repulsion Energy =              9.1309935608602952
    One-Electron Energy =                -122.9850885336353770
    Two-Electron Energy =                  46.7373575149496645
    DFT Exchange-Correlation Energy =      -9.2745856480441660
    Empirical Dispersion Energy =          -0.0063208635225310
    VV10 Nonlocal Energy =                  0.0000000000000000
    Total Energy =                        -76.3976439693921208

Computation Completed


Properties will be evaluated at   0.000000,   0.000000,   0.000000 [a0]

Properties computed using the SCF density matrix


 Multipole Moments:

 ------------------------------------------------------------------------------------
     Multipole            Electronic (a.u.)      Nuclear  (a.u.)        Total (a.u.)
 ------------------------------------------------------------------------------------

 L = 1.  Multiply by 2.5417464519 to convert [e a0] to [Debye]
 Dipole X            :          0.0000000           -0.0000000            0.0000000
 Dipole Y            :          0.0000000           -0.0000000            0.0000000
 Dipole Z            :         -4.1207469            3.3987958           -0.7219511
 Magnitude           :                                                    0.7219511

 ------------------------------------------------------------------------------------

*** tstop() called on P3-Ultra at Fri Jul 10 18:05:02 2026
Module time:
	user time   =       3.47 seconds =       0.06 minutes
	system time =       0.06 seconds =       0.00 minutes
	total time  =          1 seconds =       0.02 minutes
Total time:
	user time   =      45.20 seconds =       0.75 minutes
	system time =       1.19 seconds =       0.02 minutes
	total time  =         14 seconds =       0.23 minutes

*** tstart() called on P3-Ultra
*** at Fri Jul 10 18:05:02 2026


         ------------------------------------------------------------
                                   SCF GRAD                          
                          Rob Parrish, Justin Turney,                
                       Andy Simmonett, and Alex Sokolov              
         ------------------------------------------------------------

  ==> Geometry <==

    Molecular point group: c1
    Full point group: C2v

    Geometry (in Angstrom), charge = 0, multiplicity = 1:

       Center              X                  Y                   Z               Mass       
    ------------   -----------------  -----------------  -----------------  -----------------
         O           -0.000000000028    -0.000000000001     0.299130289644    15.994914619570
         H           -0.000000000003     0.757570655514    -0.297238505679     1.007825032230
         H            0.000000000031    -0.757570655514    -0.297238505680     1.007825032230

  Nuclear repulsion =    9.130993560860295

  ==> Basis Set <==

  Basis Set: DEF2-MTZVP
    Blend: DEF2-MTZVP
    Number of shells: 16
    Number of basis functions: 30
    Number of Cartesian functions: 32
    Spherical Harmonics?: true
    Max angular momentum: 2

  ==> DirectJKGrad: Integral-Direct SCF Gradients <==

    Gradient:                    1
    J tasked:                  Yes
    K tasked:                   No
    wK tasked:                  No
    Integrals threads:           4
    Schwarz Cutoff:          1E-12

  ==> DFT Potential <==

   => LibXC <=

    Version 7.0.0
    S. Lehtola, C. Steigemann, M. J.T. Oliveira, and M. A.L. Marques.,  SoftwareX 7, 1–5 (2018) (10.1016/j.softx.2017.11.002)

   => Composite Functional: B973C <= 

    B97-3c GGA-based 3C composite method with a TZ basis set, D3 and short-range basis set correction.  (10.1063/1.5012601)
     J. G. Brandenburg, C.Bannwarth, A. Hansen, S. Grimme J. Chem. Phys. 148, 064104, 2018


    Deriv               =              1
    GGA                 =           TRUE
    Meta                =          FALSE

    Exchange Hybrid     =          FALSE
    MP2 Hybrid          =          FALSE

   => Exchange-Correlation Functionals <=

    1.0000   Becke 97-3c by Grimme et. al.

   => LibXC Density Thresholds  <==

    XC_GGA_XC_B97_3C:  1.00E-14 

   => Molecular Quadrature <=

    Radial Scheme          =       TREUTLER
    Pruning Scheme         =           NONE
    Nuclear Scheme         =       TREUTLER

    Blocking Scheme        =         OCTREE
    BS radius alpha        =              1
    Pruning alpha          =              1
    Radial Points          =             99
    Spherical Points       =            590
    Total Points           =         170336
    Total Blocks           =           1310
    Max Points             =            256
    Max Functions          =             30
    Weights Tolerance      =       1.00E-15


  -Total Gradient:
     Atom            X                  Y                   Z
    ------   -----------------  -----------------  -----------------
       1       -0.000000000001     0.000000000000     0.002254630209
       2       -0.000000000000     0.000935739199    -0.001127980652
       3        0.000000000001    -0.000935739199    -0.001127980652


*** tstop() called on P3-Ultra at Fri Jul 10 18:05:02 2026
Module time:
	user time   =       0.47 seconds =       0.01 minutes
	system time =       0.01 seconds =       0.00 minutes
	total time  =          0 seconds =       0.00 minutes
Total time:
	user time   =      45.72 seconds =       0.76 minutes
	system time =       1.20 seconds =       0.02 minutes
	total time  =         14 seconds =       0.23 minutes

Scratch directory: /tmp/psi4_h2o_isolated/psi4_scratch/
gradient() will perform analytic gradient computation.
   => Libint2 <=

    Primary   basis highest AM E, G, H:  7, 6, 3
    Auxiliary basis highest AM E, G, H:  7, 7, 4
    Onebody   basis highest AM E, G, H:  -, -, -
    Solid Harmonics ordering:            Gaussian

*** tstart() called on P3-Ultra
*** at Fri Jul 10 18:05:02 2026

   => Loading Basis Set <=

    Name: DEF2-MTZVP
    Role: ORBITAL
    Keyword: BASIS
    atoms 1   entry O          line   161 file /tmp/psi4-1.11/share/psi4/basis/def2-mtzvp.gbs 
    atoms 2-3 entry H          line     9 file /tmp/psi4-1.11/share/psi4/basis/def2-mtzvp.gbs 

   => B973C: Empirical Dispersion <=

    Grimme's -D3 (BJ-damping) Dispersion Correction with ATM
    Grimme S.; Ehrlich S.; Goerigk L. (2011), J. Comput. Chem., 32: 1456

        s6 =       1.000000
        s8 =       1.500000
        a1 =       0.370000
        a2 =       4.100000
        s9 =       1.000000


         ---------------------------------------------------------
                                   SCF
               by Justin Turney, Rob Parrish, Andy Simmonett
                          and Daniel G. A. Smith
                              RKS Reference
                        4 Threads,   3814 MiB Core
         ---------------------------------------------------------

  ==> Geometry <==

    Molecular point group: c1
    Full point group: C1

    Geometry (in Angstrom), charge = 0, multiplicity = 1:

       Center              X                  Y                   Z               Mass       
    ------------   -----------------  -----------------  -----------------  -----------------
         O           -0.000000000028    -0.000000000001     0.296484403591    15.994914619570
         H           -0.002645886056     0.757570655514    -0.297238505679     1.007825032230
         H            0.000000000031    -0.757570655514    -0.297238505680     1.007825032230

  Running in c1 symmetry.

  Rotational constants: A =     14.57245  B =     10.64185  C =      6.15040 [cm^-1]
  Rotational constants: A = 436871.05844  B = 319034.54230  C = 184384.50050 [MHz]
  Nuclear repulsion =    9.145888045535917

  Charge       = 0
  Multiplicity = 1
  Electrons    = 10
  Nalpha       = 5
  Nbeta        = 5

  ==> Algorithm <==

  SCF Algorithm Type is PK.
  DIIS enabled.
  MOM disabled.
  Fractional occupation disabled.
  Guess Type is SAD.
  Energy threshold   = 1.00e-10
  Density threshold  = 1.00e-10
  Integral threshold = 1.00e-12

  ==> Primary Basis <==

  Basis Set: DEF2-MTZVP
    Blend: DEF2-MTZVP
    Number of shells: 16
    Number of basis functions: 30
    Number of Cartesian functions: 32
    Spherical Harmonics?: true
    Max angular momentum: 2

  ==> DFT Potential <==

   => LibXC <=

    Version 7.0.0
    S. Lehtola, C. Steigemann, M. J.T. Oliveira, and M. A.L. Marques.,  SoftwareX 7, 1–5 (2018) (10.1016/j.softx.2017.11.002)

   => Composite Functional: B973C <= 

    B97-3c GGA-based 3C composite method with a TZ basis set, D3 and short-range basis set correction.  (10.1063/1.5012601)
     J. G. Brandenburg, C.Bannwarth, A. Hansen, S. Grimme J. Chem. Phys. 148, 064104, 2018


    Deriv               =              1
    GGA                 =           TRUE
    Meta                =          FALSE

    Exchange Hybrid     =          FALSE
    MP2 Hybrid          =          FALSE

   => Exchange-Correlation Functionals <=

    1.0000   Becke 97-3c by Grimme et. al.

   => LibXC Density Thresholds  <==

    XC_GGA_XC_B97_3C:  1.00E-14 

   => Molecular Quadrature <=

    Radial Scheme          =       TREUTLER
    Pruning Scheme         =           NONE
    Nuclear Scheme         =       TREUTLER

    Blocking Scheme        =         OCTREE
    BS radius alpha        =              1
    Pruning alpha          =              1
    Radial Points          =             99
    Spherical Points       =            590
    Total Points           =         170330
    Total Blocks           =           1299
    Max Points             =            256
    Max Functions          =             30
    Weights Tolerance      =       1.00E-15

  ==> Integral Setup <==

  Using in-core PK algorithm.
   Calculation information:
      Number of atoms:                   3
      Number of AO shells:              16
      Number of primitives:             29
      Number of atomic orbitals:        32
      Number of basis functions:        30

      Integral cutoff                 1.00e-12
      Number of threads:                 4

  Performing in-core PK
  Using 216690 doubles for integral storage.
  We computed 10900 shell quartets total.
  Whereas there are 9316 unique shell quartets.
    17.00 percent of shell quartets recomputed by reordering.

  ==> DiskJK: Disk-Based J/K Matrices <==

    J tasked:                  Yes
    K tasked:                   No
    wK tasked:                  No
    Memory [MiB]:             2715
    Schwarz Cutoff:          1E-12

    OpenMP threads:              4

  Cached 100.0% of DFT collocation blocks in 0.142 [GiB].

  Minimum eigenvalue in the overlap matrix is 8.6990889148E-03.
  Reciprocal condition number of the overlap matrix is 1.7463338319E-03.
    Using symmetric orthogonalization.

  ==> Pre-Iterations <==

  SCF Guess: Superposition of Atomic Densities via on-the-fly atomic UHF (no occupation information).

   -------------------------
    Irrep   Nso     Nmo    
   -------------------------
     A         30      30 
   -------------------------
    Total      30      30
   -------------------------

  ==> Iterations <==

                        Total Energy        Delta E     RMS |[F,P]|

   @RKS iter SAD:   -76.08187273609357   -7.60819e+01   0.00000e+00 
   @RKS iter   1:   -76.18635680013752   -1.04484e-01   2.61726e-02 DIIS
   @RKS iter   2:   -75.54244572652608    6.43911e-01   4.85024e-02 DIIS
   @RKS iter   3:   -76.39496157184296   -8.52516e-01   2.45096e-03 DIIS
   @RKS iter   4:   -76.39759248481413   -2.63091e-03   4.08309e-04 DIIS
   @RKS iter   5:   -76.39764771988037   -5.52351e-05   7.85447e-05 DIIS
   @RKS iter   6:   -76.39764960565698   -1.88578e-06   3.84700e-06 DIIS
   @RKS iter   7:   -76.39764960974132   -4.08434e-09   4.63014e-07 DIIS
   @RKS iter   8:   -76.39764960982991   -8.85905e-11   3.93816e-08 DIIS
   @RKS iter   9:   -76.39764960983049   -5.82645e-13   2.37070e-09 DIIS
   @RKS iter  10:   -76.39764960983054   -4.26326e-14   6.46880e-11 DIIS
  Energy and wave function converged.


  ==> Post-Iterations <==

   Electrons on quadrature grid:
      Ntotal   =    9.9999999853 ; deviation = -1.471e-08 

    Orbital Energies [Eh]
    ---------------------

    Doubly Occupied:                                                      

       1A    -18.744189     2A     -0.931249     3A     -0.481453  
       4A     -0.338169     5A     -0.256256  

    Virtual:                                                              

       6A      0.005631     7A      0.079337     8A      0.259441  
       9A      0.278449    10A      0.321531    11A      0.331897  
      12A      0.332879    13A      0.421107    14A      0.421403  
      15A      0.476903    16A      0.521337    17A      0.724360  
      18A      0.751424    19A      1.892207    20A      1.919004  
      21A      2.009837    22A      2.030765    23A      2.057175  
      24A      2.321479    25A      2.441933    26A      2.459294  
      27A      2.595955    28A      3.234617    29A      3.502602  
      30A     42.926428  

    Final Occupation by Irrep:
              A 
    DOCC [     5 ]
    NA   [     5 ]
    NB   [     5 ]

  @RKS Final Energy:   -76.39764960983054

   => Energetics <=

    Nuclear Repulsion Energy =              9.1458880455359175
    One-Electron Energy =                -123.0121941912020418
    Two-Electron Energy =                  46.7511518881987413
    DFT Exchange-Correlation Energy =      -9.2761338838141612
    Empirical Dispersion Energy =          -0.0063614685489690
    VV10 Nonlocal Energy =                  0.0000000000000000
    Total Energy =                        -76.3976496098305375

Computation Completed


Properties will be evaluated at   0.000000,   0.000000,   0.000000 [a0]

Properties computed using the SCF density matrix


 Multipole Moments:

 ------------------------------------------------------------------------------------
     Multipole            Electronic (a.u.)      Nuclear  (a.u.)        Total (a.u.)
 ------------------------------------------------------------------------------------

 L = 1.  Multiply by 2.5417464519 to convert [e a0] to [Debye]
 Dipole X            :          0.0033948           -0.0050000           -0.0016052
 Dipole Y            :         -0.0000009           -0.0000000           -0.0000009
 Dipole Z            :         -4.0791831            3.3587958           -0.7203873
 Magnitude           :                                                    0.7203891

 ------------------------------------------------------------------------------------

*** tstop() called on P3-Ultra at Fri Jul 10 18:05:02 2026
Module time:
	user time   =       1.82 seconds =       0.03 minutes
	system time =       0.02 seconds =       0.00 minutes
	total time  =          0 seconds =       0.00 minutes
Total time:
	user time   =      47.69 seconds =       0.79 minutes
	system time =       1.22 seconds =       0.02 minutes
	total time  =         14 seconds =       0.23 minutes

*** tstart() called on P3-Ultra
*** at Fri Jul 10 18:05:02 2026


         ------------------------------------------------------------
                                   SCF GRAD                          
                          Rob Parrish, Justin Turney,                
                       Andy Simmonett, and Alex Sokolov              
         ------------------------------------------------------------

  ==> Geometry <==

    Molecular point group: c1
    Full point group: C1

    Geometry (in Angstrom), charge = 0, multiplicity = 1:

       Center              X                  Y                   Z               Mass       
    ------------   -----------------  -----------------  -----------------  -----------------
         O           -0.000000000028    -0.000000000001     0.296484403591    15.994914619570
         H           -0.002645886056     0.757570655514    -0.297238505679     1.007825032230
         H            0.000000000031    -0.757570655514    -0.297238505680     1.007825032230

  Nuclear repulsion =    9.145888045535917

  ==> Basis Set <==

  Basis Set: DEF2-MTZVP
    Blend: DEF2-MTZVP
    Number of shells: 16
    Number of basis functions: 30
    Number of Cartesian functions: 32
    Spherical Harmonics?: true
    Max angular momentum: 2

  ==> DirectJKGrad: Integral-Direct SCF Gradients <==

    Gradient:                    1
    J tasked:                  Yes
    K tasked:                   No
    wK tasked:                  No
    Integrals threads:           4
    Schwarz Cutoff:          1E-12

  ==> DFT Potential <==

   => LibXC <=

    Version 7.0.0
    S. Lehtola, C. Steigemann, M. J.T. Oliveira, and M. A.L. Marques.,  SoftwareX 7, 1–5 (2018) (10.1016/j.softx.2017.11.002)

   => Composite Functional: B973C <= 

    B97-3c GGA-based 3C composite method with a TZ basis set, D3 and short-range basis set correction.  (10.1063/1.5012601)
     J. G. Brandenburg, C.Bannwarth, A. Hansen, S. Grimme J. Chem. Phys. 148, 064104, 2018


    Deriv               =              1
    GGA                 =           TRUE
    Meta                =          FALSE

    Exchange Hybrid     =          FALSE
    MP2 Hybrid          =          FALSE

   => Exchange-Correlation Functionals <=

    1.0000   Becke 97-3c by Grimme et. al.

   => LibXC Density Thresholds  <==

    XC_GGA_XC_B97_3C:  1.00E-14 

   => Molecular Quadrature <=

    Radial Scheme          =       TREUTLER
    Pruning Scheme         =           NONE
    Nuclear Scheme         =       TREUTLER

    Blocking Scheme        =         OCTREE
    BS radius alpha        =              1
    Pruning alpha          =              1
    Radial Points          =             99
    Spherical Points       =            590
    Total Points           =         170330
    Total Blocks           =           1299
    Max Points             =            256
    Max Functions          =             30
    Weights Tolerance      =       1.00E-15


  -Total Gradient:
     Atom            X                  Y                   Z
    ------   -----------------  -----------------  -----------------
       1        0.000000008000    -0.000002842382     0.000001363514
       2       -0.000000010382     0.000002862648    -0.000002415700
       3       -0.000000000383    -0.000000020027    -0.000000188276


*** tstop() called on P3-Ultra at Fri Jul 10 18:05:02 2026
Module time:
	user time   =       0.27 seconds =       0.00 minutes
	system time =       0.00 seconds =       0.00 minutes
	total time  =          0 seconds =       0.00 minutes
Total time:
	user time   =      47.98 seconds =       0.80 minutes
	system time =       1.22 seconds =       0.02 minutes
	total time  =         14 seconds =       0.23 minutes

Scratch directory: /tmp/psi4_h2o_isolated/psi4_scratch/
gradient() will perform analytic gradient computation.
   => Libint2 <=

    Primary   basis highest AM E, G, H:  7, 6, 3
    Auxiliary basis highest AM E, G, H:  7, 7, 4
    Onebody   basis highest AM E, G, H:  -, -, -
    Solid Harmonics ordering:            Gaussian

*** tstart() called on P3-Ultra
*** at Fri Jul 10 18:05:02 2026

   => Loading Basis Set <=

    Name: DEF2-MTZVP
    Role: ORBITAL
    Keyword: BASIS
    atoms 1   entry O          line   161 file /tmp/psi4-1.11/share/psi4/basis/def2-mtzvp.gbs 
    atoms 2-3 entry H          line     9 file /tmp/psi4-1.11/share/psi4/basis/def2-mtzvp.gbs 

   => B973C: Empirical Dispersion <=

    Grimme's -D3 (BJ-damping) Dispersion Correction with ATM
    Grimme S.; Ehrlich S.; Goerigk L. (2011), J. Comput. Chem., 32: 1456

        s6 =       1.000000
        s8 =       1.500000
        a1 =       0.370000
        a2 =       4.100000
        s9 =       1.000000


         ---------------------------------------------------------
                                   SCF
               by Justin Turney, Rob Parrish, Andy Simmonett
                          and Daniel G. A. Smith
                              RKS Reference
                        4 Threads,   3814 MiB Core
         ---------------------------------------------------------

  ==> Geometry <==

    Molecular point group: c1
    Full point group: C1

    Geometry (in Angstrom), charge = 0, multiplicity = 1:

       Center              X                  Y                   Z               Mass       
    ------------   -----------------  -----------------  -----------------  -----------------
         O           -0.000000000028    -0.000000000001     0.296484403591    15.994914619570
         H            0.002645886050     0.757570655514    -0.297238505679     1.007825032230
         H            0.000000000031    -0.757570655514    -0.297238505680     1.007825032230

  Running in c1 symmetry.

  Rotational constants: A =     14.57245  B =     10.64185  C =      6.15040 [cm^-1]
  Rotational constants: A = 436871.05844  B = 319034.54230  C = 184384.50050 [MHz]
  Nuclear repulsion =    9.145888045535312

  Charge       = 0
  Multiplicity = 1
  Electrons    = 10
  Nalpha       = 5
  Nbeta        = 5

  ==> Algorithm <==

  SCF Algorithm Type is PK.
  DIIS enabled.
  MOM disabled.
  Fractional occupation disabled.
  Guess Type is SAD.
  Energy threshold   = 1.00e-10
  Density threshold  = 1.00e-10
  Integral threshold = 1.00e-12

  ==> Primary Basis <==

  Basis Set: DEF2-MTZVP
    Blend: DEF2-MTZVP
    Number of shells: 16
    Number of basis functions: 30
    Number of Cartesian functions: 32
    Spherical Harmonics?: true
    Max angular momentum: 2

  ==> DFT Potential <==

   => LibXC <=

    Version 7.0.0
    S. Lehtola, C. Steigemann, M. J.T. Oliveira, and M. A.L. Marques.,  SoftwareX 7, 1–5 (2018) (10.1016/j.softx.2017.11.002)

   => Composite Functional: B973C <= 

    B97-3c GGA-based 3C composite method with a TZ basis set, D3 and short-range basis set correction.  (10.1063/1.5012601)
     J. G. Brandenburg, C.Bannwarth, A. Hansen, S. Grimme J. Chem. Phys. 148, 064104, 2018


    Deriv               =              1
    GGA                 =           TRUE
    Meta                =          FALSE

    Exchange Hybrid     =          FALSE
    MP2 Hybrid          =          FALSE

   => Exchange-Correlation Functionals <=

    1.0000   Becke 97-3c by Grimme et. al.

   => LibXC Density Thresholds  <==

    XC_GGA_XC_B97_3C:  1.00E-14 

   => Molecular Quadrature <=

    Radial Scheme          =       TREUTLER
    Pruning Scheme         =           NONE
    Nuclear Scheme         =       TREUTLER

    Blocking Scheme        =         OCTREE
    BS radius alpha        =              1
    Pruning alpha          =              1
    Radial Points          =             99
    Spherical Points       =            590
    Total Points           =         170330
    Total Blocks           =           1299
    Max Points             =            256
    Max Functions          =             30
    Weights Tolerance      =       1.00E-15

  ==> Integral Setup <==

  Using in-core PK algorithm.
   Calculation information:
      Number of atoms:                   3
      Number of AO shells:              16
      Number of primitives:             29
      Number of atomic orbitals:        32
      Number of basis functions:        30

      Integral cutoff                 1.00e-12
      Number of threads:                 4

  Performing in-core PK
  Using 216690 doubles for integral storage.
  We computed 10900 shell quartets total.
  Whereas there are 9316 unique shell quartets.
    17.00 percent of shell quartets recomputed by reordering.

  ==> DiskJK: Disk-Based J/K Matrices <==

    J tasked:                  Yes
    K tasked:                   No
    wK tasked:                  No
    Memory [MiB]:             2715
    Schwarz Cutoff:          1E-12

    OpenMP threads:              4

  Cached 100.0% of DFT collocation blocks in 0.142 [GiB].

  Minimum eigenvalue in the overlap matrix is 8.6990889148E-03.
  Reciprocal condition number of the overlap matrix is 1.7463338319E-03.
    Using symmetric orthogonalization.

  ==> Pre-Iterations <==

  SCF Guess: Superposition of Atomic Densities via on-the-fly atomic UHF (no occupation information).

   -------------------------
    Irrep   Nso     Nmo    
   -------------------------
     A         30      30 
   -------------------------
    Total      30      30
   -------------------------

  ==> Iterations <==

                        Total Energy        Delta E     RMS |[F,P]|

   @RKS iter SAD:   -76.08187273609352   -7.60819e+01   0.00000e+00 
   @RKS iter   1:   -76.18635680013753   -1.04484e-01   2.61726e-02 DIIS
   @RKS iter   2:   -75.54244572652601    6.43911e-01   4.85024e-02 DIIS
   @RKS iter   3:   -76.39496157184298   -8.52516e-01   2.45096e-03 DIIS
   @RKS iter   4:   -76.39759248481408   -2.63091e-03   4.08309e-04 DIIS
   @RKS iter   5:   -76.39764771988051   -5.52351e-05   7.85447e-05 DIIS
   @RKS iter   6:   -76.39764960565689   -1.88578e-06   3.84700e-06 DIIS
   @RKS iter   7:   -76.39764960974129   -4.08440e-09   4.63014e-07 DIIS
   @RKS iter   8:   -76.39764960983003   -8.87326e-11   3.93816e-08 DIIS
   @RKS iter   9:   -76.39764960983057   -5.40012e-13   2.37070e-09 DIIS
   @RKS iter  10:   -76.39764960983048    8.52651e-14   6.46878e-11 DIIS
  Energy and wave function converged.


  ==> Post-Iterations <==

   Electrons on quadrature grid:
      Ntotal   =    9.9999999853 ; deviation = -1.471e-08 

    Orbital Energies [Eh]
    ---------------------

    Doubly Occupied:                                                      

       1A    -18.744189     2A     -0.931249     3A     -0.481453  
       4A     -0.338169     5A     -0.256256  

    Virtual:                                                              

       6A      0.005631     7A      0.079337     8A      0.259441  
       9A      0.278449    10A      0.321531    11A      0.331897  
      12A      0.332879    13A      0.421107    14A      0.421403  
      15A      0.476903    16A      0.521337    17A      0.724360  
      18A      0.751424    19A      1.892207    20A      1.919004  
      21A      2.009837    22A      2.030765    23A      2.057175  
      24A      2.321479    25A      2.441933    26A      2.459294  
      27A      2.595955    28A      3.234617    29A      3.502602  
      30A     42.926428  

    Final Occupation by Irrep:
              A 
    DOCC [     5 ]
    NA   [     5 ]
    NB   [     5 ]

  @RKS Final Energy:   -76.39764960983048

   => Energetics <=

    Nuclear Repulsion Energy =              9.1458880455353118
    One-Electron Energy =                -123.0121941912007912
    Two-Electron Energy =                  46.7511518881980521
    DFT Exchange-Correlation Energy =      -9.2761338838140830
    Empirical Dispersion Energy =          -0.0063614685489690
    VV10 Nonlocal Energy =                  0.0000000000000000
    Total Energy =                        -76.3976496098304807

Computation Completed


Properties will be evaluated at   0.000000,   0.000000,   0.000000 [a0]

Properties computed using the SCF density matrix


 Multipole Moments:

 ------------------------------------------------------------------------------------
     Multipole            Electronic (a.u.)      Nuclear  (a.u.)        Total (a.u.)
 ------------------------------------------------------------------------------------

 L = 1.  Multiply by 2.5417464519 to convert [e a0] to [Debye]
 Dipole X            :         -0.0033948            0.0050000            0.0016052
 Dipole Y            :         -0.0000009           -0.0000000           -0.0000009
 Dipole Z            :         -4.0791831            3.3587958           -0.7203873
 Magnitude           :                                                    0.7203891

 ------------------------------------------------------------------------------------

*** tstop() called on P3-Ultra at Fri Jul 10 18:05:03 2026
Module time:
	user time   =       1.93 seconds =       0.03 minutes
	system time =       0.03 seconds =       0.00 minutes
	total time  =          1 seconds =       0.02 minutes
Total time:
	user time   =      50.00 seconds =       0.83 minutes
	system time =       1.26 seconds =       0.02 minutes
	total time  =         15 seconds =       0.25 minutes

*** tstart() called on P3-Ultra
*** at Fri Jul 10 18:05:03 2026


         ------------------------------------------------------------
                                   SCF GRAD                          
                          Rob Parrish, Justin Turney,                
                       Andy Simmonett, and Alex Sokolov              
         ------------------------------------------------------------

  ==> Geometry <==

    Molecular point group: c1
    Full point group: C1

    Geometry (in Angstrom), charge = 0, multiplicity = 1:

       Center              X                  Y                   Z               Mass       
    ------------   -----------------  -----------------  -----------------  -----------------
         O           -0.000000000028    -0.000000000001     0.296484403591    15.994914619570
         H            0.002645886050     0.757570655514    -0.297238505679     1.007825032230
         H            0.000000000031    -0.757570655514    -0.297238505680     1.007825032230

  Nuclear repulsion =    9.145888045535312

  ==> Basis Set <==

  Basis Set: DEF2-MTZVP
    Blend: DEF2-MTZVP
    Number of shells: 16
    Number of basis functions: 30
    Number of Cartesian functions: 32
    Spherical Harmonics?: true
    Max angular momentum: 2

  ==> DirectJKGrad: Integral-Direct SCF Gradients <==

    Gradient:                    1
    J tasked:                  Yes
    K tasked:                   No
    wK tasked:                  No
    Integrals threads:           4
    Schwarz Cutoff:          1E-12

  ==> DFT Potential <==

   => LibXC <=

    Version 7.0.0
    S. Lehtola, C. Steigemann, M. J.T. Oliveira, and M. A.L. Marques.,  SoftwareX 7, 1–5 (2018) (10.1016/j.softx.2017.11.002)

   => Composite Functional: B973C <= 

    B97-3c GGA-based 3C composite method with a TZ basis set, D3 and short-range basis set correction.  (10.1063/1.5012601)
     J. G. Brandenburg, C.Bannwarth, A. Hansen, S. Grimme J. Chem. Phys. 148, 064104, 2018


    Deriv               =              1
    GGA                 =           TRUE
    Meta                =          FALSE

    Exchange Hybrid     =          FALSE
    MP2 Hybrid          =          FALSE

   => Exchange-Correlation Functionals <=

    1.0000   Becke 97-3c by Grimme et. al.

   => LibXC Density Thresholds  <==

    XC_GGA_XC_B97_3C:  1.00E-14 

   => Molecular Quadrature <=

    Radial Scheme          =       TREUTLER
    Pruning Scheme         =           NONE
    Nuclear Scheme         =       TREUTLER

    Blocking Scheme        =         OCTREE
    BS radius alpha        =              1
    Pruning alpha          =              1
    Radial Points          =             99
    Spherical Points       =            590
    Total Points           =         170330
    Total Blocks           =           1299
    Max Points             =            256
    Max Functions          =             30
    Weights Tolerance      =       1.00E-15


  -Total Gradient:
     Atom            X                  Y                   Z
    ------   -----------------  -----------------  -----------------
       1       -0.000000008003    -0.000002842382     0.000001363515
       2        0.000000010382     0.000002862648    -0.000002415700
       3        0.000000000386    -0.000000020027    -0.000000188276


*** tstop() called on P3-Ultra at Fri Jul 10 18:05:03 2026
Module time:
	user time   =       0.27 seconds =       0.00 minutes
	system time =       0.01 seconds =       0.00 minutes
	total time  =          0 seconds =       0.00 minutes
Total time:
	user time   =      50.29 seconds =       0.84 minutes
	system time =       1.28 seconds =       0.02 minutes
	total time  =         15 seconds =       0.25 minutes

Scratch directory: /tmp/psi4_h2o_isolated/psi4_scratch/
gradient() will perform analytic gradient computation.
   => Libint2 <=

    Primary   basis highest AM E, G, H:  7, 6, 3
    Auxiliary basis highest AM E, G, H:  7, 7, 4
    Onebody   basis highest AM E, G, H:  -, -, -
    Solid Harmonics ordering:            Gaussian

*** tstart() called on P3-Ultra
*** at Fri Jul 10 18:05:03 2026

   => Loading Basis Set <=

    Name: DEF2-MTZVP
    Role: ORBITAL
    Keyword: BASIS
    atoms 1   entry O          line   161 file /tmp/psi4-1.11/share/psi4/basis/def2-mtzvp.gbs 
    atoms 2-3 entry H          line     9 file /tmp/psi4-1.11/share/psi4/basis/def2-mtzvp.gbs 

   => B973C: Empirical Dispersion <=

    Grimme's -D3 (BJ-damping) Dispersion Correction with ATM
    Grimme S.; Ehrlich S.; Goerigk L. (2011), J. Comput. Chem., 32: 1456

        s6 =       1.000000
        s8 =       1.500000
        a1 =       0.370000
        a2 =       4.100000
        s9 =       1.000000


         ---------------------------------------------------------
                                   SCF
               by Justin Turney, Rob Parrish, Andy Simmonett
                          and Daniel G. A. Smith
                              RKS Reference
                        4 Threads,   3814 MiB Core
         ---------------------------------------------------------

  ==> Geometry <==

    Molecular point group: c1
    Full point group: Cs

    Geometry (in Angstrom), charge = 0, multiplicity = 1:

       Center              X                  Y                   Z               Mass       
    ------------   -----------------  -----------------  -----------------  -----------------
         O           -0.000000000028    -0.000000000001     0.296484403591    15.994914619570
         H           -0.000000000003     0.754924769461    -0.297238505679     1.007825032230
         H            0.000000000031    -0.757570655514    -0.297238505680     1.007825032230

  Running in c1 symmetry.

  Rotational constants: A =     14.62354  B =     10.64186  C =      6.15948 [cm^-1]
  Rotational constants: A = 438402.61328  B = 319034.95944  C = 184656.48521 [MHz]
  Nuclear repulsion =    9.156046859157909

  Charge       = 0
  Multiplicity = 1
  Electrons    = 10
  Nalpha       = 5
  Nbeta        = 5

  ==> Algorithm <==

  SCF Algorithm Type is PK.
  DIIS enabled.
  MOM disabled.
  Fractional occupation disabled.
  Guess Type is SAD.
  Energy threshold   = 1.00e-10
  Density threshold  = 1.00e-10
  Integral threshold = 1.00e-12

  ==> Primary Basis <==

  Basis Set: DEF2-MTZVP
    Blend: DEF2-MTZVP
    Number of shells: 16
    Number of basis functions: 30
    Number of Cartesian functions: 32
    Spherical Harmonics?: true
    Max angular momentum: 2

  ==> DFT Potential <==

   => LibXC <=

    Version 7.0.0
    S. Lehtola, C. Steigemann, M. J.T. Oliveira, and M. A.L. Marques.,  SoftwareX 7, 1–5 (2018) (10.1016/j.softx.2017.11.002)

   => Composite Functional: B973C <= 

    B97-3c GGA-based 3C composite method with a TZ basis set, D3 and short-range basis set correction.  (10.1063/1.5012601)
     J. G. Brandenburg, C.Bannwarth, A. Hansen, S. Grimme J. Chem. Phys. 148, 064104, 2018


    Deriv               =              1
    GGA                 =           TRUE
    Meta                =          FALSE

    Exchange Hybrid     =          FALSE
    MP2 Hybrid          =          FALSE

   => Exchange-Correlation Functionals <=

    1.0000   Becke 97-3c by Grimme et. al.

   => LibXC Density Thresholds  <==

    XC_GGA_XC_B97_3C:  1.00E-14 

   => Molecular Quadrature <=

    Radial Scheme          =       TREUTLER
    Pruning Scheme         =           NONE
    Nuclear Scheme         =       TREUTLER

    Blocking Scheme        =         OCTREE
    BS radius alpha        =              1
    Pruning alpha          =              1
    Radial Points          =             99
    Spherical Points       =            590
    Total Points           =         170335
    Total Blocks           =           1313
    Max Points             =            256
    Max Functions          =             30
    Weights Tolerance      =       1.00E-15

  ==> Integral Setup <==

  Using in-core PK algorithm.
   Calculation information:
      Number of atoms:                   3
      Number of AO shells:              16
      Number of primitives:             29
      Number of atomic orbitals:        32
      Number of basis functions:        30

      Integral cutoff                 1.00e-12
      Number of threads:                 4

  Performing in-core PK
  Using 216690 doubles for integral storage.
  We computed 10900 shell quartets total.
  Whereas there are 9316 unique shell quartets.
    17.00 percent of shell quartets recomputed by reordering.

  ==> DiskJK: Disk-Based J/K Matrices <==

    J tasked:                  Yes
    K tasked:                   No
    wK tasked:                  No
    Memory [MiB]:             2715
    Schwarz Cutoff:          1E-12

    OpenMP threads:              4

  Cached 100.0% of DFT collocation blocks in 0.142 [GiB].

  Minimum eigenvalue in the overlap matrix is 8.6750016650E-03.
  Reciprocal condition number of the overlap matrix is 1.7403229453E-03.
    Using symmetric orthogonalization.

  ==> Pre-Iterations <==

  SCF Guess: Superposition of Atomic Densities via on-the-fly atomic UHF (no occupation information).

   -------------------------
    Irrep   Nso     Nmo    
   -------------------------
     A         30      30 
   -------------------------
    Total      30      30
   -------------------------

  ==> Iterations <==

                        Total Energy        Delta E     RMS |[F,P]|

   @RKS iter SAD:   -76.08242314502446   -7.60824e+01   0.00000e+00 
   @RKS iter   1:   -76.18624086836905   -1.03818e-01   2.61860e-02 DIIS
   @RKS iter   2:   -75.54399875175118    6.42242e-01   4.84781e-02 DIIS
   @RKS iter   3:   -76.39496571125648   -8.50967e-01   2.44777e-03 DIIS
   @RKS iter   4:   -76.39758806138569   -2.62235e-03   4.08154e-04 DIIS
   @RKS iter   5:   -76.39764322467641   -5.51633e-05   7.85069e-05 DIIS
   @RKS iter   6:   -76.39764510722033   -1.88254e-06   3.83739e-06 DIIS
   @RKS iter   7:   -76.39764511127845   -4.05812e-09   4.80819e-07 DIIS
   @RKS iter   8:   -76.39764511137192   -9.34648e-11   8.26968e-08 DIIS
   @RKS iter   9:   -76.39764511137443   -2.51532e-12   1.77307e-08 DIIS
   @RKS iter  10:   -76.39764511137460   -1.70530e-13   9.86603e-10 DIIS
   @RKS iter  11:   -76.39764511137463   -2.84217e-14   1.67566e-11 DIIS
  Energy and wave function converged.


  ==> Post-Iterations <==

   Electrons on quadrature grid:
      Ntotal   =    9.9999999855 ; deviation = -1.451e-08 

    Orbital Energies [Eh]
    ---------------------

    Doubly Occupied:                                                      

       1A    -18.744056     2A     -0.931768     3A     -0.481640  
       4A     -0.338412     5A     -0.256356  

    Virtual:                                                              

       6A      0.005836     7A      0.079592     8A      0.259577  
       9A      0.278801    10A      0.321499    11A      0.331864  
      12A      0.332955    13A      0.421057    14A      0.421391  
      15A      0.477401    16A      0.521806    17A      0.724130  
      18A      0.751719    19A      1.892994    20A      1.919183  
      21A      2.009406    22A      2.030606    23A      2.056896  
      24A      2.321800    25A      2.441897    26A      2.459955  
      27A      2.596302    28A      3.235986    29A      3.505284  
      30A     42.926668  

    Final Occupation by Irrep:
              A 
    DOCC [     5 ]
    NA   [     5 ]
    NB   [     5 ]

  @RKS Final Energy:   -76.39764511137463

   => Energetics <=

    Nuclear Repulsion Energy =              9.1560468591579092
    One-Electron Energy =                -123.0299404128025458
    Two-Electron Energy =                  46.7597920913349014
    DFT Exchange-Correlation Energy =      -9.2771550534846217
    Empirical Dispersion Energy =          -0.0063885955802806
    VV10 Nonlocal Energy =                  0.0000000000000000
    Total Energy =                        -76.3976451113746293

Computation Completed


Properties will be evaluated at   0.000000,   0.000000,   0.000000 [a0]

Properties computed using the SCF density matrix


 Multipole Moments:

 ------------------------------------------------------------------------------------
     Multipole            Electronic (a.u.)      Nuclear  (a.u.)        Total (a.u.)
 ------------------------------------------------------------------------------------

 L = 1.  Multiply by 2.5417464519 to convert [e a0] to [Debye]
 Dipole X            :          0.0000000           -0.0000000            0.0000000
 Dipole Y            :          0.0039258           -0.0050000           -0.0010742
 Dipole Z            :         -4.0797215            3.3587958           -0.7209257
 Magnitude           :                                                    0.7209265

 ------------------------------------------------------------------------------------

*** tstop() called on P3-Ultra at Fri Jul 10 18:05:03 2026
Module time:
	user time   =       1.74 seconds =       0.03 minutes
	system time =       0.03 seconds =       0.00 minutes
	total time  =          0 seconds =       0.00 minutes
Total time:
	user time   =      52.12 seconds =       0.87 minutes
	system time =       1.31 seconds =       0.02 minutes
	total time  =         15 seconds =       0.25 minutes

*** tstart() called on P3-Ultra
*** at Fri Jul 10 18:05:03 2026


         ------------------------------------------------------------
                                   SCF GRAD                          
                          Rob Parrish, Justin Turney,                
                       Andy Simmonett, and Alex Sokolov              
         ------------------------------------------------------------

  ==> Geometry <==

    Molecular point group: c1
    Full point group: Cs

    Geometry (in Angstrom), charge = 0, multiplicity = 1:

       Center              X                  Y                   Z               Mass       
    ------------   -----------------  -----------------  -----------------  -----------------
         O           -0.000000000028    -0.000000000001     0.296484403591    15.994914619570
         H           -0.000000000003     0.754924769461    -0.297238505679     1.007825032230
         H            0.000000000031    -0.757570655514    -0.297238505680     1.007825032230

  Nuclear repulsion =    9.156046859157909

  ==> Basis Set <==

  Basis Set: DEF2-MTZVP
    Blend: DEF2-MTZVP
    Number of shells: 16
    Number of basis functions: 30
    Number of Cartesian functions: 32
    Spherical Harmonics?: true
    Max angular momentum: 2

  ==> DirectJKGrad: Integral-Direct SCF Gradients <==

    Gradient:                    1
    J tasked:                  Yes
    K tasked:                   No
    wK tasked:                  No
    Integrals threads:           4
    Schwarz Cutoff:          1E-12

  ==> DFT Potential <==

   => LibXC <=

    Version 7.0.0
    S. Lehtola, C. Steigemann, M. J.T. Oliveira, and M. A.L. Marques.,  SoftwareX 7, 1–5 (2018) (10.1016/j.softx.2017.11.002)

   => Composite Functional: B973C <= 

    B97-3c GGA-based 3C composite method with a TZ basis set, D3 and short-range basis set correction.  (10.1063/1.5012601)
     J. G. Brandenburg, C.Bannwarth, A. Hansen, S. Grimme J. Chem. Phys. 148, 064104, 2018


    Deriv               =              1
    GGA                 =           TRUE
    Meta                =          FALSE

    Exchange Hybrid     =          FALSE
    MP2 Hybrid          =          FALSE

   => Exchange-Correlation Functionals <=

    1.0000   Becke 97-3c by Grimme et. al.

   => LibXC Density Thresholds  <==

    XC_GGA_XC_B97_3C:  1.00E-14 

   => Molecular Quadrature <=

    Radial Scheme          =       TREUTLER
    Pruning Scheme         =           NONE
    Nuclear Scheme         =       TREUTLER

    Blocking Scheme        =         OCTREE
    BS radius alpha        =              1
    Pruning alpha          =              1
    Radial Points          =             99
    Spherical Points       =            590
    Total Points           =         170335
    Total Blocks           =           1313
    Max Points             =            256
    Max Functions          =             30
    Weights Tolerance      =       1.00E-15


  -Total Gradient:
     Atom            X                  Y                   Z
    ------   -----------------  -----------------  -----------------
       1       -0.000000000001     0.001636488165    -0.000953965813
       2       -0.000000000001    -0.001801706540     0.001119530839
       3        0.000000000001     0.000165080783    -0.000166827300


*** tstop() called on P3-Ultra at Fri Jul 10 18:05:03 2026
Module time:
	user time   =       0.25 seconds =       0.00 minutes
	system time =       0.02 seconds =       0.00 minutes
	total time  =          0 seconds =       0.00 minutes
Total time:
	user time   =      52.40 seconds =       0.87 minutes
	system time =       1.33 seconds =       0.02 minutes
	total time  =         15 seconds =       0.25 minutes

Scratch directory: /tmp/psi4_h2o_isolated/psi4_scratch/
gradient() will perform analytic gradient computation.
   => Libint2 <=

    Primary   basis highest AM E, G, H:  7, 6, 3
    Auxiliary basis highest AM E, G, H:  7, 7, 4
    Onebody   basis highest AM E, G, H:  -, -, -
    Solid Harmonics ordering:            Gaussian

*** tstart() called on P3-Ultra
*** at Fri Jul 10 18:05:03 2026

   => Loading Basis Set <=

    Name: DEF2-MTZVP
    Role: ORBITAL
    Keyword: BASIS
    atoms 1   entry O          line   161 file /tmp/psi4-1.11/share/psi4/basis/def2-mtzvp.gbs 
    atoms 2-3 entry H          line     9 file /tmp/psi4-1.11/share/psi4/basis/def2-mtzvp.gbs 

   => B973C: Empirical Dispersion <=

    Grimme's -D3 (BJ-damping) Dispersion Correction with ATM
    Grimme S.; Ehrlich S.; Goerigk L. (2011), J. Comput. Chem., 32: 1456

        s6 =       1.000000
        s8 =       1.500000
        a1 =       0.370000
        a2 =       4.100000
        s9 =       1.000000


         ---------------------------------------------------------
                                   SCF
               by Justin Turney, Rob Parrish, Andy Simmonett
                          and Daniel G. A. Smith
                              RKS Reference
                        4 Threads,   3814 MiB Core
         ---------------------------------------------------------

  ==> Geometry <==

    Molecular point group: c1
    Full point group: Cs

    Geometry (in Angstrom), charge = 0, multiplicity = 1:

       Center              X                  Y                   Z               Mass       
    ------------   -----------------  -----------------  -----------------  -----------------
         O           -0.000000000028    -0.000000000001     0.296484403591    15.994914619570
         H           -0.000000000003     0.760216541567    -0.297238505679     1.007825032230
         H            0.000000000031    -0.757570655514    -0.297238505680     1.007825032230

  Running in c1 symmetry.

  Rotational constants: A =     14.52175  B =     10.64186  C =      6.14135 [cm^-1]
  Rotational constants: A = 435350.97276  B = 319034.95383  C = 184112.89580 [MHz]
  Nuclear repulsion =    9.135794197316942

  Charge       = 0
  Multiplicity = 1
  Electrons    = 10
  Nalpha       = 5
  Nbeta        = 5

  ==> Algorithm <==

  SCF Algorithm Type is PK.
  DIIS enabled.
  MOM disabled.
  Fractional occupation disabled.
  Guess Type is SAD.
  Energy threshold   = 1.00e-10
  Density threshold  = 1.00e-10
  Integral threshold = 1.00e-12

  ==> Primary Basis <==

  Basis Set: DEF2-MTZVP
    Blend: DEF2-MTZVP
    Number of shells: 16
    Number of basis functions: 30
    Number of Cartesian functions: 32
    Spherical Harmonics?: true
    Max angular momentum: 2

  ==> DFT Potential <==

   => LibXC <=

    Version 7.0.0
    S. Lehtola, C. Steigemann, M. J.T. Oliveira, and M. A.L. Marques.,  SoftwareX 7, 1–5 (2018) (10.1016/j.softx.2017.11.002)

   => Composite Functional: B973C <= 

    B97-3c GGA-based 3C composite method with a TZ basis set, D3 and short-range basis set correction.  (10.1063/1.5012601)
     J. G. Brandenburg, C.Bannwarth, A. Hansen, S. Grimme J. Chem. Phys. 148, 064104, 2018


    Deriv               =              1
    GGA                 =           TRUE
    Meta                =          FALSE

    Exchange Hybrid     =          FALSE
    MP2 Hybrid          =          FALSE

   => Exchange-Correlation Functionals <=

    1.0000   Becke 97-3c by Grimme et. al.

   => LibXC Density Thresholds  <==

    XC_GGA_XC_B97_3C:  1.00E-14 

   => Molecular Quadrature <=

    Radial Scheme          =       TREUTLER
    Pruning Scheme         =           NONE
    Nuclear Scheme         =       TREUTLER

    Blocking Scheme        =         OCTREE
    BS radius alpha        =              1
    Pruning alpha          =              1
    Radial Points          =             99
    Spherical Points       =            590
    Total Points           =         170334
    Total Blocks           =           1307
    Max Points             =            256
    Max Functions          =             30
    Weights Tolerance      =       1.00E-15

  ==> Integral Setup <==

  Using in-core PK algorithm.
   Calculation information:
      Number of atoms:                   3
      Number of AO shells:              16
      Number of primitives:             29
      Number of atomic orbitals:        32
      Number of basis functions:        30

      Integral cutoff                 1.00e-12
      Number of threads:                 4

  Performing in-core PK
  Using 216690 doubles for integral storage.
  We computed 10900 shell quartets total.
  Whereas there are 9316 unique shell quartets.
    17.00 percent of shell quartets recomputed by reordering.

  ==> DiskJK: Disk-Based J/K Matrices <==

    J tasked:                  Yes
    K tasked:                   No
    wK tasked:                  No
    Memory [MiB]:             2715
    Schwarz Cutoff:          1E-12

    OpenMP threads:              4

  Cached 100.0% of DFT collocation blocks in 0.142 [GiB].

  Minimum eigenvalue in the overlap matrix is 8.7228401725E-03.
  Reciprocal condition number of the overlap matrix is 1.7522810251E-03.
    Using symmetric orthogonalization.

  ==> Pre-Iterations <==

  SCF Guess: Superposition of Atomic Densities via on-the-fly atomic UHF (no occupation information).

   -------------------------
    Irrep   Nso     Nmo    
   -------------------------
     A         30      30 
   -------------------------
    Total      30      30
   -------------------------

  ==> Iterations <==

                        Total Energy        Delta E     RMS |[F,P]|

   @RKS iter SAD:   -76.08131799297622   -7.60813e+01   0.00000e+00 
   @RKS iter   1:   -76.18645873387358   -1.05141e-01   2.61595e-02 DIIS
   @RKS iter   2:   -75.54085875864838    6.45600e-01   4.85271e-02 DIIS
   @RKS iter   3:   -76.39494819744580   -8.54089e-01   2.45427e-03 DIIS
   @RKS iter   4:   -76.39758793491826   -2.63974e-03   4.08497e-04 DIIS
   @RKS iter   5:   -76.39764325356875   -5.53187e-05   7.85889e-05 DIIS
   @RKS iter   6:   -76.39764514291865   -1.88935e-06   3.87599e-06 DIIS
   @RKS iter   7:   -76.39764514707404   -4.15540e-09   4.89072e-07 DIIS
   @RKS iter   8:   -76.39764514717064   -9.65912e-11   8.47053e-08 DIIS
   @RKS iter   9:   -76.39764514717325   -2.61480e-12   1.80283e-08 DIIS
   @RKS iter  10:   -76.39764514717339   -1.42109e-13   1.01171e-09 DIIS
   @RKS iter  11:   -76.39764514717352   -1.27898e-13   1.72675e-11 DIIS
  Energy and wave function converged.


  ==> Post-Iterations <==

   Electrons on quadrature grid:
      Ntotal   =    9.9999999852 ; deviation = -1.485e-08 

    Orbital Energies [Eh]
    ---------------------

    Doubly Occupied:                                                      

       1A    -18.744321     2A     -0.930735     3A     -0.481265  
       4A     -0.337928     5A     -0.256156  

    Virtual:                                                              

       6A      0.005423     7A      0.079082     8A      0.259303  
       9A      0.278098    10A      0.321563    11A      0.331925  
      12A      0.332809    13A      0.421155    14A      0.421414  
      15A      0.476397    16A      0.520883    17A      0.724591  
      18A      0.751133    19A      1.891406    20A      1.918854  
      21A      2.010269    22A      2.030922    23A      2.057454  
      24A      2.321162    25A      2.441969    26A      2.458636  
      27A      2.595614    28A      3.233217    29A      3.499947  
      30A     42.926183  

    Final Occupation by Irrep:
              A 
    DOCC [     5 ]
    NA   [     5 ]
    NB   [     5 ]

  @RKS Final Energy:   -76.39764514717352

   => Energetics <=

    Nuclear Repulsion Energy =              9.1357941973169421
    One-Electron Energy =                -122.9945457738515131
    Two-Electron Energy =                  46.7425603319955343
    DFT Exchange-Correlation Energy =      -9.2751192428465252
    Empirical Dispersion Energy =          -0.0063346597879548
    VV10 Nonlocal Energy =                  0.0000000000000000
    Total Energy =                        -76.3976451471735203

Computation Completed


Properties will be evaluated at   0.000000,   0.000000,   0.000000 [a0]

Properties computed using the SCF density matrix


 Multipole Moments:

 ------------------------------------------------------------------------------------
     Multipole            Electronic (a.u.)      Nuclear  (a.u.)        Total (a.u.)
 ------------------------------------------------------------------------------------

 L = 1.  Multiply by 2.5417464519 to convert [e a0] to [Debye]
 Dipole X            :          0.0000000           -0.0000000            0.0000000
 Dipole Y            :         -0.0039276            0.0050000            0.0010724
 Dipole Z            :         -4.0786476            3.3587958           -0.7198517
 Magnitude           :                                                    0.7198525

 ------------------------------------------------------------------------------------

*** tstop() called on P3-Ultra at Fri Jul 10 18:05:04 2026
Module time:
	user time   =       2.57 seconds =       0.04 minutes
	system time =       0.03 seconds =       0.00 minutes
	total time  =          1 seconds =       0.02 minutes
Total time:
	user time   =      55.06 seconds =       0.92 minutes
	system time =       1.36 seconds =       0.02 minutes
	total time  =         16 seconds =       0.27 minutes

*** tstart() called on P3-Ultra
*** at Fri Jul 10 18:05:04 2026


         ------------------------------------------------------------
                                   SCF GRAD                          
                          Rob Parrish, Justin Turney,                
                       Andy Simmonett, and Alex Sokolov              
         ------------------------------------------------------------

  ==> Geometry <==

    Molecular point group: c1
    Full point group: Cs

    Geometry (in Angstrom), charge = 0, multiplicity = 1:

       Center              X                  Y                   Z               Mass       
    ------------   -----------------  -----------------  -----------------  -----------------
         O           -0.000000000028    -0.000000000001     0.296484403591    15.994914619570
         H           -0.000000000003     0.760216541567    -0.297238505679     1.007825032230
         H            0.000000000031    -0.757570655514    -0.297238505680     1.007825032230

  Nuclear repulsion =    9.135794197316942

  ==> Basis Set <==

  Basis Set: DEF2-MTZVP
    Blend: DEF2-MTZVP
    Number of shells: 16
    Number of basis functions: 30
    Number of Cartesian functions: 32
    Spherical Harmonics?: true
    Max angular momentum: 2

  ==> DirectJKGrad: Integral-Direct SCF Gradients <==

    Gradient:                    1
    J tasked:                  Yes
    K tasked:                   No
    wK tasked:                  No
    Integrals threads:           4
    Schwarz Cutoff:          1E-12

  ==> DFT Potential <==

   => LibXC <=

    Version 7.0.0
    S. Lehtola, C. Steigemann, M. J.T. Oliveira, and M. A.L. Marques.,  SoftwareX 7, 1–5 (2018) (10.1016/j.softx.2017.11.002)

   => Composite Functional: B973C <= 

    B97-3c GGA-based 3C composite method with a TZ basis set, D3 and short-range basis set correction.  (10.1063/1.5012601)
     J. G. Brandenburg, C.Bannwarth, A. Hansen, S. Grimme J. Chem. Phys. 148, 064104, 2018


    Deriv               =              1
    GGA                 =           TRUE
    Meta                =          FALSE

    Exchange Hybrid     =          FALSE
    MP2 Hybrid          =          FALSE

   => Exchange-Correlation Functionals <=

    1.0000   Becke 97-3c by Grimme et. al.

   => LibXC Density Thresholds  <==

    XC_GGA_XC_B97_3C:  1.00E-14 

   => Molecular Quadrature <=

    Radial Scheme          =       TREUTLER
    Pruning Scheme         =           NONE
    Nuclear Scheme         =       TREUTLER

    Blocking Scheme        =         OCTREE
    BS radius alpha        =              1
    Pruning alpha          =              1
    Radial Points          =             99
    Spherical Points       =            590
    Total Points           =         170334
    Total Blocks           =           1307
    Max Points             =            256
    Max Functions          =             30
    Weights Tolerance      =       1.00E-15


  -Total Gradient:
     Atom            X                  Y                   Z
    ------   -----------------  -----------------  -----------------
       1       -0.000000000001    -0.001618718808     0.000931774437
       2       -0.000000000000     0.001782579302    -0.001098830241
       3        0.000000000001    -0.000163719719     0.000165850412


*** tstop() called on P3-Ultra at Fri Jul 10 18:05:04 2026
Module time:
	user time   =       0.43 seconds =       0.01 minutes
	system time =       0.02 seconds =       0.00 minutes
	total time  =          0 seconds =       0.00 minutes
Total time:
	user time   =      55.54 seconds =       0.93 minutes
	system time =       1.38 seconds =       0.02 minutes
	total time  =         16 seconds =       0.27 minutes

Scratch directory: /tmp/psi4_h2o_isolated/psi4_scratch/
gradient() will perform analytic gradient computation.
   => Libint2 <=

    Primary   basis highest AM E, G, H:  7, 6, 3
    Auxiliary basis highest AM E, G, H:  7, 7, 4
    Onebody   basis highest AM E, G, H:  -, -, -
    Solid Harmonics ordering:            Gaussian

*** tstart() called on P3-Ultra
*** at Fri Jul 10 18:05:04 2026

   => Loading Basis Set <=

    Name: DEF2-MTZVP
    Role: ORBITAL
    Keyword: BASIS
    atoms 1   entry O          line   161 file /tmp/psi4-1.11/share/psi4/basis/def2-mtzvp.gbs 
    atoms 2-3 entry H          line     9 file /tmp/psi4-1.11/share/psi4/basis/def2-mtzvp.gbs 

   => B973C: Empirical Dispersion <=

    Grimme's -D3 (BJ-damping) Dispersion Correction with ATM
    Grimme S.; Ehrlich S.; Goerigk L. (2011), J. Comput. Chem., 32: 1456

        s6 =       1.000000
        s8 =       1.500000
        a1 =       0.370000
        a2 =       4.100000
        s9 =       1.000000


         ---------------------------------------------------------
                                   SCF
               by Justin Turney, Rob Parrish, Andy Simmonett
                          and Daniel G. A. Smith
                              RKS Reference
                        4 Threads,   3814 MiB Core
         ---------------------------------------------------------

  ==> Geometry <==

    Molecular point group: c1
    Full point group: Cs

    Geometry (in Angstrom), charge = 0, multiplicity = 1:

       Center              X                  Y                   Z               Mass       
    ------------   -----------------  -----------------  -----------------  -----------------
         O           -0.000000000028    -0.000000000001     0.296484403591    15.994914619570
         H           -0.000000000003     0.757570655514    -0.299884391732     1.007825032230
         H            0.000000000031    -0.757570655514    -0.297238505680     1.007825032230

  Running in c1 symmetry.

  Rotational constants: A =     14.57265  B =     10.63112  C =      6.14684 [cm^-1]
  Rotational constants: A = 436877.16673  B = 318712.97616  C = 184277.71105 [MHz]
  Nuclear repulsion =    9.138448846121966

  Charge       = 0
  Multiplicity = 1
  Electrons    = 10
  Nalpha       = 5
  Nbeta        = 5

  ==> Algorithm <==

  SCF Algorithm Type is PK.
  DIIS enabled.
  MOM disabled.
  Fractional occupation disabled.
  Guess Type is SAD.
  Energy threshold   = 1.00e-10
  Density threshold  = 1.00e-10
  Integral threshold = 1.00e-12

  ==> Primary Basis <==

  Basis Set: DEF2-MTZVP
    Blend: DEF2-MTZVP
    Number of shells: 16
    Number of basis functions: 30
    Number of Cartesian functions: 32
    Spherical Harmonics?: true
    Max angular momentum: 2

  ==> DFT Potential <==

   => LibXC <=

    Version 7.0.0
    S. Lehtola, C. Steigemann, M. J.T. Oliveira, and M. A.L. Marques.,  SoftwareX 7, 1–5 (2018) (10.1016/j.softx.2017.11.002)

   => Composite Functional: B973C <= 

    B97-3c GGA-based 3C composite method with a TZ basis set, D3 and short-range basis set correction.  (10.1063/1.5012601)
     J. G. Brandenburg, C.Bannwarth, A. Hansen, S. Grimme J. Chem. Phys. 148, 064104, 2018


    Deriv               =              1
    GGA                 =           TRUE
    Meta                =          FALSE

    Exchange Hybrid     =          FALSE
    MP2 Hybrid          =          FALSE

   => Exchange-Correlation Functionals <=

    1.0000   Becke 97-3c by Grimme et. al.

   => LibXC Density Thresholds  <==

    XC_GGA_XC_B97_3C:  1.00E-14 

   => Molecular Quadrature <=

    Radial Scheme          =       TREUTLER
    Pruning Scheme         =           NONE
    Nuclear Scheme         =       TREUTLER

    Blocking Scheme        =         OCTREE
    BS radius alpha        =              1
    Pruning alpha          =              1
    Radial Points          =             99
    Spherical Points       =            590
    Total Points           =         170336
    Total Blocks           =           1304
    Max Points             =            256
    Max Functions          =             30
    Weights Tolerance      =       1.00E-15

  ==> Integral Setup <==

  Using in-core PK algorithm.
   Calculation information:
      Number of atoms:                   3
      Number of AO shells:              16
      Number of primitives:             29
      Number of atomic orbitals:        32
      Number of basis functions:        30

      Integral cutoff                 1.00e-12
      Number of threads:                 4

  Performing in-core PK
  Using 216690 doubles for integral storage.
  We computed 10900 shell quartets total.
  Whereas there are 9316 unique shell quartets.
    17.00 percent of shell quartets recomputed by reordering.

  ==> DiskJK: Disk-Based J/K Matrices <==

    J tasked:                  Yes
    K tasked:                   No
    wK tasked:                  No
    Memory [MiB]:             2715
    Schwarz Cutoff:          1E-12

    OpenMP threads:              4

  Cached 100.0% of DFT collocation blocks in 0.142 [GiB].

  Minimum eigenvalue in the overlap matrix is 8.7089971683E-03.
  Reciprocal condition number of the overlap matrix is 1.7486752073E-03.
    Using symmetric orthogonalization.

  ==> Pre-Iterations <==

  SCF Guess: Superposition of Atomic Densities via on-the-fly atomic UHF (no occupation information).

   -------------------------
    Irrep   Nso     Nmo    
   -------------------------
     A         30      30 
   -------------------------
    Total      30      30
   -------------------------

  ==> Iterations <==

                        Total Energy        Delta E     RMS |[F,P]|

   @RKS iter SAD:   -76.08151847334670   -7.60815e+01   0.00000e+00 
   @RKS iter   1:   -76.18649296308693   -1.04974e-01   2.61581e-02 DIIS
   @RKS iter   2:   -75.54122570832294    6.45267e-01   4.85206e-02 DIIS
   @RKS iter   3:   -76.39494946622804   -8.53724e-01   2.45446e-03 DIIS
   @RKS iter   4:   -76.39758936533940   -2.63990e-03   4.09708e-04 DIIS
   @RKS iter   5:   -76.39764505294472   -5.56876e-05   7.87229e-05 DIIS
   @RKS iter   6:   -76.39764694791131   -1.89497e-06   3.86351e-06 DIIS
   @RKS iter   7:   -76.39764695203418   -4.12287e-09   4.80263e-07 DIIS
   @RKS iter   8:   -76.39764695212808   -9.39053e-11   7.16259e-08 DIIS
   @RKS iter   9:   -76.39764695212997   -1.89004e-12   1.81067e-08 DIIS
   @RKS iter  10:   -76.39764695213007   -9.94760e-14   1.00831e-09 DIIS
   @RKS iter  11:   -76.39764695213012   -4.26326e-14   1.38376e-11 DIIS
  Energy and wave function converged.


  ==> Post-Iterations <==

   Electrons on quadrature grid:
      Ntotal   =    9.9999999854 ; deviation = -1.456e-08 

    Orbital Energies [Eh]
    ---------------------

    Doubly Occupied:                                                      

       1A    -18.744379     2A     -0.931000     3A     -0.480948  
       4A     -0.338365     5A     -0.256223  

    Virtual:                                                              

       6A      0.005431     7A      0.079135     8A      0.259248  
       9A      0.278541    10A      0.321343    11A      0.331795  
      12A      0.332917    13A      0.421129    14A      0.421430  
      15A      0.476477    16A      0.520948    17A      0.724147  
      18A      0.751454    19A      1.892292    20A      1.918036  
      21A      2.009623    22A      2.031035    23A      2.057175  
      24A      2.320891    25A      2.441934    26A      2.459176  
      27A      2.595673    28A      3.233834    29A      3.499726  
      30A     42.926034  

    Final Occupation by Irrep:
              A 
    DOCC [     5 ]
    NA   [     5 ]
    NB   [     5 ]

  @RKS Final Energy:   -76.39764695213012

   => Energetics <=

    Nuclear Repulsion Energy =              9.1384488461219657
    One-Electron Energy =                -122.9986564889224780
    Two-Electron Energy =                  46.7442626033520625
    DFT Exchange-Correlation Energy =      -9.2753607243731047
    Empirical Dispersion Energy =          -0.0063411883085495
    VV10 Nonlocal Energy =                  0.0000000000000000
    Total Energy =                        -76.3976469521301169

Computation Completed


Properties will be evaluated at   0.000000,   0.000000,   0.000000 [a0]

Properties computed using the SCF density matrix


 Multipole Moments:

 ------------------------------------------------------------------------------------
     Multipole            Electronic (a.u.)      Nuclear  (a.u.)        Total (a.u.)
 ------------------------------------------------------------------------------------

 L = 1.  Multiply by 2.5417464519 to convert [e a0] to [Debye]
 Dipole X            :          0.0000000           -0.0000000            0.0000000
 Dipole Y            :         -0.0004184           -0.0000000           -0.0004184
 Dipole Z            :         -4.0749664            3.3537958           -0.7211705
 Magnitude           :                                                    0.7211707

 ------------------------------------------------------------------------------------

*** tstop() called on P3-Ultra at Fri Jul 10 18:05:05 2026
Module time:
	user time   =       3.04 seconds =       0.05 minutes
	system time =       0.03 seconds =       0.00 minutes
	total time  =          1 seconds =       0.02 minutes
Total time:
	user time   =      58.74 seconds =       0.98 minutes
	system time =       1.42 seconds =       0.02 minutes
	total time  =         17 seconds =       0.28 minutes

*** tstart() called on P3-Ultra
*** at Fri Jul 10 18:05:05 2026


         ------------------------------------------------------------
                                   SCF GRAD                          
                          Rob Parrish, Justin Turney,                
                       Andy Simmonett, and Alex Sokolov              
         ------------------------------------------------------------

  ==> Geometry <==

    Molecular point group: c1
    Full point group: Cs

    Geometry (in Angstrom), charge = 0, multiplicity = 1:

       Center              X                  Y                   Z               Mass       
    ------------   -----------------  -----------------  -----------------  -----------------
         O           -0.000000000028    -0.000000000001     0.296484403591    15.994914619570
         H           -0.000000000003     0.757570655514    -0.299884391732     1.007825032230
         H            0.000000000031    -0.757570655514    -0.297238505680     1.007825032230

  Nuclear repulsion =    9.138448846121966

  ==> Basis Set <==

  Basis Set: DEF2-MTZVP
    Blend: DEF2-MTZVP
    Number of shells: 16
    Number of basis functions: 30
    Number of Cartesian functions: 32
    Spherical Harmonics?: true
    Max angular momentum: 2

  ==> DirectJKGrad: Integral-Direct SCF Gradients <==

    Gradient:                    1
    J tasked:                  Yes
    K tasked:                   No
    wK tasked:                  No
    Integrals threads:           4
    Schwarz Cutoff:          1E-12

  ==> DFT Potential <==

   => LibXC <=

    Version 7.0.0
    S. Lehtola, C. Steigemann, M. J.T. Oliveira, and M. A.L. Marques.,  SoftwareX 7, 1–5 (2018) (10.1016/j.softx.2017.11.002)

   => Composite Functional: B973C <= 

    B97-3c GGA-based 3C composite method with a TZ basis set, D3 and short-range basis set correction.  (10.1063/1.5012601)
     J. G. Brandenburg, C.Bannwarth, A. Hansen, S. Grimme J. Chem. Phys. 148, 064104, 2018


    Deriv               =              1
    GGA                 =           TRUE
    Meta                =          FALSE

    Exchange Hybrid     =          FALSE
    MP2 Hybrid          =          FALSE

   => Exchange-Correlation Functionals <=

    1.0000   Becke 97-3c by Grimme et. al.

   => LibXC Density Thresholds  <==

    XC_GGA_XC_B97_3C:  1.00E-14 

   => Molecular Quadrature <=

    Radial Scheme          =       TREUTLER
    Pruning Scheme         =           NONE
    Nuclear Scheme         =       TREUTLER

    Blocking Scheme        =         OCTREE
    BS radius alpha        =              1
    Pruning alpha          =              1
    Radial Points          =             99
    Spherical Points       =            590
    Total Points           =         170336
    Total Blocks           =           1304
    Max Points             =            256
    Max Functions          =             30
    Weights Tolerance      =       1.00E-15


  -Total Gradient:
     Atom            X                  Y                   Z
    ------   -----------------  -----------------  -----------------
       1       -0.000000000001    -0.001267893469     0.001127135418
       2       -0.000000000000     0.001101972365    -0.001062929830
       3        0.000000000001     0.000166027910    -0.000065488083


*** tstop() called on P3-Ultra at Fri Jul 10 18:05:05 2026
Module time:
	user time   =       0.46 seconds =       0.01 minutes
	system time =       0.01 seconds =       0.00 minutes
	total time  =          0 seconds =       0.00 minutes
Total time:
	user time   =      59.24 seconds =       0.99 minutes
	system time =       1.44 seconds =       0.02 minutes
	total time  =         17 seconds =       0.28 minutes

Scratch directory: /tmp/psi4_h2o_isolated/psi4_scratch/
gradient() will perform analytic gradient computation.
   => Libint2 <=

    Primary   basis highest AM E, G, H:  7, 6, 3
    Auxiliary basis highest AM E, G, H:  7, 7, 4
    Onebody   basis highest AM E, G, H:  -, -, -
    Solid Harmonics ordering:            Gaussian

*** tstart() called on P3-Ultra
*** at Fri Jul 10 18:05:05 2026

   => Loading Basis Set <=

    Name: DEF2-MTZVP
    Role: ORBITAL
    Keyword: BASIS
    atoms 1   entry O          line   161 file /tmp/psi4-1.11/share/psi4/basis/def2-mtzvp.gbs 
    atoms 2-3 entry H          line     9 file /tmp/psi4-1.11/share/psi4/basis/def2-mtzvp.gbs 

   => B973C: Empirical Dispersion <=

    Grimme's -D3 (BJ-damping) Dispersion Correction with ATM
    Grimme S.; Ehrlich S.; Goerigk L. (2011), J. Comput. Chem., 32: 1456

        s6 =       1.000000
        s8 =       1.500000
        a1 =       0.370000
        a2 =       4.100000
        s9 =       1.000000


         ---------------------------------------------------------
                                   SCF
               by Justin Turney, Rob Parrish, Andy Simmonett
                          and Daniel G. A. Smith
                              RKS Reference
                        4 Threads,   3814 MiB Core
         ---------------------------------------------------------

  ==> Geometry <==

    Molecular point group: c1
    Full point group: Cs

    Geometry (in Angstrom), charge = 0, multiplicity = 1:

       Center              X                  Y                   Z               Mass       
    ------------   -----------------  -----------------  -----------------  -----------------
         O           -0.000000000028    -0.000000000001     0.296484403591    15.994914619570
         H           -0.000000000003     0.757570655514    -0.294592619625     1.007825032230
         H            0.000000000031    -0.757570655514    -0.297238505680     1.007825032230

  Running in c1 symmetry.

  Rotational constants: A =     14.57265  B =     10.65242  C =      6.15396 [cm^-1]
  Rotational constants: A = 436877.19349  B = 319351.47941  C = 184490.99203 [MHz]
  Nuclear repulsion =    9.153365184979302

  Charge       = 0
  Multiplicity = 1
  Electrons    = 10
  Nalpha       = 5
  Nbeta        = 5

  ==> Algorithm <==

  SCF Algorithm Type is PK.
  DIIS enabled.
  MOM disabled.
  Fractional occupation disabled.
  Guess Type is SAD.
  Energy threshold   = 1.00e-10
  Density threshold  = 1.00e-10
  Integral threshold = 1.00e-12

  ==> Primary Basis <==

  Basis Set: DEF2-MTZVP
    Blend: DEF2-MTZVP
    Number of shells: 16
    Number of basis functions: 30
    Number of Cartesian functions: 32
    Spherical Harmonics?: true
    Max angular momentum: 2

  ==> DFT Potential <==

   => LibXC <=

    Version 7.0.0
    S. Lehtola, C. Steigemann, M. J.T. Oliveira, and M. A.L. Marques.,  SoftwareX 7, 1–5 (2018) (10.1016/j.softx.2017.11.002)

   => Composite Functional: B973C <= 

    B97-3c GGA-based 3C composite method with a TZ basis set, D3 and short-range basis set correction.  (10.1063/1.5012601)
     J. G. Brandenburg, C.Bannwarth, A. Hansen, S. Grimme J. Chem. Phys. 148, 064104, 2018


    Deriv               =              1
    GGA                 =           TRUE
    Meta                =          FALSE

    Exchange Hybrid     =          FALSE
    MP2 Hybrid          =          FALSE

   => Exchange-Correlation Functionals <=

    1.0000   Becke 97-3c by Grimme et. al.

   => LibXC Density Thresholds  <==

    XC_GGA_XC_B97_3C:  1.00E-14 

   => Molecular Quadrature <=

    Radial Scheme          =       TREUTLER
    Pruning Scheme         =           NONE
    Nuclear Scheme         =       TREUTLER

    Blocking Scheme        =         OCTREE
    BS radius alpha        =              1
    Pruning alpha          =              1
    Radial Points          =             99
    Spherical Points       =            590
    Total Points           =         170331
    Total Blocks           =           1311
    Max Points             =            256
    Max Functions          =             30
    Weights Tolerance      =       1.00E-15

  ==> Integral Setup <==

  Using in-core PK algorithm.
   Calculation information:
      Number of atoms:                   3
      Number of AO shells:              16
      Number of primitives:             29
      Number of atomic orbitals:        32
      Number of basis functions:        30

      Integral cutoff                 1.00e-12
      Number of threads:                 4

  Performing in-core PK
  Using 216690 doubles for integral storage.
  We computed 10900 shell quartets total.
  Whereas there are 9316 unique shell quartets.
    17.00 percent of shell quartets recomputed by reordering.

  ==> DiskJK: Disk-Based J/K Matrices <==

    J tasked:                  Yes
    K tasked:                   No
    wK tasked:                  No
    Memory [MiB]:             2715
    Schwarz Cutoff:          1E-12

    OpenMP threads:              4

  Cached 100.0% of DFT collocation blocks in 0.142 [GiB].

  Minimum eigenvalue in the overlap matrix is 8.6889806310E-03.
  Reciprocal condition number of the overlap matrix is 1.7439522143E-03.
    Using symmetric orthogonalization.

  ==> Pre-Iterations <==

  SCF Guess: Superposition of Atomic Densities via on-the-fly atomic UHF (no occupation information).

   -------------------------
    Irrep   Nso     Nmo    
   -------------------------
     A         30      30 
   -------------------------
    Total      30      30
   -------------------------

  ==> Iterations <==

                        Total Energy        Delta E     RMS |[F,P]|

   @RKS iter SAD:   -76.08222415932995   -7.60822e+01   0.00000e+00 
   @RKS iter   1:   -76.18621194259251   -1.03988e-01   2.61873e-02 DIIS
   @RKS iter   2:   -75.54364407601990    6.42568e-01   4.84845e-02 DIIS
   @RKS iter   3:   -76.39496819069599   -8.51324e-01   2.44753e-03 DIIS
   @RKS iter   4:   -76.39759026926095   -2.62208e-03   4.06931e-04 DIIS
   @RKS iter   5:   -76.39764506116444   -5.47919e-05   7.83709e-05 DIIS
   @RKS iter   6:   -76.39764693800657   -1.87684e-06   3.84236e-06 DIIS
   @RKS iter   7:   -76.39764694207953   -4.07296e-09   4.72964e-07 DIIS
   @RKS iter   8:   -76.39764694217071   -9.11768e-11   7.03464e-08 DIIS
   @RKS iter   9:   -76.39764694217249   -1.77636e-12   1.78616e-08 DIIS
   @RKS iter  10:   -76.39764694217270   -2.13163e-13   9.87906e-10 DIIS
   @RKS iter  11:   -76.39764694217268    1.42109e-14   1.35359e-11 DIIS
  Energy and wave function converged.


  ==> Post-Iterations <==

   Electrons on quadrature grid:
      Ntotal   =    9.9999999852 ; deviation = -1.482e-08 

    Orbital Energies [Eh]
    ---------------------

    Doubly Occupied:                                                      

       1A    -18.743999     2A     -0.931500     3A     -0.481959  
       4A     -0.337973     5A     -0.256289  

    Virtual:                                                              

       6A      0.005829     7A      0.079539     8A      0.259633  
       9A      0.278357    10A      0.321719    11A      0.331995  
      12A      0.332845    13A      0.421084    14A      0.421376  
      15A      0.477323    16A      0.521735    17A      0.724573  
      18A      0.751395    19A      1.892108    20A      1.919995  
      21A      2.010056    22A      2.030492    23A      2.057176  
      24A      2.322069    25A      2.441932    26A      2.459412  
      27A      2.596243    28A      3.235381    29A      3.505495  
      30A     42.926820  

    Final Occupation by Irrep:
              A 
    DOCC [     5 ]
    NA   [     5 ]
    NB   [     5 ]

  @RKS Final Energy:   -76.39764694217268

   => Energetics <=

    Nuclear Repulsion Energy =              9.1533651849793021
    One-Electron Energy =                -123.0257894752928109
    Two-Electron Energy =                  46.7580700900275659
    DFT Exchange-Correlation Energy =      -9.2769108054588774
    Empirical Dispersion Energy =          -0.0063819364278672
    VV10 Nonlocal Energy =                  0.0000000000000000
    Total Energy =                        -76.3976469421726847

Computation Completed


Properties will be evaluated at   0.000000,   0.000000,   0.000000 [a0]

Properties computed using the SCF density matrix


 Multipole Moments:

 ------------------------------------------------------------------------------------
     Multipole            Electronic (a.u.)      Nuclear  (a.u.)        Total (a.u.)
 ------------------------------------------------------------------------------------

 L = 1.  Multiply by 2.5417464519 to convert [e a0] to [Debye]
 Dipole X            :          0.0000000           -0.0000000            0.0000000
 Dipole Y            :          0.0004153           -0.0000000            0.0004153
 Dipole Z            :         -4.0833993            3.3637958           -0.7196035
 Magnitude           :                                                    0.7196036

 ------------------------------------------------------------------------------------

*** tstop() called on P3-Ultra at Fri Jul 10 18:05:06 2026
Module time:
	user time   =       2.90 seconds =       0.05 minutes
	system time =       0.06 seconds =       0.00 minutes
	total time  =          1 seconds =       0.02 minutes
Total time:
	user time   =      62.28 seconds =       1.04 minutes
	system time =       1.52 seconds =       0.03 minutes
	total time  =         18 seconds =       0.30 minutes

*** tstart() called on P3-Ultra
*** at Fri Jul 10 18:05:06 2026


         ------------------------------------------------------------
                                   SCF GRAD                          
                          Rob Parrish, Justin Turney,                
                       Andy Simmonett, and Alex Sokolov              
         ------------------------------------------------------------

  ==> Geometry <==

    Molecular point group: c1
    Full point group: Cs

    Geometry (in Angstrom), charge = 0, multiplicity = 1:

       Center              X                  Y                   Z               Mass       
    ------------   -----------------  -----------------  -----------------  -----------------
         O           -0.000000000028    -0.000000000001     0.296484403591    15.994914619570
         H           -0.000000000003     0.757570655514    -0.294592619625     1.007825032230
         H            0.000000000031    -0.757570655514    -0.297238505680     1.007825032230

  Nuclear repulsion =    9.153365184979302

  ==> Basis Set <==

  Basis Set: DEF2-MTZVP
    Blend: DEF2-MTZVP
    Number of shells: 16
    Number of basis functions: 30
    Number of Cartesian functions: 32
    Spherical Harmonics?: true
    Max angular momentum: 2

  ==> DirectJKGrad: Integral-Direct SCF Gradients <==

    Gradient:                    1
    J tasked:                  Yes
    K tasked:                   No
    wK tasked:                  No
    Integrals threads:           4
    Schwarz Cutoff:          1E-12

  ==> DFT Potential <==

   => LibXC <=

    Version 7.0.0
    S. Lehtola, C. Steigemann, M. J.T. Oliveira, and M. A.L. Marques.,  SoftwareX 7, 1–5 (2018) (10.1016/j.softx.2017.11.002)

   => Composite Functional: B973C <= 

    B97-3c GGA-based 3C composite method with a TZ basis set, D3 and short-range basis set correction.  (10.1063/1.5012601)
     J. G. Brandenburg, C.Bannwarth, A. Hansen, S. Grimme J. Chem. Phys. 148, 064104, 2018


    Deriv               =              1
    GGA                 =           TRUE
    Meta                =          FALSE

    Exchange Hybrid     =          FALSE
    MP2 Hybrid          =          FALSE

   => Exchange-Correlation Functionals <=

    1.0000   Becke 97-3c by Grimme et. al.

   => LibXC Density Thresholds  <==

    XC_GGA_XC_B97_3C:  1.00E-14 

   => Molecular Quadrature <=

    Radial Scheme          =       TREUTLER
    Pruning Scheme         =           NONE
    Nuclear Scheme         =       TREUTLER

    Blocking Scheme        =         OCTREE
    BS radius alpha        =              1
    Pruning alpha          =              1
    Radial Points          =             99
    Spherical Points       =            590
    Total Points           =         170331
    Total Blocks           =           1311
    Max Points             =            256
    Max Functions          =             30
    Weights Tolerance      =       1.00E-15


  -Total Gradient:
     Atom            X                  Y                   Z
    ------   -----------------  -----------------  -----------------
       1       -0.000000000001     0.001283282732    -0.001133245620
       2       -0.000000000001    -0.001116510084     0.001066903530
       3        0.000000000001    -0.000166879709     0.000065151848


*** tstop() called on P3-Ultra at Fri Jul 10 18:05:06 2026
Module time:
	user time   =       0.42 seconds =       0.01 minutes
	system time =       0.01 seconds =       0.00 minutes
	total time  =          0 seconds =       0.00 minutes
Total time:
	user time   =      62.74 seconds =       1.05 minutes
	system time =       1.53 seconds =       0.03 minutes
	total time  =         18 seconds =       0.30 minutes

Scratch directory: /tmp/psi4_h2o_isolated/psi4_scratch/
gradient() will perform analytic gradient computation.
   => Libint2 <=

    Primary   basis highest AM E, G, H:  7, 6, 3
    Auxiliary basis highest AM E, G, H:  7, 7, 4
    Onebody   basis highest AM E, G, H:  -, -, -
    Solid Harmonics ordering:            Gaussian

*** tstart() called on P3-Ultra
*** at Fri Jul 10 18:05:06 2026

   => Loading Basis Set <=

    Name: DEF2-MTZVP
    Role: ORBITAL
    Keyword: BASIS
    atoms 1   entry O          line   161 file /tmp/psi4-1.11/share/psi4/basis/def2-mtzvp.gbs 
    atoms 2-3 entry H          line     9 file /tmp/psi4-1.11/share/psi4/basis/def2-mtzvp.gbs 

   => B973C: Empirical Dispersion <=

    Grimme's -D3 (BJ-damping) Dispersion Correction with ATM
    Grimme S.; Ehrlich S.; Goerigk L. (2011), J. Comput. Chem., 32: 1456

        s6 =       1.000000
        s8 =       1.500000
        a1 =       0.370000
        a2 =       4.100000
        s9 =       1.000000


         ---------------------------------------------------------
                                   SCF
               by Justin Turney, Rob Parrish, Andy Simmonett
                          and Daniel G. A. Smith
                              RKS Reference
                        4 Threads,   3814 MiB Core
         ---------------------------------------------------------

  ==> Geometry <==

    Molecular point group: c1
    Full point group: C1

    Geometry (in Angstrom), charge = 0, multiplicity = 1:

       Center              X                  Y                   Z               Mass       
    ------------   -----------------  -----------------  -----------------  -----------------
         O           -0.000000000028    -0.000000000001     0.296484403591    15.994914619570
         H           -0.000000000003     0.757570655514    -0.297238505679     1.007825032230
         H           -0.002645886022    -0.757570655514    -0.297238505680     1.007825032230

  Running in c1 symmetry.

  Rotational constants: A =     14.57245  B =     10.64185  C =      6.15040 [cm^-1]
  Rotational constants: A = 436871.05844  B = 319034.54230  C = 184384.50050 [MHz]
  Nuclear repulsion =    9.145888045536369

  Charge       = 0
  Multiplicity = 1
  Electrons    = 10
  Nalpha       = 5
  Nbeta        = 5

  ==> Algorithm <==

  SCF Algorithm Type is PK.
  DIIS enabled.
  MOM disabled.
  Fractional occupation disabled.
  Guess Type is SAD.
  Energy threshold   = 1.00e-10
  Density threshold  = 1.00e-10
  Integral threshold = 1.00e-12

  ==> Primary Basis <==

  Basis Set: DEF2-MTZVP
    Blend: DEF2-MTZVP
    Number of shells: 16
    Number of basis functions: 30
    Number of Cartesian functions: 32
    Spherical Harmonics?: true
    Max angular momentum: 2

  ==> DFT Potential <==

   => LibXC <=

    Version 7.0.0
    S. Lehtola, C. Steigemann, M. J.T. Oliveira, and M. A.L. Marques.,  SoftwareX 7, 1–5 (2018) (10.1016/j.softx.2017.11.002)

   => Composite Functional: B973C <= 

    B97-3c GGA-based 3C composite method with a TZ basis set, D3 and short-range basis set correction.  (10.1063/1.5012601)
     J. G. Brandenburg, C.Bannwarth, A. Hansen, S. Grimme J. Chem. Phys. 148, 064104, 2018


    Deriv               =              1
    GGA                 =           TRUE
    Meta                =          FALSE

    Exchange Hybrid     =          FALSE
    MP2 Hybrid          =          FALSE

   => Exchange-Correlation Functionals <=

    1.0000   Becke 97-3c by Grimme et. al.

   => LibXC Density Thresholds  <==

    XC_GGA_XC_B97_3C:  1.00E-14 

   => Molecular Quadrature <=

    Radial Scheme          =       TREUTLER
    Pruning Scheme         =           NONE
    Nuclear Scheme         =       TREUTLER

    Blocking Scheme        =         OCTREE
    BS radius alpha        =              1
    Pruning alpha          =              1
    Radial Points          =             99
    Spherical Points       =            590
    Total Points           =         170330
    Total Blocks           =           1299
    Max Points             =            256
    Max Functions          =             30
    Weights Tolerance      =       1.00E-15

  ==> Integral Setup <==

  Using in-core PK algorithm.
   Calculation information:
      Number of atoms:                   3
      Number of AO shells:              16
      Number of primitives:             29
      Number of atomic orbitals:        32
      Number of basis functions:        30

      Integral cutoff                 1.00e-12
      Number of threads:                 4

  Performing in-core PK
  Using 216690 doubles for integral storage.
  We computed 10900 shell quartets total.
  Whereas there are 9316 unique shell quartets.
    17.00 percent of shell quartets recomputed by reordering.

  ==> DiskJK: Disk-Based J/K Matrices <==

    J tasked:                  Yes
    K tasked:                   No
    wK tasked:                  No
    Memory [MiB]:             2715
    Schwarz Cutoff:          1E-12

    OpenMP threads:              4

  Cached 100.0% of DFT collocation blocks in 0.142 [GiB].

  Minimum eigenvalue in the overlap matrix is 8.6990889148E-03.
  Reciprocal condition number of the overlap matrix is 1.7463338319E-03.
    Using symmetric orthogonalization.

  ==> Pre-Iterations <==

  SCF Guess: Superposition of Atomic Densities via on-the-fly atomic UHF (no occupation information).

   -------------------------
    Irrep   Nso     Nmo    
   -------------------------
     A         30      30 
   -------------------------
    Total      30      30
   -------------------------

  ==> Iterations <==

                        Total Energy        Delta E     RMS |[F,P]|

   @RKS iter SAD:   -76.08187273609369   -7.60819e+01   0.00000e+00 
   @RKS iter   1:   -76.18635680013770   -1.04484e-01   2.61726e-02 DIIS
   @RKS iter   2:   -75.54244572652630    6.43911e-01   4.85024e-02 DIIS
   @RKS iter   3:   -76.39496157184315   -8.52516e-01   2.45096e-03 DIIS
   @RKS iter   4:   -76.39759248481425   -2.63091e-03   4.08309e-04 DIIS
   @RKS iter   5:   -76.39764771988060   -5.52351e-05   7.85447e-05 DIIS
   @RKS iter   6:   -76.39764960565718   -1.88578e-06   3.84700e-06 DIIS
   @RKS iter   7:   -76.39764960974146   -4.08428e-09   4.63014e-07 DIIS
   @RKS iter   8:   -76.39764960983014   -8.86757e-11   3.93816e-08 DIIS
   @RKS iter   9:   -76.39764960983068   -5.40012e-13   2.37070e-09 DIIS
   @RKS iter  10:   -76.39764960983069   -1.42109e-14   6.46880e-11 DIIS
  Energy and wave function converged.


  ==> Post-Iterations <==

   Electrons on quadrature grid:
      Ntotal   =    9.9999999853 ; deviation = -1.471e-08 

    Orbital Energies [Eh]
    ---------------------

    Doubly Occupied:                                                      

       1A    -18.744189     2A     -0.931249     3A     -0.481453  
       4A     -0.338169     5A     -0.256256  

    Virtual:                                                              

       6A      0.005631     7A      0.079337     8A      0.259441  
       9A      0.278449    10A      0.321531    11A      0.331897  
      12A      0.332879    13A      0.421107    14A      0.421403  
      15A      0.476903    16A      0.521337    17A      0.724360  
      18A      0.751424    19A      1.892207    20A      1.919004  
      21A      2.009837    22A      2.030765    23A      2.057175  
      24A      2.321479    25A      2.441933    26A      2.459294  
      27A      2.595955    28A      3.234617    29A      3.502602  
      30A     42.926428  

    Final Occupation by Irrep:
              A 
    DOCC [     5 ]
    NA   [     5 ]
    NB   [     5 ]

  @RKS Final Energy:   -76.39764960983069

   => Energetics <=

    Nuclear Repulsion Energy =              9.1458880455363687
    One-Electron Energy =                -123.0121941912029371
    Two-Electron Energy =                  46.7511518881990469
    DFT Exchange-Correlation Energy =      -9.2761338838141967
    Empirical Dispersion Energy =          -0.0063614685489690
    VV10 Nonlocal Energy =                  0.0000000000000000
    Total Energy =                        -76.3976496098306939

Computation Completed


Properties will be evaluated at   0.000000,   0.000000,   0.000000 [a0]

Properties computed using the SCF density matrix


 Multipole Moments:

 ------------------------------------------------------------------------------------
     Multipole            Electronic (a.u.)      Nuclear  (a.u.)        Total (a.u.)
 ------------------------------------------------------------------------------------

 L = 1.  Multiply by 2.5417464519 to convert [e a0] to [Debye]
 Dipole X            :          0.0033948           -0.0050000           -0.0016052
 Dipole Y            :          0.0000009           -0.0000000            0.0000009
 Dipole Z            :         -4.0791831            3.3587958           -0.7203873
 Magnitude           :                                                    0.7203891

 ------------------------------------------------------------------------------------

*** tstop() called on P3-Ultra at Fri Jul 10 18:05:07 2026
Module time:
	user time   =       2.36 seconds =       0.04 minutes
	system time =       0.05 seconds =       0.00 minutes
	total time  =          1 seconds =       0.02 minutes
Total time:
	user time   =      65.25 seconds =       1.09 minutes
	system time =       1.58 seconds =       0.03 minutes
	total time  =         19 seconds =       0.32 minutes

*** tstart() called on P3-Ultra
*** at Fri Jul 10 18:05:07 2026


         ------------------------------------------------------------
                                   SCF GRAD                          
                          Rob Parrish, Justin Turney,                
                       Andy Simmonett, and Alex Sokolov              
         ------------------------------------------------------------

  ==> Geometry <==

    Molecular point group: c1
    Full point group: C1

    Geometry (in Angstrom), charge = 0, multiplicity = 1:

       Center              X                  Y                   Z               Mass       
    ------------   -----------------  -----------------  -----------------  -----------------
         O           -0.000000000028    -0.000000000001     0.296484403591    15.994914619570
         H           -0.000000000003     0.757570655514    -0.297238505679     1.007825032230
         H           -0.002645886022    -0.757570655514    -0.297238505680     1.007825032230

  Nuclear repulsion =    9.145888045536369

  ==> Basis Set <==

  Basis Set: DEF2-MTZVP
    Blend: DEF2-MTZVP
    Number of shells: 16
    Number of basis functions: 30
    Number of Cartesian functions: 32
    Spherical Harmonics?: true
    Max angular momentum: 2

  ==> DirectJKGrad: Integral-Direct SCF Gradients <==

    Gradient:                    1
    J tasked:                  Yes
    K tasked:                   No
    wK tasked:                  No
    Integrals threads:           4
    Schwarz Cutoff:          1E-12

  ==> DFT Potential <==

   => LibXC <=

    Version 7.0.0
    S. Lehtola, C. Steigemann, M. J.T. Oliveira, and M. A.L. Marques.,  SoftwareX 7, 1–5 (2018) (10.1016/j.softx.2017.11.002)

   => Composite Functional: B973C <= 

    B97-3c GGA-based 3C composite method with a TZ basis set, D3 and short-range basis set correction.  (10.1063/1.5012601)
     J. G. Brandenburg, C.Bannwarth, A. Hansen, S. Grimme J. Chem. Phys. 148, 064104, 2018


    Deriv               =              1
    GGA                 =           TRUE
    Meta                =          FALSE

    Exchange Hybrid     =          FALSE
    MP2 Hybrid          =          FALSE

   => Exchange-Correlation Functionals <=

    1.0000   Becke 97-3c by Grimme et. al.

   => LibXC Density Thresholds  <==

    XC_GGA_XC_B97_3C:  1.00E-14 

   => Molecular Quadrature <=

    Radial Scheme          =       TREUTLER
    Pruning Scheme         =           NONE
    Nuclear Scheme         =       TREUTLER

    Blocking Scheme        =         OCTREE
    BS radius alpha        =              1
    Pruning alpha          =              1
    Radial Points          =             99
    Spherical Points       =            590
    Total Points           =         170330
    Total Blocks           =           1299
    Max Points             =            256
    Max Functions          =             30
    Weights Tolerance      =       1.00E-15


  -Total Gradient:
     Atom            X                  Y                   Z
    ------   -----------------  -----------------  -----------------
       1        0.000000008001     0.000002842382     0.000001363514
       2       -0.000000000384     0.000000020027    -0.000000188276
       3       -0.000000010382    -0.000002862648    -0.000002415700


*** tstop() called on P3-Ultra at Fri Jul 10 18:05:07 2026
Module time:
	user time   =       0.52 seconds =       0.01 minutes
	system time =       0.01 seconds =       0.00 minutes
	total time  =          0 seconds =       0.00 minutes
Total time:
	user time   =      65.81 seconds =       1.10 minutes
	system time =       1.59 seconds =       0.03 minutes
	total time  =         19 seconds =       0.32 minutes

Scratch directory: /tmp/psi4_h2o_isolated/psi4_scratch/
gradient() will perform analytic gradient computation.
   => Libint2 <=

    Primary   basis highest AM E, G, H:  7, 6, 3
    Auxiliary basis highest AM E, G, H:  7, 7, 4
    Onebody   basis highest AM E, G, H:  -, -, -
    Solid Harmonics ordering:            Gaussian

*** tstart() called on P3-Ultra
*** at Fri Jul 10 18:05:07 2026

   => Loading Basis Set <=

    Name: DEF2-MTZVP
    Role: ORBITAL
    Keyword: BASIS
    atoms 1   entry O          line   161 file /tmp/psi4-1.11/share/psi4/basis/def2-mtzvp.gbs 
    atoms 2-3 entry H          line     9 file /tmp/psi4-1.11/share/psi4/basis/def2-mtzvp.gbs 

   => B973C: Empirical Dispersion <=

    Grimme's -D3 (BJ-damping) Dispersion Correction with ATM
    Grimme S.; Ehrlich S.; Goerigk L. (2011), J. Comput. Chem., 32: 1456

        s6 =       1.000000
        s8 =       1.500000
        a1 =       0.370000
        a2 =       4.100000
        s9 =       1.000000


         ---------------------------------------------------------
                                   SCF
               by Justin Turney, Rob Parrish, Andy Simmonett
                          and Daniel G. A. Smith
                              RKS Reference
                        4 Threads,   3814 MiB Core
         ---------------------------------------------------------

  ==> Geometry <==

    Molecular point group: c1
    Full point group: C1

    Geometry (in Angstrom), charge = 0, multiplicity = 1:

       Center              X                  Y                   Z               Mass       
    ------------   -----------------  -----------------  -----------------  -----------------
         O           -0.000000000028    -0.000000000001     0.296484403591    15.994914619570
         H           -0.000000000003     0.757570655514    -0.297238505679     1.007825032230
         H            0.002645886084    -0.757570655514    -0.297238505680     1.007825032230

  Running in c1 symmetry.

  Rotational constants: A =     14.57245  B =     10.64185  C =      6.15040 [cm^-1]
  Rotational constants: A = 436871.05844  B = 319034.54230  C = 184384.50050 [MHz]
  Nuclear repulsion =    9.145888045534859

  Charge       = 0
  Multiplicity = 1
  Electrons    = 10
  Nalpha       = 5
  Nbeta        = 5

  ==> Algorithm <==

  SCF Algorithm Type is PK.
  DIIS enabled.
  MOM disabled.
  Fractional occupation disabled.
  Guess Type is SAD.
  Energy threshold   = 1.00e-10
  Density threshold  = 1.00e-10
  Integral threshold = 1.00e-12

  ==> Primary Basis <==

  Basis Set: DEF2-MTZVP
    Blend: DEF2-MTZVP
    Number of shells: 16
    Number of basis functions: 30
    Number of Cartesian functions: 32
    Spherical Harmonics?: true
    Max angular momentum: 2

  ==> DFT Potential <==

   => LibXC <=

    Version 7.0.0
    S. Lehtola, C. Steigemann, M. J.T. Oliveira, and M. A.L. Marques.,  SoftwareX 7, 1–5 (2018) (10.1016/j.softx.2017.11.002)

   => Composite Functional: B973C <= 

    B97-3c GGA-based 3C composite method with a TZ basis set, D3 and short-range basis set correction.  (10.1063/1.5012601)
     J. G. Brandenburg, C.Bannwarth, A. Hansen, S. Grimme J. Chem. Phys. 148, 064104, 2018


    Deriv               =              1
    GGA                 =           TRUE
    Meta                =          FALSE

    Exchange Hybrid     =          FALSE
    MP2 Hybrid          =          FALSE

   => Exchange-Correlation Functionals <=

    1.0000   Becke 97-3c by Grimme et. al.

   => LibXC Density Thresholds  <==

    XC_GGA_XC_B97_3C:  1.00E-14 

   => Molecular Quadrature <=

    Radial Scheme          =       TREUTLER
    Pruning Scheme         =           NONE
    Nuclear Scheme         =       TREUTLER

    Blocking Scheme        =         OCTREE
    BS radius alpha        =              1
    Pruning alpha          =              1
    Radial Points          =             99
    Spherical Points       =            590
    Total Points           =         170330
    Total Blocks           =           1299
    Max Points             =            256
    Max Functions          =             30
    Weights Tolerance      =       1.00E-15

  ==> Integral Setup <==

  Using in-core PK algorithm.
   Calculation information:
      Number of atoms:                   3
      Number of AO shells:              16
      Number of primitives:             29
      Number of atomic orbitals:        32
      Number of basis functions:        30

      Integral cutoff                 1.00e-12
      Number of threads:                 4

  Performing in-core PK
  Using 216690 doubles for integral storage.
  We computed 10900 shell quartets total.
  Whereas there are 9316 unique shell quartets.
    17.00 percent of shell quartets recomputed by reordering.

  ==> DiskJK: Disk-Based J/K Matrices <==

    J tasked:                  Yes
    K tasked:                   No
    wK tasked:                  No
    Memory [MiB]:             2715
    Schwarz Cutoff:          1E-12

    OpenMP threads:              4

  Cached 100.0% of DFT collocation blocks in 0.142 [GiB].

  Minimum eigenvalue in the overlap matrix is 8.6990889148E-03.
  Reciprocal condition number of the overlap matrix is 1.7463338319E-03.
    Using symmetric orthogonalization.

  ==> Pre-Iterations <==

  SCF Guess: Superposition of Atomic Densities via on-the-fly atomic UHF (no occupation information).

   -------------------------
    Irrep   Nso     Nmo    
   -------------------------
     A         30      30 
   -------------------------
    Total      30      30
   -------------------------

  ==> Iterations <==

                        Total Energy        Delta E     RMS |[F,P]|

   @RKS iter SAD:   -76.08187273609356   -7.60819e+01   0.00000e+00 
   @RKS iter   1:   -76.18635680013769   -1.04484e-01   2.61726e-02 DIIS
   @RKS iter   2:   -75.54244572652610    6.43911e-01   4.85024e-02 DIIS
   @RKS iter   3:   -76.39496157184314   -8.52516e-01   2.45096e-03 DIIS
   @RKS iter   4:   -76.39759248481428   -2.63091e-03   4.08309e-04 DIIS
   @RKS iter   5:   -76.39764771988064   -5.52351e-05   7.85447e-05 DIIS
   @RKS iter   6:   -76.39764960565719   -1.88578e-06   3.84700e-06 DIIS
   @RKS iter   7:   -76.39764960974153   -4.08434e-09   4.63014e-07 DIIS
   @RKS iter   8:   -76.39764960983015   -8.86189e-11   3.93816e-08 DIIS
   @RKS iter   9:   -76.39764960983074   -5.82645e-13   2.37070e-09 DIIS
   @RKS iter  10:   -76.39764960983071    2.84217e-14   6.46882e-11 DIIS
  Energy and wave function converged.


  ==> Post-Iterations <==

   Electrons on quadrature grid:
      Ntotal   =    9.9999999853 ; deviation = -1.471e-08 

    Orbital Energies [Eh]
    ---------------------

    Doubly Occupied:                                                      

       1A    -18.744189     2A     -0.931249     3A     -0.481453  
       4A     -0.338169     5A     -0.256256  

    Virtual:                                                              

       6A      0.005631     7A      0.079337     8A      0.259441  
       9A      0.278449    10A      0.321531    11A      0.331897  
      12A      0.332879    13A      0.421107    14A      0.421403  
      15A      0.476903    16A      0.521337    17A      0.724360  
      18A      0.751424    19A      1.892207    20A      1.919004  
      21A      2.009837    22A      2.030765    23A      2.057175  
      24A      2.321479    25A      2.441933    26A      2.459294  
      27A      2.595955    28A      3.234617    29A      3.502602  
      30A     42.926428  

    Final Occupation by Irrep:
              A 
    DOCC [     5 ]
    NA   [     5 ]
    NB   [     5 ]

  @RKS Final Energy:   -76.39764960983071

   => Energetics <=

    Nuclear Repulsion Energy =              9.1458880455348588
    One-Electron Energy =                -123.0121941912003365
    Two-Electron Energy =                  46.7511518881978034
    DFT Exchange-Correlation Energy =      -9.2761338838140599
    Empirical Dispersion Energy =          -0.0063614685489690
    VV10 Nonlocal Energy =                  0.0000000000000000
    Total Energy =                        -76.3976496098307081

Computation Completed


Properties will be evaluated at   0.000000,   0.000000,   0.000000 [a0]

Properties computed using the SCF density matrix


 Multipole Moments:

 ------------------------------------------------------------------------------------
     Multipole            Electronic (a.u.)      Nuclear  (a.u.)        Total (a.u.)
 ------------------------------------------------------------------------------------

 L = 1.  Multiply by 2.5417464519 to convert [e a0] to [Debye]
 Dipole X            :         -0.0033948            0.0050000            0.0016052
 Dipole Y            :          0.0000009           -0.0000000            0.0000009
 Dipole Z            :         -4.0791831            3.3587958           -0.7203873
 Magnitude           :                                                    0.7203891

 ------------------------------------------------------------------------------------

*** tstop() called on P3-Ultra at Fri Jul 10 18:05:08 2026
Module time:
	user time   =       3.25 seconds =       0.05 minutes
	system time =       0.03 seconds =       0.00 minutes
	total time  =          1 seconds =       0.02 minutes
Total time:
	user time   =      69.23 seconds =       1.15 minutes
	system time =       1.63 seconds =       0.03 minutes
	total time  =         20 seconds =       0.33 minutes

*** tstart() called on P3-Ultra
*** at Fri Jul 10 18:05:08 2026


         ------------------------------------------------------------
                                   SCF GRAD                          
                          Rob Parrish, Justin Turney,                
                       Andy Simmonett, and Alex Sokolov              
         ------------------------------------------------------------

  ==> Geometry <==

    Molecular point group: c1
    Full point group: C1

    Geometry (in Angstrom), charge = 0, multiplicity = 1:

       Center              X                  Y                   Z               Mass       
    ------------   -----------------  -----------------  -----------------  -----------------
         O           -0.000000000028    -0.000000000001     0.296484403591    15.994914619570
         H           -0.000000000003     0.757570655514    -0.297238505679     1.007825032230
         H            0.002645886084    -0.757570655514    -0.297238505680     1.007825032230

  Nuclear repulsion =    9.145888045534859

  ==> Basis Set <==

  Basis Set: DEF2-MTZVP
    Blend: DEF2-MTZVP
    Number of shells: 16
    Number of basis functions: 30
    Number of Cartesian functions: 32
    Spherical Harmonics?: true
    Max angular momentum: 2

  ==> DirectJKGrad: Integral-Direct SCF Gradients <==

    Gradient:                    1
    J tasked:                  Yes
    K tasked:                   No
    wK tasked:                  No
    Integrals threads:           4
    Schwarz Cutoff:          1E-12

  ==> DFT Potential <==

   => LibXC <=

    Version 7.0.0
    S. Lehtola, C. Steigemann, M. J.T. Oliveira, and M. A.L. Marques.,  SoftwareX 7, 1–5 (2018) (10.1016/j.softx.2017.11.002)

   => Composite Functional: B973C <= 

    B97-3c GGA-based 3C composite method with a TZ basis set, D3 and short-range basis set correction.  (10.1063/1.5012601)
     J. G. Brandenburg, C.Bannwarth, A. Hansen, S. Grimme J. Chem. Phys. 148, 064104, 2018


    Deriv               =              1
    GGA                 =           TRUE
    Meta                =          FALSE

    Exchange Hybrid     =          FALSE
    MP2 Hybrid          =          FALSE

   => Exchange-Correlation Functionals <=

    1.0000   Becke 97-3c by Grimme et. al.

   => LibXC Density Thresholds  <==

    XC_GGA_XC_B97_3C:  1.00E-14 

   => Molecular Quadrature <=

    Radial Scheme          =       TREUTLER
    Pruning Scheme         =           NONE
    Nuclear Scheme         =       TREUTLER

    Blocking Scheme        =         OCTREE
    BS radius alpha        =              1
    Pruning alpha          =              1
    Radial Points          =             99
    Spherical Points       =            590
    Total Points           =         170330
    Total Blocks           =           1299
    Max Points             =            256
    Max Functions          =             30
    Weights Tolerance      =       1.00E-15


  -Total Gradient:
     Atom            X                  Y                   Z
    ------   -----------------  -----------------  -----------------
       1       -0.000000008002     0.000002842382     0.000001363515
       2        0.000000000385     0.000000020027    -0.000000188276
       3        0.000000010382    -0.000002862648    -0.000002415700


*** tstop() called on P3-Ultra at Fri Jul 10 18:05:08 2026
Module time:
	user time   =       0.41 seconds =       0.01 minutes
	system time =       0.01 seconds =       0.00 minutes
	total time  =          0 seconds =       0.00 minutes
Total time:
	user time   =      69.67 seconds =       1.16 minutes
	system time =       1.65 seconds =       0.03 minutes
	total time  =         20 seconds =       0.33 minutes

Scratch directory: /tmp/psi4_h2o_isolated/psi4_scratch/
gradient() will perform analytic gradient computation.
   => Libint2 <=

    Primary   basis highest AM E, G, H:  7, 6, 3
    Auxiliary basis highest AM E, G, H:  7, 7, 4
    Onebody   basis highest AM E, G, H:  -, -, -
    Solid Harmonics ordering:            Gaussian

*** tstart() called on P3-Ultra
*** at Fri Jul 10 18:05:08 2026

   => Loading Basis Set <=

    Name: DEF2-MTZVP
    Role: ORBITAL
    Keyword: BASIS
    atoms 1   entry O          line   161 file /tmp/psi4-1.11/share/psi4/basis/def2-mtzvp.gbs 
    atoms 2-3 entry H          line     9 file /tmp/psi4-1.11/share/psi4/basis/def2-mtzvp.gbs 

   => B973C: Empirical Dispersion <=

    Grimme's -D3 (BJ-damping) Dispersion Correction with ATM
    Grimme S.; Ehrlich S.; Goerigk L. (2011), J. Comput. Chem., 32: 1456

        s6 =       1.000000
        s8 =       1.500000
        a1 =       0.370000
        a2 =       4.100000
        s9 =       1.000000


         ---------------------------------------------------------
                                   SCF
               by Justin Turney, Rob Parrish, Andy Simmonett
                          and Daniel G. A. Smith
                              RKS Reference
                        4 Threads,   3814 MiB Core
         ---------------------------------------------------------

  ==> Geometry <==

    Molecular point group: c1
    Full point group: Cs

    Geometry (in Angstrom), charge = 0, multiplicity = 1:

       Center              X                  Y                   Z               Mass       
    ------------   -----------------  -----------------  -----------------  -----------------
         O           -0.000000000028    -0.000000000001     0.296484403591    15.994914619570
         H           -0.000000000003     0.757570655514    -0.297238505679     1.007825032230
         H            0.000000000031    -0.760216541568    -0.297238505680     1.007825032230

  Running in c1 symmetry.

  Rotational constants: A =     14.52175  B =     10.64186  C =      6.14135 [cm^-1]
  Rotational constants: A = 435350.97276  B = 319034.95383  C = 184112.89580 [MHz]
  Nuclear repulsion =    9.135794197316953

  Charge       = 0
  Multiplicity = 1
  Electrons    = 10
  Nalpha       = 5
  Nbeta        = 5

  ==> Algorithm <==

  SCF Algorithm Type is PK.
  DIIS enabled.
  MOM disabled.
  Fractional occupation disabled.
  Guess Type is SAD.
  Energy threshold   = 1.00e-10
  Density threshold  = 1.00e-10
  Integral threshold = 1.00e-12

  ==> Primary Basis <==

  Basis Set: DEF2-MTZVP
    Blend: DEF2-MTZVP
    Number of shells: 16
    Number of basis functions: 30
    Number of Cartesian functions: 32
    Spherical Harmonics?: true
    Max angular momentum: 2

  ==> DFT Potential <==

   => LibXC <=

    Version 7.0.0
    S. Lehtola, C. Steigemann, M. J.T. Oliveira, and M. A.L. Marques.,  SoftwareX 7, 1–5 (2018) (10.1016/j.softx.2017.11.002)

   => Composite Functional: B973C <= 

    B97-3c GGA-based 3C composite method with a TZ basis set, D3 and short-range basis set correction.  (10.1063/1.5012601)
     J. G. Brandenburg, C.Bannwarth, A. Hansen, S. Grimme J. Chem. Phys. 148, 064104, 2018


    Deriv               =              1
    GGA                 =           TRUE
    Meta                =          FALSE

    Exchange Hybrid     =          FALSE
    MP2 Hybrid          =          FALSE

   => Exchange-Correlation Functionals <=

    1.0000   Becke 97-3c by Grimme et. al.

   => LibXC Density Thresholds  <==

    XC_GGA_XC_B97_3C:  1.00E-14 

   => Molecular Quadrature <=

    Radial Scheme          =       TREUTLER
    Pruning Scheme         =           NONE
    Nuclear Scheme         =       TREUTLER

    Blocking Scheme        =         OCTREE
    BS radius alpha        =              1
    Pruning alpha          =              1
    Radial Points          =             99
    Spherical Points       =            590
    Total Points           =         170334
    Total Blocks           =           1308
    Max Points             =            256
    Max Functions          =             30
    Weights Tolerance      =       1.00E-15

  ==> Integral Setup <==

  Using in-core PK algorithm.
   Calculation information:
      Number of atoms:                   3
      Number of AO shells:              16
      Number of primitives:             29
      Number of atomic orbitals:        32
      Number of basis functions:        30

      Integral cutoff                 1.00e-12
      Number of threads:                 4

  Performing in-core PK
  Using 216690 doubles for integral storage.
  We computed 10900 shell quartets total.
  Whereas there are 9316 unique shell quartets.
    17.00 percent of shell quartets recomputed by reordering.

  ==> DiskJK: Disk-Based J/K Matrices <==

    J tasked:                  Yes
    K tasked:                   No
    wK tasked:                  No
    Memory [MiB]:             2715
    Schwarz Cutoff:          1E-12

    OpenMP threads:              4

  Cached 100.0% of DFT collocation blocks in 0.142 [GiB].

  Minimum eigenvalue in the overlap matrix is 8.7228401725E-03.
  Reciprocal condition number of the overlap matrix is 1.7522810251E-03.
    Using symmetric orthogonalization.

  ==> Pre-Iterations <==

  SCF Guess: Superposition of Atomic Densities via on-the-fly atomic UHF (no occupation information).

   -------------------------
    Irrep   Nso     Nmo    
   -------------------------
     A         30      30 
   -------------------------
    Total      30      30
   -------------------------

  ==> Iterations <==

                        Total Energy        Delta E     RMS |[F,P]|

   @RKS iter SAD:   -76.08131799297624   -7.60813e+01   0.00000e+00 
   @RKS iter   1:   -76.18645873387366   -1.05141e-01   2.61595e-02 DIIS
   @RKS iter   2:   -75.54085875864851    6.45600e-01   4.85271e-02 DIIS
   @RKS iter   3:   -76.39494819744600   -8.54089e-01   2.45427e-03 DIIS
   @RKS iter   4:   -76.39758793491832   -2.63974e-03   4.08497e-04 DIIS
   @RKS iter   5:   -76.39764325356882   -5.53187e-05   7.85889e-05 DIIS
   @RKS iter   6:   -76.39764514291878   -1.88935e-06   3.87599e-06 DIIS
   @RKS iter   7:   -76.39764514707413   -4.15535e-09   4.89072e-07 DIIS
   @RKS iter   8:   -76.39764514717071   -9.65770e-11   8.47053e-08 DIIS
   @RKS iter   9:   -76.39764514717345   -2.74269e-12   1.80283e-08 DIIS
   @RKS iter  10:   -76.39764514717358   -1.27898e-13   1.01171e-09 DIIS
   @RKS iter  11:   -76.39764514717353    4.26326e-14   1.72666e-11 DIIS
  Energy and wave function converged.


  ==> Post-Iterations <==

   Electrons on quadrature grid:
      Ntotal   =    9.9999999852 ; deviation = -1.485e-08 

    Orbital Energies [Eh]
    ---------------------

    Doubly Occupied:                                                      

       1A    -18.744321     2A     -0.930735     3A     -0.481265  
       4A     -0.337928     5A     -0.256156  

    Virtual:                                                              

       6A      0.005423     7A      0.079082     8A      0.259303  
       9A      0.278098    10A      0.321563    11A      0.331925  
      12A      0.332809    13A      0.421155    14A      0.421414  
      15A      0.476397    16A      0.520883    17A      0.724591  
      18A      0.751133    19A      1.891406    20A      1.918854  
      21A      2.010269    22A      2.030922    23A      2.057454  
      24A      2.321162    25A      2.441969    26A      2.458636  
      27A      2.595614    28A      3.233217    29A      3.499947  
      30A     42.926183  

    Final Occupation by Irrep:
              A 
    DOCC [     5 ]
    NA   [     5 ]
    NB   [     5 ]

  @RKS Final Energy:   -76.39764514717353

   => Energetics <=

    Nuclear Repulsion Energy =              9.1357941973169527
    One-Electron Energy =                -122.9945457738517689
    Two-Electron Energy =                  46.7425603319958043
    DFT Exchange-Correlation Energy =      -9.2751192428465679
    Empirical Dispersion Energy =          -0.0063346597879548
    VV10 Nonlocal Energy =                  0.0000000000000000
    Total Energy =                        -76.3976451471735345

Computation Completed


Properties will be evaluated at   0.000000,   0.000000,   0.000000 [a0]

Properties computed using the SCF density matrix


 Multipole Moments:

 ------------------------------------------------------------------------------------
     Multipole            Electronic (a.u.)      Nuclear  (a.u.)        Total (a.u.)
 ------------------------------------------------------------------------------------

 L = 1.  Multiply by 2.5417464519 to convert [e a0] to [Debye]
 Dipole X            :          0.0000000           -0.0000000            0.0000000
 Dipole Y            :          0.0039276           -0.0050000           -0.0010724
 Dipole Z            :         -4.0786476            3.3587958           -0.7198517
 Magnitude           :                                                    0.7198525

 ------------------------------------------------------------------------------------

*** tstop() called on P3-Ultra at Fri Jul 10 18:05:08 2026
Module time:
	user time   =       3.16 seconds =       0.05 minutes
	system time =       0.07 seconds =       0.00 minutes
	total time  =          0 seconds =       0.00 minutes
Total time:
	user time   =      73.01 seconds =       1.22 minutes
	system time =       1.73 seconds =       0.03 minutes
	total time  =         20 seconds =       0.33 minutes

*** tstart() called on P3-Ultra
*** at Fri Jul 10 18:05:08 2026


         ------------------------------------------------------------
                                   SCF GRAD                          
                          Rob Parrish, Justin Turney,                
                       Andy Simmonett, and Alex Sokolov              
         ------------------------------------------------------------

  ==> Geometry <==

    Molecular point group: c1
    Full point group: Cs

    Geometry (in Angstrom), charge = 0, multiplicity = 1:

       Center              X                  Y                   Z               Mass       
    ------------   -----------------  -----------------  -----------------  -----------------
         O           -0.000000000028    -0.000000000001     0.296484403591    15.994914619570
         H           -0.000000000003     0.757570655514    -0.297238505679     1.007825032230
         H            0.000000000031    -0.760216541568    -0.297238505680     1.007825032230

  Nuclear repulsion =    9.135794197316953

  ==> Basis Set <==

  Basis Set: DEF2-MTZVP
    Blend: DEF2-MTZVP
    Number of shells: 16
    Number of basis functions: 30
    Number of Cartesian functions: 32
    Spherical Harmonics?: true
    Max angular momentum: 2

  ==> DirectJKGrad: Integral-Direct SCF Gradients <==

    Gradient:                    1
    J tasked:                  Yes
    K tasked:                   No
    wK tasked:                  No
    Integrals threads:           4
    Schwarz Cutoff:          1E-12

  ==> DFT Potential <==

   => LibXC <=

    Version 7.0.0
    S. Lehtola, C. Steigemann, M. J.T. Oliveira, and M. A.L. Marques.,  SoftwareX 7, 1–5 (2018) (10.1016/j.softx.2017.11.002)

   => Composite Functional: B973C <= 

    B97-3c GGA-based 3C composite method with a TZ basis set, D3 and short-range basis set correction.  (10.1063/1.5012601)
     J. G. Brandenburg, C.Bannwarth, A. Hansen, S. Grimme J. Chem. Phys. 148, 064104, 2018


    Deriv               =              1
    GGA                 =           TRUE
    Meta                =          FALSE

    Exchange Hybrid     =          FALSE
    MP2 Hybrid          =          FALSE

   => Exchange-Correlation Functionals <=

    1.0000   Becke 97-3c by Grimme et. al.

   => LibXC Density Thresholds  <==

    XC_GGA_XC_B97_3C:  1.00E-14 

   => Molecular Quadrature <=

    Radial Scheme          =       TREUTLER
    Pruning Scheme         =           NONE
    Nuclear Scheme         =       TREUTLER

    Blocking Scheme        =         OCTREE
    BS radius alpha        =              1
    Pruning alpha          =              1
    Radial Points          =             99
    Spherical Points       =            590
    Total Points           =         170334
    Total Blocks           =           1308
    Max Points             =            256
    Max Functions          =             30
    Weights Tolerance      =       1.00E-15


  -Total Gradient:
     Atom            X                  Y                   Z
    ------   -----------------  -----------------  -----------------
       1       -0.000000000001     0.001618718808     0.000931774437
       2       -0.000000000000     0.000163719719     0.000165850412
       3        0.000000000001    -0.001782579302    -0.001098830241


*** tstop() called on P3-Ultra at Fri Jul 10 18:05:09 2026
Module time:
	user time   =       0.52 seconds =       0.01 minutes
	system time =       0.01 seconds =       0.00 minutes
	total time  =          1 seconds =       0.02 minutes
Total time:
	user time   =      73.59 seconds =       1.23 minutes
	system time =       1.74 seconds =       0.03 minutes
	total time  =         21 seconds =       0.35 minutes

Scratch directory: /tmp/psi4_h2o_isolated/psi4_scratch/
gradient() will perform analytic gradient computation.
   => Libint2 <=

    Primary   basis highest AM E, G, H:  7, 6, 3
    Auxiliary basis highest AM E, G, H:  7, 7, 4
    Onebody   basis highest AM E, G, H:  -, -, -
    Solid Harmonics ordering:            Gaussian

*** tstart() called on P3-Ultra
*** at Fri Jul 10 18:05:09 2026

   => Loading Basis Set <=

    Name: DEF2-MTZVP
    Role: ORBITAL
    Keyword: BASIS
    atoms 1   entry O          line   161 file /tmp/psi4-1.11/share/psi4/basis/def2-mtzvp.gbs 
    atoms 2-3 entry H          line     9 file /tmp/psi4-1.11/share/psi4/basis/def2-mtzvp.gbs 

   => B973C: Empirical Dispersion <=

    Grimme's -D3 (BJ-damping) Dispersion Correction with ATM
    Grimme S.; Ehrlich S.; Goerigk L. (2011), J. Comput. Chem., 32: 1456

        s6 =       1.000000
        s8 =       1.500000
        a1 =       0.370000
        a2 =       4.100000
        s9 =       1.000000


         ---------------------------------------------------------
                                   SCF
               by Justin Turney, Rob Parrish, Andy Simmonett
                          and Daniel G. A. Smith
                              RKS Reference
                        4 Threads,   3814 MiB Core
         ---------------------------------------------------------

  ==> Geometry <==

    Molecular point group: c1
    Full point group: Cs

    Geometry (in Angstrom), charge = 0, multiplicity = 1:

       Center              X                  Y                   Z               Mass       
    ------------   -----------------  -----------------  -----------------  -----------------
         O           -0.000000000028    -0.000000000001     0.296484403591    15.994914619570
         H           -0.000000000003     0.757570655514    -0.297238505679     1.007825032230
         H            0.000000000031    -0.754924769461    -0.297238505680     1.007825032230

  Running in c1 symmetry.

  Rotational constants: A =     14.62354  B =     10.64186  C =      6.15948 [cm^-1]
  Rotational constants: A = 438402.61328  B = 319034.95944  C = 184656.48521 [MHz]
  Nuclear repulsion =    9.156046859157899

  Charge       = 0
  Multiplicity = 1
  Electrons    = 10
  Nalpha       = 5
  Nbeta        = 5

  ==> Algorithm <==

  SCF Algorithm Type is PK.
  DIIS enabled.
  MOM disabled.
  Fractional occupation disabled.
  Guess Type is SAD.
  Energy threshold   = 1.00e-10
  Density threshold  = 1.00e-10
  Integral threshold = 1.00e-12

  ==> Primary Basis <==

  Basis Set: DEF2-MTZVP
    Blend: DEF2-MTZVP
    Number of shells: 16
    Number of basis functions: 30
    Number of Cartesian functions: 32
    Spherical Harmonics?: true
    Max angular momentum: 2

  ==> DFT Potential <==

   => LibXC <=

    Version 7.0.0
    S. Lehtola, C. Steigemann, M. J.T. Oliveira, and M. A.L. Marques.,  SoftwareX 7, 1–5 (2018) (10.1016/j.softx.2017.11.002)

   => Composite Functional: B973C <= 

    B97-3c GGA-based 3C composite method with a TZ basis set, D3 and short-range basis set correction.  (10.1063/1.5012601)
     J. G. Brandenburg, C.Bannwarth, A. Hansen, S. Grimme J. Chem. Phys. 148, 064104, 2018


    Deriv               =              1
    GGA                 =           TRUE
    Meta                =          FALSE

    Exchange Hybrid     =          FALSE
    MP2 Hybrid          =          FALSE

   => Exchange-Correlation Functionals <=

    1.0000   Becke 97-3c by Grimme et. al.

   => LibXC Density Thresholds  <==

    XC_GGA_XC_B97_3C:  1.00E-14 

   => Molecular Quadrature <=

    Radial Scheme          =       TREUTLER
    Pruning Scheme         =           NONE
    Nuclear Scheme         =       TREUTLER

    Blocking Scheme        =         OCTREE
    BS radius alpha        =              1
    Pruning alpha          =              1
    Radial Points          =             99
    Spherical Points       =            590
    Total Points           =         170335
    Total Blocks           =           1308
    Max Points             =            256
    Max Functions          =             30
    Weights Tolerance      =       1.00E-15

  ==> Integral Setup <==

  Using in-core PK algorithm.
   Calculation information:
      Number of atoms:                   3
      Number of AO shells:              16
      Number of primitives:             29
      Number of atomic orbitals:        32
      Number of basis functions:        30

      Integral cutoff                 1.00e-12
      Number of threads:                 4

  Performing in-core PK
  Using 216690 doubles for integral storage.
  We computed 10900 shell quartets total.
  Whereas there are 9316 unique shell quartets.
    17.00 percent of shell quartets recomputed by reordering.

  ==> DiskJK: Disk-Based J/K Matrices <==

    J tasked:                  Yes
    K tasked:                   No
    wK tasked:                  No
    Memory [MiB]:             2715
    Schwarz Cutoff:          1E-12

    OpenMP threads:              4

  Cached 100.0% of DFT collocation blocks in 0.142 [GiB].

  Minimum eigenvalue in the overlap matrix is 8.6750016650E-03.
  Reciprocal condition number of the overlap matrix is 1.7403229453E-03.
    Using symmetric orthogonalization.

  ==> Pre-Iterations <==

  SCF Guess: Superposition of Atomic Densities via on-the-fly atomic UHF (no occupation information).

   -------------------------
    Irrep   Nso     Nmo    
   -------------------------
     A         30      30 
   -------------------------
    Total      30      30
   -------------------------

  ==> Iterations <==

                        Total Energy        Delta E     RMS |[F,P]|

   @RKS iter SAD:   -76.08242314502444   -7.60824e+01   0.00000e+00 
   @RKS iter   1:   -76.18624086836907   -1.03818e-01   2.61860e-02 DIIS
   @RKS iter   2:   -75.54399875175130    6.42242e-01   4.84781e-02 DIIS
   @RKS iter   3:   -76.39496571125652   -8.50967e-01   2.44777e-03 DIIS
   @RKS iter   4:   -76.39758806138575   -2.62235e-03   4.08154e-04 DIIS
   @RKS iter   5:   -76.39764322467640   -5.51633e-05   7.85069e-05 DIIS
   @RKS iter   6:   -76.39764510722038   -1.88254e-06   3.83739e-06 DIIS
   @RKS iter   7:   -76.39764511127854   -4.05815e-09   4.80819e-07 DIIS
   @RKS iter   8:   -76.39764511137190   -9.33653e-11   8.26968e-08 DIIS
   @RKS iter   9:   -76.39764511137449   -2.58638e-12   1.77307e-08 DIIS
   @RKS iter  10:   -76.39764511137470   -2.13163e-13   9.86603e-10 DIIS
   @RKS iter  11:   -76.39764511137464    5.68434e-14   1.67571e-11 DIIS
  Energy and wave function converged.


  ==> Post-Iterations <==

   Electrons on quadrature grid:
      Ntotal   =    9.9999999855 ; deviation = -1.451e-08 

    Orbital Energies [Eh]
    ---------------------

    Doubly Occupied:                                                      

       1A    -18.744056     2A     -0.931768     3A     -0.481640  
       4A     -0.338412     5A     -0.256356  

    Virtual:                                                              

       6A      0.005836     7A      0.079592     8A      0.259577  
       9A      0.278801    10A      0.321499    11A      0.331864  
      12A      0.332955    13A      0.421057    14A      0.421391  
      15A      0.477401    16A      0.521806    17A      0.724130  
      18A      0.751719    19A      1.892994    20A      1.919183  
      21A      2.009406    22A      2.030606    23A      2.056896  
      24A      2.321800    25A      2.441897    26A      2.459955  
      27A      2.596302    28A      3.235986    29A      3.505284  
      30A     42.926668  

    Final Occupation by Irrep:
              A 
    DOCC [     5 ]
    NA   [     5 ]
    NB   [     5 ]

  @RKS Final Energy:   -76.39764511137464

   => Energetics <=

    Nuclear Repulsion Energy =              9.1560468591578985
    One-Electron Energy =                -123.0299404128026595
    Two-Electron Energy =                  46.7597920913350151
    DFT Exchange-Correlation Energy =      -9.2771550534846270
    Empirical Dispersion Energy =          -0.0063885955802806
    VV10 Nonlocal Energy =                  0.0000000000000000
    Total Energy =                        -76.3976451113746435

Computation Completed


Properties will be evaluated at   0.000000,   0.000000,   0.000000 [a0]

Properties computed using the SCF density matrix


 Multipole Moments:

 ------------------------------------------------------------------------------------
     Multipole            Electronic (a.u.)      Nuclear  (a.u.)        Total (a.u.)
 ------------------------------------------------------------------------------------

 L = 1.  Multiply by 2.5417464519 to convert [e a0] to [Debye]
 Dipole X            :          0.0000000           -0.0000000            0.0000000
 Dipole Y            :         -0.0039258            0.0050000            0.0010742
 Dipole Z            :         -4.0797215            3.3587958           -0.7209257
 Magnitude           :                                                    0.7209265

 ------------------------------------------------------------------------------------

*** tstop() called on P3-Ultra at Fri Jul 10 18:05:09 2026
Module time:
	user time   =       3.06 seconds =       0.05 minutes
	system time =       0.07 seconds =       0.00 minutes
	total time  =          0 seconds =       0.00 minutes
Total time:
	user time   =      76.81 seconds =       1.28 minutes
	system time =       1.81 seconds =       0.03 minutes
	total time  =         21 seconds =       0.35 minutes

*** tstart() called on P3-Ultra
*** at Fri Jul 10 18:05:09 2026


         ------------------------------------------------------------
                                   SCF GRAD                          
                          Rob Parrish, Justin Turney,                
                       Andy Simmonett, and Alex Sokolov              
         ------------------------------------------------------------

  ==> Geometry <==

    Molecular point group: c1
    Full point group: Cs

    Geometry (in Angstrom), charge = 0, multiplicity = 1:

       Center              X                  Y                   Z               Mass       
    ------------   -----------------  -----------------  -----------------  -----------------
         O           -0.000000000028    -0.000000000001     0.296484403591    15.994914619570
         H           -0.000000000003     0.757570655514    -0.297238505679     1.007825032230
         H            0.000000000031    -0.754924769461    -0.297238505680     1.007825032230

  Nuclear repulsion =    9.156046859157899

  ==> Basis Set <==

  Basis Set: DEF2-MTZVP
    Blend: DEF2-MTZVP
    Number of shells: 16
    Number of basis functions: 30
    Number of Cartesian functions: 32
    Spherical Harmonics?: true
    Max angular momentum: 2

  ==> DirectJKGrad: Integral-Direct SCF Gradients <==

    Gradient:                    1
    J tasked:                  Yes
    K tasked:                   No
    wK tasked:                  No
    Integrals threads:           4
    Schwarz Cutoff:          1E-12

  ==> DFT Potential <==

   => LibXC <=

    Version 7.0.0
    S. Lehtola, C. Steigemann, M. J.T. Oliveira, and M. A.L. Marques.,  SoftwareX 7, 1–5 (2018) (10.1016/j.softx.2017.11.002)

   => Composite Functional: B973C <= 

    B97-3c GGA-based 3C composite method with a TZ basis set, D3 and short-range basis set correction.  (10.1063/1.5012601)
     J. G. Brandenburg, C.Bannwarth, A. Hansen, S. Grimme J. Chem. Phys. 148, 064104, 2018


    Deriv               =              1
    GGA                 =           TRUE
    Meta                =          FALSE

    Exchange Hybrid     =          FALSE
    MP2 Hybrid          =          FALSE

   => Exchange-Correlation Functionals <=

    1.0000   Becke 97-3c by Grimme et. al.

   => LibXC Density Thresholds  <==

    XC_GGA_XC_B97_3C:  1.00E-14 

   => Molecular Quadrature <=

    Radial Scheme          =       TREUTLER
    Pruning Scheme         =           NONE
    Nuclear Scheme         =       TREUTLER

    Blocking Scheme        =         OCTREE
    BS radius alpha        =              1
    Pruning alpha          =              1
    Radial Points          =             99
    Spherical Points       =            590
    Total Points           =         170335
    Total Blocks           =           1308
    Max Points             =            256
    Max Functions          =             30
    Weights Tolerance      =       1.00E-15


  -Total Gradient:
     Atom            X                  Y                   Z
    ------   -----------------  -----------------  -----------------
       1       -0.000000000001    -0.001636488165    -0.000953965813
       2       -0.000000000000    -0.000165080783    -0.000166827300
       3        0.000000000001     0.001801706540     0.001119530839


*** tstop() called on P3-Ultra at Fri Jul 10 18:05:09 2026
Module time:
	user time   =       0.55 seconds =       0.01 minutes
	system time =       0.01 seconds =       0.00 minutes
	total time  =          0 seconds =       0.00 minutes
Total time:
	user time   =      77.41 seconds =       1.29 minutes
	system time =       1.82 seconds =       0.03 minutes
	total time  =         21 seconds =       0.35 minutes

Scratch directory: /tmp/psi4_h2o_isolated/psi4_scratch/
gradient() will perform analytic gradient computation.
   => Libint2 <=

    Primary   basis highest AM E, G, H:  7, 6, 3
    Auxiliary basis highest AM E, G, H:  7, 7, 4
    Onebody   basis highest AM E, G, H:  -, -, -
    Solid Harmonics ordering:            Gaussian

*** tstart() called on P3-Ultra
*** at Fri Jul 10 18:05:09 2026

   => Loading Basis Set <=

    Name: DEF2-MTZVP
    Role: ORBITAL
    Keyword: BASIS
    atoms 1   entry O          line   161 file /tmp/psi4-1.11/share/psi4/basis/def2-mtzvp.gbs 
    atoms 2-3 entry H          line     9 file /tmp/psi4-1.11/share/psi4/basis/def2-mtzvp.gbs 

   => B973C: Empirical Dispersion <=

    Grimme's -D3 (BJ-damping) Dispersion Correction with ATM
    Grimme S.; Ehrlich S.; Goerigk L. (2011), J. Comput. Chem., 32: 1456

        s6 =       1.000000
        s8 =       1.500000
        a1 =       0.370000
        a2 =       4.100000
        s9 =       1.000000


         ---------------------------------------------------------
                                   SCF
               by Justin Turney, Rob Parrish, Andy Simmonett
                          and Daniel G. A. Smith
                              RKS Reference
                        4 Threads,   3814 MiB Core
         ---------------------------------------------------------

  ==> Geometry <==

    Molecular point group: c1
    Full point group: Cs

    Geometry (in Angstrom), charge = 0, multiplicity = 1:

       Center              X                  Y                   Z               Mass       
    ------------   -----------------  -----------------  -----------------  -----------------
         O           -0.000000000028    -0.000000000001     0.296484403591    15.994914619570
         H           -0.000000000003     0.757570655514    -0.297238505679     1.007825032230
         H            0.000000000031    -0.757570655514    -0.299884391733     1.007825032230

  Running in c1 symmetry.

  Rotational constants: A =     14.57265  B =     10.63112  C =      6.14684 [cm^-1]
  Rotational constants: A = 436877.16673  B = 318712.97616  C = 184277.71105 [MHz]
  Nuclear repulsion =    9.138448846121952

  Charge       = 0
  Multiplicity = 1
  Electrons    = 10
  Nalpha       = 5
  Nbeta        = 5

  ==> Algorithm <==

  SCF Algorithm Type is PK.
  DIIS enabled.
  MOM disabled.
  Fractional occupation disabled.
  Guess Type is SAD.
  Energy threshold   = 1.00e-10
  Density threshold  = 1.00e-10
  Integral threshold = 1.00e-12

  ==> Primary Basis <==

  Basis Set: DEF2-MTZVP
    Blend: DEF2-MTZVP
    Number of shells: 16
    Number of basis functions: 30
    Number of Cartesian functions: 32
    Spherical Harmonics?: true
    Max angular momentum: 2

  ==> DFT Potential <==

   => LibXC <=

    Version 7.0.0
    S. Lehtola, C. Steigemann, M. J.T. Oliveira, and M. A.L. Marques.,  SoftwareX 7, 1–5 (2018) (10.1016/j.softx.2017.11.002)

   => Composite Functional: B973C <= 

    B97-3c GGA-based 3C composite method with a TZ basis set, D3 and short-range basis set correction.  (10.1063/1.5012601)
     J. G. Brandenburg, C.Bannwarth, A. Hansen, S. Grimme J. Chem. Phys. 148, 064104, 2018


    Deriv               =              1
    GGA                 =           TRUE
    Meta                =          FALSE

    Exchange Hybrid     =          FALSE
    MP2 Hybrid          =          FALSE

   => Exchange-Correlation Functionals <=

    1.0000   Becke 97-3c by Grimme et. al.

   => LibXC Density Thresholds  <==

    XC_GGA_XC_B97_3C:  1.00E-14 

   => Molecular Quadrature <=

    Radial Scheme          =       TREUTLER
    Pruning Scheme         =           NONE
    Nuclear Scheme         =       TREUTLER

    Blocking Scheme        =         OCTREE
    BS radius alpha        =              1
    Pruning alpha          =              1
    Radial Points          =             99
    Spherical Points       =            590
    Total Points           =         170336
    Total Blocks           =           1306
    Max Points             =            256
    Max Functions          =             30
    Weights Tolerance      =       1.00E-15

  ==> Integral Setup <==

  Using in-core PK algorithm.
   Calculation information:
      Number of atoms:                   3
      Number of AO shells:              16
      Number of primitives:             29
      Number of atomic orbitals:        32
      Number of basis functions:        30

      Integral cutoff                 1.00e-12
      Number of threads:                 4

  Performing in-core PK
  Using 216690 doubles for integral storage.
  We computed 10900 shell quartets total.
  Whereas there are 9316 unique shell quartets.
    17.00 percent of shell quartets recomputed by reordering.

  ==> DiskJK: Disk-Based J/K Matrices <==

    J tasked:                  Yes
    K tasked:                   No
    wK tasked:                  No
    Memory [MiB]:             2715
    Schwarz Cutoff:          1E-12

    OpenMP threads:              4

  Cached 100.0% of DFT collocation blocks in 0.142 [GiB].

  Minimum eigenvalue in the overlap matrix is 8.7089971683E-03.
  Reciprocal condition number of the overlap matrix is 1.7486752073E-03.
    Using symmetric orthogonalization.

  ==> Pre-Iterations <==

  SCF Guess: Superposition of Atomic Densities via on-the-fly atomic UHF (no occupation information).

   -------------------------
    Irrep   Nso     Nmo    
   -------------------------
     A         30      30 
   -------------------------
    Total      30      30
   -------------------------

  ==> Iterations <==

                        Total Energy        Delta E     RMS |[F,P]|

   @RKS iter SAD:   -76.08151847334668   -7.60815e+01   0.00000e+00 
   @RKS iter   1:   -76.18649296308681   -1.04974e-01   2.61581e-02 DIIS
   @RKS iter   2:   -75.54122570832293    6.45267e-01   4.85206e-02 DIIS
   @RKS iter   3:   -76.39494946622804   -8.53724e-01   2.45446e-03 DIIS
   @RKS iter   4:   -76.39758936533946   -2.63990e-03   4.09708e-04 DIIS
   @RKS iter   5:   -76.39764505294472   -5.56876e-05   7.87229e-05 DIIS
   @RKS iter   6:   -76.39764694791123   -1.89497e-06   3.86351e-06 DIIS
   @RKS iter   7:   -76.39764695203418   -4.12295e-09   4.80263e-07 DIIS
   @RKS iter   8:   -76.39764695212806   -9.38769e-11   7.16259e-08 DIIS
   @RKS iter   9:   -76.39764695212990   -1.84741e-12   1.81067e-08 DIIS
   @RKS iter  10:   -76.39764695213006   -1.56319e-13   1.00831e-09 DIIS
   @RKS iter  11:   -76.39764695213010   -4.26326e-14   1.38377e-11 DIIS
  Energy and wave function converged.


  ==> Post-Iterations <==

   Electrons on quadrature grid:
      Ntotal   =    9.9999999854 ; deviation = -1.456e-08 

    Orbital Energies [Eh]
    ---------------------

    Doubly Occupied:                                                      

       1A    -18.744379     2A     -0.931000     3A     -0.480948  
       4A     -0.338365     5A     -0.256223  

    Virtual:                                                              

       6A      0.005431     7A      0.079135     8A      0.259248  
       9A      0.278541    10A      0.321343    11A      0.331795  
      12A      0.332917    13A      0.421129    14A      0.421430  
      15A      0.476477    16A      0.520948    17A      0.724147  
      18A      0.751454    19A      1.892292    20A      1.918036  
      21A      2.009623    22A      2.031035    23A      2.057175  
      24A      2.320891    25A      2.441934    26A      2.459176  
      27A      2.595673    28A      3.233834    29A      3.499726  
      30A     42.926034  

    Final Occupation by Irrep:
              A 
    DOCC [     5 ]
    NA   [     5 ]
    NB   [     5 ]

  @RKS Final Energy:   -76.39764695213010

   => Energetics <=

    Nuclear Repulsion Energy =              9.1384488461219515
    One-Electron Energy =                -122.9986564889225349
    Two-Electron Energy =                  46.7442626033521478
    DFT Exchange-Correlation Energy =      -9.2753607243731189
    Empirical Dispersion Energy =          -0.0063411883085495
    VV10 Nonlocal Energy =                  0.0000000000000000
    Total Energy =                        -76.3976469521301027

Computation Completed


Properties will be evaluated at   0.000000,   0.000000,   0.000000 [a0]

Properties computed using the SCF density matrix


 Multipole Moments:

 ------------------------------------------------------------------------------------
     Multipole            Electronic (a.u.)      Nuclear  (a.u.)        Total (a.u.)
 ------------------------------------------------------------------------------------

 L = 1.  Multiply by 2.5417464519 to convert [e a0] to [Debye]
 Dipole X            :          0.0000000           -0.0000000            0.0000000
 Dipole Y            :          0.0004184           -0.0000000            0.0004184
 Dipole Z            :         -4.0749664            3.3537958           -0.7211705
 Magnitude           :                                                    0.7211707

 ------------------------------------------------------------------------------------

*** tstop() called on P3-Ultra at Fri Jul 10 18:05:10 2026
Module time:
	user time   =       3.26 seconds =       0.05 minutes
	system time =       0.05 seconds =       0.00 minutes
	total time  =          1 seconds =       0.02 minutes
Total time:
	user time   =      80.84 seconds =       1.35 minutes
	system time =       1.87 seconds =       0.03 minutes
	total time  =         22 seconds =       0.37 minutes

*** tstart() called on P3-Ultra
*** at Fri Jul 10 18:05:10 2026


         ------------------------------------------------------------
                                   SCF GRAD                          
                          Rob Parrish, Justin Turney,                
                       Andy Simmonett, and Alex Sokolov              
         ------------------------------------------------------------

  ==> Geometry <==

    Molecular point group: c1
    Full point group: Cs

    Geometry (in Angstrom), charge = 0, multiplicity = 1:

       Center              X                  Y                   Z               Mass       
    ------------   -----------------  -----------------  -----------------  -----------------
         O           -0.000000000028    -0.000000000001     0.296484403591    15.994914619570
         H           -0.000000000003     0.757570655514    -0.297238505679     1.007825032230
         H            0.000000000031    -0.757570655514    -0.299884391733     1.007825032230

  Nuclear repulsion =    9.138448846121952

  ==> Basis Set <==

  Basis Set: DEF2-MTZVP
    Blend: DEF2-MTZVP
    Number of shells: 16
    Number of basis functions: 30
    Number of Cartesian functions: 32
    Spherical Harmonics?: true
    Max angular momentum: 2

  ==> DirectJKGrad: Integral-Direct SCF Gradients <==

    Gradient:                    1
    J tasked:                  Yes
    K tasked:                   No
    wK tasked:                  No
    Integrals threads:           4
    Schwarz Cutoff:          1E-12

  ==> DFT Potential <==

   => LibXC <=

    Version 7.0.0
    S. Lehtola, C. Steigemann, M. J.T. Oliveira, and M. A.L. Marques.,  SoftwareX 7, 1–5 (2018) (10.1016/j.softx.2017.11.002)

   => Composite Functional: B973C <= 

    B97-3c GGA-based 3C composite method with a TZ basis set, D3 and short-range basis set correction.  (10.1063/1.5012601)
     J. G. Brandenburg, C.Bannwarth, A. Hansen, S. Grimme J. Chem. Phys. 148, 064104, 2018


    Deriv               =              1
    GGA                 =           TRUE
    Meta                =          FALSE

    Exchange Hybrid     =          FALSE
    MP2 Hybrid          =          FALSE

   => Exchange-Correlation Functionals <=

    1.0000   Becke 97-3c by Grimme et. al.

   => LibXC Density Thresholds  <==

    XC_GGA_XC_B97_3C:  1.00E-14 

   => Molecular Quadrature <=

    Radial Scheme          =       TREUTLER
    Pruning Scheme         =           NONE
    Nuclear Scheme         =       TREUTLER

    Blocking Scheme        =         OCTREE
    BS radius alpha        =              1
    Pruning alpha          =              1
    Radial Points          =             99
    Spherical Points       =            590
    Total Points           =         170336
    Total Blocks           =           1306
    Max Points             =            256
    Max Functions          =             30
    Weights Tolerance      =       1.00E-15


  -Total Gradient:
     Atom            X                  Y                   Z
    ------   -----------------  -----------------  -----------------
       1       -0.000000000001     0.001267893469     0.001127135418
       2       -0.000000000000    -0.000166027910    -0.000065488083
       3        0.000000000001    -0.001101972365    -0.001062929830


*** tstop() called on P3-Ultra at Fri Jul 10 18:05:10 2026
Module time:
	user time   =       0.45 seconds =       0.01 minutes
	system time =       0.02 seconds =       0.00 minutes
	total time  =          0 seconds =       0.00 minutes
Total time:
	user time   =      81.33 seconds =       1.36 minutes
	system time =       1.89 seconds =       0.03 minutes
	total time  =         22 seconds =       0.37 minutes

Scratch directory: /tmp/psi4_h2o_isolated/psi4_scratch/
gradient() will perform analytic gradient computation.
   => Libint2 <=

    Primary   basis highest AM E, G, H:  7, 6, 3
    Auxiliary basis highest AM E, G, H:  7, 7, 4
    Onebody   basis highest AM E, G, H:  -, -, -
    Solid Harmonics ordering:            Gaussian

*** tstart() called on P3-Ultra
*** at Fri Jul 10 18:05:10 2026

   => Loading Basis Set <=

    Name: DEF2-MTZVP
    Role: ORBITAL
    Keyword: BASIS
    atoms 1   entry O          line   161 file /tmp/psi4-1.11/share/psi4/basis/def2-mtzvp.gbs 
    atoms 2-3 entry H          line     9 file /tmp/psi4-1.11/share/psi4/basis/def2-mtzvp.gbs 

   => B973C: Empirical Dispersion <=

    Grimme's -D3 (BJ-damping) Dispersion Correction with ATM
    Grimme S.; Ehrlich S.; Goerigk L. (2011), J. Comput. Chem., 32: 1456

        s6 =       1.000000
        s8 =       1.500000
        a1 =       0.370000
        a2 =       4.100000
        s9 =       1.000000


         ---------------------------------------------------------
                                   SCF
               by Justin Turney, Rob Parrish, Andy Simmonett
                          and Daniel G. A. Smith
                              RKS Reference
                        4 Threads,   3814 MiB Core
         ---------------------------------------------------------

  ==> Geometry <==

    Molecular point group: c1
    Full point group: Cs

    Geometry (in Angstrom), charge = 0, multiplicity = 1:

       Center              X                  Y                   Z               Mass       
    ------------   -----------------  -----------------  -----------------  -----------------
         O           -0.000000000028    -0.000000000001     0.296484403591    15.994914619570
         H           -0.000000000003     0.757570655514    -0.297238505679     1.007825032230
         H            0.000000000031    -0.757570655514    -0.294592619627     1.007825032230

  Running in c1 symmetry.

  Rotational constants: A =     14.57265  B =     10.65242  C =      6.15396 [cm^-1]
  Rotational constants: A = 436877.19349  B = 319351.47941  C = 184490.99203 [MHz]
  Nuclear repulsion =    9.153365184979318

  Charge       = 0
  Multiplicity = 1
  Electrons    = 10
  Nalpha       = 5
  Nbeta        = 5

  ==> Algorithm <==

  SCF Algorithm Type is PK.
  DIIS enabled.
  MOM disabled.
  Fractional occupation disabled.
  Guess Type is SAD.
  Energy threshold   = 1.00e-10
  Density threshold  = 1.00e-10
  Integral threshold = 1.00e-12

  ==> Primary Basis <==

  Basis Set: DEF2-MTZVP
    Blend: DEF2-MTZVP
    Number of shells: 16
    Number of basis functions: 30
    Number of Cartesian functions: 32
    Spherical Harmonics?: true
    Max angular momentum: 2

  ==> DFT Potential <==

   => LibXC <=

    Version 7.0.0
    S. Lehtola, C. Steigemann, M. J.T. Oliveira, and M. A.L. Marques.,  SoftwareX 7, 1–5 (2018) (10.1016/j.softx.2017.11.002)

   => Composite Functional: B973C <= 

    B97-3c GGA-based 3C composite method with a TZ basis set, D3 and short-range basis set correction.  (10.1063/1.5012601)
     J. G. Brandenburg, C.Bannwarth, A. Hansen, S. Grimme J. Chem. Phys. 148, 064104, 2018


    Deriv               =              1
    GGA                 =           TRUE
    Meta                =          FALSE

    Exchange Hybrid     =          FALSE
    MP2 Hybrid          =          FALSE

   => Exchange-Correlation Functionals <=

    1.0000   Becke 97-3c by Grimme et. al.

   => LibXC Density Thresholds  <==

    XC_GGA_XC_B97_3C:  1.00E-14 

   => Molecular Quadrature <=

    Radial Scheme          =       TREUTLER
    Pruning Scheme         =           NONE
    Nuclear Scheme         =       TREUTLER

    Blocking Scheme        =         OCTREE
    BS radius alpha        =              1
    Pruning alpha          =              1
    Radial Points          =             99
    Spherical Points       =            590
    Total Points           =         170331
    Total Blocks           =           1310
    Max Points             =            256
    Max Functions          =             30
    Weights Tolerance      =       1.00E-15

  ==> Integral Setup <==

  Using in-core PK algorithm.
   Calculation information:
      Number of atoms:                   3
      Number of AO shells:              16
      Number of primitives:             29
      Number of atomic orbitals:        32
      Number of basis functions:        30

      Integral cutoff                 1.00e-12
      Number of threads:                 4

  Performing in-core PK
  Using 216690 doubles for integral storage.
  We computed 10900 shell quartets total.
  Whereas there are 9316 unique shell quartets.
    17.00 percent of shell quartets recomputed by reordering.

  ==> DiskJK: Disk-Based J/K Matrices <==

    J tasked:                  Yes
    K tasked:                   No
    wK tasked:                  No
    Memory [MiB]:             2715
    Schwarz Cutoff:          1E-12

    OpenMP threads:              4

  Cached 100.0% of DFT collocation blocks in 0.142 [GiB].

  Minimum eigenvalue in the overlap matrix is 8.6889806310E-03.
  Reciprocal condition number of the overlap matrix is 1.7439522143E-03.
    Using symmetric orthogonalization.

  ==> Pre-Iterations <==

  SCF Guess: Superposition of Atomic Densities via on-the-fly atomic UHF (no occupation information).

   -------------------------
    Irrep   Nso     Nmo    
   -------------------------
     A         30      30 
   -------------------------
    Total      30      30
   -------------------------

  ==> Iterations <==

                        Total Energy        Delta E     RMS |[F,P]|

   @RKS iter SAD:   -76.08222415932993   -7.60822e+01   0.00000e+00 
   @RKS iter   1:   -76.18621194259275   -1.03988e-01   2.61873e-02 DIIS
   @RKS iter   2:   -75.54364407602007    6.42568e-01   4.84845e-02 DIIS
   @RKS iter   3:   -76.39496819069620   -8.51324e-01   2.44753e-03 DIIS
   @RKS iter   4:   -76.39759026926117   -2.62208e-03   4.06931e-04 DIIS
   @RKS iter   5:   -76.39764506116470   -5.47919e-05   7.83709e-05 DIIS
   @RKS iter   6:   -76.39764693800667   -1.87684e-06   3.84236e-06 DIIS
   @RKS iter   7:   -76.39764694207980   -4.07313e-09   4.72964e-07 DIIS
   @RKS iter   8:   -76.39764694217088   -9.10774e-11   7.03464e-08 DIIS
   @RKS iter   9:   -76.39764694217276   -1.87583e-12   1.78616e-08 DIIS
   @RKS iter  10:   -76.39764694217280   -4.26326e-14   9.87906e-10 DIIS
   @RKS iter  11:   -76.39764694217276    4.26326e-14   1.35362e-11 DIIS
  Energy and wave function converged.


  ==> Post-Iterations <==

   Electrons on quadrature grid:
      Ntotal   =    9.9999999852 ; deviation = -1.482e-08 

    Orbital Energies [Eh]
    ---------------------

    Doubly Occupied:                                                      

       1A    -18.743999     2A     -0.931500     3A     -0.481959  
       4A     -0.337973     5A     -0.256289  

    Virtual:                                                              

       6A      0.005829     7A      0.079539     8A      0.259633  
       9A      0.278357    10A      0.321719    11A      0.331995  
      12A      0.332845    13A      0.421084    14A      0.421376  
      15A      0.477323    16A      0.521735    17A      0.724573  
      18A      0.751395    19A      1.892108    20A      1.919995  
      21A      2.010056    22A      2.030492    23A      2.057176  
      24A      2.322069    25A      2.441932    26A      2.459412  
      27A      2.596243    28A      3.235381    29A      3.505495  
      30A     42.926820  

    Final Occupation by Irrep:
              A 
    DOCC [     5 ]
    NA   [     5 ]
    NB   [     5 ]

  @RKS Final Energy:   -76.39764694217276

   => Energetics <=

    Nuclear Repulsion Energy =              9.1533651849793181
    One-Electron Energy =                -123.0257894752930241
    Two-Electron Energy =                  46.7580700900277151
    DFT Exchange-Correlation Energy =      -9.2769108054588916
    Empirical Dispersion Energy =          -0.0063819364278672
    VV10 Nonlocal Energy =                  0.0000000000000000
    Total Energy =                        -76.3976469421727558

Computation Completed


Properties will be evaluated at   0.000000,   0.000000,   0.000000 [a0]

Properties computed using the SCF density matrix


 Multipole Moments:

 ------------------------------------------------------------------------------------
     Multipole            Electronic (a.u.)      Nuclear  (a.u.)        Total (a.u.)
 ------------------------------------------------------------------------------------

 L = 1.  Multiply by 2.5417464519 to convert [e a0] to [Debye]
 Dipole X            :          0.0000000           -0.0000000            0.0000000
 Dipole Y            :         -0.0004153           -0.0000000           -0.0004153
 Dipole Z            :         -4.0833993            3.3637958           -0.7196035
 Magnitude           :                                                    0.7196036

 ------------------------------------------------------------------------------------

*** tstop() called on P3-Ultra at Fri Jul 10 18:05:11 2026
Module time:
	user time   =       3.24 seconds =       0.05 minutes
	system time =       0.07 seconds =       0.00 minutes
	total time  =          1 seconds =       0.02 minutes
Total time:
	user time   =      84.75 seconds =       1.41 minutes
	system time =       1.96 seconds =       0.03 minutes
	total time  =         23 seconds =       0.38 minutes

*** tstart() called on P3-Ultra
*** at Fri Jul 10 18:05:11 2026


         ------------------------------------------------------------
                                   SCF GRAD                          
                          Rob Parrish, Justin Turney,                
                       Andy Simmonett, and Alex Sokolov              
         ------------------------------------------------------------

  ==> Geometry <==

    Molecular point group: c1
    Full point group: Cs

    Geometry (in Angstrom), charge = 0, multiplicity = 1:

       Center              X                  Y                   Z               Mass       
    ------------   -----------------  -----------------  -----------------  -----------------
         O           -0.000000000028    -0.000000000001     0.296484403591    15.994914619570
         H           -0.000000000003     0.757570655514    -0.297238505679     1.007825032230
         H            0.000000000031    -0.757570655514    -0.294592619627     1.007825032230

  Nuclear repulsion =    9.153365184979318

  ==> Basis Set <==

  Basis Set: DEF2-MTZVP
    Blend: DEF2-MTZVP
    Number of shells: 16
    Number of basis functions: 30
    Number of Cartesian functions: 32
    Spherical Harmonics?: true
    Max angular momentum: 2

  ==> DirectJKGrad: Integral-Direct SCF Gradients <==

    Gradient:                    1
    J tasked:                  Yes
    K tasked:                   No
    wK tasked:                  No
    Integrals threads:           4
    Schwarz Cutoff:          1E-12

  ==> DFT Potential <==

   => LibXC <=

    Version 7.0.0
    S. Lehtola, C. Steigemann, M. J.T. Oliveira, and M. A.L. Marques.,  SoftwareX 7, 1–5 (2018) (10.1016/j.softx.2017.11.002)

   => Composite Functional: B973C <= 

    B97-3c GGA-based 3C composite method with a TZ basis set, D3 and short-range basis set correction.  (10.1063/1.5012601)
     J. G. Brandenburg, C.Bannwarth, A. Hansen, S. Grimme J. Chem. Phys. 148, 064104, 2018


    Deriv               =              1
    GGA                 =           TRUE
    Meta                =          FALSE

    Exchange Hybrid     =          FALSE
    MP2 Hybrid          =          FALSE

   => Exchange-Correlation Functionals <=

    1.0000   Becke 97-3c by Grimme et. al.

   => LibXC Density Thresholds  <==

    XC_GGA_XC_B97_3C:  1.00E-14 

   => Molecular Quadrature <=

    Radial Scheme          =       TREUTLER
    Pruning Scheme         =           NONE
    Nuclear Scheme         =       TREUTLER

    Blocking Scheme        =         OCTREE
    BS radius alpha        =              1
    Pruning alpha          =              1
    Radial Points          =             99
    Spherical Points       =            590
    Total Points           =         170331
    Total Blocks           =           1310
    Max Points             =            256
    Max Functions          =             30
    Weights Tolerance      =       1.00E-15


  -Total Gradient:
     Atom            X                  Y                   Z
    ------   -----------------  -----------------  -----------------
       1       -0.000000000001    -0.001283282732    -0.001133245620
       2       -0.000000000000     0.000166879709     0.000065151848
       3        0.000000000001     0.001116510084     0.001066903530


*** tstop() called on P3-Ultra at Fri Jul 10 18:05:11 2026
Module time:
	user time   =       0.45 seconds =       0.01 minutes
	system time =       0.03 seconds =       0.00 minutes
	total time  =          0 seconds =       0.00 minutes
Total time:
	user time   =      85.25 seconds =       1.42 minutes
	system time =       2.00 seconds =       0.03 minutes
	total time  =         23 seconds =       0.38 minutes
