step,graph_idx,status,energy,fmax,temperature,pressure_eV_A3,volume_A3,density_g_cm3
0.0,0,0.0,-4197591.5,1.195341944694519,294.7030944824219,0.0022050058469176292,129453.78125,0.6576664447784424
0.0,1,0.0,-4197591.0,1.5639294385910034,353.4835510253906,0.002396466676145792,129453.78125,0.6576665639877319
0.0,2,0.0,-4197589.5,1.1578092575073242,412.58184814453125,0.002487202174961567,129453.78125,0.6576664447784424
0.0,3,0.0,-4197589.5,1.2411221265792847,471.512939453125,0.0027623146306723356,129453.78125,0.6576664447784424
0.0,4,0.0,-4197588.0,1.325394868850708,530.4529418945312,0.003078451845794916,129453.78125,0.6576664447784424
100.0,0,0.0,-4197425.0,4.386190414428711,180.0636444091797,0.00032194575760513544,129453.78125,0.6576664447784424
100.0,1,0.0,-4197392.0,5.1887712478637695,214.63775634765625,0.0007238616817630827,129453.78125,0.6576664447784424
100.0,2,0.0,-4197358.0,5.139441967010498,254.78184509277344,0.00030114920809865,129453.78125,0.6576664447784424
100.0,3,0.0,-4197326.0,5.4443488121032715,292.73504638671875,0.0002799363574013114,129453.78125,0.6576664447784424
100.0,4,0.0,-4197293.0,5.856191635131836,330.9781799316406,0.00030381616670638323,129453.78125,0.6576665043830872
200.0,0,0.0,-4197419.0,4.8600053787231445,219.043212890625,-0.0001850405242294073,129453.78125,0.6576664447784424
200.0,1,0.0,-4197391.0,5.136143207550049,265.1369323730469,-0.0004150369204580784,129453.78125,0.6576665043830872
200.0,2,0.0,-4197348.0,6.037494659423828,307.0485534667969,-0.00034819357097148895,129453.78125,0.6576664447784424
200.0,3,0.0,-4197313.5,6.535069465637207,350.6697692871094,-0.0004926456604152918,129453.78125,0.6576664447784424
200.0,4,0.0,-4197277.0,7.003192901611328,393.7151794433594,-0.0005436778301373124,129453.78125,0.6576664447784424
300.0,0,0.0,-4197402.5,5.077073097229004,230.364013671875,0.0007484042434953153,129453.78125,0.6576664447784424
300.0,1,0.0,-4197364.0,5.914772033691406,268.4914855957031,1.730292569845915e-05,129453.78125,0.6576665639877319
300.0,2,0.0,-4197325.0,5.886072635650635,323.0771789550781,0.0009316259529441595,129453.78125,0.6576664447784424
300.0,3,0.0,-4197287.5,6.186098098754883,368.8323669433594,0.0009472323581576347,129453.78125,0.6576664447784424
300.0,4,0.0,-4197248.0,6.709492206573486,415.3564758300781,0.0010559133952483535,129453.78125,0.6576665639877319
400.0,0,0.0,-4197395.0,5.073206901550293,236.3363037109375,0.00024515989935025573,129453.78125,0.6576664447784424
400.0,1,0.0,-4197355.5,5.565672397613525,281.0068359375,-7.551757153123617e-05,129453.78125,0.6576665043830872
400.0,2,0.0,-4197314.0,5.994043350219727,330.21173095703125,0.0002440904499962926,129453.78125,0.6576664447784424
400.0,3,0.0,-4197275.0,6.408914566040039,377.69024658203125,0.0001950383884832263,129453.78125,0.6576664447784424
400.0,4,0.0,-4197234.0,6.763774394989014,424.9586181640625,0.000230467994697392,129453.78125,0.6576664447784424
500.0,0,0.0,-4197389.5,5.018916606903076,243.1102752685547,7.105479016900063e-05,129453.78125,0.6576665043830872
500.0,1,0.0,-4197349.0,5.223133563995361,287.5880126953125,2.26189149543643e-05,129453.78125,0.6576664447784424
500.0,2,0.0,-4197307.5,5.845517635345459,340.2212219238281,0.0002499062102288008,129453.78125,0.6576664447784424
500.0,3,0.0,-4197267.0,6.2538909912109375,388.32342529296875,0.0003182237269356847,129453.78125,0.6576664447784424
500.0,4,0.0,-4197225.5,6.614038944244385,437.2422180175781,0.0004132818430662155,129453.78125,0.6576664447784424
600.0,0,0.0,-4197388.5,4.683968544006348,244.73057556152344,0.0007369625382125378,129453.78125,0.6576664447784424
600.0,1,0.0,-4197352.5,5.8075361251831055,292.71514892578125,0.0008777977200224996,129453.78125,0.6576664447784424
600.0,2,0.0,-4197307.5,5.606129169464111,343.5364990234375,0.0008869889425113797,129453.78125,0.6576664447784424
600.0,3,0.0,-4197268.0,5.930690288543701,392.91522216796875,0.0009738032822497189,129453.78125,0.6576664447784424
600.0,4,0.0,-4197227.0,6.490589141845703,442.22406005859375,0.0011035092175006866,129453.78125,0.6576664447784424
700.0,0,0.0,-4197388.0,5.098400592803955,245.6674346923828,0.0007854178547859192,129453.78125,0.6576664447784424
700.0,1,0.0,-4197347.0,5.468073844909668,296.9783020019531,0.000702935503795743,129453.78125,0.6576665639877319
700.0,2,0.0,-4197306.5,5.422511577606201,345.87286376953125,0.0009670021245256066,129453.78125,0.6576664447784424
700.0,3,0.0,-4197266.5,5.819824695587158,395.48236083984375,0.0010153198381885886,129453.78125,0.6576664447784424
700.0,4,0.0,-4197225.5,6.237848281860352,445.47894287109375,0.0010777508141472936,129453.78125,0.6576665043830872
800.0,0,0.0,-4197387.0,5.262814044952393,247.16134643554688,0.00019777531269937754,129453.78125,0.6576665043830872
800.0,1,0.0,-4197347.5,6.340649127960205,296.3143005371094,5.8784266002476215e-05,129453.78125,0.6576663255691528
800.0,2,0.0,-4197304.5,6.071685314178467,348.6845397949219,0.0002239083405584097,129453.78125,0.6576663255691528
800.0,3,0.0,-4197263.5,6.527359962463379,398.463134765625,0.00025974272284656763,129453.78125,0.6576665043830872
800.0,4,0.0,-4197221.5,6.968641757965088,448.8176574707031,0.00035119696985930204,129453.78125,0.6576664447784424
900.0,0,0.0,-4197387.5,4.983180046081543,249.9427032470703,0.0006209316197782755,129453.78125,0.6576664447784424
900.0,1,0.0,-4197343.0,5.7333197593688965,295.677490234375,0.0006625329842790961,129453.78125,0.6576665639877319
900.0,2,0.0,-4197304.0,5.8407063484191895,348.3946228027344,0.0006591990822926164,129453.78125,0.6576663851737976
900.0,3,0.0,-4197262.5,6.347482681274414,397.1818542480469,0.0007066292455419898,129453.78125,0.6576664447784424
900.0,4,0.0,-4197219.5,6.813802242279053,445.7856750488281,0.0007901446660980582,129453.78125,0.6576664447784424
1000.0,0,0.0,-4197385.5,4.75101900100708,249.02691650390625,0.00042505940655246377,129453.78125,0.6576665043830872
1000.0,1,0.0,-4197342.5,6.44744348526001,299.8352966308594,0.00043836364056915045,129453.78125,0.6576664447784424
1000.0,2,0.0,-4197302.5,6.008195400238037,348.7477722167969,0.0005421056412160397,129453.78125,0.6576664447784424
1000.0,3,0.0,-4197261.5,5.8868865966796875,398.3349914550781,0.0006229478167369962,129453.78125,0.6576663851737976
1000.0,4,0.0,-4197219.5,6.102095603942871,447.7223815917969,0.0007007413078099489,129453.78125,0.6576665043830872
1100.0,0,0.0,-4197382.0,5.002720832824707,248.9349822998047,0.0009000058053061366,129453.78125,0.6576664447784424
1100.0,1,0.0,-4197343.0,6.1868133544921875,295.16143798828125,0.00023370911367237568,129453.78125,0.6576665043830872
1100.0,2,0.0,-4197297.0,5.798954486846924,348.97528076171875,0.0011991396313533187,129453.78125,0.6576665043830872
1100.0,3,0.0,-4197253.5,6.341026306152344,397.04083251953125,0.0012922921450808644,129453.78125,0.6576664447784424
1100.0,4,0.0,-4197211.0,6.8797407150268555,446.3872985839844,0.0014258375158533454,129453.78125,0.6576664447784424
1200.0,0,0.0,-4197380.0,4.763077735900879,246.85231018066406,0.00042068271432071924,129453.78125,0.6576664447784424
1200.0,1,0.0,-4197341.5,7.012649059295654,297.2759094238281,0.0004606746952049434,129453.78125,0.6576665043830872
1200.0,2,0.0,-4197294.5,5.641172885894775,346.4891052246094,0.0006436273688450456,129453.78125,0.6576664447784424
1200.0,3,0.0,-4197252.0,6.085572242736816,395.2838439941406,0.0007848828099668026,129453.78125,0.6576664447784424
1200.0,4,0.0,-4197209.0,6.2197747230529785,444.8027038574219,0.0009238444035872817,129453.78125,0.6576664447784424
1300.0,0,0.0,-4197381.0,4.691503524780273,249.6199188232422,0.000617441488429904,129453.78125,0.6576664447784424
1300.0,1,0.0,-4197342.5,5.893240451812744,297.6578063964844,0.0006137614836916327,129453.78125,0.6576664447784424
1300.0,2,0.0,-4197296.0,5.386828422546387,348.929931640625,0.0008104672306217253,129453.78125,0.6576664447784424
1300.0,3,0.0,-4197254.0,5.930152416229248,397.9850769042969,0.0008910326287150383,129453.78125,0.6576663851737976
1300.0,4,0.0,-4197211.5,6.380934238433838,447.1849365234375,0.0010177482618018985,129453.78125,0.6576664447784424
1400.0,0,0.0,-4197380.5,5.5455780029296875,247.62448120117188,0.0008754191221669316,129453.78125,0.6576665043830872
1400.0,1,0.0,-4197344.5,5.193402290344238,300.0687255859375,0.000868848932441324,129453.78125,0.6576663851737976
1400.0,2,0.0,-4197295.5,7.157412528991699,347.49267578125,0.0010158165823668242,129453.78125,0.6576664447784424
1400.0,3,0.0,-4197254.0,7.936034679412842,396.5030517578125,0.001030627405270934,129453.78125,0.6576663255691528
1400.0,4,0.0,-4197212.0,8.451875686645508,446.06317138671875,0.001037344802170992,129453.78125,0.6576664447784424
1500.0,0,0.0,-4197384.5,4.697488307952881,246.25929260253906,0.0005312297726050019,129453.78125,0.6576664447784424
1500.0,1,0.0,-4197341.0,5.762192726135254,295.95135498046875,0.000492418825160712,129453.78125,0.6576665043830872
1500.0,2,0.0,-4197300.0,5.914389133453369,345.68341064453125,0.0006599447224289179,129453.78125,0.6576664447784424
1500.0,3,0.0,-4197259.0,6.3587327003479,395.06097412109375,0.0007231879280880094,129453.78125,0.6576664447784424
1500.0,4,0.0,-4197217.0,6.599822998046875,445.3975830078125,0.0008406934794038534,129453.78125,0.6576664447784424
1600.0,0,0.0,-4197382.5,4.864754676818848,250.31886291503906,0.0002734687295742333,129453.78125,0.6576664447784424
1600.0,1,0.0,-4197342.5,5.582035541534424,298.6925048828125,0.0007244675070978701,129453.78125,0.6576665043830872
1600.0,2,0.0,-4197297.0,6.580569267272949,350.8675537109375,0.00045421498361974955,129453.78125,0.6576664447784424
1600.0,3,0.0,-4197255.0,6.480586051940918,401.125244140625,0.00047994230408221483,129453.78125,0.6576664447784424
1600.0,4,0.0,-4197211.0,6.7202630043029785,450.9273376464844,0.0005781203508377075,129453.78125,0.6576664447784424
1700.0,0,0.0,-4197380.5,5.227359294891357,249.1577606201172,0.0003002467565238476,129453.78125,0.6576664447784424
1700.0,1,0.0,-4197340.0,5.333191394805908,300.50164794921875,0.00040144158992916346,129453.78125,0.6576665043830872
1700.0,2,0.0,-4197292.0,6.756308078765869,347.1707763671875,0.0003572119167074561,129453.78125,0.6576664447784424
1700.0,3,0.0,-4197249.0,7.259280204772949,396.0458068847656,0.00044837233144789934,129453.78125,0.6576664447784424
1700.0,4,0.0,-4197205.0,7.575484275817871,446.0825500488281,0.0005114915547892451,129453.78125,0.6576664447784424
1800.0,0,0.0,-4197381.5,5.805744647979736,250.6255340576172,0.0006079785525798798,129453.78125,0.6576664447784424
1800.0,1,0.0,-4197339.0,5.351537227630615,295.634033203125,0.000778734334744513,129453.78125,0.6576665639877319
1800.0,2,0.0,-4197296.0,6.922050476074219,351.6957092285156,0.0008010164019651711,129453.78125,0.6576664447784424
1800.0,3,0.0,-4197253.5,7.394711971282959,401.70355224609375,0.0008733215508982539,129453.78125,0.6576664447784424
1800.0,4,0.0,-4197210.5,7.6366801261901855,453.5205383300781,0.001015744637697935,129453.78125,0.6576664447784424
1900.0,0,0.0,-4197384.0,6.08613920211792,250.44606018066406,7.694237865507603e-05,129453.78125,0.6576664447784424
1900.0,1,0.0,-4197342.5,5.397912979125977,301.24090576171875,0.00072092266054824,129453.78125,0.6576664447784424
1900.0,2,0.0,-4197300.5,6.482585430145264,352.38201904296875,0.00029684347100555897,129453.78125,0.6576664447784424
1900.0,3,0.0,-4197258.5,7.001339435577393,402.84783935546875,0.0003756023943424225,129453.78125,0.6576664447784424
1900.0,4,0.0,-4197215.0,7.8792853355407715,454.3057861328125,0.0004931329749524593,129453.78125,0.6576664447784424
2000.0,0,0.0,-4197383.0,5.018495082855225,253.36839294433594,0.0008348253322765231,129453.78125,0.6576665639877319
2000.0,1,0.0,-4197342.0,7.059507369995117,296.280029296875,0.0011125658638775349,129453.78125,0.6576664447784424
2000.0,2,0.0,-4197296.5,5.884883403778076,354.1366271972656,0.001007413025945425,129453.78125,0.6576664447784424
2000.0,3,0.0,-4197253.5,6.080215930938721,404.50164794921875,0.0010851053521037102,129453.78125,0.6576664447784424
2000.0,4,0.0,-4197210.0,6.315036296844482,455.7275695800781,0.001157540362328291,129453.78125,0.6576664447784424
2100.0,0,0.0,-4197382.0,4.967038154602051,250.19921875,0.0006206566467881203,129453.78125,0.6576664447784424
2100.0,1,0.0,-4197342.5,6.526712894439697,298.5085144042969,0.0001782495528459549,129453.78125,0.6576664447784424
2100.0,2,0.0,-4197297.0,6.317373275756836,349.4903869628906,0.000905545603018254,129453.78125,0.6576664447784424
2100.0,3,0.0,-4197254.5,7.380883693695068,398.939208984375,0.0010002985363826156,129453.78125,0.6576664447784424
2100.0,4,0.0,-4197211.5,8.389652252197266,448.4216003417969,0.0010963586391881108,129453.78125,0.6576664447784424
2200.0,0,0.0,-4197380.0,4.91260290145874,249.96742248535156,0.00022311287466436625,129453.78125,0.6576665043830872
2200.0,1,0.0,-4197342.5,5.423498630523682,296.23394775390625,0.00014496780931949615,129453.78125,0.6576664447784424
2200.0,2,0.0,-4197295.5,5.725523471832275,350.8029479980469,0.00032562308479100466,129453.78125,0.6576665043830872
2200.0,3,0.0,-4197254.0,5.977641582489014,401.01251220703125,0.00042555166874080896,129453.78125,0.6576663851737976
2200.0,4,0.0,-4197212.0,6.216835975646973,450.84600830078125,0.00047744298353791237,129453.78125,0.6576664447784424
2300.0,0,0.0,-4197382.0,4.881626605987549,248.4774169921875,0.0007226312882266939,129453.78125,0.6576665043830872
2300.0,1,0.0,-4197341.0,5.192440032958984,299.9239196777344,0.0012288449797779322,129453.78125,0.6576664447784424
2300.0,2,0.0,-4197299.0,5.94631290435791,346.284423828125,0.0008923081331886351,129453.78125,0.6576663851737976
2300.0,3,0.0,-4197257.5,6.147098541259766,395.0509338378906,0.0009319550590589643,129453.78125,0.6576664447784424
2300.0,4,0.0,-4197216.0,6.385256767272949,443.716064453125,0.0009870994836091995,129453.78125,0.6576665043830872
2400.0,0,0.0,-4197382.0,5.128458499908447,249.10166931152344,0.0009183427901007235,129453.78125,0.6576665043830872
2400.0,1,0.0,-4197341.5,5.728347301483154,299.8672790527344,0.0011055320501327515,129453.78125,0.6576665639877319
2400.0,2,0.0,-4197297.0,6.297034740447998,347.58355712890625,0.0010557279456406832,129453.78125,0.6576663851737976
2400.0,3,0.0,-4197254.5,6.839127540588379,396.88336181640625,0.001160407904535532,129453.78125,0.6576664447784424
2400.0,4,0.0,-4197212.5,7.024602890014648,447.135009765625,0.0012602221686393023,129453.78125,0.6576665043830872
2500.0,0,0.0,-4197377.5,5.0442728996276855,247.996826171875,0.0005213257973082364,129453.78125,0.6576664447784424
2500.0,1,0.0,-4197342.0,6.21451473236084,292.535400390625,0.00046732189366593957,129453.78125,0.6576665043830872
2500.0,2,0.0,-4197293.5,6.181272983551025,346.55316162109375,0.0007394793210551143,129453.78125,0.6576663851737976
2500.0,3,0.0,-4197251.5,6.480921745300293,395.9740905761719,0.0008145880419760942,129453.78125,0.6576665043830872
2500.0,4,0.0,-4197208.5,6.913790702819824,446.06195068359375,0.0009363907156512141,129453.78125,0.6576664447784424
2600.0,0,0.0,-4197381.5,5.963836669921875,247.27157592773438,0.0005603731260634959,129453.78125,0.6576664447784424
2600.0,1,0.0,-4197346.0,5.837203025817871,293.6618957519531,0.00034060701727867126,129453.78125,0.6576667428016663
2600.0,2,0.0,-4197299.5,6.485405445098877,347.4181823730469,0.0007659374387003481,129453.78125,0.6576664447784424
2600.0,3,0.0,-4197257.5,6.255316734313965,397.4955139160156,0.0008258050074800849,129453.78125,0.6576664447784424
2600.0,4,0.0,-4197215.0,6.608077526092529,447.9478759765625,0.0009628704283386469,129453.78125,0.6576664447784424
2700.0,0,0.0,-4197378.0,4.788933277130127,246.09353637695312,0.00046112388372421265,129453.78125,0.6576664447784424
2700.0,1,0.0,-4197341.0,5.549450874328613,292.5196838378906,7.416307926177979e-05,129453.78125,0.6576665043830872
2700.0,2,0.0,-4197294.5,5.66121768951416,344.90081787109375,0.0005403060931712389,129453.78125,0.6576664447784424
2700.0,3,0.0,-4197251.5,6.0719313621521,394.30181884765625,0.0005884927231818438,129453.78125,0.6576664447784424
2700.0,4,0.0,-4197209.5,6.48865270614624,444.28436279296875,0.0006320495158433914,129453.78125,0.6576664447784424
2800.0,0,0.0,-4197381.0,5.076019287109375,247.98057556152344,0.00019367772620171309,129453.78125,0.6576665043830872
2800.0,1,0.0,-4197345.5,5.923703670501709,297.4825134277344,0.0005374611355364323,129453.78125,0.6576664447784424
2800.0,2,0.0,-4197296.0,6.191711902618408,345.79638671875,0.0003325045108795166,129453.78125,0.6576664447784424
2800.0,3,0.0,-4197254.0,6.638433456420898,395.0267333984375,0.0004663753788918257,129453.78125,0.6576665043830872
2800.0,4,0.0,-4197211.0,7.010138034820557,443.90576171875,0.00047511549200862646,129453.78125,0.6576664447784424
2900.0,0,0.0,-4197379.0,5.644355297088623,249.71315002441406,0.00036638265009969473,129453.78125,0.6576664447784424
2900.0,1,0.0,-4197339.5,4.996538162231445,291.8428955078125,0.0008996743708848953,129453.78125,0.6576664447784424
2900.0,2,0.0,-4197295.0,6.290407657623291,349.9780578613281,0.00043111329432576895,129453.78125,0.6576663851737976
2900.0,3,0.0,-4197254.0,6.937559604644775,401.1038818359375,0.0005385554395616055,129453.78125,0.6576664447784424
2900.0,4,0.0,-4197212.0,7.522646903991699,451.4615478515625,0.0006791475461795926,129453.78125,0.6576665043830872
3000.0,0,0.0,-4197379.0,4.882214069366455,252.09814453125,0.0005422025569714606,129453.78125,0.6576665043830872
3000.0,1,0.0,-4197344.5,6.251457691192627,297.47772216796875,0.0007590537425130606,129453.78125,0.6576664447784424
3000.0,2,0.0,-4197293.5,5.552550315856934,349.8759765625,0.0008467681473121047,129453.78125,0.6576664447784424
3000.0,3,0.0,-4197251.0,6.111291885375977,398.6110534667969,0.0009720547241158783,129453.78125,0.6576664447784424
3000.0,4,0.0,-4197209.5,6.92434549331665,447.8648681640625,0.0010450562695041299,129453.78125,0.6576665639877319
3100.0,0,0.0,-4197380.0,4.964162349700928,248.56394958496094,0.0008146161562763155,129453.78125,0.6576664447784424
3100.0,1,0.0,-4197342.5,5.3504204750061035,295.2984313964844,-1.5504425391554832e-05,129453.78125,0.6576664447784424
3100.0,2,0.0,-4197295.0,5.844440460205078,347.4315185546875,0.0010817833244800568,129453.78125,0.6576663255691528
3100.0,3,0.0,-4197252.0,6.036776542663574,396.4345397949219,0.0011842784006148577,129453.78125,0.6576665043830872
3100.0,4,0.0,-4197210.0,6.6779375076293945,445.37249755859375,0.0011859978549182415,129453.78125,0.6576664447784424
3200.0,0,0.0,-4197379.0,5.158494472503662,249.08033752441406,0.0005624406039714813,129453.78125,0.6576664447784424
3200.0,1,0.0,-4197336.5,5.607019901275635,296.2655334472656,0.0008912799530662596,129453.78125,0.6576664447784424
3200.0,2,0.0,-4197295.5,5.982051849365234,349.9417724609375,0.0007543920073658228,129453.78125,0.6576663851737976
3200.0,3,0.0,-4197253.5,6.30323600769043,400.4178466796875,0.0007725583855062723,129453.78125,0.6576664447784424
3200.0,4,0.0,-4197210.5,7.093728542327881,449.3333435058594,0.000817797495983541,129453.78125,0.6576665043830872
3300.0,0,0.0,-4197384.5,5.227291584014893,254.9563751220703,0.0005805506953038275,129453.78125,0.6576664447784424
3300.0,1,0.0,-4197339.5,6.132020473480225,298.8409423828125,0.000950391695369035,129453.78125,0.6576665043830872
3300.0,2,0.0,-4197300.0,6.71326208114624,357.7331237792969,0.000684864935465157,129453.78125,0.6576663851737976
3300.0,3,0.0,-4197257.5,6.719758987426758,408.68389892578125,0.0007145147537812591,129453.78125,0.6576664447784424
3300.0,4,0.0,-4197216.0,6.907299518585205,460.11053466796875,0.00074392044916749,129453.78125,0.6576664447784424
3400.0,0,0.0,-4197380.5,4.978740692138672,250.93411254882812,0.0005112566286697984,129453.78125,0.6576664447784424
3400.0,1,0.0,-4197335.5,6.202974319458008,299.9761657714844,0.0006998753524385393,129453.78125,0.6576664447784424
3400.0,2,0.0,-4197293.5,6.3054046630859375,352.006103515625,0.0006109991809353232,129453.78125,0.6576663255691528
3400.0,3,0.0,-4197251.0,6.355854511260986,403.3785705566406,0.0006886381888762116,129453.78125,0.6576664447784424
3400.0,4,0.0,-4197208.5,6.7285871505737305,454.1041564941406,0.0007972461171448231,129453.78125,0.6576665043830872
3500.0,0,0.0,-4197379.5,5.943878173828125,253.1138458251953,0.0008587423362769186,129453.78125,0.6576664447784424
3500.0,1,0.0,-4197338.5,4.928487777709961,299.5749206542969,0.000669388216920197,129453.78125,0.6576665043830872
3500.0,2,0.0,-4197295.0,6.5249104499816895,355.9254150390625,0.0010763704776763916,129453.78125,0.6576664447784424
3500.0,3,0.0,-4197252.5,6.826411247253418,406.9079284667969,0.001086403732188046,129453.78125,0.6576664447784424
3500.0,4,0.0,-4197210.0,7.234420299530029,457.55633544921875,0.0011896867072209716,129453.78125,0.6576664447784424
3600.0,0,0.0,-4197381.0,5.430566310882568,249.67457580566406,3.5660224966704845e-05,129453.78125,0.6576664447784424
3600.0,1,0.0,-4197339.0,5.708226203918457,299.5491943359375,0.0007799830636940897,129453.78125,0.6576666235923767
3600.0,2,0.0,-4197295.5,6.1898345947265625,349.8124084472656,-2.248864620923996e-05,129453.78125,0.6576663851737976
3600.0,3,0.0,-4197252.0,6.474445819854736,400.3684387207031,-1.1917436495423317e-05,129453.78125,0.6576664447784424
3600.0,4,0.0,-4197208.5,6.767193794250488,450.61700439453125,1.3440847396850586e-05,129453.78125,0.6576665639877319
3700.0,0,0.0,-4197379.0,5.608953475952148,248.34356689453125,0.0006823268486186862,129453.78125,0.6576664447784424
3700.0,1,0.0,-4197343.0,5.360932350158691,298.21539306640625,0.0004657310782931745,129453.78125,0.6576664447784424
3700.0,2,0.0,-4197291.5,6.635551452636719,348.3503112792969,0.0009542034240439534,129453.78125,0.6576663255691528
3700.0,3,0.0,-4197247.5,7.2594451904296875,399.098876953125,0.0010391233954578638,129453.78125,0.6576664447784424
3700.0,4,0.0,-4197203.5,7.1856608390808105,449.11260986328125,0.0011434630723670125,129453.78125,0.6576664447784424
3800.0,0,0.0,-4197378.5,5.482872009277344,250.8125,0.0006663274834863842,129453.78125,0.6576665043830872
3800.0,1,0.0,-4197336.0,6.236601829528809,299.4724426269531,0.0010258913971483707,129453.78125,0.6576665639877319
3800.0,2,0.0,-4197290.5,6.035491466522217,352.97637939453125,0.0008180352742783725,129453.78125,0.6576664447784424
3800.0,3,0.0,-4197246.5,6.4039716720581055,403.9293518066406,0.0008507979800924659,129453.78125,0.6576664447784424
3800.0,4,0.0,-4197202.5,6.789504051208496,453.7920837402344,0.0009571581613272429,129453.78125,0.6576664447784424
3900.0,0,0.0,-4197381.0,5.335896968841553,250.10983276367188,0.001161128282546997,129453.78125,0.6576664447784424
3900.0,1,0.0,-4197340.5,5.692625522613525,299.1248779296875,0.0008075334480963647,129453.78125,0.6576664447784424
3900.0,2,0.0,-4197295.5,6.379402160644531,352.1697082519531,0.0016310852952301502,129453.78125,0.6576664447784424
3900.0,3,0.0,-4197253.0,6.755119323730469,403.10546875,0.0017866876441985369,129453.78125,0.6576664447784424
3900.0,4,0.0,-4197209.0,7.152375221252441,452.8326416015625,0.0019943537190556526,129453.78125,0.6576664447784424
4000.0,0,0.0,-4197380.5,4.935760021209717,252.086669921875,0.00044863909715786576,129453.78125,0.6576664447784424
4000.0,1,0.0,-4197338.0,5.344030380249023,294.0315246582031,-8.845957927405834e-05,129453.78125,0.6576663851737976
4000.0,2,0.0,-4197296.0,6.125380992889404,355.9430847167969,0.000636894372291863,129453.78125,0.6576664447784424
4000.0,3,0.0,-4197254.0,6.771153450012207,407.3313903808594,0.0007505699759349227,129453.78125,0.6576664447784424
4000.0,4,0.0,-4197212.0,6.764614105224609,458.6351623535156,0.0008162325248122215,129453.78125,0.6576664447784424
4100.0,0,0.0,-4197378.0,4.791504383087158,250.90663146972656,0.0002059477847069502,129453.78125,0.6576664447784424
4100.0,1,0.0,-4197339.0,5.570912837982178,298.36114501953125,0.0008293850114569068,129453.78125,0.6576665639877319
4100.0,2,0.0,-4197291.0,5.719196796417236,351.9554443359375,0.00010976381599903107,129453.78125,0.6576664447784424
4100.0,3,0.0,-4197247.0,6.532933235168457,402.64593505859375,0.0001500931102782488,129453.78125,0.6576664447784424
4100.0,4,0.0,-4197205.0,6.96587610244751,452.44580078125,0.0002934930380433798,129453.78125,0.6576664447784424
4200.0,0,0.0,-4197382.0,4.617860317230225,252.83697509765625,0.000701821525581181,129453.78125,0.6576665639877319
4200.0,1,0.0,-4197338.5,5.427759170532227,300.6402587890625,0.0010625091381371021,129453.78125,0.6576664447784424
4200.0,2,0.0,-4197295.0,6.198674201965332,353.18414306640625,0.0007947188569232821,129453.78125,0.6576664447784424
4200.0,3,0.0,-4197250.5,6.695079326629639,403.08099365234375,0.0008770402055233717,129453.78125,0.6576664447784424
4200.0,4,0.0,-4197208.5,7.289686679840088,453.5994567871094,0.0009910406079143286,129453.78125,0.6576665043830872
4300.0,0,0.0,-4197379.5,4.88844633102417,252.33767700195312,0.0004499733913689852,129453.78125,0.6576665043830872
4300.0,1,0.0,-4197340.5,5.85957670211792,298.18505859375,0.00038739375304430723,129453.78125,0.6576665639877319
4300.0,2,0.0,-4197294.0,5.986533164978027,353.8246154785156,0.0007493435987271369,129453.78125,0.6576664447784424
4300.0,3,0.0,-4197252.5,6.2204084396362305,406.11810302734375,0.0008575752144679427,129453.78125,0.6576664447784424
4300.0,4,0.0,-4197211.0,7.3350958824157715,456.6635437011719,0.0009060434531420469,129453.78125,0.6576665043830872
4400.0,0,0.0,-4197380.5,4.835663318634033,252.5895538330078,0.00023835449246689677,129453.78125,0.6576664447784424
4400.0,1,0.0,-4197337.5,5.353133678436279,293.6112060546875,0.00039445131551474333,129453.78125,0.6576664447784424
4400.0,2,0.0,-4197294.5,5.749430179595947,355.2341613769531,0.0005009681917726994,129453.78125,0.6576665043830872
4400.0,3,0.0,-4197252.0,6.175205707550049,406.7341003417969,0.0006696045165881515,129453.78125,0.6576664447784424
4400.0,4,0.0,-4197208.5,7.053229331970215,455.73016357421875,0.0006485850317403674,129453.78125,0.6576663851737976
4500.0,0,0.0,-4197376.0,5.0385026931762695,250.12754821777344,0.0005998201086185873,129453.78125,0.6576664447784424
4500.0,1,0.0,-4197343.5,5.939145565032959,298.4142150878906,0.00024156842846423388,129453.78125,0.6576665043830872
4500.0,2,0.0,-4197288.5,6.477279186248779,351.06597900390625,0.0009130073012784123,129453.78125,0.6576664447784424
4500.0,3,0.0,-4197245.0,7.24263858795166,400.98681640625,0.0008827676065266132,129453.78125,0.6576664447784424
4500.0,4,0.0,-4197203.0,7.811014175415039,449.613037109375,0.000999096198938787,129453.78125,0.6576665043830872
4600.0,0,0.0,-4197378.5,6.4911017417907715,249.51791381835938,0.0006728484877385199,129453.78125,0.6576664447784424
4600.0,1,0.0,-4197342.0,5.660049915313721,295.1720275878906,0.000953810173086822,129453.78125,0.6576664447784424
4600.0,2,0.0,-4197293.0,7.511727333068848,350.7806701660156,0.0009654801106080413,129453.78125,0.6576664447784424
4600.0,3,0.0,-4197249.0,7.961953639984131,400.63592529296875,0.001143214525654912,129453.78125,0.6576664447784424
4600.0,4,0.0,-4197207.0,8.353662490844727,449.6714782714844,0.001191206625662744,129453.78125,0.6576664447784424
4700.0,0,0.0,-4197376.0,4.749115467071533,251.3568572998047,0.00036498194094747305,129453.78125,0.6576664447784424
4700.0,1,0.0,-4197342.0,5.754483222961426,292.38592529296875,0.0005757214967161417,129453.78125,0.6576663851737976
4700.0,2,0.0,-4197291.5,6.133459091186523,354.4911804199219,0.00029480899684131145,129453.78125,0.6576664447784424
4700.0,3,0.0,-4197249.0,6.209972381591797,406.198974609375,0.0003861229633912444,129453.78125,0.6576664447784424
4700.0,4,0.0,-4197207.0,7.025017261505127,455.81982421875,0.0004383288323879242,129453.78125,0.6576664447784424
4800.0,0,0.0,-4197376.5,4.892226696014404,254.17782592773438,0.0005096077802591026,129453.78125,0.6576664447784424
4800.0,1,0.0,-4197341.0,5.746263027191162,296.1730651855469,0.0007511179428547621,129453.78125,0.6576665639877319
4800.0,2,0.0,-4197290.0,5.714412689208984,356.6883544921875,0.0007481731590814888,129453.78125,0.6576664447784424
4800.0,3,0.0,-4197247.0,6.150981426239014,407.9582824707031,0.000816654646769166,129453.78125,0.6576665043830872
4800.0,4,0.0,-4197206.0,6.79387903213501,459.5478820800781,0.0008941669948399067,129453.78125,0.6576664447784424
4900.0,0,0.0,-4197376.0,5.522468566894531,253.1882781982422,0.0001234823139384389,129453.78125,0.6576664447784424
4900.0,1,0.0,-4197338.5,5.9608025550842285,296.56689453125,0.0003841875586658716,129453.78125,0.6576664447784424
4900.0,2,0.0,-4197288.5,6.81146764755249,354.2134094238281,0.00024209462571889162,129453.78125,0.6576664447784424
4900.0,3,0.0,-4197244.5,6.976151466369629,403.7979736328125,0.0002939327387139201,129453.78125,0.6576664447784424
4900.0,4,0.0,-4197201.0,7.055285930633545,450.9093322753906,0.00037318828981369734,129453.78125,0.6576664447784424
5000.0,0,0.0,-4197378.5,4.960650444030762,248.64817810058594,0.0004981265519745648,129453.78125,0.6576664447784424
5000.0,1,0.0,-4197337.5,6.439070701599121,294.3113708496094,0.0007998863002285361,129453.78125,0.6576665639877319
5000.0,2,0.0,-4197293.5,5.985233783721924,347.9588623046875,0.0006163552170619369,129453.78125,0.6576664447784424
5000.0,3,0.0,-4197252.0,6.422370910644531,399.2056579589844,0.0007851269328966737,129453.78125,0.6576664447784424
5000.0,4,0.0,-4197210.5,6.949146747589111,449.0860290527344,0.0008839684305712581,129453.78125,0.6576665639877319
5100.0,0,0.0,-4197380.5,5.218277931213379,252.8730010986328,0.0008403006941080093,129453.78125,0.6576664447784424
5100.0,1,0.0,-4197345.5,5.562981605529785,299.58978271484375,0.0005778790218755603,129453.78125,0.6576664447784424
5100.0,2,0.0,-4197296.5,5.756295680999756,353.82330322265625,0.0010627045994624496,129453.78125,0.6576664447784424
5100.0,3,0.0,-4197254.0,6.1130170822143555,403.599853515625,0.001126553863286972,129453.78125,0.6576665043830872
5100.0,4,0.0,-4197211.0,6.818005084991455,452.2548828125,0.0012499932199716568,129453.78125,0.6576664447784424
5200.0,0,0.0,-4197381.0,6.16384220123291,250.60316467285156,0.0008690746035426855,129453.78125,0.6576664447784424
5200.0,1,0.0,-4197341.0,5.318151950836182,302.571044921875,0.0011126520112156868,129453.78125,0.6576664447784424
5200.0,2,0.0,-4197294.0,7.429812431335449,348.8290100097656,0.0011093455832451582,129453.78125,0.6576665043830872
5200.0,3,0.0,-4197250.5,7.880436420440674,399.45123291015625,0.0012296627974137664,129453.78125,0.6576664447784424
5200.0,4,0.0,-4197208.0,8.135133743286133,450.718505859375,0.001438078936189413,129453.78125,0.6576665043830872
5300.0,0,0.0,-4197381.0,5.110264301300049,252.9912567138672,0.0006240503862500191,129453.78125,0.6576664447784424
5300.0,1,0.0,-4197340.0,5.984919548034668,301.8138122558594,0.0005377312190830708,129453.78125,0.6576665639877319
5300.0,2,0.0,-4197295.5,6.227701187133789,353.5539245605469,0.0008895251085050404,129453.78125,0.6576664447784424
5300.0,3,0.0,-4197253.0,6.383824825286865,403.52227783203125,0.0009125955402851105,129453.78125,0.6576663851737976
5300.0,4,0.0,-4197207.5,6.640558242797852,452.0221862792969,0.001000984339043498,129453.78125,0.6576665043830872
5400.0,0,0.0,-4197377.0,6.210059642791748,251.13807678222656,0.0003959133755415678,129453.78125,0.6576664447784424
5400.0,1,0.0,-4197337.0,5.563336372375488,296.43756103515625,0.0006877933046780527,129453.78125,0.6576665043830872
5400.0,2,0.0,-4197292.5,6.981592178344727,353.40216064453125,0.0005627181380987167,129453.78125,0.6576664447784424
5400.0,3,0.0,-4197249.0,7.002239227294922,403.4284973144531,0.0006603820947930217,129453.78125,0.6576665639877319
5400.0,4,0.0,-4197206.5,7.345229148864746,454.4214782714844,0.0008235902059823275,129453.78125,0.6576664447784424
5500.0,0,0.0,-4197378.5,5.191906452178955,250.7534637451172,0.000780380389187485,129453.78125,0.6576664447784424
5500.0,1,0.0,-4197336.5,5.411736488342285,298.9131164550781,-0.00031252962071448565,129453.78125,0.6576665639877319
5500.0,2,0.0,-4197293.0,6.036477565765381,351.6358642578125,0.0008260020986199379,129453.78125,0.6576664447784424
5500.0,3,0.0,-4197251.0,6.44167947769165,404.1568603515625,0.0008210877422243357,129453.78125,0.6576663851737976
5500.0,4,0.0,-4197209.5,6.60221004486084,453.83648681640625,0.0006926786154508591,129453.78125,0.6576665043830872
5600.0,0,0.0,-4197379.5,4.690201759338379,250.91293334960938,7.810210809111595e-05,129453.78125,0.6576665639877319
5600.0,1,0.0,-4197335.5,6.813943862915039,299.8985290527344,0.0007825329666957259,129453.78125,0.6576666235923767
5600.0,2,0.0,-4197295.0,5.857115268707275,350.20074462890625,0.00016161124221980572,129453.78125,0.6576664447784424
5600.0,3,0.0,-4197250.5,6.73784875869751,400.31494140625,0.0002736856695264578,129453.78125,0.6576665043830872
5600.0,4,0.0,-4197208.0,6.58955192565918,449.3646240234375,0.00021147960796952248,129453.78125,0.6576665043830872
5700.0,0,0.0,-4197381.0,4.878810405731201,248.0758819580078,0.00016461231280118227,129453.78125,0.6576664447784424
5700.0,1,0.0,-4197337.5,5.846416473388672,300.8282165527344,0.00045197398867458105,129453.78125,0.6576664447784424
5700.0,2,0.0,-4197299.5,5.79250431060791,348.14990234375,0.00040439364966005087,129453.78125,0.6576664447784424
5700.0,3,0.0,-4197258.5,6.183229923248291,398.8645324707031,0.0004475590540096164,129453.78125,0.6576663851737976
5700.0,4,0.0,-4197216.5,6.6692891120910645,449.46002197265625,0.0007187349256128073,129453.78125,0.6576664447784424
5800.0,0,0.0,-4197382.5,5.421669006347656,245.75425720214844,0.0007219404214993119,129453.78125,0.6576664447784424
5800.0,1,0.0,-4197340.5,6.027520656585693,305.0673522949219,0.0009486207854934037,129453.78125,0.6576664447784424
5800.0,2,0.0,-4197297.5,6.5023088455200195,342.1150817871094,0.0009237136109732091,129453.78125,0.6576664447784424
5800.0,3,0.0,-4197255.0,6.9392547607421875,390.8641052246094,0.0011131708743050694,129453.78125,0.6576664447784424
5800.0,4,0.0,-4197213.5,7.488376617431641,438.91778564453125,0.0012477397685870528,129453.78125,0.6576664447784424
5900.0,0,0.0,-4197383.5,5.298524379730225,249.6438446044922,0.0006424147286452353,129453.78125,0.6576664447784424
5900.0,1,0.0,-4197337.5,6.017991065979004,304.78662109375,0.0006926789646968246,129453.78125,0.6576665043830872
5900.0,2,0.0,-4197299.5,6.164873123168945,348.8161926269531,0.0010136258788406849,129453.78125,0.6576664447784424
5900.0,3,0.0,-4197258.0,6.454414367675781,399.500244140625,0.0011289657559245825,129453.78125,0.6576664447784424
5900.0,4,0.0,-4197215.5,6.589312553405762,446.3275451660156,0.0012737172655761242,129453.78125,0.6576665043830872
6000.0,0,0.0,-4197384.0,4.626723289489746,251.72547912597656,0.00047234061639755964,129453.78125,0.6576664447784424
6000.0,1,0.0,-4197337.0,5.106722354888916,305.5159912109375,0.0005859192460775375,129453.78125,0.6576664447784424
6000.0,2,0.0,-4197299.5,5.482690811157227,349.73907470703125,0.0007174693746492267,129453.78125,0.6576663851737976
6000.0,3,0.0,-4197257.0,5.979154109954834,398.7407531738281,0.0006066642235964537,129453.78125,0.6576664447784424
6000.0,4,0.0,-4197215.0,6.441051006317139,447.3670959472656,0.0005086807068437338,129453.78125,0.6576664447784424
6100.0,0,0.0,-4197379.0,5.037559509277344,249.5832977294922,0.0010784098412841558,129453.78125,0.6576664447784424
6100.0,1,0.0,-4197337.0,5.32993745803833,297.35784912109375,7.37806549295783e-05,129453.78125,0.6576664447784424
6100.0,2,0.0,-4197296.0,5.921976566314697,351.04364013671875,0.0012510983506217599,129453.78125,0.6576664447784424
6100.0,3,0.0,-4197253.5,6.585354804992676,401.103515625,0.0014070577453821898,129453.78125,0.6576665043830872
6100.0,4,0.0,-4197210.5,6.833688735961914,450.1625671386719,0.0013072945876047015,129453.78125,0.6576664447784424
6200.0,0,0.0,-4197376.0,5.419826030731201,250.73927307128906,-3.0688242986798286e-06,129453.78125,0.6576664447784424
6200.0,1,0.0,-4197339.5,5.359280109405518,305.1864013671875,0.0009592973510734737,129453.78125,0.6576665639877319
6200.0,2,0.0,-4197290.5,6.692788600921631,352.2228088378906,0.00024250824935734272,129453.78125,0.6576663255691528
6200.0,3,0.0,-4197247.0,7.181326866149902,404.4309387207031,0.0002737613394856453,129453.78125,0.6576664447784424
6200.0,4,0.0,-4197204.5,7.124216556549072,455.603515625,0.00043376535177230835,129453.78125,0.6576665043830872
6300.0,0,0.0,-4197380.5,4.602105617523193,250.3869171142578,0.0007929905550554395,129453.78125,0.6576664447784424
6300.0,1,0.0,-4197344.0,5.286879062652588,300.2357177734375,0.0005250043468549848,129453.78125,0.6576665043830872
6300.0,2,0.0,-4197292.0,5.267291069030762,347.4999694824219,0.0010285385651513934,129453.78125,0.6576664447784424
6300.0,3,0.0,-4197248.5,6.443631649017334,397.2110290527344,0.001253718975931406,129453.78125,0.6576664447784424
6300.0,4,0.0,-4197207.0,6.750502586364746,447.5071716308594,0.0014271414838731289,129453.78125,0.6576664447784424
6400.0,0,0.0,-4197381.5,4.971129417419434,248.15626525878906,0.0004965862026438117,129453.78125,0.6576664447784424
6400.0,1,0.0,-4197340.5,5.763103485107422,298.4036865234375,0.00043818377889692783,129453.78125,0.6576664447784424
6400.0,2,0.0,-4197298.0,5.855549335479736,345.1850891113281,0.0006786699523217976,129453.78125,0.6576664447784424
6400.0,3,0.0,-4197256.5,6.133041858673096,394.1435852050781,0.0009096707217395306,129453.78125,0.6576664447784424
6400.0,4,0.0,-4197215.5,7.116641521453857,444.6722717285156,0.0010111965239048004,129453.78125,0.6576664447784424
6500.0,0,0.0,-4197380.5,4.687422275543213,248.25149536132812,0.0011796579929068685,129453.78125,0.6576664447784424
6500.0,1,0.0,-4197338.5,6.887694358825684,299.5234069824219,0.0003525754436850548,129453.78125,0.6576663851737976
6500.0,2,0.0,-4197295.5,5.8727264404296875,346.0857849121094,0.00182246882468462,129453.78125,0.6576664447784424
6500.0,3,0.0,-4197254.5,6.246032238006592,397.2852783203125,0.0020122125279158354,129453.78125,0.6576663851737976
6500.0,4,0.0,-4197214.0,6.690503120422363,449.3651428222656,0.0022260602563619614,129453.78125,0.6576664447784424
6600.0,0,0.0,-4197377.0,4.718486309051514,245.2967987060547,0.0008264764910563827,129453.78125,0.6576664447784424
6600.0,1,0.0,-4197336.5,5.379011631011963,296.9106140136719,0.0003652215236797929,129453.78125,0.6576663255691528
6600.0,2,0.0,-4197290.5,5.563563346862793,344.2092590332031,0.0011239888845011592,129453.78125,0.6576664447784424
6600.0,3,0.0,-4197248.5,5.986767768859863,393.8451843261719,0.0011736087035387754,129453.78125,0.6576665043830872
6600.0,4,0.0,-4197206.0,6.776392459869385,442.2776794433594,0.001006768667139113,129453.78125,0.6576664447784424
6700.0,0,0.0,-4197377.5,4.897886276245117,250.25643920898438,0.0006652004085481167,129453.78125,0.6576664447784424
6700.0,1,0.0,-4197338.5,5.173507213592529,301.9502868652344,0.0006497785798273981,129453.78125,0.6576664447784424
6700.0,2,0.0,-4197294.0,6.322216033935547,351.548583984375,0.0006927585927769542,129453.78125,0.6576664447784424
6700.0,3,0.0,-4197251.5,6.797630786895752,399.380615234375,0.0007700367132201791,129453.78125,0.6576664447784424
6700.0,4,0.0,-4197208.5,7.303149223327637,447.9981384277344,0.0009209802374243736,129453.78125,0.6576664447784424
6800.0,0,0.0,-4197379.0,5.02390718460083,250.34703063964844,0.0005534858210012317,129453.78125,0.6576664447784424
6800.0,1,0.0,-4197337.0,6.1367082595825195,303.44000244140625,0.0005375082837417722,129453.78125,0.6576665043830872
6800.0,2,0.0,-4197295.0,5.987759590148926,349.8260803222656,0.0006424809107556939,129453.78125,0.6576664447784424
6800.0,3,0.0,-4197252.0,6.372807025909424,397.9075927734375,0.0006446533370763063,129453.78125,0.6576664447784424
6800.0,4,0.0,-4197208.5,6.984166622161865,446.9206237792969,0.0006689052097499371,129453.78125,0.6576664447784424
6900.0,0,0.0,-4197379.5,4.884462833404541,250.95542907714844,0.00020342308562248945,129453.78125,0.6576663851737976
6900.0,1,0.0,-4197335.5,5.103599548339844,296.75408935546875,0.0003907869104295969,129453.78125,0.6576664447784424
6900.0,2,0.0,-4197296.0,5.666227340698242,353.69097900390625,0.00027952471282333136,129453.78125,0.6576664447784424
6900.0,3,0.0,-4197254.5,5.941282749176025,402.90948486328125,0.0003368033794686198,129453.78125,0.6576665043830872
6900.0,4,0.0,-4197209.0,6.603265285491943,451.8203125,0.0003240115474909544,129453.78125,0.6576664447784424
7000.0,0,0.0,-4197381.5,4.642662048339844,251.2821502685547,0.0006204021628946066,129453.78125,0.6576664447784424
7000.0,1,0.0,-4197337.5,6.408955097198486,299.7425842285156,7.905240636318922e-05,129453.78125,0.6576664447784424
7000.0,2,0.0,-4197297.0,5.645455360412598,350.9367370605469,0.0008044418646022677,129453.78125,0.6576664447784424
7000.0,3,0.0,-4197256.0,6.012569427490234,400.42596435546875,0.0009874043753370643,129453.78125,0.6576664447784424
7000.0,4,0.0,-4197214.0,6.467501163482666,448.64300537109375,0.001157782506197691,129453.78125,0.6576664447784424
7100.0,0,0.0,-4197380.0,4.848517417907715,247.0950164794922,0.0009486830094829202,129453.78125,0.6576665639877319
7100.0,1,0.0,-4197344.0,5.881906986236572,301.5000305175781,0.0007026488892734051,129453.78125,0.6576665639877319
7100.0,2,0.0,-4197296.0,5.757122993469238,345.71063232421875,0.001081516849808395,129453.78125,0.6576664447784424
7100.0,3,0.0,-4197252.0,6.191874980926514,394.67193603515625,0.001181929954327643,129453.78125,0.6576665043830872
7100.0,4,0.0,-4197211.0,6.55926513671875,443.6551818847656,0.0012604326475411654,129453.78125,0.6576664447784424
7200.0,0,0.0,-4197383.5,4.673908710479736,245.84495544433594,0.00031537783797830343,129453.78125,0.6576664447784424
7200.0,1,0.0,-4197335.0,5.215243339538574,294.658935546875,0.00032769551035016775,129453.78125,0.6576665639877319
7200.0,2,0.0,-4197300.5,6.106575012207031,344.0380554199219,0.00029404996894299984,129453.78125,0.6576664447784424
7200.0,3,0.0,-4197257.0,6.357463359832764,391.6836242675781,0.000344360014423728,129453.78125,0.6576663851737976
7200.0,4,0.0,-4197217.0,6.755472183227539,442.6825866699219,0.00028695492073893547,129453.78125,0.6576664447784424
7300.0,0,0.0,-4197382.5,4.6119489669799805,248.08790588378906,0.0005816342309117317,129453.78125,0.6576664447784424
7300.0,1,0.0,-4197338.0,5.457308292388916,307.085205078125,0.0011362808290868998,129453.78125,0.6576665043830872
7300.0,2,0.0,-4197298.0,6.033836841583252,347.4507751464844,0.0007933832821436226,129453.78125,0.6576664447784424
7300.0,3,0.0,-4197253.0,6.309610843658447,396.3891906738281,0.0008283003699034452,129453.78125,0.6576665043830872
7300.0,4,0.0,-4197209.0,6.829434871673584,445.85711669921875,0.0008731663692742586,129453.78125,0.6576664447784424
7400.0,0,0.0,-4197381.0,4.9239702224731445,249.50547790527344,0.00037733849603682756,129453.78125,0.6576665043830872
7400.0,1,0.0,-4197336.5,5.484236717224121,299.2115478515625,0.0008234558627009392,129453.78125,0.6576666235923767
7400.0,2,0.0,-4197296.5,5.708425521850586,348.3065490722656,0.0005805460968986154,129453.78125,0.6576663255691528
7400.0,3,0.0,-4197254.5,5.854328632354736,398.40765380859375,0.0007559803780168295,129453.78125,0.6576663851737976
7400.0,4,0.0,-4197212.0,6.567145824432373,447.81597900390625,0.0009372653439640999,129453.78125,0.6576665043830872
7500.0,0,0.0,-4197384.0,4.872565269470215,249.89486694335938,0.0005290918052196503,129453.78125,0.6576664447784424
7500.0,1,0.0,-4197335.0,5.18843412399292,295.1903076171875,-7.760769221931696e-05,129453.78125,0.6576665043830872
7500.0,2,0.0,-4197299.5,6.237651348114014,350.26312255859375,0.0008227580692619085,129453.78125,0.6576664447784424
7500.0,3,0.0,-4197256.5,6.672759056091309,399.65087890625,0.0010825206991285086,129453.78125,0.6576664447784424
7500.0,4,0.0,-4197214.5,6.812095642089844,449.71221923828125,0.0011955327354371548,129453.78125,0.6576665043830872
7600.0,0,0.0,-4197381.5,5.0852155685424805,248.2703857421875,0.00035296432906761765,129453.78125,0.6576665639877319
7600.0,1,0.0,-4197336.5,6.514496803283691,300.05419921875,0.0010666165035218,129453.78125,0.6576666831970215
7600.0,2,0.0,-4197296.5,6.356627464294434,349.3000183105469,0.0007081645308062434,129453.78125,0.6576664447784424
7600.0,3,0.0,-4197253.0,6.6299662590026855,402.3211975097656,0.0006516453577205539,129453.78125,0.6576664447784424
7600.0,4,0.0,-4197210.0,7.004697799682617,450.93792724609375,0.000755807850509882,129453.78125,0.6576664447784424
7700.0,0,0.0,-4197377.0,5.443631649017334,249.60806274414062,0.0008842881652526557,129453.78125,0.6576664447784424
7700.0,1,0.0,-4197339.5,5.779927730560303,301.1257019042969,0.0007438018801622093,129453.78125,0.6576665639877319
7700.0,2,0.0,-4197294.0,5.577211856842041,353.240234375,0.0008350568823516369,129453.78125,0.6576664447784424
7700.0,3,0.0,-4197249.5,6.40985107421875,405.5835266113281,0.0009312934707850218,129453.78125,0.6576664447784424
7700.0,4,0.0,-4197207.5,6.802469730377197,453.836181640625,0.0009812265634536743,129453.78125,0.6576665043830872
7800.0,0,0.0,-4197379.5,5.259220123291016,250.06837463378906,0.0005097471293993294,129453.78125,0.6576664447784424
7800.0,1,0.0,-4197336.0,6.305149555206299,298.8800354003906,0.0007830007234588265,129453.78125,0.6576664447784424
7800.0,2,0.0,-4197294.0,6.404864311218262,347.2731628417969,0.00045896926894783974,129453.78125,0.6576664447784424
7800.0,3,0.0,-4197249.5,6.5059285163879395,397.44268798828125,0.0004249860066920519,129453.78125,0.6576664447784424
7800.0,4,0.0,-4197204.5,6.962101936340332,443.82635498046875,0.0006770351901650429,129453.78125,0.6576665043830872
7900.0,0,0.0,-4197383.0,4.836936950683594,251.1746063232422,0.0001782790059223771,129453.78125,0.6576664447784424
7900.0,1,0.0,-4197337.5,5.364369869232178,300.52838134765625,0.00041745800990611315,129453.78125,0.6576666235923767
7900.0,2,0.0,-4197301.5,6.343282699584961,351.96075439453125,0.0002198253059759736,129453.78125,0.6576664447784424
7900.0,3,0.0,-4197257.5,6.788981914520264,402.9092102050781,0.00036955263931304216,129453.78125,0.6576664447784424
7900.0,4,0.0,-4197216.5,6.785074710845947,452.7827453613281,0.0004843536298722029,129453.78125,0.6576664447784424
8000.0,0,0.0,-4197381.0,5.26787805557251,251.62010192871094,0.0005872558103874326,129453.78125,0.6576665043830872
8000.0,1,0.0,-4197335.5,5.667546272277832,299.33966064453125,0.000780831091105938,129453.78125,0.6576664447784424
8000.0,2,0.0,-4197296.5,5.842887878417969,352.4897766113281,0.0008103850996121764,129453.78125,0.6576663851737976
8000.0,3,0.0,-4197254.0,6.561838626861572,402.3342590332031,0.0009748758166097105,129453.78125,0.6576663851737976
8000.0,4,0.0,-4197213.5,6.900850772857666,452.7942199707031,0.0009235522011294961,129453.78125,0.6576664447784424
8100.0,0,0.0,-4197379.5,5.114662170410156,247.90545654296875,0.0006984786596149206,129453.78125,0.6576664447784424
8100.0,1,0.0,-4197333.0,6.279740810394287,300.0397644042969,5.8460631407797337e-05,129453.78125,0.6576665043830872
8100.0,2,0.0,-4197294.5,6.282786846160889,345.8592529296875,0.0009263446554541588,129453.78125,0.6576663851737976
8100.0,3,0.0,-4197252.5,6.954223155975342,394.84942626953125,0.0009009523782879114,129453.78125,0.6576664447784424
8100.0,4,0.0,-4197214.0,6.8414201736450195,446.3126525878906,0.0009141885675489902,129453.78125,0.6576665043830872
8200.0,0,0.0,-4197379.5,5.758890628814697,248.2156219482422,0.000693837006110698,129453.78125,0.6576664447784424
8200.0,1,0.0,-4197336.0,5.115481376647949,301.0885314941406,0.0008719735196791589,129453.78125,0.6576665639877319
8200.0,2,0.0,-4197294.0,6.560983657836914,347.2076416015625,0.0008266795193776488,129453.78125,0.6576664447784424
8200.0,3,0.0,-4197251.5,6.525243282318115,397.3821105957031,0.0010620985412970185,129453.78125,0.6576664447784424
8200.0,4,0.0,-4197211.5,7.139996528625488,446.2962951660156,0.0010732167866081,129453.78125,0.6576665639877319
8300.0,0,0.0,-4197380.5,4.655876636505127,247.23922729492188,0.00018829049076884985,129453.78125,0.6576664447784424
8300.0,1,0.0,-4197343.5,5.16297721862793,303.20977783203125,0.0009303938131779432,129453.78125,0.6576664447784424
8300.0,2,0.0,-4197298.5,6.1557416915893555,347.0521545410156,0.00040217372588813305,129453.78125,0.6576664447784424
8300.0,3,0.0,-4197255.5,6.419243335723877,395.0155029296875,0.0005540907150134444,129453.78125,0.6576664447784424
8300.0,4,0.0,-4197215.0,7.126733779907227,444.7947082519531,0.0005119579145684838,129453.78125,0.6576665043830872
8400.0,0,0.0,-4197380.0,4.595380783081055,247.3000030517578,0.0006439315620809793,129453.78125,0.6576664447784424
8400.0,1,0.0,-4197336.5,5.182474136352539,300.271484375,-7.235363591462374e-05,129453.78125,0.6576665639877319
8400.0,2,0.0,-4197296.5,6.331033229827881,344.4152526855469,0.0008004078408703208,129453.78125,0.6576663851737976
8400.0,3,0.0,-4197255.0,6.769991397857666,392.8288879394531,0.000941158679779619,129453.78125,0.6576664447784424
8400.0,4,0.0,-4197212.5,7.2763166427612305,442.53692626953125,0.0010726520558819175,129453.78125,0.6576664447784424
8500.0,0,0.0,-4197378.5,5.515178680419922,245.41575622558594,0.0007219439139589667,129453.78125,0.6576664447784424
8500.0,1,0.0,-4197337.5,5.796975612640381,294.7764587402344,0.000746019883081317,129453.78125,0.6576665639877319
8500.0,2,0.0,-4197292.0,6.075814723968506,342.73431396484375,0.0008337353356182575,129453.78125,0.6576663255691528
8500.0,3,0.0,-4197250.0,6.850124835968018,393.3754577636719,0.0011336123570799828,129453.78125,0.6576664447784424
8500.0,4,0.0,-4197207.0,6.944344520568848,445.67864990234375,0.0014064182760193944,129453.78125,0.6576664447784424
8600.0,0,0.0,-4197387.5,4.852609634399414,250.38400268554688,0.0009608294349163771,129453.78125,0.6576665043830872
8600.0,1,0.0,-4197339.5,5.4882402420043945,295.07366943359375,0.00045612885151058435,129453.78125,0.6576665043830872
8600.0,2,0.0,-4197302.0,5.91707181930542,349.0562744140625,0.00128610385581851,129453.78125,0.6576665043830872
8600.0,3,0.0,-4197260.0,6.274301052093506,399.30706787109375,0.001487154047936201,129453.78125,0.6576663851737976
8600.0,4,0.0,-4197215.0,6.851428985595703,446.7496643066406,0.00155527179595083,129453.78125,0.6576664447784424
8700.0,0,0.0,-4197379.0,6.063333034515381,245.2706298828125,0.0003608108381740749,129453.78125,0.6576664447784424
8700.0,1,0.0,-4197343.0,5.790302276611328,297.8291015625,0.0004255189560353756,129453.78125,0.6576665639877319
8700.0,2,0.0,-4197296.0,6.315927982330322,344.3106689453125,0.00045865692663937807,129453.78125,0.6576664447784424
8700.0,3,0.0,-4197253.5,6.348446846008301,392.8099365234375,0.0005467013688758016,129453.78125,0.6576665043830872
8700.0,4,0.0,-4197210.5,6.634140491485596,441.1424255371094,0.0006784582510590553,129453.78125,0.6576664447784424
8800.0,0,0.0,-4197382.5,4.426393032073975,243.59042358398438,0.00046937534352764487,129453.78125,0.6576664447784424
8800.0,1,0.0,-4197337.0,5.1718573570251465,301.7290344238281,0.0007889802800491452,129453.78125,0.6576664447784424
8800.0,2,0.0,-4197296.0,5.375278472900391,342.523193359375,0.0006925136549398303,129453.78125,0.6576664447784424
8800.0,3,0.0,-4197250.5,6.16429328918457,389.26800537109375,0.0007060946663841605,129453.78125,0.6576664447784424
8800.0,4,0.0,-4197209.0,6.94685173034668,440.0303649902344,0.0007512223673984408,129453.78125,0.6576665043830872
8900.0,0,0.0,-4197379.5,4.945546627044678,245.2796173095703,0.0001722167944535613,129453.78125,0.6576665043830872
8900.0,1,0.0,-4197337.5,5.335768222808838,298.2989807128906,0.0009048485662788153,129453.78125,0.6576664447784424
8900.0,2,0.0,-4197291.0,6.0729169845581055,345.0460510253906,0.0004205878358334303,129453.78125,0.6576664447784424
8900.0,3,0.0,-4197249.0,6.419000625610352,394.2676696777344,0.0006250760052353144,129453.78125,0.6576664447784424
8900.0,4,0.0,-4197207.0,7.202402114868164,444.6292724609375,0.00039339845534414053,129453.78125,0.6576664447784424
9000.0,0,0.0,-4197380.5,5.941915512084961,247.5997772216797,0.0002522648428566754,129453.78125,0.6576665043830872
9000.0,1,0.0,-4197339.5,5.9250569343566895,296.41143798828125,0.0006599775515496731,129453.78125,0.6576665639877319
9000.0,2,0.0,-4197295.0,5.895742893218994,349.2296142578125,0.0005254268180578947,129453.78125,0.6576664447784424
9000.0,3,0.0,-4197252.0,7.216102600097656,401.3558349609375,0.0007286996114999056,129453.78125,0.6576664447784424
9000.0,4,0.0,-4197210.0,7.176724433898926,449.5569763183594,0.000892124604433775,129453.78125,0.6576666235923767
9100.0,0,0.0,-4197382.5,5.784201145172119,250.95675659179688,0.0005178406718187034,129453.78125,0.6576665043830872
9100.0,1,0.0,-4197340.0,4.970000267028809,297.000244140625,0.00018344575073570013,129453.78125,0.6576665043830872
9100.0,2,0.0,-4197297.5,6.608630657196045,352.4224853515625,0.0008375996258109808,129453.78125,0.6576664447784424
9100.0,3,0.0,-4197256.0,7.126872539520264,404.8896179199219,0.0010219011455774307,129453.78125,0.6576665043830872
9100.0,4,0.0,-4197213.5,7.417064666748047,454.30389404296875,0.0012901067966595292,129453.78125,0.6576664447784424
9200.0,0,0.0,-4197379.0,4.959129810333252,250.17800903320312,0.0008811609004624188,129453.78125,0.6576664447784424
9200.0,1,0.0,-4197340.0,5.78386926651001,296.1679992675781,0.0007807298097759485,129453.78125,0.6576665043830872
9200.0,2,0.0,-4197293.5,5.461816310882568,349.67547607421875,0.0009420171845704317,129453.78125,0.6576664447784424
9200.0,3,0.0,-4197248.5,6.322078227996826,398.5052490234375,0.00103651056997478,129453.78125,0.6576664447784424
9200.0,4,0.0,-4197206.5,6.768726825714111,447.0106201171875,0.0009323237463831902,129453.78125,0.6576664447784424
9300.0,0,0.0,-4197378.5,5.256776809692383,248.4867706298828,0.0006352565251290798,129453.78125,0.6576663851737976
9300.0,1,0.0,-4197341.0,5.799948215484619,297.71026611328125,0.0003771120682358742,129453.78125,0.6576664447784424
9300.0,2,0.0,-4197291.0,5.985320568084717,349.1650390625,0.0008121912833303213,129453.78125,0.6576664447784424
9300.0,3,0.0,-4197247.5,5.859220027923584,397.2561340332031,0.000674439943395555,129453.78125,0.6576665043830872
9300.0,4,0.0,-4197206.5,6.453126907348633,443.83135986328125,0.0005406334530562162,129453.78125,0.6576664447784424
9400.0,0,0.0,-4197383.5,4.912942409515381,247.3174285888672,2.4450477212667465e-05,129453.78125,0.6576664447784424
9400.0,1,0.0,-4197339.5,5.681212902069092,297.50982666015625,0.0007389297243207693,129453.78125,0.6576664447784424
9400.0,2,0.0,-4197296.0,5.652703285217285,350.0207824707031,1.07521191239357e-06,129453.78125,0.6576664447784424
9400.0,3,0.0,-4197251.5,6.958528995513916,396.5246887207031,6.799795664846897e-05,129453.78125,0.6576664447784424
9400.0,4,0.0,-4197211.0,6.564492225646973,445.05999755859375,0.00030609406530857086,129453.78125,0.6576664447784424
9500.0,0,0.0,-4197384.0,4.759488105773926,246.7067413330078,0.00025255477521568537,129453.78125,0.6576665043830872
9500.0,1,0.0,-4197338.5,5.15284538269043,297.5321960449219,0.0006314442725852132,129453.78125,0.6576665043830872
9500.0,2,0.0,-4197298.0,5.621032238006592,351.31536865234375,0.00028412649407982826,129453.78125,0.6576665043830872
9500.0,3,0.0,-4197254.0,5.55963659286499,399.39990234375,0.00034418434370309114,129453.78125,0.6576664447784424
9500.0,4,0.0,-4197210.5,6.3169684410095215,446.569091796875,0.000554547761566937,129453.78125,0.6576665043830872
9600.0,0,0.0,-4197381.5,4.996723651885986,246.7991180419922,0.0005880988319404423,129453.78125,0.6576664447784424
9600.0,1,0.0,-4197337.5,5.225552558898926,295.61358642578125,0.0006909568910486996,129453.78125,0.6576665043830872
9600.0,2,0.0,-4197295.0,6.141851902008057,349.0445861816406,0.000897427904419601,129453.78125,0.6576663851737976
9600.0,3,0.0,-4197251.0,6.275104522705078,399.3988342285156,0.0011430267477408051,129453.78125,0.6576664447784424
9600.0,4,0.0,-4197207.5,6.514495372772217,450.6953430175781,0.001245295163244009,129453.78125,0.6576664447784424
9700.0,0,0.0,-4197381.0,4.7763848304748535,251.05355834960938,-2.49022850766778e-05,129453.78125,0.6576665043830872
9700.0,1,0.0,-4197339.0,5.3557281494140625,299.3023681640625,0.0004567898577079177,129453.78125,0.6576664447784424
9700.0,2,0.0,-4197295.0,5.9762187004089355,353.4374694824219,8.700590115040541e-05,129453.78125,0.6576664447784424
9700.0,3,0.0,-4197253.0,6.4522528648376465,406.9624938964844,0.0002899834653362632,129453.78125,0.6576665043830872
9700.0,4,0.0,-4197210.0,6.792499542236328,455.8860168457031,0.0003825118765234947,129453.78125,0.6576664447784424
9800.0,0,0.0,-4197381.5,5.282742023468018,254.3433837890625,0.000384925224352628,129453.78125,0.6576665043830872
9800.0,1,0.0,-4197332.5,5.483147144317627,303.6426696777344,0.0002895301440730691,129453.78125,0.6576664447784424
9800.0,2,0.0,-4197294.0,6.145956993103027,353.4704284667969,0.000643876614049077,129453.78125,0.6576665043830872
9800.0,3,0.0,-4197249.5,6.9292731285095215,407.8203125,0.0007362223695963621,129453.78125,0.6576664447784424
9800.0,4,0.0,-4197207.5,7.821348190307617,456.568359375,0.0006519173039123416,129453.78125,0.6576663851737976
9900.0,0,0.0,-4197380.5,4.760669231414795,251.41165161132812,0.0010559174697846174,129453.78125,0.6576663851737976
9900.0,1,0.0,-4197334.0,5.844775676727295,305.3364562988281,0.0007901268545538187,129453.78125,0.6576664447784424
9900.0,2,0.0,-4197296.0,6.126777172088623,354.01739501953125,0.0012737943325191736,129453.78125,0.6576664447784424
9900.0,3,0.0,-4197254.0,6.534307956695557,406.96484375,0.001231678994372487,129453.78125,0.6576664447784424
9900.0,4,0.0,-4197214.5,7.55949592590332,454.6758117675781,0.0011467209551483393,129453.78125,0.6576665043830872
10000.0,0,0.0,-4197379.5,4.926779747009277,248.29855346679688,7.200276013463736e-05,129453.78125,0.6576664447784424
10000.0,1,0.0,-4197334.0,6.1950602531433105,304.4768371582031,0.0006779632531106472,129453.78125,0.6576663851737976
10000.0,2,0.0,-4197291.5,5.950738430023193,345.2794494628906,0.00040858855936676264,129453.78125,0.6576664447784424
10000.0,3,0.0,-4197248.0,6.397380828857422,391.8296203613281,0.00037136836908757687,129453.78125,0.6576665043830872
10000.0,4,0.0,-4197205.5,6.430636882781982,439.72589111328125,0.00042740884236991405,129453.78125,0.6576664447784424
10100.0,0,0.0,-4197385.0,4.88931131362915,253.8709259033203,0.0006453606765717268,129453.78125,0.6576664447784424
10100.0,1,0.0,-4197334.5,5.027087688446045,305.3288269042969,0.0006669621798209846,129453.78125,0.6576665043830872
10100.0,2,0.0,-4197297.5,6.0675740242004395,354.3034362792969,0.0008640482556074858,129453.78125,0.6576664447784424
10100.0,3,0.0,-4197256.5,6.100484848022461,403.775634765625,0.0010037780739367008,129453.78125,0.6576665043830872
10100.0,4,0.0,-4197215.0,7.104872226715088,452.8267517089844,0.0012215162860229611,129453.78125,0.6576664447784424
10200.0,0,0.0,-4197379.5,4.7284698486328125,249.59788513183594,0.00045995996333658695,129453.78125,0.6576664447784424
10200.0,1,0.0,-4197336.0,5.8717732429504395,299.9329528808594,0.000910438597202301,129453.78125,0.6576665639877319
10200.0,2,0.0,-4197291.0,6.134153366088867,348.9104919433594,0.0005144223105162382,129453.78125,0.6576663851737976
10200.0,3,0.0,-4197250.5,6.529928207397461,400.3633117675781,0.0006231018342077732,129453.78125,0.6576664447784424
10200.0,4,0.0,-4197207.5,7.1470112800598145,447.073486328125,0.0008329278789460659,129453.78125,0.6576664447784424
10300.0,0,0.0,-4197378.0,5.1412224769592285,250.4262237548828,0.0005208615912124515,129453.78125,0.6576664447784424
10300.0,1,0.0,-4197340.0,5.419350624084473,299.2401123046875,0.00031502218917012215,129453.78125,0.6576664447784424
10300.0,2,0.0,-4197290.0,6.589411735534668,351.5496826171875,0.000897883262950927,129453.78125,0.6576664447784424
10300.0,3,0.0,-4197247.5,7.128819942474365,402.7350158691406,0.0009183320216834545,129453.78125,0.6576664447784424
10300.0,4,0.0,-4197204.0,6.466190814971924,450.51953125,0.0010690977796912193,129453.78125,0.6576664447784424
10400.0,0,0.0,-4197378.0,5.299503803253174,254.5584259033203,0.0001158356899395585,129453.78125,0.6576664447784424
10400.0,1,0.0,-4197339.0,5.41806697845459,299.51263427734375,0.0004657612880691886,129453.78125,0.6576664447784424
10400.0,2,0.0,-4197292.0,6.188176155090332,354.1485900878906,0.0003062938340008259,129453.78125,0.6576663851737976
10400.0,3,0.0,-4197249.5,7.186604022979736,405.3391418457031,0.0005463750567287207,129453.78125,0.6576664447784424
10400.0,4,0.0,-4197207.0,6.703396320343018,457.18463134765625,0.0006036155391484499,129453.78125,0.6576664447784424
10500.0,0,0.0,-4197379.0,5.165647983551025,248.13063049316406,0.001042449614033103,129453.78125,0.6576664447784424
10500.0,1,0.0,-4197338.5,5.437819004058838,298.5510559082031,0.0006556707667186856,129453.78125,0.6576664447784424
10500.0,2,0.0,-4197295.5,5.777735710144043,349.2048034667969,0.0009930101223289967,129453.78125,0.6576664447784424
10500.0,3,0.0,-4197253.0,6.853665351867676,399.9967956542969,0.0009899323340505362,129453.78125,0.6576665043830872
10500.0,4,0.0,-4197211.5,7.041287899017334,451.1242980957031,0.0012592014390975237,129453.78125,0.6576664447784424
10600.0,0,0.0,-4197381.5,4.95411491394043,252.44073486328125,0.00037389714270830154,129453.78125,0.6576665043830872
10600.0,1,0.0,-4197339.0,5.187596321105957,300.5531311035156,0.0007442028145305812,129453.78125,0.6576665043830872
10600.0,2,0.0,-4197294.5,5.994710922241211,354.2633972167969,0.0005328013794496655,129453.78125,0.6576664447784424
10600.0,3,0.0,-4197251.5,6.774523735046387,404.0575866699219,0.0003919667797163129,129453.78125,0.6576664447784424
10600.0,4,0.0,-4197211.0,7.16165018081665,453.9953918457031,0.0004016607999801636,129453.78125,0.6576665639877319
10700.0,0,0.0,-4197377.0,5.166492938995361,248.81483459472656,0.0006304454291239381,129453.78125,0.6576664447784424
10700.0,1,0.0,-4197337.0,5.124180793762207,296.18115234375,0.0010878622997552156,129453.78125,0.6576665639877319
10700.0,2,0.0,-4197287.5,6.386991024017334,348.93768310546875,0.0006169396219775081,129453.78125,0.6576664447784424
10700.0,3,0.0,-4197243.0,6.452770709991455,399.34820556640625,0.0006269884761422873,129453.78125,0.6576664447784424
10700.0,4,0.0,-4197198.0,6.996218681335449,447.99346923828125,0.0005726648960262537,129453.78125,0.6576664447784424
10800.0,0,0.0,-4197380.5,4.608005523681641,251.2669677734375,0.00018706638365983963,129453.78125,0.6576664447784424
10800.0,1,0.0,-4197341.5,6.073901176452637,301.6039733886719,0.0004535352345556021,129453.78125,0.6576664447784424
10800.0,2,0.0,-4197294.5,5.690267562866211,353.83367919921875,0.0004531225422397256,129453.78125,0.6576664447784424
10800.0,3,0.0,-4197253.5,5.9644365310668945,402.4356384277344,0.0005857427604496479,129453.78125,0.6576664447784424
10800.0,4,0.0,-4197208.5,6.710752010345459,451.7457580566406,0.0005521839484572411,129453.78125,0.6576665043830872
10900.0,0,0.0,-4197379.0,4.742323875427246,249.65174865722656,0.0006457256386056542,129453.78125,0.6576665043830872
10900.0,1,0.0,-4197336.5,7.054632186889648,295.152099609375,0.0005776382749900222,129453.78125,0.6576665043830872
10900.0,2,0.0,-4197289.0,6.4006500244140625,347.4676208496094,0.0007548631401732564,129453.78125,0.6576665043830872
10900.0,3,0.0,-4197249.5,7.082329750061035,394.49420166015625,0.000649944064207375,129453.78125,0.6576663851737976
10900.0,4,0.0,-4197207.5,7.217231273651123,445.364013671875,0.0007441772613674402,129453.78125,0.6576664447784424
11000.0,0,0.0,-4197378.5,4.926251411437988,247.46583557128906,0.00010726647451519966,129453.78125,0.6576665043830872
11000.0,1,0.0,-4197340.5,5.709773063659668,298.8912658691406,0.00029764650389552116,129453.78125,0.6576665639877319
11000.0,2,0.0,-4197293.5,6.128956317901611,350.35400390625,0.00027674727607518435,129453.78125,0.6576665043830872
11000.0,3,0.0,-4197253.0,6.6552557945251465,394.08642578125,0.00048583385068923235,129453.78125,0.6576664447784424
11000.0,4,0.0,-4197209.0,6.125566482543945,445.5529479980469,0.0005135495448485017,129453.78125,0.6576664447784424
11100.0,0,0.0,-4197380.5,5.84514045715332,252.57481384277344,0.0007223229622468352,129453.78125,0.6576664447784424
11100.0,1,0.0,-4197337.0,5.175644397735596,300.0709228515625,0.0005522583960555494,129453.78125,0.6576664447784424
11100.0,2,0.0,-4197294.5,6.316810131072998,353.5484313964844,0.001031801919452846,129453.78125,0.6576664447784424
11100.0,3,0.0,-4197253.5,6.609793186187744,401.4458923339844,0.0011625862680375576,129453.78125,0.6576664447784424
11100.0,4,0.0,-4197210.5,6.5750274658203125,451.3761291503906,0.0011045882711187005,129453.78125,0.6576664447784424
11200.0,0,0.0,-4197378.5,4.924204349517822,248.66746520996094,0.00108993798494339,129453.78125,0.6576665043830872
11200.0,1,0.0,-4197337.5,6.005377769470215,302.639892578125,0.0003096509026363492,129453.78125,0.6576664447784424
11200.0,2,0.0,-4197295.0,6.332520484924316,351.2452087402344,0.0010687230387702584,129453.78125,0.6576664447784424
11200.0,3,0.0,-4197255.0,6.212555885314941,400.8438720703125,0.0010183239355683327,129453.78125,0.6576664447784424
11200.0,4,0.0,-4197210.5,8.010576248168945,451.6258850097656,0.0012037132401019335,129453.78125,0.6576664447784424
11300.0,0,0.0,-4197381.0,5.152418613433838,247.6502685546875,-4.3950858525931835e-05,129453.78125,0.6576665639877319
11300.0,1,0.0,-4197337.0,5.6425275802612305,301.1768493652344,0.0005807371926493943,129453.78125,0.6576665639877319
11300.0,2,0.0,-4197292.0,6.175517559051514,344.14532470703125,-2.3288652300834656e-05,129453.78125,0.6576664447784424
11300.0,3,0.0,-4197251.0,6.394255638122559,390.7735900878906,6.756489165127277e-05,129453.78125,0.6576664447784424
11300.0,4,0.0,-4197207.0,7.049118995666504,441.2169494628906,0.0002421429380774498,129453.78125,0.6576664447784424
11400.0,0,0.0,-4197380.0,5.568842887878418,246.61471557617188,0.00025758001720532775,129453.78125,0.6576665043830872
11400.0,1,0.0,-4197341.0,5.778426647186279,302.7828369140625,0.0007822381448931992,129453.78125,0.6576664447784424
11400.0,2,0.0,-4197295.0,6.313662052154541,349.1302490234375,0.0003174678422510624,129453.78125,0.6576664447784424
11400.0,3,0.0,-4197256.0,6.970949172973633,396.86077880859375,0.0005553121445700526,129453.78125,0.6576664447784424
11400.0,4,0.0,-4197212.0,6.711424350738525,448.802978515625,0.0005054003559052944,129453.78125,0.6576665043830872
11500.0,0,0.0,-4197383.0,4.837713241577148,251.9804229736328,0.0006916879210621119,129453.78125,0.6576665043830872
11500.0,1,0.0,-4197338.5,5.857190132141113,297.1421813964844,0.0008166005718521774,129453.78125,0.6576663851737976
11500.0,2,0.0,-4197296.5,6.8154778480529785,349.03167724609375,0.0011398945935070515,129453.78125,0.6576664447784424
11500.0,3,0.0,-4197255.0,6.8616719245910645,398.4978332519531,0.0010625850409269333,129453.78125,0.6576664447784424
11500.0,4,0.0,-4197213.5,7.761819839477539,452.282470703125,0.0008747983956709504,129453.78125,0.6576664447784424
11600.0,0,0.0,-4197380.0,5.09354829788208,250.2738037109375,0.0005032249609939754,129453.78125,0.6576664447784424
11600.0,1,0.0,-4197341.0,5.9684271812438965,298.6997375488281,0.00016250438056886196,129453.78125,0.6576664447784424
11600.0,2,0.0,-4197296.0,5.68795108795166,348.7696533203125,0.0007427085656672716,129453.78125,0.6576663851737976
11600.0,3,0.0,-4197255.0,6.615328311920166,394.2863464355469,0.0007048796396702528,129453.78125,0.6576664447784424
11600.0,4,0.0,-4197211.5,6.6478962898254395,445.2497863769531,0.0009025441249832511,129453.78125,0.6576665043830872
11700.0,0,0.0,-4197384.0,5.5987701416015625,249.54554748535156,0.0008188800420612097,129453.78125,0.6576664447784424
11700.0,1,0.0,-4197340.5,6.113242149353027,296.28326416015625,1.3657845556735992e-05,129453.78125,0.6576664447784424
11700.0,2,0.0,-4197303.0,7.494152545928955,348.59014892578125,0.0011917719384655356,129453.78125,0.6576663851737976
11700.0,3,0.0,-4197264.0,7.7134175300598145,398.3740234375,0.0013070367276668549,129453.78125,0.6576664447784424
11700.0,4,0.0,-4197221.0,8.791994094848633,447.7425537109375,0.0013261823914945126,129453.78125,0.6576664447784424
11800.0,0,0.0,-4197384.5,5.171529293060303,250.9650115966797,0.0003335387445986271,129453.78125,0.6576664447784424
11800.0,1,0.0,-4197338.0,5.890928268432617,301.8584289550781,0.0007347516366280615,129453.78125,0.6576666235923767
11800.0,2,0.0,-4197301.5,6.01740837097168,351.2085266113281,0.00039287307299673557,129453.78125,0.6576664447784424
11800.0,3,0.0,-4197261.5,6.556324005126953,399.6015319824219,0.0004504814278334379,129453.78125,0.6576664447784424
11800.0,4,0.0,-4197218.5,7.006647109985352,449.51629638671875,0.00044647720642387867,129453.78125,0.6576664447784424
11900.0,0,0.0,-4197384.0,4.960510730743408,251.9549102783203,0.0005268612294457853,129453.78125,0.6576664447784424
11900.0,1,0.0,-4197341.5,5.479743957519531,300.61895751953125,0.0009164951043203473,129453.78125,0.6576665043830872
11900.0,2,0.0,-4197295.5,6.7252655029296875,351.7469177246094,0.0004536897176876664,129453.78125,0.6576664447784424
11900.0,3,0.0,-4197256.0,6.264883041381836,400.4180908203125,0.0004849679535254836,129453.78125,0.6576664447784424
11900.0,4,0.0,-4197210.5,6.520166873931885,450.5910949707031,0.0007753279060125351,129453.78125,0.6576665043830872
12000.0,0,0.0,-4197381.0,4.723622798919678,248.1819305419922,0.00044062494998797774,129453.78125,0.6576665043830872
12000.0,1,0.0,-4197338.0,5.902902603149414,293.2300109863281,0.00018471817020326853,129453.78125,0.6576663851737976
12000.0,2,0.0,-4197293.0,5.677455425262451,349.2625427246094,0.000476561370305717,129453.78125,0.6576664447784424
12000.0,3,0.0,-4197252.0,6.236268043518066,394.2890319824219,0.0005854888586327434,129453.78125,0.6576664447784424
12000.0,4,0.0,-4197209.0,6.589059829711914,446.1964111328125,0.000531580881215632,129453.78125,0.6576664447784424
12100.0,0,0.0,-4197381.5,5.0599236488342285,251.22018432617188,0.0005323871737346053,129453.78125,0.6576665043830872
12100.0,1,0.0,-4197342.5,5.247618675231934,296.0885314941406,0.0007853342685848475,129453.78125,0.6576664447784424
12100.0,2,0.0,-4197296.5,5.510340213775635,352.60455322265625,0.0006703893886879086,129453.78125,0.6576664447784424
12100.0,3,0.0,-4197257.0,6.45689058303833,403.15411376953125,0.0006171450950205326,129453.78125,0.6576665043830872
12100.0,4,0.0,-4197212.0,7.4333720207214355,450.8749694824219,0.0010897897882387042,129453.78125,0.6576664447784424
12200.0,0,0.0,-4197380.0,5.436653137207031,250.0387725830078,0.00014170142821967602,129453.78125,0.6576664447784424
12200.0,1,0.0,-4197338.0,5.098646640777588,294.61456298828125,0.0005855060298927128,129453.78125,0.6576664447784424
12200.0,2,0.0,-4197291.5,6.558627605438232,350.6481018066406,0.0003189495764672756,129453.78125,0.6576664447784424
12200.0,3,0.0,-4197250.0,6.864195823669434,399.50250244140625,7.519533392041922e-05,129453.78125,0.6576663851737976
12200.0,4,0.0,-4197208.5,6.653428554534912,448.58929443359375,0.0002587600611150265,129453.78125,0.6576664447784424
12300.0,0,0.0,-4197379.0,5.115704536437988,245.99725341796875,0.0007394944550469518,129453.78125,0.6576663851737976
12300.0,1,0.0,-4197342.5,5.801578044891357,300.4993896484375,0.00047778862062841654,129453.78125,0.6576664447784424
12300.0,2,0.0,-4197291.0,6.316103458404541,347.231201171875,0.0011199555592611432,129453.78125,0.6576663851737976
12300.0,3,0.0,-4197247.0,7.3810834884643555,397.482421875,0.0011736610904335976,129453.78125,0.6576664447784424
12300.0,4,0.0,-4197208.0,7.137890815734863,448.0916442871094,0.0014129996998235583,129453.78125,0.6576664447784424
12400.0,0,0.0,-4197386.0,4.799688816070557,249.62596130371094,0.0005088750622235239,129453.78125,0.6576664447784424
12400.0,1,0.0,-4197336.5,5.84893798828125,296.1912536621094,0.00041068356949836016,129453.78125,0.6576665639877319
12400.0,2,0.0,-4197299.0,5.965343475341797,346.16552734375,0.0007659794646315277,129453.78125,0.6576663851737976
12400.0,3,0.0,-4197254.0,6.937753677368164,397.52508544921875,0.0006967999506741762,129453.78125,0.6576664447784424
12400.0,4,0.0,-4197215.0,6.711810111999512,449.2284240722656,0.0006834234809502959,129453.78125,0.6576664447784424
12500.0,0,0.0,-4197381.5,5.393642902374268,248.3470458984375,0.0006592741119675338,129453.78125,0.6576664447784424
12500.0,1,0.0,-4197335.5,5.107051372528076,294.3493347167969,0.00020496081560850143,129453.78125,0.6576664447784424
12500.0,2,0.0,-4197296.5,5.993892669677734,350.5306396484375,0.0007890606066212058,129453.78125,0.6576664447784424
12500.0,3,0.0,-4197252.0,6.259032249450684,398.7644348144531,0.0008226463105529547,129453.78125,0.6576665043830872
12500.0,4,0.0,-4197211.0,7.022406101226807,449.0018005371094,0.0010320829460397363,129453.78125,0.6576664447784424
12600.0,0,0.0,-4197382.0,5.306321144104004,248.88897705078125,0.00047290895599871874,129453.78125,0.6576665043830872
12600.0,1,0.0,-4197335.5,5.300845623016357,297.8219299316406,0.00043094251304864883,129453.78125,0.6576664447784424
12600.0,2,0.0,-4197294.0,6.750997543334961,350.32891845703125,0.0005252874689176679,129453.78125,0.6576663851737976
12600.0,3,0.0,-4197252.0,7.621454238891602,399.96295166015625,0.0004429332911968231,129453.78125,0.6576664447784424
12600.0,4,0.0,-4197212.0,6.869361877441406,451.9825744628906,0.00035419687628746033,129453.78125,0.6576665639877319
12700.0,0,0.0,-4197380.0,5.078188896179199,247.454345703125,0.000657388474792242,129453.78125,0.6576664447784424
12700.0,1,0.0,-4197336.0,5.6460137367248535,294.6024475097656,0.0010996540077030659,129453.78125,0.6576664447784424
12700.0,2,0.0,-4197291.5,5.866717338562012,352.2885437011719,0.0007452726131305099,129453.78125,0.6576665043830872
12700.0,3,0.0,-4197252.0,6.066458225250244,403.3421630859375,0.0009246575646102428,129453.78125,0.6576664447784424
12700.0,4,0.0,-4197210.0,7.386532306671143,454.7924499511719,0.0011006880085915327,129453.78125,0.6576665043830872
12800.0,0,0.0,-4197381.5,4.632784843444824,248.88453674316406,0.0004760535666719079,129453.78125,0.6576665043830872
12800.0,1,0.0,-4197341.5,5.395693778991699,300.0189514160156,0.0011331380810588598,129453.78125,0.6576665043830872
12800.0,2,0.0,-4197295.5,5.588080406188965,352.9908752441406,0.0006820174166932702,129453.78125,0.6576663851737976
12800.0,3,0.0,-4197257.5,5.450834274291992,406.79034423828125,0.0010590024758130312,129453.78125,0.6576664447784424
12800.0,4,0.0,-4197215.5,6.320990562438965,454.5330810546875,0.0010672751814126968,129453.78125,0.6576664447784424
12900.0,0,0.0,-4197380.5,5.021851539611816,251.75332641601562,1.1187978088855743e-05,129453.78125,0.6576664447784424
12900.0,1,0.0,-4197340.0,5.177508354187012,300.9912109375,0.0007122621173039079,129453.78125,0.6576664447784424
12900.0,2,0.0,-4197295.0,6.620476245880127,353.3539123535156,0.0004978611832484603,129453.78125,0.6576663851737976
12900.0,3,0.0,-4197255.0,6.998876094818115,401.484130859375,0.0006636884063482285,129453.78125,0.6576665043830872
12900.0,4,0.0,-4197215.0,7.673541069030762,450.80914306640625,0.0005134131060913205,129453.78125,0.6576664447784424
13000.0,0,0.0,-4197377.5,5.093440532684326,249.2679901123047,0.0004393869894556701,129453.78125,0.6576665043830872
13000.0,1,0.0,-4197338.0,5.973902225494385,297.55517578125,0.00042940222192555666,129453.78125,0.6576665639877319
13000.0,2,0.0,-4197290.0,6.042324066162109,348.83905029296875,0.0006455074762925506,129453.78125,0.6576664447784424
13000.0,3,0.0,-4197246.0,6.580317497253418,395.1527099609375,0.0004486024845391512,129453.78125,0.6576664447784424
13000.0,4,0.0,-4197205.0,6.6622633934021,442.71331787109375,0.0004130051238462329,129453.78125,0.6576664447784424
13100.0,0,0.0,-4197381.0,5.0965399742126465,253.66104125976562,0.00032552576158195734,129453.78125,0.6576664447784424
13100.0,1,0.0,-4197333.5,5.487034797668457,295.055419921875,0.00044549687299877405,129453.78125,0.6576665639877319
13100.0,2,0.0,-4197291.5,5.8267927169799805,353.6969299316406,0.00047699164133518934,129453.78125,0.6576663851737976
13100.0,3,0.0,-4197251.5,6.467845916748047,404.9475402832031,0.00048396072816103697,129453.78125,0.6576665043830872
13100.0,4,0.0,-4197212.5,6.560825347900391,456.8084411621094,0.00037000165320932865,129453.78125,0.6576664447784424
13200.0,0,0.0,-4197379.5,5.050480365753174,253.10328674316406,0.0012626282405108213,129453.78125,0.6576664447784424
13200.0,1,0.0,-4197337.0,5.161731243133545,299.777587890625,0.0005590282962657511,129453.78125,0.6576663851737976
13200.0,2,0.0,-4197292.5,5.946751594543457,352.4132080078125,0.0014222005847841501,129453.78125,0.6576664447784424
13200.0,3,0.0,-4197250.0,6.307029724121094,405.59820556640625,0.0015922030434012413,129453.78125,0.6576664447784424
13200.0,4,0.0,-4197208.5,7.637099266052246,453.3854675292969,0.0015162979252636433,129453.78125,0.6576665639877319
13300.0,0,0.0,-4197378.5,5.480757236480713,250.14462280273438,0.0006436634575948119,129453.78125,0.6576664447784424
13300.0,1,0.0,-4197336.5,5.506004810333252,302.8312683105469,0.0004895053571090102,129453.78125,0.6576664447784424
13300.0,2,0.0,-4197291.0,5.856391906738281,351.3600769042969,0.0004340611631050706,129453.78125,0.6576664447784424
13300.0,3,0.0,-4197246.5,6.304759979248047,405.5982360839844,0.0008070931071415544,129453.78125,0.6576665043830872
13300.0,4,0.0,-4197203.5,7.193366050720215,453.4625549316406,0.0009430274367332458,129453.78125,0.6576665043830872
13400.0,0,0.0,-4197379.5,4.57574987411499,249.64646911621094,0.00043499842286109924,129453.78125,0.6576664447784424
13400.0,1,0.0,-4197339.0,5.795382499694824,301.2770690917969,0.0002825689734891057,129453.78125,0.6576665043830872
13400.0,2,0.0,-4197294.0,5.675848007202148,349.2093505859375,0.0007788868388161063,129453.78125,0.6576664447784424
13400.0,3,0.0,-4197247.5,6.2765607833862305,398.2521057128906,0.0007270488422363997,129453.78125,0.6576664447784424
13400.0,4,0.0,-4197206.5,6.957544326782227,451.3902587890625,0.0007736687548458576,129453.78125,0.6576665639877319
13500.0,0,0.0,-4197381.0,5.126802444458008,247.2481689453125,0.0005401833332143724,129453.78125,0.6576664447784424
13500.0,1,0.0,-4197338.5,5.684555530548096,296.98284912109375,0.0009600041666999459,129453.78125,0.6576664447784424
13500.0,2,0.0,-4197297.0,5.997870922088623,347.43768310546875,0.0005376037443056703,129453.78125,0.6576664447784424
13500.0,3,0.0,-4197252.5,6.488399505615234,396.76690673828125,0.0007167960284277797,129453.78125,0.6576664447784424
13500.0,4,0.0,-4197208.5,6.556418418884277,449.2928466796875,0.0006945377681404352,129453.78125,0.6576664447784424
13600.0,0,0.0,-4197378.5,6.136348724365234,249.45553588867188,0.0003188768168911338,129453.78125,0.6576664447784424
13600.0,1,0.0,-4197339.5,5.656261920928955,295.2336120605469,0.0002982089063152671,129453.78125,0.6576666235923767
13600.0,2,0.0,-4197293.0,6.696131229400635,350.6546630859375,0.0006006091134622693,129453.78125,0.6576663851737976
13600.0,3,0.0,-4197249.5,7.046677589416504,399.0502624511719,0.0007201697444543242,129453.78125,0.6576664447784424
13600.0,4,0.0,-4197207.0,6.545929908752441,450.0592346191406,0.0006932544056326151,129453.78125,0.6576664447784424
13700.0,0,0.0,-4197379.0,4.880888938903809,250.51368713378906,0.00037811737274751067,129453.78125,0.6576665043830872
13700.0,1,0.0,-4197339.5,7.173739433288574,296.3655700683594,0.000607282214332372,129453.78125,0.6576666235923767
13700.0,2,0.0,-4197289.0,5.954334735870361,350.1772155761719,0.0007695470121689141,129453.78125,0.6576664447784424
13700.0,3,0.0,-4197252.5,6.67673397064209,403.3209533691406,0.0007135777268558741,129453.78125,0.6576664447784424
13700.0,4,0.0,-4197211.0,8.463848114013672,456.45684814453125,0.0005468700546771288,129453.78125,0.6576665639877319
13800.0,0,0.0,-4197380.0,5.144735813140869,251.84901428222656,0.0002990257926285267,129453.78125,0.6576664447784424
13800.0,1,0.0,-4197341.0,6.05769681930542,299.1614685058594,0.0009256966877728701,129453.78125,0.6576664447784424
13800.0,2,0.0,-4197293.5,6.020251274108887,352.2417907714844,0.0005240463651716709,129453.78125,0.6576664447784424
13800.0,3,0.0,-4197252.5,6.845554828643799,402.924072265625,0.0007936562178656459,129453.78125,0.6576664447784424
13800.0,4,0.0,-4197210.5,7.145183563232422,454.6802673339844,0.0009234396275132895,129453.78125,0.6576663851737976
13900.0,0,0.0,-4197380.0,5.445067405700684,247.8048858642578,0.0004355470300652087,129453.78125,0.6576664447784424
13900.0,1,0.0,-4197338.5,5.631270885467529,293.7490539550781,0.0007304439204744995,129453.78125,0.6576665043830872
13900.0,2,0.0,-4197292.5,6.426000595092773,343.11846923828125,0.0007899630581960082,129453.78125,0.6576664447784424
13900.0,3,0.0,-4197249.0,6.824751853942871,395.73876953125,0.0006121362093836069,129453.78125,0.6576665043830872
13900.0,4,0.0,-4197207.5,7.1459574699401855,449.9692687988281,0.0004994804039597511,129453.78125,0.6576664447784424
14000.0,0,0.0,-4197382.5,5.046493053436279,249.84286499023438,0.0008551152423024178,129453.78125,0.6576664447784424
14000.0,1,0.0,-4197341.5,6.518055438995361,299.3175354003906,0.0004974755574949086,129453.78125,0.6576665043830872
14000.0,2,0.0,-4197294.5,5.664604663848877,347.8319396972656,0.0008115626405924559,129453.78125,0.6576665639877319
14000.0,3,0.0,-4197253.0,6.031866550445557,402.5386962890625,0.0010943959932774305,129453.78125,0.6576664447784424
14000.0,4,0.0,-4197210.5,6.493467807769775,452.6953125,0.0010914067970588803,129453.78125,0.6576665043830872
14100.0,0,0.0,-4197380.5,5.036639213562012,247.7585906982422,0.0008835395565256476,129453.78125,0.6576664447784424
14100.0,1,0.0,-4197339.0,5.660861968994141,298.9490966796875,0.0005766090471297503,129453.78125,0.6576666235923767
14100.0,2,0.0,-4197295.0,6.1556525230407715,349.9696350097656,0.0007981893140822649,129453.78125,0.6576663851737976
14100.0,3,0.0,-4197254.5,6.371530055999756,400.9622497558594,0.0008533707587048411,129453.78125,0.6576664447784424
14100.0,4,0.0,-4197214.5,7.079416751861572,450.0567932128906,0.0011057566152885556,129453.78125,0.6576664447784424
14200.0,0,0.0,-4197381.0,5.91925048828125,249.11553955078125,0.0006086801877245307,129453.78125,0.6576665043830872
14200.0,1,0.0,-4197337.5,5.943191051483154,294.5367126464844,0.000656068092212081,129453.78125,0.6576664447784424
14200.0,2,0.0,-4197297.5,6.078880786895752,352.7459716796875,0.0008564470335841179,129453.78125,0.6576664447784424
14200.0,3,0.0,-4197256.5,7.095933437347412,401.9148254394531,0.0010075417812913656,129453.78125,0.6576665043830872
14200.0,4,0.0,-4197217.0,6.904416084289551,453.6481018066406,0.0012242852244526148,129453.78125,0.6576665043830872
14300.0,0,0.0,-4197378.5,4.869389057159424,245.93637084960938,0.0006334136123768985,129453.78125,0.6576663851737976
14300.0,1,0.0,-4197342.0,5.75408935546875,298.42840576171875,0.00037272635381668806,129453.78125,0.6576664447784424
14300.0,2,0.0,-4197292.5,5.929163932800293,347.0160217285156,0.0006520408205688,129453.78125,0.6576664447784424
14300.0,3,0.0,-4197249.5,5.832555294036865,395.7491455078125,0.0007713641971349716,129453.78125,0.6576665043830872
14300.0,4,0.0,-4197205.0,6.895967960357666,443.1538391113281,0.0009656144538894296,129453.78125,0.6576665043830872
14400.0,0,0.0,-4197381.0,5.467538356781006,248.1503143310547,0.0006318091182038188,129453.78125,0.6576665639877319
14400.0,1,0.0,-4197344.5,5.822543621063232,297.3094787597656,0.0003013848327100277,129453.78125,0.6576665043830872
14400.0,2,0.0,-4197292.5,5.838438987731934,345.1883850097656,0.0010050629498437047,129453.78125,0.6576664447784424
14400.0,3,0.0,-4197251.5,6.664539337158203,393.902099609375,0.0010472798021510243,129453.78125,0.6576664447784424
14400.0,4,0.0,-4197207.5,7.042486190795898,444.089599609375,0.0011091456981375813,129453.78125,0.6576665043830872
14500.0,0,0.0,-4197379.5,5.1615424156188965,246.55038452148438,0.00021642539650201797,129453.78125,0.6576664447784424
14500.0,1,0.0,-4197339.0,5.2598876953125,293.7197265625,0.0006693028844892979,129453.78125,0.6576665043830872
14500.0,2,0.0,-4197292.0,5.6498188972473145,347.02349853515625,0.00020912359468638897,129453.78125,0.6576664447784424
14500.0,3,0.0,-4197255.5,5.853013038635254,400.58636474609375,0.00040736328810453415,129453.78125,0.6576664447784424
14500.0,4,0.0,-4197213.0,6.49599027633667,448.2050476074219,0.0006171767599880695,129453.78125,0.6576664447784424
14600.0,0,0.0,-4197381.0,5.27959680557251,245.5360565185547,-0.00012606126256287098,129453.78125,0.6576664447784424
14600.0,1,0.0,-4197342.5,5.282458782196045,297.462646484375,0.000612218223977834,129453.78125,0.6576665043830872
14600.0,2,0.0,-4197290.0,6.099074840545654,346.9285888671875,-0.0001583246048539877,129453.78125,0.6576664447784424
14600.0,3,0.0,-4197252.5,6.546742916107178,399.9043884277344,0.00022383825853466988,129453.78125,0.6576664447784424
14600.0,4,0.0,-4197212.5,6.353710651397705,448.2286376953125,0.00015358510427176952,129453.78125,0.6576664447784424
14700.0,0,0.0,-4197384.0,5.031797885894775,250.3802947998047,0.000991836772300303,129453.78125,0.6576665043830872
14700.0,1,0.0,-4197343.0,5.25465202331543,299.34918212890625,0.0008268810342997313,129453.78125,0.6576665043830872
14700.0,2,0.0,-4197295.0,5.405598163604736,353.1323547363281,0.000954143819399178,129453.78125,0.6576663255691528
14700.0,3,0.0,-4197253.5,5.725440502166748,401.1368408203125,0.0011436790227890015,129453.78125,0.6576665043830872
14700.0,4,0.0,-4197214.0,6.7168779373168945,448.5415344238281,0.0010696676326915622,129453.78125,0.6576664447784424
14800.0,0,0.0,-4197379.5,4.936295032501221,246.18942260742188,0.0008119499543681741,129453.78125,0.6576664447784424
14800.0,1,0.0,-4197336.5,6.669079780578613,302.7947692871094,0.00032067252323031425,129453.78125,0.6576664447784424
14800.0,2,0.0,-4197292.5,6.167396545410156,351.6141357421875,0.0012017316184937954,129453.78125,0.6576664447784424
14800.0,3,0.0,-4197250.5,6.644352912902832,398.3796691894531,0.0010060928761959076,129453.78125,0.6576664447784424
14800.0,4,0.0,-4197211.5,7.68749475479126,446.1558532714844,0.0011453944025561213,129453.78125,0.6576665043830872
14900.0,0,0.0,-4197381.5,4.605416297912598,249.59596252441406,0.00047251745127141476,129453.78125,0.6576664447784424
14900.0,1,0.0,-4197337.0,4.888875961303711,297.54095458984375,0.0004558938089758158,129453.78125,0.6576664447784424
14900.0,2,0.0,-4197295.5,5.906037330627441,352.67120361328125,0.0007299544522538781,129453.78125,0.6576664447784424
14900.0,3,0.0,-4197250.5,6.440298080444336,398.697509765625,0.0009373630164191127,129453.78125,0.6576664447784424
14900.0,4,0.0,-4197217.0,7.462807655334473,451.4989929199219,0.0009460506262257695,129453.78125,0.6576665043830872
15000.0,0,0.0,-4197382.0,5.189072608947754,250.842041015625,0.00031506404047831893,129453.78125,0.6576664447784424
15000.0,1,0.0,-4197342.5,5.539943695068359,295.5946960449219,0.0005157089908607304,129453.78125,0.6576665639877319
15000.0,2,0.0,-4197296.0,7.161464214324951,350.7001647949219,5.2445800974965096e-05,129453.78125,0.6576665043830872
15000.0,3,0.0,-4197254.0,6.938633918762207,404.0171203613281,6.177672185003757e-05,129453.78125,0.6576664447784424
15000.0,4,0.0,-4197215.0,7.169692516326904,453.7771911621094,0.00046140910126268864,129453.78125,0.6576665043830872
15100.0,0,0.0,-4197379.5,4.598087787628174,251.1274871826172,0.0007543248939327896,129453.78125,0.6576665043830872
15100.0,1,0.0,-4197340.0,5.259354591369629,298.3069152832031,0.0009678833885118365,129453.78125,0.6576665043830872
15100.0,2,0.0,-4197293.5,6.608208179473877,351.847900390625,0.0006993500282987952,129453.78125,0.6576664447784424
15100.0,3,0.0,-4197250.5,6.108617782592773,401.87945556640625,0.0005989279597997665,129453.78125,0.6576665043830872
15100.0,4,0.0,-4197208.5,7.607714653015137,451.4481506347656,0.0005578536074608564,129453.78125,0.6576664447784424
15200.0,0,0.0,-4197380.0,5.428874969482422,252.7321014404297,0.0005012416513636708,129453.78125,0.6576664447784424
15200.0,1,0.0,-4197337.5,6.031095504760742,299.71600341796875,0.0005490680341608822,129453.78125,0.6576665043830872
15200.0,2,0.0,-4197296.5,5.369525909423828,354.0325622558594,0.0007664607837796211,129453.78125,0.6576663851737976
15200.0,3,0.0,-4197253.5,6.326113224029541,407.1510314941406,0.0009324323618784547,129453.78125,0.6576664447784424
15200.0,4,0.0,-4197210.5,6.760744571685791,460.5435791015625,0.0006821033312007785,129453.78125,0.6576664447784424
15300.0,0,0.0,-4197383.5,5.598590850830078,250.6983184814453,0.0005735294544138014,129453.78125,0.6576664447784424
15300.0,1,0.0,-4197337.0,4.978081226348877,300.1800842285156,0.0006049343501217663,129453.78125,0.6576665043830872
15300.0,2,0.0,-4197299.5,6.778564929962158,352.9645080566406,0.0008548925979994237,129453.78125,0.6576664447784424
15300.0,3,0.0,-4197255.0,7.298157691955566,402.34136962890625,0.0006739607779309154,129453.78125,0.6576665043830872
15300.0,4,0.0,-4197213.0,7.3897175788879395,457.0499572753906,0.0008024035487323999,129453.78125,0.6576664447784424
15400.0,0,0.0,-4197384.0,5.643948554992676,249.30589294433594,0.000310379546135664,129453.78125,0.6576664447784424
15400.0,1,0.0,-4197338.5,5.589757442474365,296.4956970214844,0.0007628394523635507,129453.78125,0.6576665043830872
15400.0,2,0.0,-4197297.5,6.894814968109131,348.9433288574219,0.0002188005018979311,129453.78125,0.6576664447784424
15400.0,3,0.0,-4197253.5,6.892543315887451,398.3563232421875,0.00052080606110394,129453.78125,0.6576664447784424
15400.0,4,0.0,-4197210.5,7.006595134735107,446.5833740234375,0.0005187668139114976,129453.78125,0.6576665043830872
15500.0,0,0.0,-4197381.5,4.618747234344482,245.0059356689453,0.0006238808855414391,129453.78125,0.6576664447784424
15500.0,1,0.0,-4197343.5,5.3915510177612305,299.25244140625,0.0005444617127068341,129453.78125,0.6576666235923767
15500.0,2,0.0,-4197298.0,5.277557849884033,345.83624267578125,0.0006099675083532929,129453.78125,0.6576663851737976
15500.0,3,0.0,-4197255.5,6.0807881355285645,397.789794921875,0.0006635875906795263,129453.78125,0.6576663851737976
15500.0,4,0.0,-4197213.5,7.120235919952393,443.17803955078125,0.0008092960342764854,129453.78125,0.6576664447784424
15600.0,0,0.0,-4197384.0,5.075263023376465,248.07398986816406,0.0007253536023199558,129453.78125,0.6576664447784424
15600.0,1,0.0,-4197337.5,5.206193447113037,297.605224609375,0.0009620230412110686,129453.78125,0.6576665043830872
15600.0,2,0.0,-4197299.5,6.748518943786621,345.97509765625,0.0008329865522682667,129453.78125,0.6576665043830872
15600.0,3,0.0,-4197257.5,6.500392436981201,395.6917724609375,0.0009131536353379488,129453.78125,0.6576665043830872
15600.0,4,0.0,-4197218.5,6.846652507781982,440.13433837890625,0.0010158508084714413,129453.78125,0.6576664447784424
15700.0,0,0.0,-4197382.0,5.177803039550781,248.2484893798828,0.0005409211153164506,129453.78125,0.6576665043830872
15700.0,1,0.0,-4197338.5,5.2906494140625,301.79864501953125,0.0009572916897013783,129453.78125,0.6576666235923767
15700.0,2,0.0,-4197297.0,5.494300365447998,346.75933837890625,0.0008009270532056689,129453.78125,0.6576664447784424
15700.0,3,0.0,-4197255.5,6.840108871459961,401.1947937011719,0.0008065876318141818,129453.78125,0.6576665043830872
15700.0,4,0.0,-4197216.0,6.716954231262207,450.9681701660156,0.000992089044302702,129453.78125,0.6576664447784424
15800.0,0,0.0,-4197386.0,5.145187854766846,249.93988037109375,0.0005969158373773098,129453.78125,0.6576664447784424
15800.0,1,0.0,-4197335.0,6.226029396057129,298.1485900878906,0.0003218093188479543,129453.78125,0.6576665639877319
15800.0,2,0.0,-4197300.5,6.051539897918701,347.8896484375,0.0006059615407139063,129453.78125,0.6576664447784424
15800.0,3,0.0,-4197254.5,6.269269943237305,400.23724365234375,0.0006241059163585305,129453.78125,0.6576664447784424
15800.0,4,0.0,-4197212.5,6.50869083404541,443.2615966796875,0.0008306506788358092,129453.78125,0.6576664447784424
15900.0,0,0.0,-4197379.0,5.097418308258057,246.2689666748047,0.0009235363686457276,129453.78125,0.6576664447784424
15900.0,1,0.0,-4197336.5,5.763559341430664,294.4423828125,0.000352407805621624,129453.78125,0.6576664447784424
15900.0,2,0.0,-4197293.0,5.837662696838379,344.2558288574219,0.001353464205749333,129453.78125,0.6576664447784424
15900.0,3,0.0,-4197247.0,6.04676628112793,396.85076904296875,0.0014289814280346036,129453.78125,0.6576664447784424
15900.0,4,0.0,-4197207.0,8.142866134643555,443.7828369140625,0.0016719653503969312,129453.78125,0.6576664447784424
16000.0,0,0.0,-4197380.5,5.124883651733398,249.15341186523438,0.0007217631209641695,129453.78125,0.6576665043830872
16000.0,1,0.0,-4197336.5,5.401312351226807,296.226318359375,0.0005038511590100825,129453.78125,0.6576664447784424
16000.0,2,0.0,-4197296.5,6.274522304534912,345.5460205078125,0.0008877032669261098,129453.78125,0.6576664447784424
16000.0,3,0.0,-4197253.0,6.125212669372559,398.4712829589844,0.000643568579107523,129453.78125,0.6576664447784424
16000.0,4,0.0,-4197218.0,6.998284339904785,448.248291015625,0.0009281614329665899,129453.78125,0.6576665043830872
16100.0,0,0.0,-4197382.0,4.93419885635376,249.2188720703125,0.000669577275402844,129453.78125,0.6576664447784424
16100.0,1,0.0,-4197337.5,5.540095329284668,298.6747131347656,0.0002775820903480053,129453.78125,0.6576664447784424
16100.0,2,0.0,-4197299.5,5.792515754699707,344.9392395019531,0.0007419871399179101,129453.78125,0.6576663851737976
16100.0,3,0.0,-4197258.0,6.09373664855957,398.5556640625,0.0011424536351114511,129453.78125,0.6576664447784424
16100.0,4,0.0,-4197218.0,7.06062126159668,445.85919189453125,0.001096172258257866,129453.78125,0.6576664447784424
16200.0,0,0.0,-4197382.0,4.822566032409668,247.47674560546875,0.00043346628081053495,129453.78125,0.6576665043830872
16200.0,1,0.0,-4197340.0,5.36414098739624,297.9949645996094,0.0005995484534651041,129453.78125,0.6576664447784424
16200.0,2,0.0,-4197302.0,6.050508499145508,347.8452453613281,0.0004138402873650193,129453.78125,0.6576664447784424
16200.0,3,0.0,-4197256.5,6.0905561447143555,397.1502990722656,0.0005530660273507237,129453.78125,0.6576664447784424
16200.0,4,0.0,-4197221.5,6.7991042137146,449.8872375488281,0.0007919559720903635,129453.78125,0.6576665043830872
16300.0,0,0.0,-4197378.0,5.065199375152588,248.76023864746094,0.00018401991110295057,129453.78125,0.6576664447784424
16300.0,1,0.0,-4197341.0,5.438095569610596,299.1903991699219,0.0006570633267983794,129453.78125,0.6576665639877319
16300.0,2,0.0,-4197293.5,7.081298351287842,347.7218933105469,0.00034533627331256866,129453.78125,0.6576663851737976
16300.0,3,0.0,-4197248.5,7.067110538482666,393.8104248046875,0.00015953066758811474,129453.78125,0.6576664447784424
16300.0,4,0.0,-4197207.5,7.294198513031006,442.9311218261719,0.0003846092149615288,129453.78125,0.6576665639877319
16400.0,0,0.0,-4197381.5,4.725858211517334,250.6075897216797,0.0008502347045578063,129453.78125,0.6576665043830872
16400.0,1,0.0,-4197342.0,5.272514820098877,302.4289245605469,0.000803049304522574,129453.78125,0.6576665043830872
16400.0,2,0.0,-4197296.5,6.35872220993042,352.1667175292969,0.0012414483353495598,129453.78125,0.6576664447784424
16400.0,3,0.0,-4197255.0,6.981755256652832,400.84814453125,0.0015748614678159356,129453.78125,0.6576664447784424
16400.0,4,0.0,-4197213.5,6.711812973022461,452.8277893066406,0.0013810691889375448,129453.78125,0.6576665043830872
16500.0,0,0.0,-4197379.0,5.0313873291015625,250.53536987304688,0.0008332349825650454,129453.78125,0.6576663851737976
16500.0,1,0.0,-4197340.5,5.9340314865112305,300.5189208984375,0.0005825584521517158,129453.78125,0.6576664447784424
16500.0,2,0.0,-4197296.0,5.875452995300293,351.2147216796875,0.0010843001073226333,129453.78125,0.6576665043830872
16500.0,3,0.0,-4197252.0,6.351566791534424,402.0570068359375,0.001221213722601533,129453.78125,0.6576664447784424
16500.0,4,0.0,-4197214.0,6.168107509613037,453.08935546875,0.0012994904536753893,129453.78125,0.6576665639877319
16600.0,0,0.0,-4197378.5,5.034160614013672,250.644287109375,0.0003167396644130349,129453.78125,0.6576665043830872
16600.0,1,0.0,-4197337.0,5.313340663909912,302.0258483886719,0.00016759184654802084,129453.78125,0.6576664447784424
16600.0,2,0.0,-4197290.5,5.659492492675781,350.5166320800781,0.00041318219155073166,129453.78125,0.6576664447784424
16600.0,3,0.0,-4197249.5,6.3199639320373535,401.53564453125,0.0003006509505212307,129453.78125,0.6576665043830872
16600.0,4,0.0,-4197208.0,6.8408427238464355,448.60858154296875,0.0004887580871582031,129453.78125,0.6576664447784424
16700.0,0,0.0,-4197381.5,4.738631725311279,251.23626708984375,-0.00012680364307016134,129453.78125,0.6576664447784424
16700.0,1,0.0,-4197341.5,6.540139198303223,299.64434814453125,0.0004809021484106779,129453.78125,0.6576664447784424
16700.0,2,0.0,-4197293.0,5.8960676193237305,351.39190673828125,0.0001247590407729149,129453.78125,0.6576664447784424
16700.0,3,0.0,-4197252.0,6.498001575469971,399.5334167480469,0.00026367371901869774,129453.78125,0.6576663851737976
16700.0,4,0.0,-4197211.0,6.981469631195068,446.7884826660156,0.0002199886366724968,129453.78125,0.6576663851737976
16800.0,0,0.0,-4197378.0,4.775177478790283,248.89822387695312,0.0007819829043000937,129453.78125,0.6576665043830872
16800.0,1,0.0,-4197334.5,6.303591728210449,294.419189453125,0.0005965661257505417,129453.78125,0.6576665043830872
16800.0,2,0.0,-4197289.0,5.875003337860107,349.91558837890625,0.0009522760519757867,129453.78125,0.6576664447784424
16800.0,3,0.0,-4197247.0,6.28448486328125,397.3617858886719,0.001067835371941328,129453.78125,0.6576664447784424
16800.0,4,0.0,-4197207.0,7.173283100128174,445.7731018066406,0.0008963404688984156,129453.78125,0.6576664447784424
16900.0,0,0.0,-4197382.5,5.572559833526611,250.8618621826172,0.0005477583617903292,129453.78125,0.6576664447784424
16900.0,1,0.0,-4197338.0,5.240700721740723,300.2813720703125,0.0009922756580635905,129453.78125,0.6576664447784424
16900.0,2,0.0,-4197295.5,7.297122001647949,354.2646789550781,0.0008212494431063533,129453.78125,0.6576664447784424
16900.0,3,0.0,-4197254.5,8.29378890991211,402.6431884765625,0.001005224185064435,129453.78125,0.6576664447784424
16900.0,4,0.0,-4197211.0,7.599164962768555,452.47235107421875,0.001376696047373116,129453.78125,0.6576665639877319
17000.0,0,0.0,-4197381.0,5.673119068145752,248.60975646972656,0.0005816236371174455,129453.78125,0.6576665043830872
17000.0,1,0.0,-4197339.0,4.918431758880615,301.2646789550781,0.00030154874548316,129453.78125,0.6576664447784424
17000.0,2,0.0,-4197294.5,6.424283504486084,345.438720703125,0.0007575045456178486,129453.78125,0.6576664447784424
17000.0,3,0.0,-4197255.0,6.442312717437744,395.97943115234375,0.0006975284777581692,129453.78125,0.6576664447784424
17000.0,4,0.0,-4197215.0,6.56721830368042,449.6787109375,0.0006086556240916252,129453.78125,0.6576665043830872
17100.0,0,0.0,-4197382.5,4.967872619628906,252.2672119140625,0.0005390105070546269,129453.78125,0.6576664447784424
17100.0,1,0.0,-4197340.0,6.306036472320557,302.6287841796875,0.0002800163347274065,129453.78125,0.6576665639877319
17100.0,2,0.0,-4197298.0,5.6104326248168945,349.2661437988281,0.0006542748305946589,129453.78125,0.6576664447784424
17100.0,3,0.0,-4197253.0,6.8593950271606445,396.9783630371094,0.0005651939427480102,129453.78125,0.6576664447784424
17100.0,4,0.0,-4197214.5,6.94309663772583,447.93310546875,0.000808533513918519,129453.78125,0.6576665043830872
17200.0,0,0.0,-4197383.0,4.8552470207214355,250.01678466796875,0.0003139491891488433,129453.78125,0.6576664447784424
17200.0,1,0.0,-4197342.0,6.119243144989014,301.1636962890625,0.0004582594847306609,129453.78125,0.6576665043830872
17200.0,2,0.0,-4197295.0,5.706280708312988,346.65838623046875,0.0005704609211534262,129453.78125,0.6576664447784424
17200.0,3,0.0,-4197252.5,6.604687690734863,393.6356506347656,0.0007350570522248745,129453.78125,0.6576665043830872
17200.0,4,0.0,-4197210.0,6.434945106506348,443.3295593261719,0.0009297009091824293,129453.78125,0.6576665043830872
17300.0,0,0.0,-4197382.5,4.62985372543335,255.59152221679688,0.0006739487289451063,129453.78125,0.6576665639877319
17300.0,1,0.0,-4197337.0,5.523303508758545,296.0000915527344,0.0005678285961039364,129453.78125,0.6576665043830872
17300.0,2,0.0,-4197294.0,6.333201885223389,355.6978759765625,0.0009230425348505378,129453.78125,0.6576664447784424
17300.0,3,0.0,-4197254.5,6.832509517669678,403.5836486816406,0.0012164993677288294,129453.78125,0.6576664447784424
17300.0,4,0.0,-4197207.5,6.13692045211792,451.37969970703125,0.0005858533550053835,129453.78125,0.6576664447784424
17400.0,0,0.0,-4197378.5,7.03171968460083,249.5902557373047,0.00043737079249694943,129453.78125,0.6576664447784424
17400.0,1,0.0,-4197337.5,5.605320930480957,296.009033203125,7.066456601023674e-05,129453.78125,0.6576664447784424
17400.0,2,0.0,-4197292.0,6.989856243133545,349.88018798828125,0.0008327763061970472,129453.78125,0.6576663851737976
17400.0,3,0.0,-4197248.5,6.506910800933838,398.9866027832031,0.001184278167784214,129453.78125,0.6576664447784424
17400.0,4,0.0,-4197207.5,7.883266448974609,447.6981506347656,0.0006977784214541316,129453.78125,0.6576665043830872
17500.0,0,0.0,-4197382.5,5.012279510498047,253.55992126464844,0.0007045295205898583,129453.78125,0.6576664447784424
17500.0,1,0.0,-4197338.0,5.4331536293029785,297.339111328125,0.0003356989473104477,129453.78125,0.6576665043830872
17500.0,2,0.0,-4197294.0,6.943447113037109,352.00469970703125,0.0008732097921893001,129453.78125,0.6576664447784424
17500.0,3,0.0,-4197252.0,7.028200626373291,402.0212097167969,0.0009575391304679215,129453.78125,0.6576664447784424
17500.0,4,0.0,-4197215.0,7.957803726196289,451.3446960449219,0.0009100586175918579,129453.78125,0.6576664447784424
17600.0,0,0.0,-4197379.5,4.762915134429932,247.24188232421875,0.0003175866440869868,129453.78125,0.6576664447784424
17600.0,1,0.0,-4197339.5,6.323541641235352,299.499755859375,0.0005919351242482662,129453.78125,0.6576663851737976
17600.0,2,0.0,-4197291.5,6.82456111907959,342.91412353515625,0.0003384642768651247,129453.78125,0.6576664447784424
17600.0,3,0.0,-4197251.5,6.572197437286377,393.78125,0.0002153912791982293,129453.78125,0.6576664447784424
17600.0,4,0.0,-4197210.0,7.108758926391602,440.2375793457031,1.1475523933768272e-05,129453.78125,0.6576664447784424
17700.0,0,0.0,-4197379.0,4.71673059463501,247.49636840820312,0.000688695115968585,129453.78125,0.6576664447784424
17700.0,1,0.0,-4197337.5,5.514307498931885,299.7164611816406,0.001043153926730156,129453.78125,0.6576665043830872
17700.0,2,0.0,-4197294.0,6.264269828796387,345.5468444824219,0.0009643826633691788,129453.78125,0.6576664447784424
17700.0,3,0.0,-4197253.0,6.222119331359863,394.6813049316406,0.001121808192692697,129453.78125,0.6576664447784424
17700.0,4,0.0,-4197210.0,7.002801418304443,444.08447265625,0.0013507208786904812,129453.78125,0.6576664447784424
17800.0,0,0.0,-4197378.5,5.801584243774414,245.64280700683594,0.00030746927950531244,129453.78125,0.6576665043830872
17800.0,1,0.0,-4197341.5,6.335834980010986,304.1446533203125,0.0010705629829317331,129453.78125,0.6576664447784424
17800.0,2,0.0,-4197295.0,6.627087593078613,344.6867370605469,0.0006239203503355384,129453.78125,0.6576664447784424
17800.0,3,0.0,-4197252.5,5.924045562744141,397.48321533203125,0.00046974513679742813,129453.78125,0.6576664447784424
17800.0,4,0.0,-4197208.5,7.391094207763672,439.1025695800781,0.001302453805692494,129453.78125,0.6576665639877319
17900.0,0,0.0,-4197382.0,5.100927829742432,251.10995483398438,0.00042622548062354326,129453.78125,0.6576664447784424
17900.0,1,0.0,-4197339.0,5.7185893058776855,294.0624694824219,0.0005327126709744334,129453.78125,0.6576665043830872
17900.0,2,0.0,-4197298.5,6.023716926574707,353.9983825683594,0.0007677614339627326,129453.78125,0.6576664447784424
17900.0,3,0.0,-4197251.5,6.821544647216797,402.27862548828125,0.0007170572644099593,129453.78125,0.6576663851737976
17900.0,4,0.0,-4197210.0,7.024633884429932,452.1775817871094,0.000997095019556582,129453.78125,0.6576664447784424
18000.0,0,0.0,-4197380.5,4.553451061248779,245.8963165283203,0.0004951478913426399,129453.78125,0.6576664447784424
18000.0,1,0.0,-4197338.5,5.315005302429199,294.3031005859375,0.00013835576828569174,129453.78125,0.6576664447784424
18000.0,2,0.0,-4197295.5,6.520227432250977,346.3492126464844,0.0004134208429604769,129453.78125,0.6576664447784424
18000.0,3,0.0,-4197254.0,6.961309432983398,400.1705017089844,0.0006160102784633636,129453.78125,0.6576664447784424
18000.0,4,0.0,-4197211.0,6.966838359832764,446.41107177734375,0.0010241277050226927,129453.78125,0.6576665043830872
18100.0,0,0.0,-4197383.0,5.914581298828125,249.98287963867188,0.0008591861696913838,129453.78125,0.6576664447784424
18100.0,1,0.0,-4197337.0,5.432406902313232,291.7601013183594,0.0007211925694718957,129453.78125,0.6576664447784424
18100.0,2,0.0,-4197296.5,6.211203098297119,346.0353088378906,0.0010429349495097995,129453.78125,0.6576665043830872
18100.0,3,0.0,-4197253.0,5.891330242156982,397.9784240722656,0.0009197745239362121,129453.78125,0.6576664447784424
18100.0,4,0.0,-4197212.5,7.696942329406738,454.4139404296875,0.001237628166563809,129453.78125,0.6576664447784424
18200.0,0,0.0,-4197382.0,4.888763427734375,242.4398956298828,0.00016064452938735485,129453.78125,0.6576664447784424
18200.0,1,0.0,-4197339.0,5.7136549949646,297.1412353515625,0.0011594288516789675,129453.78125,0.6576664447784424
18200.0,2,0.0,-4197298.5,7.890988826751709,343.37139892578125,0.0003193169832229614,129453.78125,0.6576663255691528
18200.0,3,0.0,-4197255.5,7.025768756866455,394.07269287109375,0.00043630495201796293,129453.78125,0.6576664447784424
18200.0,4,0.0,-4197214.5,8.086630821228027,446.4894104003906,0.0004564847331494093,129453.78125,0.6576665043830872
18300.0,0,0.0,-4197383.0,4.82133150100708,249.4583282470703,0.00047358067240566015,129453.78125,0.6576664447784424
18300.0,1,0.0,-4197337.5,5.117487907409668,293.9462585449219,0.00028321321588009596,129453.78125,0.6576664447784424
18300.0,2,0.0,-4197300.5,5.61654806137085,352.2642517089844,0.0006648276466876268,129453.78125,0.6576664447784424
18300.0,3,0.0,-4197258.0,7.099822521209717,399.49822998046875,0.0005155341932550073,129453.78125,0.6576664447784424
18300.0,4,0.0,-4197217.0,7.5327911376953125,450.5373840332031,0.00032989203464239836,129453.78125,0.6576664447784424
18400.0,0,0.0,-4197382.0,5.05416202545166,250.20469665527344,8.347292896360159e-05,129453.78125,0.6576664447784424
18400.0,1,0.0,-4197341.5,5.139793395996094,298.8792419433594,0.0007831189432181418,129453.78125,0.6576665043830872
18400.0,2,0.0,-4197298.5,6.831552505493164,353.35308837890625,0.00011725723743438721,129453.78125,0.6576664447784424
18400.0,3,0.0,-4197253.5,6.236644268035889,401.9949645996094,0.0003924521151930094,129453.78125,0.6576664447784424
18400.0,4,0.0,-4197216.0,6.9211554527282715,452.3202209472656,-2.4405773729085922e-05,129453.78125,0.6576664447784424
18500.0,0,0.0,-4197379.0,4.527658939361572,248.87728881835938,0.00026927905855700374,129453.78125,0.6576665043830872
18500.0,1,0.0,-4197338.5,5.2450127601623535,297.0304260253906,0.0008323023794218898,129453.78125,0.6576664447784424
18500.0,2,0.0,-4197295.0,6.73017692565918,348.2835998535156,0.0004976029740646482,129453.78125,0.6576664447784424
18500.0,3,0.0,-4197251.0,6.125747203826904,400.23504638671875,0.0005356479668989778,129453.78125,0.6576664447784424
18500.0,4,0.0,-4197209.0,6.741732120513916,445.7032165527344,0.0005088120233267546,129453.78125,0.6576664447784424
18600.0,0,0.0,-4197381.5,5.069709300994873,249.96144104003906,0.0007071821019053459,129453.78125,0.6576664447784424
18600.0,1,0.0,-4197341.0,5.018167495727539,301.13372802734375,4.209228791296482e-05,129453.78125,0.6576664447784424
18600.0,2,0.0,-4197296.5,5.865859508514404,347.1317138671875,0.001108270138502121,129453.78125,0.6576664447784424
18600.0,3,0.0,-4197255.0,6.587032794952393,396.7719421386719,0.0009138332679867744,129453.78125,0.6576664447784424
18600.0,4,0.0,-4197211.5,7.070011615753174,446.97747802734375,0.001229930785484612,129453.78125,0.6576664447784424
18700.0,0,0.0,-4197379.0,5.28787899017334,252.26779174804688,0.00040655385237187147,129453.78125,0.6576664447784424
18700.0,1,0.0,-4197339.5,5.403599739074707,299.56494140625,7.695716340094805e-05,129453.78125,0.6576664447784424
18700.0,2,0.0,-4197295.0,6.009654521942139,350.44403076171875,0.0002618184080347419,129453.78125,0.6576664447784424
18700.0,3,0.0,-4197254.5,6.939852237701416,397.1116943359375,0.0006071766838431358,129453.78125,0.6576664447784424
18700.0,4,0.0,-4197212.5,6.685901641845703,447.0776672363281,0.0008613524259999394,129453.78125,0.6576664447784424
18800.0,0,0.0,-4197377.0,5.611252784729004,247.54795837402344,2.4784356355667114e-05,129453.78125,0.6576664447784424
18800.0,1,0.0,-4197342.5,5.49776029586792,300.0327453613281,0.0012942173052579165,129453.78125,0.6576665639877319
18800.0,2,0.0,-4197292.0,6.289342880249023,344.2539978027344,0.00030181161127984524,129453.78125,0.6576663851737976
18800.0,3,0.0,-4197255.0,6.2105817794799805,392.1060791015625,0.0003013601526618004,129453.78125,0.6576665043830872
18800.0,4,0.0,-4197209.0,7.989635944366455,438.8293151855469,0.0006335891084745526,129453.78125,0.6576664447784424
18900.0,0,0.0,-4197383.0,5.385590553283691,250.27896118164062,0.0006329703028313816,129453.78125,0.6576664447784424
18900.0,1,0.0,-4197340.0,5.431756973266602,296.17938232421875,0.00014620134606957436,129453.78125,0.6576665043830872
18900.0,2,0.0,-4197302.0,5.779134273529053,350.5041809082031,0.0010596085339784622,129453.78125,0.6576664447784424
18900.0,3,0.0,-4197264.5,6.405407428741455,397.3362731933594,0.0010714723030105233,129453.78125,0.6576665043830872
18900.0,4,0.0,-4197220.0,6.578366279602051,448.3417663574219,0.0007368577644228935,129453.78125,0.6576664447784424
19000.0,0,0.0,-4197383.5,4.796220302581787,243.05548095703125,0.000791852711699903,129453.78125,0.6576664447784424
19000.0,1,0.0,-4197343.0,5.345249176025391,299.12567138671875,0.0008203882607631385,129453.78125,0.6576665043830872
19000.0,2,0.0,-4197299.0,5.892021179199219,341.3965759277344,0.0006083407206460834,129453.78125,0.6576664447784424
19000.0,3,0.0,-4197260.0,5.869067668914795,387.64117431640625,0.0009879572317004204,129453.78125,0.6576664447784424
19000.0,4,0.0,-4197214.0,6.900794506072998,438.9859924316406,0.0005675421562045813,129453.78125,0.6576664447784424
19100.0,0,0.0,-4197383.5,4.715726375579834,250.57785034179688,0.00021839223336428404,129453.78125,0.6576664447784424
19100.0,1,0.0,-4197338.5,5.606435775756836,293.2157897949219,0.0007133341860026121,129453.78125,0.6576664447784424
19100.0,2,0.0,-4197302.0,5.558262348175049,352.4219665527344,9.688804857432842e-05,129453.78125,0.6576664447784424
19100.0,3,0.0,-4197261.5,6.7057881355285645,399.32354736328125,0.0003405133029446006,129453.78125,0.6576664447784424
19100.0,4,0.0,-4197217.5,6.488293647766113,449.8723449707031,0.000863721827045083,129453.78125,0.6576665043830872
19200.0,0,0.0,-4197379.0,4.517255783081055,247.92529296875,0.0006078643491491675,129453.78125,0.6576665043830872
19200.0,1,0.0,-4197340.5,5.486360549926758,295.7410583496094,0.0003770685289055109,129453.78125,0.6576666235923767
19200.0,2,0.0,-4197295.0,6.15991735458374,348.6354064941406,0.00045253324788063765,129453.78125,0.6576664447784424
19200.0,3,0.0,-4197253.5,6.133852958679199,399.55035400390625,0.0005942962598055601,129453.78125,0.6576664447784424
19200.0,4,0.0,-4197207.0,6.861917018890381,444.7190246582031,0.0007500001229345798,129453.78125,0.6576665043830872
19300.0,0,0.0,-4197382.5,5.9143967628479,248.75424194335938,0.0001469842391088605,129453.78125,0.6576665639877319
19300.0,1,0.0,-4197338.5,5.83322286605835,299.2067565917969,0.0002406842540949583,129453.78125,0.6576663851737976
19300.0,2,0.0,-4197298.0,6.2253193855285645,346.6498107910156,0.000386327737942338,129453.78125,0.6576665043830872
19300.0,3,0.0,-4197257.0,6.453077793121338,397.6578674316406,0.0005620741285383701,129453.78125,0.6576664447784424
19300.0,4,0.0,-4197214.0,6.777579307556152,442.9112243652344,0.0010018551256507635,129453.78125,0.6576665043830872
19400.0,0,0.0,-4197381.5,4.781700611114502,247.85409545898438,0.0006407020846381783,129453.78125,0.6576664447784424
19400.0,1,0.0,-4197339.0,6.295795440673828,300.06134033203125,0.000460923183709383,129453.78125,0.6576664447784424
19400.0,2,0.0,-4197297.0,5.766672134399414,344.581787109375,0.0004393152194097638,129453.78125,0.6576663851737976
19400.0,3,0.0,-4197256.5,6.4422807693481445,398.0480651855469,0.00036032998468726873,129453.78125,0.6576664447784424
19400.0,4,0.0,-4197217.0,7.469549655914307,448.762939453125,0.0007195821963250637,129453.78125,0.6576664447784424
19500.0,0,0.0,-4197379.5,5.2466721534729,246.1295166015625,0.0003164776135236025,129453.78125,0.6576665043830872
19500.0,1,0.0,-4197335.5,5.502779960632324,303.2019958496094,0.0006091382820159197,129453.78125,0.6576664447784424
19500.0,2,0.0,-4197297.5,6.515376567840576,346.4112243652344,0.0003703299444168806,129453.78125,0.6576663851737976
19500.0,3,0.0,-4197254.5,6.726864814758301,394.2207946777344,0.000245314440689981,129453.78125,0.6576664447784424
19500.0,4,0.0,-4197215.0,6.735752582550049,445.56378173828125,0.0005477957893162966,129453.78125,0.6576664447784424
19600.0,0,0.0,-4197379.0,4.836038112640381,248.9322967529297,0.0005314762820489705,129453.78125,0.6576664447784424
19600.0,1,0.0,-4197341.0,6.262903213500977,303.2649230957031,0.0006435476243495941,129453.78125,0.6576665043830872
19600.0,2,0.0,-4197294.5,6.026275157928467,346.433837890625,0.0009310533641837537,129453.78125,0.6576664447784424
19600.0,3,0.0,-4197254.0,5.972431659698486,396.08624267578125,0.0008416278287768364,129453.78125,0.6576664447784424
19600.0,4,0.0,-4197212.0,6.780484199523926,443.42596435546875,0.0008469915483146906,129453.78125,0.6576664447784424
19700.0,0,0.0,-4197380.5,4.888707160949707,248.6013946533203,0.0001916243927553296,129453.78125,0.6576664447784424
19700.0,1,0.0,-4197338.5,5.593376636505127,301.406005859375,0.0008370749419555068,129453.78125,0.6576665043830872
19700.0,2,0.0,-4197297.0,6.163973808288574,348.14825439453125,0.00044357264414429665,129453.78125,0.6576664447784424
19700.0,3,0.0,-4197253.0,6.013327598571777,397.2099609375,0.0008459584787487984,129453.78125,0.6576665043830872
19700.0,4,0.0,-4197209.0,6.612083435058594,446.2337341308594,0.0008182445308193564,129453.78125,0.6576665043830872
19800.0,0,0.0,-4197382.5,4.8741135597229,247.23057556152344,0.0001213467912748456,129453.78125,0.6576664447784424
19800.0,1,0.0,-4197335.0,6.20380163192749,298.60986328125,0.0006498870206996799,129453.78125,0.6576665639877319
19800.0,2,0.0,-4197298.0,5.314691066741943,351.11279296875,0.0007215545629151165,129453.78125,0.6576664447784424
19800.0,3,0.0,-4197256.5,5.777049541473389,403.28521728515625,0.0007498022168874741,129453.78125,0.6576665043830872
19800.0,4,0.0,-4197213.0,6.968446254730225,452.5152587890625,0.0008558687986806035,129453.78125,0.6576664447784424
19900.0,0,0.0,-4197384.0,5.714993476867676,248.3195343017578,0.0006320756510831416,129453.78125,0.6576664447784424
19900.0,1,0.0,-4197342.5,5.824820518493652,300.1833801269531,0.0006342033739201725,129453.78125,0.6576665639877319
19900.0,2,0.0,-4197297.5,5.853456974029541,351.680908203125,0.0007257747347466648,129453.78125,0.6576664447784424
19900.0,3,0.0,-4197256.0,5.82041597366333,405.0185546875,0.0006813174113631248,129453.78125,0.6576664447784424
19900.0,4,0.0,-4197209.5,6.498619556427002,452.8486328125,0.0006806841120123863,129453.78125,0.6576664447784424
