step,graph_idx,status,energy,fmax,temperature,pressure_eV_A3,volume_A3,density_g_cm3
0.0,0,0.0,-4197383.5,5.8765411376953125,248.92433166503906,0.0007958310889080167,129453.78125,0.6576665043830872
0.0,1,0.0,-4197339.5,5.281745433807373,294.4923400878906,0.0007012231508269906,129453.78125,0.6576665639877319
0.0,2,0.0,-4197299.5,5.52526330947876,349.6787414550781,0.0008390882285311818,129453.78125,0.6576663851737976
0.0,3,0.0,-4197253.0,6.5323076248168945,400.01812744140625,0.0007429852848872542,129453.78125,0.6576664447784424
0.0,4,0.0,-4197211.5,6.807645797729492,451.12432861328125,0.0010176856303587556,129453.78125,0.6576665043830872
100.0,0,0.0,-4197383.5,4.853801250457764,249.8707275390625,0.000818680739030242,129453.78125,0.6576664447784424
100.0,1,0.0,-4197337.0,6.134147644042969,294.68829345703125,0.00014387338887900114,129453.78125,0.6576664447784424
100.0,2,0.0,-4197298.0,5.350764274597168,349.9950256347656,0.0008972224313765764,129453.78125,0.6576664447784424
100.0,3,0.0,-4197256.5,6.233607769012451,404.19512939453125,0.0010244733421131968,129453.78125,0.6576664447784424
100.0,4,0.0,-4197214.0,6.9574666023254395,454.3188171386719,0.0009989168029278517,129453.78125,0.6576665043830872
200.0,0,0.0,-4197380.0,5.165406227111816,250.99839782714844,0.00026169937336817384,129454.1171875,0.6576647162437439
200.0,1,0.0,-4197337.0,6.091850757598877,301.121337890625,0.00010678754188120365,129453.78125,0.6576664447784424
200.0,2,0.0,-4197293.5,6.654605388641357,350.5626525878906,0.00034811627119779587,129453.9296875,0.6576656699180603
200.0,3,0.0,-4197252.5,6.242405891418457,400.80426025390625,0.0002105258172377944,129453.8125,0.6576663255691528
200.0,4,0.0,-4197210.0,8.235907554626465,449.8498229980469,0.00023692508693784475,129453.78125,0.6576664447784424
300.0,0,0.0,-4197373.0,5.427687644958496,247.96719360351562,0.0005078575923107564,129456.453125,0.6576529145240784
300.0,1,0.0,-4197337.5,6.459500312805176,305.9949645996094,0.0006436972762458026,129455.3203125,0.6576587557792664
300.0,2,0.0,-4197283.5,7.427573204040527,346.1683654785156,0.0004257260588929057,129456.2421875,0.6576539278030396
300.0,3,0.0,-4197247.0,6.114988803863525,395.79541015625,0.0006529006641358137,129455.921875,0.6576555371284485
300.0,4,0.0,-4197205.5,6.928468704223633,444.8937683105469,0.000984021695330739,129455.9453125,0.6576554179191589
400.0,0,0.0,-4197378.0,5.647617340087891,254.75148010253906,0.00038382457569241524,129462.3125,0.6576231122016907
400.0,1,0.0,-4197337.5,7.2590484619140625,306.4542541503906,0.0008760957280173898,129459.5,0.657637357711792
400.0,2,0.0,-4197290.0,6.710049629211426,357.0611877441406,0.0009301140671595931,129461.4453125,0.657627522945404
400.0,3,0.0,-4197247.5,6.04581356048584,397.99810791015625,0.0010637444211170077,129460.5390625,0.6576321125030518
400.0,4,0.0,-4197207.0,8.142285346984863,445.30206298828125,0.0011645073536783457,129460.8046875,0.6576308012008667
500.0,0,0.0,-4197378.5,5.337199687957764,253.13609313964844,0.0007693195948377252,129476.25,0.6575523614883423
500.0,1,0.0,-4197334.5,6.57177734375,301.0154724121094,0.00042755540926009417,129469.2890625,0.6575875878334045
500.0,2,0.0,-4197286.5,6.674014091491699,350.6808166503906,0.0006879211869090796,129473.8125,0.657564640045166
500.0,3,0.0,-4197250.0,6.038273334503174,401.2357177734375,0.0011146338656544685,129471.671875,0.6575755476951599
500.0,4,0.0,-4197212.5,6.914758682250977,449.6996765136719,0.0009457770502194762,129472.5,0.6575714349746704
600.0,0,0.0,-4197380.0,5.150204181671143,250.73638916015625,4.110601730644703e-05,129509.984375,0.657380998134613
600.0,1,0.0,-4197333.5,5.428347110748291,297.0802917480469,0.0005999149871058762,129493.546875,0.6574644446372986
600.0,2,0.0,-4197293.5,5.767230987548828,347.7138671875,0.0003591192653402686,129504.140625,0.6574106216430664
600.0,3,0.0,-4197249.5,7.028199672698975,400.5880126953125,0.0005430858582258224,129499.21875,0.6574356555938721
600.0,4,0.0,-4197209.5,6.5038275718688965,446.56268310546875,0.0006173584843054414,129501.2109375,0.6574257016181946
700.0,0,0.0,-4197380.0,5.098886013031006,248.52862548828125,0.000414712936617434,129584.7109375,0.6570019721984863
700.0,1,0.0,-4197336.5,5.3015923500061035,298.562744140625,0.0005747333634644747,129550.9140625,0.6571733355522156
700.0,2,0.0,-4197299.0,6.725935935974121,346.0648193359375,0.0010838902089744806,129572.4921875,0.657063901424408
700.0,3,0.0,-4197250.5,6.648593902587891,398.2065734863281,0.0003560030600056052,129563.0,0.6571120619773865
700.0,4,0.0,-4197209.0,7.230052471160889,446.9579772949219,0.0008832109160721302,129567.2578125,0.6570905447006226
800.0,0,0.0,-4197380.0,5.419236183166504,248.3428192138672,0.0009497158462181687,129693.7578125,0.656449556350708
800.0,1,0.0,-4197337.0,5.263035297393799,297.79547119140625,0.00035816070158034563,129655.234375,0.6566445827484131
800.0,2,0.0,-4197297.0,5.822706699371338,346.4709167480469,0.0005230995593592525,129679.578125,0.6565213203430176
800.0,3,0.0,-4197254.0,5.893070220947266,400.3058776855469,0.0007417629240080714,129669.203125,0.6565738320350647
800.0,4,0.0,-4197208.0,9.112180709838867,450.7982177734375,0.0011436250060796738,129674.3359375,0.656548023223877
900.0,0,0.0,-4197380.5,5.071315765380859,250.3140106201172,0.0006126356311142445,129774.1875,0.6560426354408264
900.0,1,0.0,-4197337.5,5.412327766418457,298.3280029296875,8.327665273100138e-05,129751.84375,0.6561557054519653
900.0,2,0.0,-4197297.0,6.050123691558838,350.86260986328125,0.0006328658200800419,129763.6953125,0.6560957431793213
900.0,3,0.0,-4197254.5,6.605269432067871,398.96600341796875,0.000708509236574173,129757.515625,0.6561269760131836
900.0,4,0.0,-4197208.0,6.751029014587402,453.3428955078125,0.0006264224648475647,129760.5859375,0.6561115980148315
1000.0,0,0.0,-4197379.5,4.872940540313721,250.59634399414062,0.0004541694070212543,129826.6796875,0.6557774543762207
1000.0,1,0.0,-4197340.5,6.581242561340332,301.4174499511719,0.00033037527464330196,129811.390625,0.6558546423912048
1000.0,2,0.0,-4197295.0,6.038806438446045,351.9111633300781,0.0004241454880684614,129817.28125,0.6558248400688171
1000.0,3,0.0,-4197250.5,6.789970874786377,391.7033996582031,0.0009078547591343522,129812.78125,0.6558476686477661
1000.0,4,0.0,-4197208.5,6.779233932495117,449.8481750488281,0.0007191656623035669,129814.734375,0.655837893486023
1100.0,0,0.0,-4197380.5,5.005860805511475,253.86907958984375,0.00031416298588737845,129877.3828125,0.6555213928222656
1100.0,1,0.0,-4197340.5,5.979290008544922,302.818359375,0.0006239942740648985,129860.2109375,0.6556081175804138
1100.0,2,0.0,-4197295.5,5.820672035217285,355.6812438964844,-5.133042577654123e-05,129866.3203125,0.6555772423744202
1100.0,3,0.0,-4197257.5,6.161989688873291,400.3460998535156,2.8416397981345654e-05,129861.7890625,0.6556001305580139
1100.0,4,0.0,-4197212.0,8.016792297363281,445.25372314453125,0.0003959345631301403,129863.140625,0.6555933952331543
1200.0,0,0.0,-4197379.0,5.0586256980896,252.31222534179688,0.0001758465077728033,129949.84375,0.6551558375358582
1200.0,1,0.0,-4197332.5,5.4120306968688965,298.14093017578125,0.0007419204339385033,129922.359375,0.6552945375442505
1200.0,2,0.0,-4197293.0,6.656242370605469,352.8501892089844,-4.787009675055742e-05,129934.234375,0.6552346348762512
1200.0,3,0.0,-4197247.0,7.121275901794434,393.4519348144531,0.0005029492313042283,129927.3203125,0.6552694439888
1200.0,4,0.0,-4197212.0,7.460528373718262,441.0574035644531,0.0009491078089922667,129929.46875,0.6552587747573853
1300.0,0,0.0,-4197380.0,4.88309907913208,251.28248596191406,0.0001449541887268424,130049.71875,0.6546527743339539
1300.0,1,0.0,-4197331.0,6.018698215484619,301.9410400390625,0.0007566839340142906,130016.4609375,0.6548202037811279
1300.0,2,0.0,-4197296.5,7.675224304199219,354.337890625,0.0012003546580672264,130031.53125,0.6547442674636841
1300.0,3,0.0,-4197250.0,7.156989097595215,407.638427734375,0.0011061038821935654,130023.5234375,0.6547846794128418
1300.0,4,0.0,-4197217.0,6.332432270050049,447.78375244140625,0.001217587385326624,130026.6015625,0.6547691226005554
1400.0,0,0.0,-4197381.0,5.854874610900879,247.45504760742188,0.0006064064800739288,130135.1953125,0.6542227864265442
1400.0,1,0.0,-4197333.5,5.741707801818848,306.5785827636719,9.11845127120614e-05,130113.515625,0.6543317437171936
1400.0,2,0.0,-4197295.0,5.932031154632568,343.1315612792969,0.0010579221416264772,130119.5234375,0.6543015241622925
1400.0,3,0.0,-4197242.5,7.043379783630371,407.19708251953125,0.0004885549424216151,130114.734375,0.6543256640434265
1400.0,4,0.0,-4197203.0,8.811217308044434,438.5258483886719,-0.00025568297132849693,130116.765625,0.6543154120445251
1500.0,0,0.0,-4197383.5,4.978729724884033,246.39537048339844,0.0005178364808671176,130194.234375,0.6539261937141418
1500.0,1,0.0,-4197329.0,5.523699760437012,297.6515197753906,4.197238013148308e-05,130180.3515625,0.653995931148529
1500.0,2,0.0,-4197300.0,6.14185094833374,343.20159912109375,0.0004396826261654496,130180.0,0.653997540473938
1500.0,3,0.0,-4197248.0,8.13597297668457,412.0096435546875,0.0006828152108937502,130176.90625,0.6540130972862244
1500.0,4,0.0,-4197210.0,6.79226016998291,457.116455078125,0.0006397801917046309,130178.546875,0.6540049314498901
1600.0,0,0.0,-4197383.0,4.643413066864014,245.91893005371094,0.0004885586677119136,130248.1875,0.6536552309989929
1600.0,1,0.0,-4197335.5,6.215668678283691,297.41357421875,0.0007311917142942548,130233.9765625,0.6537265181541443
1600.0,2,0.0,-4197299.5,6.666310787200928,345.504150390625,0.0007999457884579897,130232.859375,0.6537321209907532
1600.0,3,0.0,-4197251.0,8.210976600646973,404.81707763671875,0.0011906246654689312,130228.703125,0.6537530422210693
1600.0,4,0.0,-4197202.5,6.9233808517456055,461.816162109375,0.000663889804854989,130231.34375,0.6537399291992188
1700.0,0,0.0,-4197379.5,5.308042049407959,247.274658203125,0.0003580115153454244,130319.25,0.6532988548278809
1700.0,1,0.0,-4197339.5,5.509082794189453,296.926513671875,0.0005951423663645983,130295.8984375,0.653415858745575
1700.0,2,0.0,-4197294.5,6.328929901123047,348.71343994140625,0.0006627511465921998,130300.109375,0.6533947587013245
1700.0,3,0.0,-4197252.0,7.207986354827881,402.6014099121094,0.0008665157947689295,130292.9609375,0.6534305810928345
1700.0,4,0.0,-4197200.0,6.8736186027526855,459.3461608886719,0.0011706536170095205,130296.859375,0.6534111499786377
1800.0,0,0.0,-4197380.0,5.864540100097656,254.48463439941406,0.00039958569686859846,130416.671875,0.65281081199646
1800.0,1,0.0,-4197342.0,5.70360803604126,299.2174987792969,0.00030566484201699495,130385.6875,0.6529659032821655
1800.0,2,0.0,-4197293.5,6.735905647277832,351.9903869628906,0.0004882910288870335,130394.421875,0.6529221534729004
1800.0,3,0.0,-4197252.5,8.059956550598145,400.6856689453125,0.0002648888621479273,130385.1328125,0.6529686450958252
1800.0,4,0.0,-4197206.0,7.507411956787109,456.8977966308594,0.0011856771307066083,130389.1328125,0.6529486775398254
1900.0,0,0.0,-4197379.0,5.127988338470459,255.14280700683594,2.1815765649080276e-05,130504.46875,0.6523715853691101
1900.0,1,0.0,-4197336.0,6.146721839904785,294.72021484375,0.00041184527799487114,130483.4921875,0.65247642993927
1900.0,2,0.0,-4197296.5,6.61955451965332,357.6838684082031,-0.00016133731696754694,130484.1875,0.652472972869873
1900.0,3,0.0,-4197248.0,7.9039812088012695,394.65301513671875,0.0006136544980108738,130478.1328125,0.6525033116340637
1900.0,4,0.0,-4197207.5,6.5391764640808105,451.86456298828125,0.0007501563522964716,130480.90625,0.6524893641471863
2000.0,0,0.0,-4197378.5,4.940692901611328,252.17807006835938,-8.437782526016235e-06,130565.8359375,0.652065098285675
2000.0,1,0.0,-4197339.5,5.5763020515441895,302.3609619140625,0.0007927360711619258,130554.53125,0.652121365070343
2000.0,2,0.0,-4197294.0,6.73391580581665,353.8280334472656,0.0005588833009824157,130547.34375,0.6521573066711426
2000.0,3,0.0,-4197247.5,6.416637897491455,395.35498046875,0.00028009386733174324,130544.28125,0.6521726846694946
2000.0,4,0.0,-4197206.5,7.602924823760986,447.9908447265625,0.0003048370126634836,130546.5,0.6521615386009216
2100.0,0,0.0,-4197380.5,4.893250942230225,252.28309631347656,0.0006359074614010751,130619.9609375,0.6517947316169739
2100.0,1,0.0,-4197334.5,6.0188679695129395,300.4954833984375,0.0008442219696007669,130610.1875,0.6518435478210449
2100.0,2,0.0,-4197291.0,6.721061706542969,349.1512756347656,0.0011190539225935936,130600.875,0.6518900394439697
2100.0,3,0.0,-4197249.0,6.2900710105896,400.95281982421875,0.0005788273410871625,130598.8359375,0.6519001722335815
2100.0,4,0.0,-4197209.5,7.081696510314941,449.85626220703125,0.0007504981476813555,130600.5078125,0.6518918871879578
2200.0,0,0.0,-4197379.0,5.62648344039917,248.7424774169922,0.0005454810452647507,130689.4296875,0.6514483094215393
2200.0,1,0.0,-4197330.0,5.079780578613281,297.8658142089844,2.517946995794773e-05,130671.9453125,0.6515354514122009
2200.0,2,0.0,-4197293.0,6.360363483428955,347.4319152832031,0.0007884517544880509,130666.5859375,0.6515621542930603
2200.0,3,0.0,-4197252.0,6.49838924407959,405.5967102050781,0.001114517217501998,130662.59375,0.6515821218490601
2200.0,4,0.0,-4197210.0,7.265105247497559,452.69879150390625,0.000908182468265295,130664.609375,0.6515721082687378
2300.0,0,0.0,-4197378.0,6.28127384185791,247.10061645507812,0.0005154295940883458,130786.34375,0.6509655714035034
2300.0,1,0.0,-4197336.0,5.559253215789795,304.2699890136719,0.00015816709492355585,130759.9375,0.6510971188545227
2300.0,2,0.0,-4197296.5,6.2338128089904785,350.1053161621094,0.0003332812339067459,130760.5625,0.6510939002037048
2300.0,3,0.0,-4197243.5,7.076610565185547,397.49737548828125,0.0005445423303171992,130753.6875,0.6511281728744507
2300.0,4,0.0,-4197203.0,7.708874702453613,449.052490234375,0.001009255414828658,130757.6015625,0.6511086821556091
2400.0,0,0.0,-4197381.0,4.731508731842041,250.14462280273438,0.00019666145090013742,130877.0078125,0.6505146026611328
2400.0,1,0.0,-4197339.5,5.94267463684082,300.8093566894531,0.00039940024726092815,130859.7421875,0.6506004333496094
2400.0,2,0.0,-4197295.0,6.137618541717529,352.1495361328125,0.0007393896812573075,130853.875,0.6506295204162598
2400.0,3,0.0,-4197249.0,7.706828594207764,403.24371337890625,0.00019475969020277262,130849.390625,0.6506519317626953
2400.0,4,0.0,-4197201.5,7.566596031188965,445.97332763671875,0.001011878252029419,130853.9375,0.6506294012069702
2500.0,0,0.0,-4197380.5,4.669013023376465,250.35934448242188,0.000543776317499578,130938.1328125,0.6502109169960022
2500.0,1,0.0,-4197342.5,6.248971462249756,293.75830078125,0.0007481610518880188,130930.890625,0.6502469182014465
2500.0,2,0.0,-4197295.5,7.2841477394104,352.58489990234375,0.0008066331502050161,130916.5703125,0.6503179669380188
2500.0,3,0.0,-4197255.0,6.606932640075684,401.12286376953125,0.0005605433834716678,130914.2109375,0.6503297686576843
2500.0,4,0.0,-4197205.5,6.3792195320129395,448.7543640136719,0.0009435364045202732,130916.6484375,0.6503177285194397
2600.0,0,0.0,-4197376.5,5.174517631530762,248.0877685546875,0.00026329694082960486,130989.234375,0.6499573588371277
2600.0,1,0.0,-4197342.0,7.029783725738525,292.3599548339844,0.00046942534390836954,130981.0546875,0.649997889995575
2600.0,2,0.0,-4197295.0,5.836623191833496,352.73052978515625,0.0006389014888554811,130965.9921875,0.6500725746154785
2600.0,3,0.0,-4197255.5,5.861765384674072,395.25146484375,0.0007997191278263927,130960.8515625,0.6500982046127319
2600.0,4,0.0,-4197210.5,7.813538551330566,447.85125732421875,0.0007394345011562109,130962.5625,0.650089681148529
2700.0,0,0.0,-4197377.0,5.324000358581543,252.00743103027344,0.0004761001328006387,131052.9765625,0.6496411561965942
2700.0,1,0.0,-4197342.0,5.1699910163879395,297.5092468261719,0.0004927088157273829,131034.6328125,0.6497321128845215
2700.0,2,0.0,-4197289.5,7.125147819519043,344.7423400878906,0.00027819559909403324,131024.9765625,0.6497799754142761
2700.0,3,0.0,-4197255.5,6.175238132476807,394.2179260253906,0.00022081786300987005,131015.2890625,0.6498280167579651
2700.0,4,0.0,-4197209.5,6.621855735778809,443.6821594238281,0.0008396374760195613,131015.6328125,0.6498263478279114
2800.0,0,0.0,-4197376.0,4.776970386505127,254.03538513183594,0.0007150230230763555,131142.28125,0.6491987705230713
2800.0,1,0.0,-4197338.5,5.6570916175842285,300.60333251953125,0.0005664943601004779,131140.4375,0.6492080092430115
2800.0,2,0.0,-4197292.5,6.5593485832214355,347.52288818359375,-0.00017218885477632284,131110.125,0.6493580341339111
2800.0,3,0.0,-4197254.5,8.843811988830566,398.430419921875,0.00012189359404146671,131128.21875,0.649268388748169
2800.0,4,0.0,-4197213.5,7.032219886779785,444.0355224609375,-0.00016768043860793114,131094.1875,0.6494370102882385
2900.0,0,0.0,-4197375.5,6.809576988220215,252.9195556640625,-0.0002675505820661783,131233.078125,0.6487496495246887
2900.0,1,0.0,-4197331.5,5.929512977600098,297.0815734863281,-0.0002061453415080905,131266.84375,0.6485826373100281
2900.0,2,0.0,-4197296.0,6.408588409423828,349.7185974121094,0.0006407249020412564,131200.78125,0.6489091515541077
2900.0,3,0.0,-4197251.0,7.472677230834961,402.7440490722656,0.0009008214110508561,131245.265625,0.648689329624176
2900.0,4,0.0,-4197211.5,6.697704315185547,444.2043151855469,0.0004074097378179431,131181.6875,0.649003803730011
3000.0,0,0.0,-4197380.0,4.967339038848877,251.80661010742188,0.0007138933287933469,131311.078125,0.648364245891571
3000.0,1,0.0,-4197336.5,6.193699836730957,304.1543273925781,0.0007676839595660567,131342.765625,0.6482077836990356
3000.0,2,0.0,-4197297.0,7.741671562194824,346.9510498046875,0.0005378912901505828,131279.296875,0.6485210657119751
3000.0,3,0.0,-4197251.0,6.41823673248291,406.0317077636719,0.0008330874843522906,131319.71875,0.6483216285705566
3000.0,4,0.0,-4197211.5,7.881880283355713,453.78021240234375,0.0009389474289491773,131259.96875,0.6486167311668396
3100.0,0,0.0,-4197385.0,4.900794506072998,251.16871643066406,0.0005478666862472892,131379.984375,0.648024320602417
3100.0,1,0.0,-4197337.0,5.25704288482666,303.2641906738281,0.00030631350819021463,131409.375,0.6478793025016785
3100.0,2,0.0,-4197295.5,6.427412033081055,344.7773742675781,0.001228482462465763,131348.09375,0.6481814980506897
3100.0,3,0.0,-4197250.0,7.6383795738220215,406.5665283203125,0.0013116253539919853,131384.984375,0.6479995250701904
3100.0,4,0.0,-4197203.5,7.486968517303467,454.64044189453125,0.0005851214518770576,131328.953125,0.6482760310173035
3200.0,0,0.0,-4197384.5,4.6880598068237305,248.9571075439453,1.9970349967479706e-05,131449.5,0.6476815342903137
3200.0,1,0.0,-4197337.5,5.435281276702881,300.4923400878906,-9.703217074275017e-06,131481.359375,0.6475247144699097
3200.0,2,0.0,-4197293.0,6.006650924682617,351.7783508300781,0.000853405799716711,131416.515625,0.6478440165519714
3200.0,3,0.0,-4197247.5,7.059048175811768,402.9775390625,2.1500163711607456e-05,131455.671875,0.6476510167121887
3200.0,4,0.0,-4197203.0,8.126683235168457,459.75115966796875,0.0005472092889249325,131397.0625,0.6479400992393494
3300.0,0,0.0,-4197381.5,5.20680570602417,247.3509063720703,8.922605775296688e-05,131529.578125,0.647287130355835
3300.0,1,0.0,-4197337.0,5.479445934295654,295.9348449707031,0.0004513310850597918,131566.90625,0.6471036672592163
3300.0,2,0.0,-4197286.0,7.2911763191223145,351.6532897949219,5.478411912918091e-05,131494.171875,0.6474614143371582
3300.0,3,0.0,-4197247.5,7.842426776885986,399.8091125488281,-1.1539203114807606e-05,131539.15625,0.6472400426864624
3300.0,4,0.0,-4197202.5,6.559304237365723,454.18365478515625,0.000534224440343678,131474.171875,0.6475599408149719
3400.0,0,0.0,-4197383.0,4.648385524749756,251.86195373535156,0.0004677776014432311,131617.0625,0.6468569040298462
3400.0,1,0.0,-4197336.5,6.1648736000061035,293.004150390625,0.0008912510820664465,131655.046875,0.646670401096344
3400.0,2,0.0,-4197288.5,6.720589637756348,358.8303527832031,0.00038482900708913803,131580.390625,0.6470370888710022
3400.0,3,0.0,-4197250.5,6.903776168823242,400.7127990722656,4.6940753236413e-05,131625.609375,0.6468149423599243
3400.0,4,0.0,-4197211.5,7.387371063232422,451.5357666015625,0.0016285148449242115,131560.125,0.647136926651001
3500.0,0,0.0,-4197378.5,4.990466117858887,250.73370361328125,0.000612954143434763,131695.625,0.6464710235595703
3500.0,1,0.0,-4197335.5,5.468907833099365,293.53271484375,0.0009696712950244546,131728.578125,0.6463094353675842
3500.0,2,0.0,-4197289.5,7.463350772857666,356.84210205078125,0.000637521967291832,131659.21875,0.6466497778892517
3500.0,3,0.0,-4197248.0,6.162511348724365,397.3804016113281,0.00039881537668406963,131698.40625,0.6464574933052063
3500.0,4,0.0,-4197208.0,7.541572093963623,441.7375183105469,0.0002601713640615344,131640.5,0.6467418074607849
3600.0,0,0.0,-4197378.0,5.589674949645996,251.37815856933594,0.00015219743363559246,131759.609375,0.6461570858955383
3600.0,1,0.0,-4197333.5,5.315644264221191,299.9559631347656,-2.7288799174129963e-05,131790.984375,0.6460033655166626
3600.0,2,0.0,-4197289.0,6.812315940856934,348.95965576171875,0.000336851691827178,131723.4375,0.6463345289230347
3600.0,3,0.0,-4197253.0,6.97234582901001,401.26361083984375,0.0006171013228595257,131760.078125,0.6461548209190369
3600.0,4,0.0,-4197211.0,7.405726432800293,445.22027587890625,0.000497924629598856,131705.921875,0.6464204788208008
3700.0,0,0.0,-4197379.5,5.509345054626465,252.44805908203125,0.000692577101290226,131821.328125,0.6458545923233032
3700.0,1,0.0,-4197335.0,5.7206645011901855,308.6364440917969,7.480999920517206e-05,131858.234375,0.6456738710403442
3700.0,2,0.0,-4197291.0,5.839180946350098,344.99346923828125,-5.530670750886202e-05,131783.625,0.6460394263267517
3700.0,3,0.0,-4197257.0,7.165212154388428,405.34161376953125,0.0002459131646901369,131825.703125,0.6458331346511841
3700.0,4,0.0,-4197208.5,8.431294441223145,449.901611328125,6.939005106687546e-05,131765.140625,0.6461300253868103
3800.0,0,0.0,-4197379.0,4.854023456573486,249.75308227539062,0.00013006513472646475,131900.3125,0.6454678773880005
3800.0,1,0.0,-4197336.5,6.583125591278076,310.14569091796875,0.0003031763480976224,131947.40625,0.6452376246452332
3800.0,2,0.0,-4197293.5,5.994908332824707,347.75128173828125,0.000940690515562892,131860.15625,0.6456643342971802
3800.0,3,0.0,-4197254.5,6.996581077575684,401.2640380859375,0.0014959615655243397,131912.78125,0.6454067826271057
3800.0,4,0.0,-4197205.0,7.563022613525391,452.2840576171875,0.0008157241391018033,131837.875,0.6457735896110535
3900.0,0,0.0,-4197378.5,5.5025634765625,244.78262329101562,0.00028538453625515103,132003.84375,0.6449615955352783
3900.0,1,0.0,-4197334.0,6.5051188468933105,302.1376037597656,0.00023436511401087046,132046.984375,0.6447508335113525
3900.0,2,0.0,-4197296.0,7.240496635437012,352.1296081542969,0.0006166856037452817,131962.921875,0.6451615691184998
3900.0,3,0.0,-4197249.0,7.525508880615234,402.1549377441406,0.0005588434869423509,132011.390625,0.6449247002601624
3900.0,4,0.0,-4197197.5,7.54792594909668,447.4549560546875,0.001286703976802528,131939.828125,0.6452745795249939
4000.0,0,0.0,-4197385.0,4.401245594024658,244.41050720214844,0.0004983980325050652,132087.234375,0.6445543766021729
4000.0,1,0.0,-4197335.5,6.633874893188477,298.8359680175781,0.0005186303751543164,132117.578125,0.6444063186645508
4000.0,2,0.0,-4197287.5,6.934244632720947,348.0437316894531,0.001061570132151246,132047.828125,0.6447466611862183
4000.0,3,0.0,-4197249.5,6.5549163818359375,405.0212097167969,0.0007878865581005812,132082.0,0.6445800065994263
4000.0,4,0.0,-4197206.5,6.788418292999268,455.4393615722656,0.0008808368584141135,132030.609375,0.6448308825492859
4100.0,0,0.0,-4197385.5,5.03969144821167,241.26605224609375,0.0003147748066112399,132139.078125,0.6443015336990356
4100.0,1,0.0,-4197333.5,5.199830055236816,294.3680725097656,0.0006275742198340595,132165.8125,0.6441713571548462
4100.0,2,0.0,-4197292.5,7.066990852355957,353.2005615234375,0.000507757649756968,132100.4375,0.6444899439811707
4100.0,3,0.0,-4197249.0,7.610793113708496,403.11138916015625,-0.0004555961349979043,132130.0,0.644345760345459
4100.0,4,0.0,-4197207.0,7.282872200012207,452.21661376953125,0.0005216579884290695,132086.140625,0.644559919834137
4200.0,0,0.0,-4197384.5,4.85894775390625,244.68032836914062,6.603985093533993e-05,132186.71875,0.6440693140029907
4200.0,1,0.0,-4197336.5,6.633332252502441,297.4997253417969,0.000655276351608336,132216.765625,0.6439229846000671
4200.0,2,0.0,-4197289.5,6.91379451751709,348.23333740234375,0.00011296640150249004,132147.421875,0.6442607045173645
4200.0,3,0.0,-4197245.0,8.04205322265625,394.8917236328125,-7.352360989898443e-05,132180.03125,0.6441019177436829
4200.0,4,0.0,-4197205.5,7.210271835327148,440.0317077636719,0.00021443900186568499,132133.515625,0.6443285942077637
4300.0,0,0.0,-4197380.0,4.620932102203369,246.5681610107422,0.00023345253430306911,132254.140625,0.6437409520149231
4300.0,1,0.0,-4197334.5,5.549715518951416,296.8962097167969,0.00044252502266317606,132300.796875,0.6435139775276184
4300.0,2,0.0,-4197294.5,9.93723201751709,349.4503479003906,0.0005606086924672127,132211.96875,0.6439462304115295
4300.0,3,0.0,-4197251.0,6.099029064178467,399.6847229003906,0.0005118494154885411,132260.3125,0.6437109708786011
4300.0,4,0.0,-4197211.0,6.652928829193115,437.9499816894531,0.0006616318132728338,132195.578125,0.6440261602401733
4400.0,0,0.0,-4197383.0,5.748070240020752,252.97242736816406,0.0009651235886849463,132348.15625,0.6432836651802063
4400.0,1,0.0,-4197337.5,5.165306091308594,302.4466857910156,0.000792080769315362,132409.875,0.6429837346076965
4400.0,2,0.0,-4197292.5,11.857728004455566,343.6482849121094,4.3680774979293346e-05,132300.6875,0.6435143947601318
4400.0,3,0.0,-4197255.5,7.3654890060424805,400.1968688964844,0.0011654841946437955,132365.3125,0.6432002782821655
4400.0,4,0.0,-4197218.0,7.751029968261719,444.25531005859375,0.0003254993353039026,132281.578125,0.643607497215271
4500.0,0,0.0,-4197376.0,5.279094219207764,247.2428741455078,0.00028988125268369913,132437.46875,0.642849862575531
4500.0,1,0.0,-4197336.5,5.956359386444092,303.1334533691406,5.448679439723492e-05,132494.84375,0.6425715684890747
4500.0,2,0.0,-4197297.5,6.013345718383789,342.1791687011719,0.00023806106764823198,132388.21875,0.6430889964103699
4500.0,3,0.0,-4197251.0,7.184304714202881,393.4087829589844,0.0016786835622042418,132450.046875,0.6427887678146362
4500.0,4,0.0,-4197212.0,8.148694038391113,446.9941711425781,0.0006361003033816814,132370.3125,0.6431759595870972
4600.0,0,0.0,-4197376.5,5.341891765594482,249.0413055419922,0.00026207324117422104,132512.625,0.6424853205680847
4600.0,1,0.0,-4197335.5,6.158162593841553,303.6525573730469,5.621695891022682e-07,132565.765625,0.6422277092933655
4600.0,2,0.0,-4197299.0,6.49885892868042,343.8957214355469,2.3642205633223057e-05,132463.21875,0.6427249312400818
4600.0,3,0.0,-4197251.0,8.961219787597656,396.28271484375,-7.443921640515327e-05,132520.90625,0.6424450874328613
4600.0,4,0.0,-4197205.5,8.46563720703125,446.37603759765625,0.0005102450959384441,132446.6875,0.6428051590919495
4700.0,0,0.0,-4197377.0,6.643996715545654,249.97084045410156,5.488400347530842e-05,132581.921875,0.6421494483947754
4700.0,1,0.0,-4197333.5,6.047634601593018,303.2669677734375,0.0003028210485354066,132637.296875,0.6418813467025757
4700.0,2,0.0,-4197292.5,6.611236095428467,345.98046875,0.0006331175100058317,132533.1875,0.6423855423927307
4700.0,3,0.0,-4197247.0,6.519214630126953,404.0511474609375,0.0006521460600197315,132591.453125,0.6421032547950745
4700.0,4,0.0,-4197209.5,9.567587852478027,452.86993408203125,0.0009300196543335915,132515.671875,0.6424705386161804
4800.0,0,0.0,-4197378.0,4.819614410400391,249.73609924316406,0.00032175215892493725,132656.34375,0.6417891979217529
4800.0,1,0.0,-4197332.5,5.81657600402832,302.2004089355469,0.0005497860838659108,132717.09375,0.6414954662322998
4800.0,2,0.0,-4197288.0,7.198328971862793,352.6810607910156,0.001141466200351715,132606.703125,0.642029345035553
4800.0,3,0.0,-4197241.0,7.850464820861816,401.7770690917969,-0.0003054783446714282,132669.09375,0.6417275071144104
4800.0,4,0.0,-4197209.0,8.185502052307129,455.5969543457031,0.0012614363804459572,132587.8125,0.6421209573745728
4900.0,0,0.0,-4197380.0,5.2216033935546875,249.79351806640625,0.0005984567105770111,132739.953125,0.641385018825531
4900.0,1,0.0,-4197335.0,5.1066060066223145,301.1516418457031,0.0007878221804276109,132803.25,0.6410791873931885
4900.0,2,0.0,-4197289.5,6.628594875335693,356.9593811035156,0.0012102212058380246,132688.8125,0.6416321992874146
4900.0,3,0.0,-4197241.0,6.115163803100586,402.31158447265625,-6.224971730262041e-05,132753.3125,0.6413203477859497
4900.0,4,0.0,-4197205.0,7.441564559936523,451.00457763671875,0.0006308074807748199,132668.90625,0.641728401184082
5000.0,0,0.0,-4197383.0,4.898037910461426,249.76319885253906,0.000245572067797184,132825.3125,0.6409727931022644
5000.0,1,0.0,-4197338.0,5.811805725097656,299.2042236328125,0.0003946858923882246,132883.234375,0.6406933665275574
5000.0,2,0.0,-4197289.5,7.255095958709717,354.8789367675781,0.0007189245661720634,132773.046875,0.6412250995635986
5000.0,3,0.0,-4197248.5,7.645828723907471,402.0470886230469,-0.00028178037609905005,132832.46875,0.6409382224082947
5000.0,4,0.0,-4197209.5,7.030195236206055,450.7392883300781,0.00023178313858807087,132754.96875,0.6413124203681946
5100.0,0,0.0,-4197383.0,4.972521781921387,247.47767639160156,0.0004205313744023442,132897.375,0.6406251788139343
5100.0,1,0.0,-4197338.5,5.6811909675598145,296.17645263671875,0.0002856230130419135,132950.25,0.6403704881668091
5100.0,2,0.0,-4197290.0,7.142387390136719,353.4930725097656,-0.0006816982058808208,132844.15625,0.6408817768096924
5100.0,3,0.0,-4197255.5,7.07086706161499,399.24908447265625,0.0010073543526232243,132899.296875,0.6406158804893494
5100.0,4,0.0,-4197204.0,7.783303260803223,444.4979248046875,-0.0007877030875533819,132829.09375,0.6409545540809631
5200.0,0,0.0,-4197382.5,5.314136505126953,248.10081481933594,0.0003723084810189903,132953.765625,0.6403535604476929
5200.0,1,0.0,-4197342.0,7.02995491027832,300.7745666503906,0.0002882002154365182,133011.875,0.6400737762451172
5200.0,2,0.0,-4197289.0,7.051166534423828,348.3581237792969,0.00020276650320738554,132898.96875,0.6406174302101135
5200.0,3,0.0,-4197251.5,6.566015243530273,392.332763671875,0.0019040775950998068,132960.015625,0.6403234004974365
5200.0,4,0.0,-4197208.0,7.920069694519043,445.4847412109375,0.0011604600585997105,132883.0,0.6406944990158081
5300.0,0,0.0,-4197378.5,5.167119026184082,249.53977966308594,0.0005435229977592826,133009.125,0.6400870084762573
5300.0,1,0.0,-4197335.5,6.087810516357422,297.05010986328125,0.0002167008351534605,133088.328125,0.639706015586853
5300.0,2,0.0,-4197295.0,7.0369181632995605,353.06927490234375,0.00021856056991964579,132952.65625,0.6403588056564331
5300.0,3,0.0,-4197256.5,6.879294395446777,400.4761657714844,0.0011366137769073248,133034.21875,0.6399661898612976
5300.0,4,0.0,-4197210.0,6.939694881439209,447.8439636230469,0.00043862510938197374,132930.5625,0.6404653787612915
5400.0,0,0.0,-4197376.5,5.430654525756836,253.69334411621094,-6.76856143400073e-05,133090.796875,0.6396942138671875
5400.0,1,0.0,-4197334.0,6.065706729888916,300.7763366699219,8.156546391546726e-05,133194.828125,0.6391947269439697
5400.0,2,0.0,-4197292.0,6.827240467071533,347.8882141113281,0.0007490772986784577,133031.578125,0.6399788856506348
5400.0,3,0.0,-4197251.0,6.8111162185668945,404.5671081542969,0.00038316205609589815,133137.203125,0.6394712328910828
5400.0,4,0.0,-4197205.5,6.465994358062744,444.8797302246094,0.0006991119589656591,132998.140625,0.6401398181915283
5500.0,0,0.0,-4197377.0,4.748995304107666,254.96307373046875,0.0003162598004564643,133200.703125,0.6391663551330566
5500.0,1,0.0,-4197335.5,5.318577766418457,305.6073913574219,-2.612522803246975e-05,133285.71875,0.638758659362793
5500.0,2,0.0,-4197290.0,7.167105674743652,349.0830993652344,0.0009232443990185857,133138.921875,0.639462947845459
5500.0,3,0.0,-4197243.5,6.26622200012207,400.9572448730469,-0.0011678652372211218,133228.140625,0.6390347480773926
5500.0,4,0.0,-4197208.0,7.958214282989502,457.0443420410156,0.0007962763775140047,133102.734375,0.6396368741989136
5600.0,0,0.0,-4197376.0,5.030420780181885,250.89132690429688,0.0003696487983688712,133282.09375,0.6387760639190674
5600.0,1,0.0,-4197339.0,6.118462562561035,308.0989990234375,0.0007554360781796277,133343.03125,0.6384841799736023
5600.0,2,0.0,-4197290.5,8.60355281829834,351.3025207519531,0.0008483315468765795,133221.265625,0.6390677094459534
5600.0,3,0.0,-4197246.0,8.453791618347168,403.1295166015625,0.0005858816439285874,133285.8125,0.6387582421302795
5600.0,4,0.0,-4197198.5,7.507242202758789,456.45452880859375,0.00035660737194120884,133195.203125,0.6391928195953369
5700.0,0,0.0,-4197379.5,5.367301940917969,250.15188598632812,0.00033076212275773287,133338.671875,0.6385049819946289
5700.0,1,0.0,-4197335.5,6.023108005523682,297.2090148925781,0.0006507922662422061,133394.671875,0.638236939907074
5700.0,2,0.0,-4197287.5,7.8411993980407715,344.28656005859375,0.0006352672353386879,133279.328125,0.6387892365455627
5700.0,3,0.0,-4197249.5,6.803487777709961,402.14208984375,0.0002392804017290473,133336.140625,0.6385170817375183
5700.0,4,0.0,-4197204.0,6.9470133781433105,463.74871826171875,0.0008690005633980036,133259.0625,0.6388865113258362
5800.0,0,0.0,-4197381.0,4.942553520202637,250.03057861328125,0.0008668808150105178,133397.171875,0.6382249593734741
5800.0,1,0.0,-4197341.5,5.378241062164307,295.479248046875,0.0005237497389316559,133463.015625,0.6379101276397705
5800.0,2,0.0,-4197299.0,6.584832191467285,347.5877990722656,-0.00035612937062978745,133337.71875,0.6385095715522766
5800.0,3,0.0,-4197252.5,8.994909286499023,399.2646484375,0.0013384195044636726,133402.5,0.638199508190155
5800.0,4,0.0,-4197203.0,7.093612194061279,453.7226257324219,-0.0001364361960440874,133318.328125,0.6386024355888367
5900.0,0,0.0,-4197381.0,5.730384826660156,249.98428344726562,-4.773610271513462e-05,133474.296875,0.6378561854362488
5900.0,1,0.0,-4197341.5,5.695982456207275,294.1832580566406,0.00044835632434114814,133556.765625,0.6374624371528625
5900.0,2,0.0,-4197295.5,6.535343647003174,339.7791442871094,4.1314284317195415e-05,133412.9375,0.638149619102478
5900.0,3,0.0,-4197255.0,6.894688606262207,394.2220458984375,0.0008553317748010159,133494.78125,0.6377583146095276
5900.0,4,0.0,-4197205.5,7.2902350425720215,450.71337890625,0.0007099435897544026,133389.875,0.6382599472999573
6000.0,0,0.0,-4197379.0,6.06052303314209,248.7950439453125,0.00026312883710488677,133566.234375,0.6374171376228333
6000.0,1,0.0,-4197337.5,5.464684963226318,294.2389831542969,-0.0002317845355719328,133648.328125,0.6370256543159485
6000.0,2,0.0,-4197299.0,7.198037624359131,343.07220458984375,-0.0005527401808649302,133503.65625,0.6377158164978027
6000.0,3,0.0,-4197252.5,7.465841770172119,390.1086730957031,0.0007437473395839334,133585.8125,0.637323796749115
6000.0,4,0.0,-4197203.5,7.97359037399292,444.3304443359375,-2.9390444979071617e-05,133478.34375,0.6378368735313416
6100.0,0,0.0,-4197378.0,5.157317638397217,249.16848754882812,0.0001957411877810955,133650.4375,0.6370154619216919
6100.0,1,0.0,-4197334.0,5.062291145324707,295.5841064453125,0.0002160749863833189,133724.515625,0.6366627216339111
6100.0,2,0.0,-4197297.0,6.580023288726807,348.6469421386719,0.00036704842932522297,133587.859375,0.637313961982727
6100.0,3,0.0,-4197251.0,9.183809280395508,396.4002685546875,0.000821363995783031,133661.078125,0.6369649171829224
6100.0,4,0.0,-4197209.0,7.304189205169678,448.9173889160156,0.0016208499437198043,133565.28125,0.6374217867851257
6200.0,0,0.0,-4197378.0,5.860910415649414,250.4190673828125,0.0004983844701200724,133723.28125,0.6366685628890991
6200.0,1,0.0,-4197339.5,5.706257343292236,304.63861083984375,0.0004810966784134507,133795.1875,0.6363264322280884
6200.0,2,0.0,-4197292.0,7.542723178863525,354.27093505859375,0.001036180416122079,133660.84375,0.6369658708572388
6200.0,3,0.0,-4197243.0,8.147262573242188,409.42266845703125,0.0007558910874649882,133731.625,0.6366288065910339
6200.0,4,0.0,-4197206.5,7.109579563140869,448.1423034667969,0.0010617830557748675,133638.0,0.637074887752533
6300.0,0,0.0,-4197377.0,4.707730293273926,250.2602081298828,0.0006607165560126305,133794.59375,0.636329174041748
6300.0,1,0.0,-4197334.5,5.386685848236084,301.0234375,0.0004015761660411954,133870.5625,0.6359682083129883
6300.0,2,0.0,-4197287.5,8.430852890014648,351.1308898925781,0.0013267321046441793,133731.953125,0.636627197265625
6300.0,3,0.0,-4197237.0,6.993346214294434,407.1238708496094,-0.00039118644781410694,133805.96875,0.6362751126289368
6300.0,4,0.0,-4197205.0,7.556900501251221,449.7320556640625,-0.000577826052904129,133704.90625,0.6367561221122742
6400.0,0,0.0,-4197380.0,5.1631855964660645,252.8842315673828,-1.1815223842859268e-05,133871.59375,0.6359632015228271
6400.0,1,0.0,-4197334.5,5.9435834884643555,301.4346923828125,0.00035307544749230146,133953.078125,0.6355763077735901
6400.0,2,0.0,-4197287.5,7.489962577819824,353.3191223144531,0.0010409969836473465,133807.328125,0.6362686157226562
6400.0,3,0.0,-4197240.0,8.396710395812988,403.83612060546875,-0.00021903053857386112,133886.359375,0.6358931064605713
6400.0,4,0.0,-4197201.0,8.247272491455078,447.4672546386719,0.0007870739791542292,133777.9375,0.6364085078239441
6500.0,0,0.0,-4197378.0,5.523386001586914,247.57061767578125,0.00025936902966350317,133953.375,0.635574996471405
6500.0,1,0.0,-4197333.5,5.529329776763916,299.6813659667969,0.00035901088267564774,134036.9375,0.6351786851882935
6500.0,2,0.0,-4197289.0,6.1179704666137695,351.7843933105469,-0.00012034887913614511,133886.828125,0.6358908414840698
6500.0,3,0.0,-4197246.5,6.234879970550537,403.28009033203125,0.00046151678543537855,133967.515625,0.6355078220367432
6500.0,4,0.0,-4197202.0,8.138948440551758,450.23553466796875,0.0002413697075098753,133863.515625,0.6360016465187073
6600.0,0,0.0,-4197384.0,5.096035003662109,246.26893615722656,0.0004173580091446638,134033.953125,0.6351928114891052
6600.0,1,0.0,-4197332.0,6.06082010269165,296.19940185546875,0.0006014816462993622,134113.484375,0.6348162293434143
6600.0,2,0.0,-4197289.5,7.183062553405762,347.74798583984375,-0.00024216517340391874,133966.34375,0.635513424873352
6600.0,3,0.0,-4197249.0,7.706090927124023,400.6337890625,0.0012134476564824581,134043.546875,0.6351474523544312
6600.0,4,0.0,-4197193.0,9.248592376708984,450.4003601074219,0.000861308304592967,133950.78125,0.6355873346328735
6700.0,0,0.0,-4197386.5,5.166093349456787,246.08135986328125,0.0005573929520323873,134110.671875,0.634829580783844
6700.0,1,0.0,-4197338.5,5.576467514038086,300.4083251953125,2.1322164684534073e-05,134180.171875,0.6345008611679077
6700.0,2,0.0,-4197290.5,7.078997611999512,345.0436706542969,-0.00025785190518945456,134042.734375,0.635151207447052
6700.0,3,0.0,-4197247.0,7.520366668701172,394.2423400878906,0.0010735749965533614,134112.640625,0.6348202228546143
6700.0,4,0.0,-4197197.5,8.309428215026855,455.2633361816406,0.0003820656565949321,134009.421875,0.635309100151062
6800.0,0,0.0,-4197381.5,5.006812572479248,243.77420043945312,5.569704808294773e-05,134186.15625,0.6344723105430603
6800.0,1,0.0,-4197338.0,5.422760009765625,295.5550231933594,-0.00029900867957621813,134242.625,0.6342055201530457
6800.0,2,0.0,-4197291.5,7.091666221618652,344.0218200683594,5.682057235389948e-05,134117.421875,0.6347975134849548
6800.0,3,0.0,-4197253.0,7.063685894012451,399.06817626953125,-0.0002901338739320636,134179.90625,0.6345019340515137
6800.0,4,0.0,-4197202.0,8.90767765045166,451.641845703125,0.0004992025205865502,134045.296875,0.6351391077041626
6900.0,0,0.0,-4197382.5,4.999490737915039,251.05813598632812,-1.286342740058899e-05,134264.796875,0.6341007351875305
6900.0,1,0.0,-4197343.0,5.27264928817749,298.55352783203125,0.00042073975782841444,134319.109375,0.6338443160057068
6900.0,2,0.0,-4197296.5,8.986856460571289,349.90167236328125,0.0005440788809210062,134194.25,0.6344341039657593
6900.0,3,0.0,-4197247.5,7.298608303070068,396.1293640136719,0.00043091585393995047,134260.59375,0.6341205835342407
6900.0,4,0.0,-4197205.5,8.348421096801758,444.9969787597656,0.00038742762990295887,134084.671875,0.6349525451660156
7000.0,0,0.0,-4197379.0,5.109425067901611,251.2316131591797,0.00041627074824646115,134344.78125,0.6337231993675232
7000.0,1,0.0,-4197339.0,5.239894390106201,296.4739685058594,0.0006861872388981283,134421.015625,0.6333637833595276
7000.0,2,0.0,-4197290.0,7.625905990600586,351.47869873046875,0.0011736844899132848,134275.015625,0.6340524554252625
7000.0,3,0.0,-4197246.5,8.092949867248535,404.4489440917969,-0.00013841234613209963,134357.0,0.6336655616760254
7000.0,4,0.0,-4197209.5,9.725493431091309,446.1581115722656,0.0002146374899893999,134154.046875,0.634624183177948
7100.0,0,0.0,-4197378.0,4.838417053222656,251.0826416015625,0.00044941005762666464,134424.171875,0.6333489418029785
7100.0,1,0.0,-4197333.5,5.405200958251953,298.96710205078125,0.0002853437326848507,134512.046875,0.6329352259635925
7100.0,2,0.0,-4197290.5,7.230928421020508,359.25714111328125,0.0009489962831139565,134358.265625,0.6336596012115479
7100.0,3,0.0,-4197241.0,9.722063064575195,401.2471008300781,0.0010464832885190845,134439.875,0.633275032043457
7100.0,4,0.0,-4197211.0,7.401664733886719,449.4469299316406,0.0007063508965075016,134256.6875,0.6341391205787659
7200.0,0,0.0,-4197377.5,5.623807430267334,249.60580444335938,0.0005426710122264922,134503.140625,0.6329771876335144
7200.0,1,0.0,-4197332.5,5.193777084350586,303.7606506347656,0.0005294466391205788,134575.21875,0.6326380968093872
7200.0,2,0.0,-4197282.0,7.688805103302002,359.3018798828125,0.00026189815253019333,134435.890625,0.6332938075065613
7200.0,3,0.0,-4197243.0,7.174469470977783,404.7873840332031,0.00020230328664183617,134501.078125,0.6329867243766785
7200.0,4,0.0,-4197207.5,7.7411885261535645,448.11932373046875,-0.000347707187756896,134345.125,0.6337217092514038
7300.0,0,0.0,-4197381.0,5.3800177574157715,252.08816528320312,-0.0003940901951864362,134582.15625,0.6326054334640503
7300.0,1,0.0,-4197331.5,5.426149368286133,303.3675231933594,0.0003050382947549224,134630.703125,0.6323775053024292
7300.0,2,0.0,-4197281.0,7.400712966918945,359.9444580078125,1.324550248682499e-05,134503.9375,0.632973313331604
7300.0,3,0.0,-4197246.0,7.07673454284668,401.324951171875,0.00022900663316249847,134558.328125,0.632717490196228
7300.0,4,0.0,-4197206.5,7.359650135040283,452.6294860839844,0.0010702081490308046,134408.265625,0.633423924446106
7400.0,0,0.0,-4197378.5,4.76059627532959,246.80084228515625,0.00024540064623579383,134661.203125,0.6322341561317444
7400.0,1,0.0,-4197332.5,5.421758651733398,301.4053039550781,0.00017120165284723043,134701.921875,0.6320431232452393
7400.0,2,0.0,-4197286.5,6.448215961456299,352.3265686035156,-0.0002774377353489399,134571.765625,0.6326543092727661
7400.0,3,0.0,-4197249.0,6.5951032638549805,394.4510498046875,0.0004439078038558364,134633.890625,0.632362425327301
7400.0,4,0.0,-4197199.0,8.450187683105469,456.9940185546875,0.0005447736475616693,134466.09375,0.6331515312194824
7500.0,0,0.0,-4197382.5,5.012603759765625,248.84677124023438,0.0007539853686466813,134740.265625,0.6318631172180176
7500.0,1,0.0,-4197338.0,5.96722936630249,302.446044921875,6.360257975757122e-05,134802.453125,0.6315715909004211
7500.0,2,0.0,-4197294.5,7.362727642059326,352.740966796875,5.5155367590487e-05,134652.046875,0.6322771310806274
7500.0,3,0.0,-4197251.0,9.804060935974121,393.25738525390625,0.0011299890466034412,134737.359375,0.6318767666816711
7500.0,4,0.0,-4197195.0,8.327657699584961,456.8668212890625,0.000608118949458003,134540.21875,0.6328027248382568
7600.0,0,0.0,-4197379.5,4.991730213165283,245.66624450683594,-8.98104626685381e-05,134819.359375,0.6314924359321594
7600.0,1,0.0,-4197336.5,5.1580491065979,297.0706481933594,0.00031938881147652864,134897.375,0.6311271786689758
7600.0,2,0.0,-4197291.0,6.732285022735596,346.8876953125,0.0009202150395140052,134744.671875,0.6318424344062805
7600.0,3,0.0,-4197254.0,9.915060997009277,399.93597412109375,0.0006468810606747866,134826.015625,0.6314613819122314
7600.0,4,0.0,-4197196.0,6.807613372802734,451.97760009765625,0.0009410327766090631,134638.71875,0.6323398947715759
7700.0,0,0.0,-4197379.5,4.569936752319336,249.2781219482422,0.000270261662080884,134898.328125,0.6311227679252625
7700.0,1,0.0,-4197336.0,5.675541400909424,295.49517822265625,0.0003945418866351247,134963.84375,0.6308164000511169
7700.0,2,0.0,-4197293.5,9.504802703857422,351.1623229980469,0.0005682897754013538,134826.65625,0.6314582824707031
7700.0,3,0.0,-4197244.0,7.502254962921143,398.6150817871094,-0.001352498889900744,134885.46875,0.6311829090118408
7700.0,4,0.0,-4197207.5,6.9509992599487305,451.2395324707031,0.00031991046853363514,134727.6875,0.6319222450256348
7800.0,0,0.0,-4197378.5,5.544885635375977,253.89480590820312,0.00025549193378537893,134974.40625,0.6307671070098877
7800.0,1,0.0,-4197336.5,5.99666690826416,297.0548400878906,0.0005560124409385026,135021.546875,0.6305469870567322
7800.0,2,0.0,-4197291.5,7.110682964324951,349.0505065917969,6.420770660042763e-05,134890.109375,0.6311612129211426
7800.0,3,0.0,-4197241.5,7.364590167999268,402.4181213378906,0.000842008157633245,134939.21875,0.630931556224823
7800.0,4,0.0,-4197208.0,8.048487663269043,444.35845947265625,0.0005072811618447304,134788.5625,0.6316368579864502
7900.0,0,0.0,-4197375.0,5.1810197830200195,252.9442901611328,0.00030669744592159986,135049.765625,0.6304150819778442
7900.0,1,0.0,-4197335.0,5.596316337585449,299.1177978515625,0.00044580537360161543,135090.46875,0.6302251219749451
7900.0,2,0.0,-4197288.0,8.615232467651367,348.7891540527344,0.0004243325674906373,134949.4375,0.6308837532997131
7900.0,3,0.0,-4197244.5,8.320009231567383,406.4700622558594,0.0003803935833275318,135008.328125,0.6306085586547852
7900.0,4,0.0,-4197207.5,8.591877937316895,444.1207580566406,-4.384061321616173e-05,134840.671875,0.6313927173614502
8000.0,0,0.0,-4197377.0,5.639716625213623,253.40322875976562,0.0008154758834280074,135126.40625,0.6300575137138367
8000.0,1,0.0,-4197333.0,5.6048583984375,299.5233154296875,-2.9538641683757305e-05,135174.53125,0.6298332214355469
8000.0,2,0.0,-4197289.0,6.443377494812012,355.324462890625,-8.027872536331415e-05,135026.5,0.6305235624313354
8000.0,3,0.0,-4197247.5,8.394622802734375,403.338623046875,0.0011552127543836832,135096.578125,0.6301966309547424
8000.0,4,0.0,-4197205.0,7.49995231628418,445.41839599609375,0.0007319997530430555,134910.984375,0.6310635805130005
8100.0,0,0.0,-4197379.5,5.402538299560547,250.48391723632812,0.00032512261532247066,135208.4375,0.6296752691268921
8100.0,1,0.0,-4197334.0,5.426093578338623,301.32171630859375,0.00044157926458865404,135260.046875,0.6294349431991577
8100.0,2,0.0,-4197283.5,7.664515972137451,352.2987060546875,0.00031797599513083696,135133.640625,0.6300237774848938
8100.0,3,0.0,-4197248.0,9.148755073547363,394.2132263183594,0.0005804025568068027,135183.265625,0.6297925114631653
8100.0,4,0.0,-4197197.0,7.977203845977783,447.1126403808594,-8.565839380025864e-05,135035.765625,0.6304804682731628
8200.0,0,0.0,-4197382.0,5.518603324890137,248.83453369140625,5.628680810332298e-06,135291.3125,0.6292895078659058
8200.0,1,0.0,-4197333.5,5.448002815246582,300.0914001464844,1.8064165487885475e-06,135339.578125,0.629065215587616
8200.0,2,0.0,-4197287.0,9.959720611572266,353.01788330078125,9.659421630203724e-05,135221.546875,0.6296141147613525
8200.0,3,0.0,-4197250.5,7.245625019073486,388.633056640625,0.00020085589494556189,135260.390625,0.6294334530830383
8200.0,4,0.0,-4197198.5,9.102751731872559,453.39971923828125,0.0005123743321746588,135133.046875,0.6300265789031982
8300.0,0,0.0,-4197380.5,4.968907356262207,246.563720703125,-7.44151184335351e-05,135369.34375,0.6289268732070923
8300.0,1,0.0,-4197334.5,5.630820274353027,299.58953857421875,0.00033105805050581694,135414.671875,0.6287162899971008
8300.0,2,0.0,-4197287.0,7.482361316680908,344.32098388671875,2.2928696125745773e-05,135275.203125,0.6293644309043884
8300.0,3,0.0,-4197254.5,7.543938636779785,394.1990661621094,0.0005394411273300648,135333.03125,0.6290955543518066
8300.0,4,0.0,-4197202.5,10.264237403869629,459.9769592285156,0.001233580056577921,135196.703125,0.6297300457954407
8400.0,0,0.0,-4197379.5,5.506293296813965,246.83016967773438,0.000548299984075129,135441.109375,0.6285935640335083
8400.0,1,0.0,-4197334.5,5.345556259155273,299.3243713378906,0.0005568432970903814,135490.734375,0.6283633708953857
8400.0,2,0.0,-4197296.5,6.930032253265381,349.1699523925781,0.0003808875335380435,135323.96875,0.6291376948356628
8400.0,3,0.0,-4197250.5,6.598745346069336,397.8053283691406,0.00023416697513312101,135408.875,0.6287432312965393
8400.0,4,0.0,-4197197.5,7.7187933921813965,450.1121826171875,0.00034055765718221664,135261.890625,0.6294264793395996
8500.0,0,0.0,-4197379.5,5.8058624267578125,249.6005859375,0.00021106877829879522,135514.5,0.628253161907196
8500.0,1,0.0,-4197335.5,5.203871250152588,300.3963928222656,0.0006965468637645245,135573.90625,0.6279778480529785
8500.0,2,0.0,-4197289.5,7.648927688598633,346.1293029785156,0.0005125217139720917,135388.6875,0.6288369297981262
8500.0,3,0.0,-4197249.0,7.422201156616211,406.0212707519531,0.00042198749724775553,135492.25,0.6283562779426575
8500.0,4,0.0,-4197210.5,7.964482307434082,450.2721862792969,0.0007367022335529327,135341.6875,0.6290554404258728
8600.0,0,0.0,-4197378.0,4.52524471282959,250.21707153320312,-4.770117811858654e-05,135599.25,0.6278604865074158
8600.0,1,0.0,-4197334.5,6.280178070068359,299.8630065917969,0.00038449058774858713,135661.71875,0.6275714039802551
8600.0,2,0.0,-4197289.5,7.472023963928223,348.6013488769531,0.0005873546469956636,135472.46875,0.6284480094909668
8600.0,3,0.0,-4197242.5,6.733601093292236,401.06671142578125,-0.0005396404303610325,135577.734375,0.6279600858688354
8600.0,4,0.0,-4197205.0,7.397436141967773,438.89813232421875,-0.00059711211360991,135434.078125,0.62862628698349
8700.0,0,0.0,-4197378.5,5.4485602378845215,251.8506317138672,0.0005166263435967267,135692.15625,0.6274306178092957
8700.0,1,0.0,-4197334.0,5.864182949066162,301.0536804199219,-4.7800131142139435e-05,135741.0,0.6272047758102417
8700.0,2,0.0,-4197290.0,8.245423316955566,351.79913330078125,-0.00020625966135412455,135559.265625,0.6280456781387329
8700.0,3,0.0,-4197243.5,7.945443153381348,402.6123046875,0.0010462661739438772,135652.203125,0.6276153326034546
8700.0,4,0.0,-4197208.5,7.243142604827881,446.3500061035156,0.0004089968279004097,135517.21875,0.6282405257225037
8800.0,0,0.0,-4197378.0,5.0850019454956055,250.95858764648438,0.00038685451727360487,135770.640625,0.6270678639411926
8800.0,1,0.0,-4197331.5,5.132194995880127,301.7474670410156,0.0007060108473524451,135805.953125,0.6269048452377319
8800.0,2,0.0,-4197281.5,9.08590316772461,352.9974670410156,0.00014385534450411797,135637.140625,0.6276850700378418
8800.0,3,0.0,-4197245.0,6.568428039550781,400.9143981933594,0.0006632596487179399,135713.609375,0.6273313164710999
8800.0,4,0.0,-4197204.5,8.690232276916504,449.2686767578125,0.00025659881066530943,135583.28125,0.6279343962669373
8900.0,0,0.0,-4197379.0,5.098108291625977,250.2828826904297,0.0004976284690201283,135830.125,0.6267932653427124
8900.0,1,0.0,-4197332.5,5.841392993927002,305.19464111328125,1.8142862245440483e-05,135867.28125,0.6266217231750488
8900.0,2,0.0,-4197285.5,6.586129665374756,356.0124206542969,0.0011590062640607357,135708.34375,0.6273556351661682
8900.0,3,0.0,-4197249.5,7.863924503326416,398.5897521972656,0.0007865476654842496,135775.328125,0.6270462870597839
8900.0,4,0.0,-4197204.5,8.687681198120117,453.50933837890625,0.0012123666238039732,135644.6875,0.627650260925293
9000.0,0,0.0,-4197379.5,5.653579235076904,249.85015869140625,-9.90196131169796e-05,135886.8125,0.6265317797660828
9000.0,1,0.0,-4197331.5,5.838329792022705,302.1685485839844,9.336485527455807e-05,135946.703125,0.6262558698654175
9000.0,2,0.0,-4197288.5,6.893260955810547,347.91162109375,0.0002637798897922039,135781.453125,0.6270179152488708
9000.0,3,0.0,-4197246.0,8.231689453125,390.81402587890625,-0.00020452914759516716,135861.375,0.6266490817070007
9000.0,4,0.0,-4197197.0,7.576496601104736,449.031494140625,0.0008174940012395382,135722.046875,0.6272924542427063
9100.0,0,0.0,-4197379.5,4.6430463790893555,249.81887817382812,-0.00033536111004650593,135967.859375,0.6261582970619202
9100.0,1,0.0,-4197334.0,6.211658954620361,299.09454345703125,0.00046588381519541144,136053.796875,0.6257628202438354
9100.0,2,0.0,-4197293.5,7.143026351928711,344.02734375,0.0005323810037225485,135865.671875,0.6266292929649353
9100.0,3,0.0,-4197251.0,8.190364837646484,398.7457275390625,-0.0004217743407934904,135969.109375,0.6261525750160217
9100.0,4,0.0,-4197200.0,7.391818046569824,452.9768371582031,0.00012631830759346485,135827.671875,0.6268046498298645
9200.0,0,0.0,-4197376.0,5.383975982666016,246.4315643310547,0.00014144182205200195,136080.65625,0.6256393194198608
9200.0,1,0.0,-4197339.5,5.404916286468506,299.33282470703125,0.00027251162100583315,136143.140625,0.625352144241333
9200.0,2,0.0,-4197291.5,9.154399871826172,342.731201171875,7.419334724545479e-05,135960.109375,0.6261940002441406
9200.0,3,0.0,-4197248.5,8.569515228271484,402.768310546875,0.0005105475429445505,136048.640625,0.625786542892456
9200.0,4,0.0,-4197203.5,8.422785758972168,451.1476135253906,0.001047986326739192,135917.28125,0.6263914108276367
9300.0,0,0.0,-4197380.5,4.999772071838379,252.41217041015625,0.0008333605946972966,136166.6875,0.6252440214157104
9300.0,1,0.0,-4197338.5,6.043478488922119,296.0118713378906,0.00038910319563001394,136202.109375,0.625081479549408
9300.0,2,0.0,-4197292.0,7.24916934967041,347.7120361328125,1.6603735275566578e-05,136038.984375,0.625830888748169
9300.0,3,0.0,-4197241.5,7.836413383483887,409.8396911621094,0.00042971863877028227,136103.78125,0.6255329847335815
9300.0,4,0.0,-4197202.5,7.194451808929443,443.0122985839844,-0.0008698776364326477,135971.0,0.6261440515518188
9400.0,0,0.0,-4197376.0,5.355295181274414,247.51251220703125,0.0005742793437093496,136225.359375,0.6249747276306152
9400.0,1,0.0,-4197336.5,5.82844352722168,296.07659912109375,0.0001346947392448783,136256.5,0.6248319149017334
9400.0,2,0.0,-4197293.0,7.9327802658081055,356.68145751953125,0.00029449735302478075,136093.359375,0.625580906867981
9400.0,3,0.0,-4197237.5,7.304394721984863,415.94244384765625,0.0009339321404695511,136160.921875,0.6252704858779907
9400.0,4,0.0,-4197213.5,7.148382663726807,445.6490173339844,-3.470457158982754e-05,136017.53125,0.6259297728538513
9500.0,0,0.0,-4197380.0,5.135440349578857,251.61029052734375,-0.00010498019400984049,136284.703125,0.6247025728225708
9500.0,1,0.0,-4197335.0,5.768645763397217,299.83477783203125,0.0005122596048749983,136330.0,0.6244952082633972
9500.0,2,0.0,-4197286.5,6.939390182495117,353.22381591796875,0.00020213413517922163,136142.390625,0.62535560131073
9500.0,3,0.0,-4197233.5,7.333853244781494,407.6119384765625,-0.0003102117916569114,136239.75,0.6249088048934937
9500.0,4,0.0,-4197213.0,6.865179061889648,441.6910095214844,0.0002733856672421098,136080.015625,0.6256422996520996
9600.0,0,0.0,-4197379.0,4.562493801116943,249.9810791015625,0.0005499055841937661,136359.640625,0.6243593096733093
9600.0,1,0.0,-4197334.5,5.54339075088501,304.240478515625,7.119262591004372e-06,136429.640625,0.6240389347076416
9600.0,2,0.0,-4197284.0,6.645164966583252,355.4528503417969,0.00034634419716894627,136213.046875,0.6250311732292175
9600.0,3,0.0,-4197240.0,8.12924861907959,407.2109680175781,8.642603643238544e-05,136335.859375,0.6244682669639587
9600.0,4,0.0,-4197209.0,7.506669044494629,445.4546813964844,0.001054685446433723,136167.15625,0.6252419352531433
9700.0,0,0.0,-4197379.5,5.563885688781738,249.95797729492188,0.0001508011482656002,136447.984375,0.6239550113677979
9700.0,1,0.0,-4197332.0,5.712559700012207,303.3012390136719,0.00045084254816174507,136522.4375,0.6236149072647095
9700.0,2,0.0,-4197285.5,8.814352989196777,353.8616943359375,-6.427336484193802e-05,136319.65625,0.6245424151420593
9700.0,3,0.0,-4197239.5,7.963592052459717,399.6227722167969,0.0010543030221015215,136421.84375,0.6240745782852173
9700.0,4,0.0,-4197201.0,8.791937828063965,453.96240234375,0.0008956562960520387,136257.375,0.6248279809951782
9800.0,0,0.0,-4197377.5,5.289480209350586,247.84124755859375,0.0001475111348554492,136534.203125,0.6235610842704773
9800.0,1,0.0,-4197335.0,5.315625190734863,304.29718017578125,0.00017341459169983864,136599.890625,0.6232610940933228
9800.0,2,0.0,-4197290.5,6.768331050872803,351.0879821777344,0.000849346979521215,136412.578125,0.6241168975830078
9800.0,3,0.0,-4197243.0,8.688775062561035,398.43218994140625,0.00014114018995314837,136496.359375,0.6237338781356812
9800.0,4,0.0,-4197197.5,7.891741752624512,460.3445739746094,0.0004698988050222397,136336.109375,0.6244670152664185
9900.0,0,0.0,-4197380.5,4.7551960945129395,251.6256561279297,-0.0001652180217206478,136610.453125,0.623212993144989
9900.0,1,0.0,-4197333.5,5.902970790863037,299.2868347167969,0.00010786834172904491,136673.875,0.6229237914085388
9900.0,2,0.0,-4197292.0,7.733173847198486,349.3690490722656,0.0006376879755407572,136479.78125,0.6238095760345459
9900.0,3,0.0,-4197243.0,7.967223644256592,397.4769592285156,-8.472544141113758e-05,136569.578125,0.6233994960784912
9900.0,4,0.0,-4197201.5,8.627900123596191,462.1915283203125,0.0002142691519111395,136406.28125,0.6241458058357239
10000.0,0,0.0,-4197376.5,5.538267135620117,249.23463439941406,0.00010508322156965733,136682.25,0.6228856444358826
10000.0,1,0.0,-4197334.0,5.583951950073242,298.162353515625,0.0004243752919137478,136752.328125,0.6225664019584656
10000.0,2,0.0,-4197290.5,7.190469741821289,350.1933288574219,0.0005561051657423377,136543.625,0.6235179305076599
10000.0,3,0.0,-4197246.0,8.573460578918457,396.7064514160156,9.292690083384514e-05,136648.265625,0.623040497303009
10000.0,4,0.0,-4197198.5,7.650294780731201,452.6860046386719,-0.0011095604859292507,136479.109375,0.623812735080719
10100.0,0,0.0,-4197376.5,5.482283115386963,250.67628479003906,0.0005767305847257376,136760.15625,0.6225307583808899
10100.0,1,0.0,-4197335.5,6.079723834991455,299.9933166503906,0.00018468080088496208,136837.25,0.622180163860321
10100.0,2,0.0,-4197289.0,8.252991676330566,349.17059326171875,-0.0004255129024386406,136618.96875,0.6231741309165955
10100.0,3,0.0,-4197251.5,8.57410717010498,402.20977783203125,0.001112111727707088,136732.046875,0.6226587891578674
10100.0,4,0.0,-4197201.0,9.289345741271973,448.5412292480469,0.0005872946931049228,136563.546875,0.623427152633667
10200.0,0,0.0,-4197377.0,5.290201187133789,251.56480407714844,0.0006512446561828256,136853.96875,0.6221040487289429
10200.0,1,0.0,-4197335.5,5.520105838775635,300.4417419433594,0.0005005205748602748,136922.078125,0.621794581413269
10200.0,2,0.0,-4197292.0,8.33739185333252,352.142578125,-0.00038765009958297014,136706.703125,0.6227741837501526
10200.0,3,0.0,-4197240.5,9.937959671020508,390.5841369628906,0.000509544275701046,136814.21875,0.6222847700119019
10200.0,4,0.0,-4197201.0,9.082182884216309,443.2019348144531,0.000719037838280201,136656.5625,0.623002827167511
10300.0,0,0.0,-4197381.0,5.248471736907959,253.50294494628906,0.0004408651147969067,136952.921875,0.6216546297073364
10300.0,1,0.0,-4197333.5,5.2447686195373535,299.5232238769531,0.0002875423524528742,136998.734375,0.6214467883110046
10300.0,2,0.0,-4197283.0,7.865170001983643,349.7569274902344,0.0011342334328219295,136792.328125,0.6223843693733215
10300.0,3,0.0,-4197249.0,8.167259216308594,403.3690490722656,0.00017569749616086483,136889.28125,0.6219435930252075
10300.0,4,0.0,-4197206.0,9.337852478027344,450.229248046875,0.0012660976499319077,136734.4375,0.6226478815078735
10400.0,0,0.0,-4197379.5,4.829464435577393,249.11441040039062,-0.00022275769151747227,137022.640625,0.6213383078575134
10400.0,1,0.0,-4197336.0,5.833478927612305,302.3243103027344,0.000579428393393755,137066.984375,0.621137261390686
10400.0,2,0.0,-4197286.5,7.955291271209717,351.15753173828125,0.0003658655332401395,136867.46875,0.6220425367355347
10400.0,3,0.0,-4197243.5,7.300984859466553,401.36328125,-0.00011591636575758457,136957.453125,0.6216340065002441
10400.0,4,0.0,-4197201.5,10.817730903625488,446.4650573730469,0.000689793610945344,136788.96875,0.622399628162384
10500.0,0,0.0,-4197381.0,4.641234874725342,247.74049377441406,0.00027260754723101854,137072.515625,0.6211121678352356
10500.0,1,0.0,-4197336.5,5.74399995803833,301.7252197265625,0.00010002241469919682,137137.421875,0.6208181977272034
10500.0,2,0.0,-4197290.5,7.927807807922363,348.3919677734375,0.0005155224353075027,136937.328125,0.6217253804206848
10500.0,3,0.0,-4197241.5,7.096957206726074,405.45111083984375,0.00035722984466701746,137028.109375,0.6213135719299316
10500.0,4,0.0,-4197200.0,10.341049194335938,450.14031982421875,0.000492363702505827,136837.0625,0.6221809983253479
10600.0,0,0.0,-4197382.0,5.673869609832764,248.23321533203125,0.00035067799035459757,137128.0,0.6208608746528625
10600.0,1,0.0,-4197335.5,6.07109260559082,297.8725280761719,-1.8937396816909313e-05,137228.75,0.6204050183296204
10600.0,2,0.0,-4197291.5,7.615702152252197,344.30908203125,-2.283917274326086e-05,137015.046875,0.6213726997375488
10600.0,3,0.0,-4197241.0,7.241502285003662,407.7121887207031,0.0007639153627678752,137117.09375,0.6209102272987366
10600.0,4,0.0,-4197204.5,9.717601776123047,459.05499267578125,0.0005259057506918907,136907.15625,0.6218624114990234
10700.0,0,0.0,-4197378.0,4.929747104644775,246.95004272460938,-0.0001246039755642414,137215.796875,0.6204636096954346
10700.0,1,0.0,-4197338.0,6.06812047958374,296.4731750488281,0.00043947651283815503,137333.421875,0.6199320554733276
10700.0,2,0.0,-4197293.0,9.437040328979492,343.8906555175781,0.0005054635694250464,137125.09375,0.6208739876747131
10700.0,3,0.0,-4197242.5,8.053269386291504,406.7359619140625,0.0005547867622226477,137215.875,0.6204633712768555
10700.0,4,0.0,-4197194.0,9.505748748779297,454.4048767089844,-0.0006529886741191149,137017.046875,0.621363639831543
10800.0,0,0.0,-4197377.0,4.996711254119873,252.1383514404297,0.00021057802950963378,137322.875,0.6199797987937927
10800.0,1,0.0,-4197340.0,5.661563873291016,295.9712219238281,-3.887724597007036e-05,137410.90625,0.6195826530456543
10800.0,2,0.0,-4197293.5,7.9569621086120605,347.04705810546875,0.0003192382864654064,137234.8125,0.6203775405883789
10800.0,3,0.0,-4197244.0,7.504894733428955,398.3507080078125,0.0004880561027675867,137292.4375,0.6201173663139343
10800.0,4,0.0,-4197198.0,8.507097244262695,461.6196594238281,0.0004515467444434762,137111.828125,0.6209341287612915
10900.0,0,0.0,-4197372.5,4.729417324066162,251.56546020507812,0.000463419477455318,137404.421875,0.6196117997169495
10900.0,1,0.0,-4197339.5,5.431181907653809,296.9855651855469,0.0005381766823120415,137466.6875,0.6193313002586365
10900.0,2,0.0,-4197291.0,8.946789741516113,352.8714599609375,-0.00040811917278915644,137294.796875,0.6201065182685852
10900.0,3,0.0,-4197250.5,7.524362564086914,397.7768859863281,0.00035364821087569,137350.65625,0.6198543906211853
10900.0,4,0.0,-4197200.5,7.740625381469727,457.5823669433594,7.693050429224968e-05,137178.75,0.6206312775611877
11000.0,0,0.0,-4197373.5,5.810821056365967,252.45111083984375,0.000827804789878428,137467.625,0.6193269491195679
11000.0,1,0.0,-4197336.0,5.883678913116455,299.2913513183594,0.0006708012660965323,137525.65625,0.6190656423568726
11000.0,2,0.0,-4197280.0,8.194599151611328,353.13702392578125,7.489987183362246e-05,137343.484375,0.6198867559432983
11000.0,3,0.0,-4197246.0,7.256171703338623,394.29669189453125,0.00025372731033712626,137411.578125,0.619579553604126
11000.0,4,0.0,-4197205.0,9.42423152923584,454.4288635253906,0.0008621138986200094,137242.328125,0.6203436851501465
11100.0,0,0.0,-4197373.5,4.730645179748535,249.4346466064453,0.0005254762945696712,137534.140625,0.6190274357795715
11100.0,1,0.0,-4197333.5,5.749191761016846,303.87506103515625,0.0001266759354621172,137613.203125,0.6186717748641968
11100.0,2,0.0,-4197279.0,7.698330402374268,356.1488037109375,0.0007452996214851737,137406.796875,0.6196011304855347
11100.0,3,0.0,-4197247.0,7.55335807800293,399.86083984375,-0.0003230874426662922,137499.9375,0.6191813945770264
11100.0,4,0.0,-4197202.0,8.271794319152832,443.1519470214844,0.0008968407055363059,137317.90625,0.6200022101402283
11200.0,0,0.0,-4197377.5,4.763185501098633,250.30873107910156,0.00012906559277325869,137616.78125,0.618655800819397
11200.0,1,0.0,-4197331.5,5.420563220977783,303.6461486816406,-0.00022463744971901178,137721.890625,0.6181835532188416
11200.0,2,0.0,-4197282.5,8.089411735534668,356.5316467285156,0.001027796883136034,137501.671875,0.619173526763916
11200.0,3,0.0,-4197244.0,7.954254627227783,399.09063720703125,0.0005450672470033169,137607.546875,0.6186972260475159
11200.0,4,0.0,-4197205.0,9.993216514587402,444.9570617675781,0.0009504500776529312,137407.78125,0.6195967197418213
11300.0,0,0.0,-4197379.0,5.136598587036133,249.86839294433594,1.3758079148828983e-05,137709.765625,0.6182379722595215
11300.0,1,0.0,-4197332.0,5.741044521331787,301.86602783203125,0.0003771480405703187,137804.953125,0.6178109049797058
11300.0,2,0.0,-4197288.5,7.339512825012207,355.8004150390625,0.0004403918283060193,137600.0625,0.6187308430671692
11300.0,3,0.0,-4197242.5,10.01815414428711,402.258544921875,0.0001387562369927764,137686.328125,0.6183432936668396
11300.0,4,0.0,-4197203.5,8.163107872009277,446.9077453613281,-0.000441982876509428,137495.296875,0.6192023158073425
11400.0,0,0.0,-4197381.0,5.125170707702637,251.17405700683594,-8.577201515436172e-05,137794.046875,0.6178598403930664
11400.0,1,0.0,-4197334.0,5.6082563400268555,299.8664855957031,0.0004502817755565047,137869.421875,0.6175221800804138
11400.0,2,0.0,-4197288.5,8.746358871459961,352.0262145996094,-0.0003993826685473323,137673.28125,0.618401825428009
11400.0,3,0.0,-4197239.5,7.180558681488037,400.8119201660156,0.000589389237575233,137743.109375,0.6180883646011353
11400.0,4,0.0,-4197205.0,9.496932029724121,453.9621887207031,-0.00020428956486284733,137568.859375,0.61887127161026
11500.0,0,0.0,-4197382.0,4.8974103927612305,252.01486206054688,0.00045868847519159317,137868.296875,0.6175270676612854
11500.0,1,0.0,-4197335.5,5.531932353973389,297.3797607421875,-0.0003356769448146224,137936.734375,0.6172207593917847
11500.0,2,0.0,-4197287.5,7.839448928833008,347.86163330078125,-0.00061964918859303,137733.796875,0.618130087852478
11500.0,3,0.0,-4197246.5,6.543909549713135,406.7722473144531,0.0010928679257631302,137802.859375,0.6178203225135803
11500.0,4,0.0,-4197204.5,6.841363430023193,460.6623229980469,0.0005145014729350805,137635.1875,0.618573009967804
11600.0,0,0.0,-4197378.5,5.329164505004883,248.14280700683594,0.0004301348817534745,137942.4375,0.617195188999176
11600.0,1,0.0,-4197337.0,5.769017696380615,296.69561767578125,0.0008956849342212081,138015.390625,0.6168689727783203
11600.0,2,0.0,-4197291.5,7.518118858337402,348.95843505859375,0.00020703405607491732,137802.75,0.6178207397460938
11600.0,3,0.0,-4197246.0,6.995255947113037,403.2367248535156,0.00011735386215150356,137878.484375,0.6174814701080322
11600.0,4,0.0,-4197197.5,9.826869010925293,457.6979064941406,-0.0002528536133468151,137710.328125,0.6182355284690857
11700.0,0,0.0,-4197381.5,4.6749701499938965,252.11508178710938,0.00026700180023908615,138021.65625,0.6168408989906311
11700.0,1,0.0,-4197338.5,5.241811752319336,298.6744079589844,0.000734023516997695,138102.25,0.6164809465408325
11700.0,2,0.0,-4197284.5,7.254279136657715,342.5021667480469,0.0004807314835488796,137895.328125,0.6174060106277466
11700.0,3,0.0,-4197251.5,7.733304500579834,401.3778991699219,-0.0006077269790694118,137964.859375,0.617094874382019
11700.0,4,0.0,-4197192.0,9.277286529541016,454.09881591796875,0.0014007104327902198,137826.375,0.6177149415016174
11800.0,0,0.0,-4197377.5,4.814793586730957,248.6442413330078,0.0002545543247833848,138104.515625,0.6164708137512207
11800.0,1,0.0,-4197336.5,6.0370330810546875,298.5818176269531,-0.00014463067054748535,138187.6875,0.6160998344421387
11800.0,2,0.0,-4197286.0,8.881095886230469,348.5865783691406,-4.342966713011265e-05,137994.75,0.6169611811637878
11800.0,3,0.0,-4197247.5,8.676278114318848,393.92364501953125,-0.0007716479012742639,138048.625,0.61672043800354
11800.0,4,0.0,-4197195.0,8.031156539916992,446.377197265625,0.00044236716348677874,137929.0,0.6172552704811096
11900.0,0,0.0,-4197377.5,4.817444801330566,250.5532684326172,0.00048710877308622,138187.125,0.6161023378372192
11900.0,1,0.0,-4197335.0,5.912660598754883,298.5020751953125,0.0002489537000656128,138265.359375,0.6157538890838623
11900.0,2,0.0,-4197287.5,7.248355388641357,352.62225341796875,0.00078388093970716,138060.578125,0.6166669726371765
11900.0,3,0.0,-4197247.5,8.528905868530273,395.54949951171875,0.00045419810339808464,138126.5,0.6163727641105652
11900.0,4,0.0,-4197207.0,11.65793228149414,446.473388671875,0.0007887975079938769,137987.65625,0.6169928908348083
12000.0,0,0.0,-4197376.0,5.105714321136475,251.13177490234375,0.00029285874916240573,138267.203125,0.6157455444335938
12000.0,1,0.0,-4197338.0,5.225883483886719,302.4848937988281,0.0002798455534502864,138337.609375,0.6154320240020752
12000.0,2,0.0,-4197282.0,7.8405561447143555,348.0447998046875,0.0010577053762972355,138096.609375,0.6165061593055725
12000.0,3,0.0,-4197251.5,7.219557762145996,403.8545837402344,0.0003274535993114114,138200.828125,0.6160412430763245
12000.0,4,0.0,-4197206.5,8.097214698791504,444.8520812988281,0.0003937878645956516,138039.421875,0.6167616248130798
12100.0,0,0.0,-4197375.5,5.38718318939209,254.19557189941406,-0.0003872886300086975,138345.265625,0.615398108959198
12100.0,1,0.0,-4197334.0,5.816289901733398,298.4591369628906,-8.218910079449415e-05,138416.984375,0.615079402923584
12100.0,2,0.0,-4197290.5,7.638288497924805,357.58056640625,-6.144831422716379e-05,138128.875,0.6163620948791504
12100.0,3,0.0,-4197243.5,8.216744422912598,402.71319580078125,0.0010975087061524391,138280.203125,0.6156876087188721
12100.0,4,0.0,-4197201.0,7.603042125701904,441.7247314453125,-0.00023024738766252995,138109.71875,0.6164476275444031
12200.0,0,0.0,-4197374.5,4.870058059692383,254.25689697265625,0.0001683519221842289,138425.203125,0.6150426864624023
12200.0,1,0.0,-4197333.5,5.736318111419678,297.4984436035156,-7.026758976280689e-05,138515.625,0.6146411895751953
12200.0,2,0.0,-4197282.5,7.548410415649414,350.6608581542969,-0.000802511814981699,138182.46875,0.6161230802536011
12200.0,3,0.0,-4197238.5,8.956770896911621,403.3867492675781,0.000860398227814585,138367.8125,0.6152977347373962
12200.0,4,0.0,-4197206.0,7.597409248352051,453.21551513671875,0.00018419232219457626,138208.28125,0.6160080432891846
12300.0,0,0.0,-4197376.5,5.123087406158447,253.12181091308594,0.00035030179424211383,138508.78125,0.614671528339386
12300.0,1,0.0,-4197336.5,5.28407096862793,301.04547119140625,0.0009704045369289815,138615.734375,0.6141972541809082
12300.0,2,0.0,-4197284.5,8.099831581115723,346.99359130859375,-0.0005665359785780311,138269.046875,0.61573725938797
12300.0,3,0.0,-4197238.5,7.466967582702637,408.69281005859375,0.0006594848819077015,138455.8125,0.6149066686630249
12300.0,4,0.0,-4197200.5,7.983617305755615,454.3318786621094,7.785926572978497e-05,138302.71875,0.6155874133110046
12400.0,0,0.0,-4197378.5,4.715269088745117,249.15826416015625,0.0004363225889392197,138595.421875,0.6142873764038086
12400.0,1,0.0,-4197335.5,5.576356887817383,300.4986572265625,0.0005856329225935042,138683.875,0.6138954758644104
12400.0,2,0.0,-4197290.5,7.6555376052856445,346.4913024902344,0.00046673149336129427,138359.515625,0.615334689617157
12400.0,3,0.0,-4197242.0,7.331014633178711,404.06781005859375,0.0004169136518612504,138528.0625,0.6145861148834229
12400.0,4,0.0,-4197193.5,8.011460304260254,450.0329284667969,0.0005249455571174622,138373.5625,0.6152722835540771
12500.0,0,0.0,-4197380.0,4.863911151885986,246.775146484375,0.0003434490063227713,138676.125,0.613929808139801
12500.0,1,0.0,-4197336.5,5.647446155548096,303.48590087890625,-5.0133210606873035e-05,138735.609375,0.6136665940284729
12500.0,2,0.0,-4197291.0,7.4964728355407715,345.6418151855469,0.00015104049816727638,138437.4375,0.6149883270263672
12500.0,3,0.0,-4197241.5,7.355149745941162,393.43017578125,-0.0009004820603877306,138586.875,0.6143251657485962
12500.0,4,0.0,-4197194.5,7.8048577308654785,446.4378662109375,0.000533581362105906,138436.3125,0.6149934530258179
12600.0,0,0.0,-4197382.5,5.260002136230469,248.54307556152344,0.00016827817307785153,138749.28125,0.6136061549186707
12600.0,1,0.0,-4197333.5,5.930483818054199,302.27880859375,0.00043207331327721477,138796.921875,0.6133955121040344
12600.0,2,0.0,-4197290.0,7.8678107261657715,348.0867614746094,0.0009513022378087044,138506.671875,0.6146808862686157
12600.0,3,0.0,-4197240.0,7.508285045623779,388.5970458984375,-0.0004374537384137511,138652.078125,0.6140362620353699
12600.0,4,0.0,-4197203.5,8.63981819152832,446.3349914550781,0.0011904964921995997,138509.375,0.6146689653396606
12700.0,0,0.0,-4197381.0,5.029453277587891,248.9247283935547,0.00014262262266129255,138822.609375,0.6132819652557373
12700.0,1,0.0,-4197335.0,5.557556629180908,304.7957458496094,1.1857249774038792e-05,138892.734375,0.6129724979400635
12700.0,2,0.0,-4197286.0,6.976847171783447,349.0980529785156,0.0005542763974517584,138579.8125,0.6143564581871033
12700.0,3,0.0,-4197243.5,7.574739933013916,394.410400390625,4.4405460357666016e-05,138747.3125,0.6136147975921631
12700.0,4,0.0,-4197205.0,6.8911967277526855,439.2063903808594,-0.0009207103867083788,138603.765625,0.6142503023147583
12800.0,0,0.0,-4197379.0,5.352845191955566,251.04600524902344,-2.0042178221046925e-05,138907.640625,0.6129065752029419
12800.0,1,0.0,-4197332.5,5.403067111968994,298.6867370605469,5.1804003305733204e-05,138999.46875,0.6125018000602722
12800.0,2,0.0,-4197289.5,7.172023296356201,362.1977844238281,-0.0002712211571633816,138667.703125,0.6139670610427856
12800.0,3,0.0,-4197239.0,11.607593536376953,397.3468933105469,0.0008554459782317281,138854.015625,0.613143265247345
12800.0,4,0.0,-4197208.5,8.007596015930176,441.71453857421875,0.0001265108585357666,138699.109375,0.613828182220459
12900.0,0,0.0,-4197375.5,5.618264198303223,250.8134307861328,0.0002580216387286782,139003.3125,0.6124847531318665
12900.0,1,0.0,-4197339.5,5.523200511932373,301.22198486328125,0.00011881382670253515,139078.453125,0.6121538877487183
12900.0,2,0.0,-4197278.0,7.918489456176758,353.5731201171875,-0.00014409131836146116,138761.828125,0.61355060338974
12900.0,3,0.0,-4197241.0,9.560758590698242,403.0657043457031,0.0013508471893146634,138927.875,0.6128172874450684
12900.0,4,0.0,-4197203.5,8.539671897888184,443.1560363769531,0.0008918126113712788,138759.484375,0.6135610938072205
13000.0,0,0.0,-4197377.0,4.754639148712158,253.4270782470703,7.417891174554825e-05,139086.53125,0.6121182441711426
13000.0,1,0.0,-4197333.5,5.416183948516846,290.9447937011719,0.0006482282769866288,139144.265625,0.6118643879890442
13000.0,2,0.0,-4197281.0,6.8529558181762695,353.07354736328125,-0.0004204072756692767,138838.640625,0.6132110953330994
13000.0,3,0.0,-4197239.5,9.634221076965332,401.47430419921875,0.000738437520340085,138984.015625,0.6125697493553162
13000.0,4,0.0,-4197202.0,9.304126739501953,449.3556213378906,0.0003252455499023199,138790.5625,0.6134236454963684
13100.0,0,0.0,-4197378.5,5.097836494445801,252.76123046875,0.0004084138781763613,139150.109375,0.6118386387825012
13100.0,1,0.0,-4197340.0,5.2389116287231445,297.730712890625,0.00046077719889581203,139216.3125,0.611547589302063
13100.0,2,0.0,-4197282.5,7.688382625579834,341.65411376953125,0.00015916279517114162,138898.484375,0.6129469871520996
13100.0,3,0.0,-4197242.0,10.182053565979004,407.2569274902344,2.4999608285725117e-05,139046.5625,0.6122941374778748
13100.0,4,0.0,-4197201.0,7.34458589553833,452.2701416015625,0.00078172842040658,138819.28125,0.6132967472076416
13200.0,0,0.0,-4197378.0,6.102152347564697,248.9910430908203,0.0006037178682163358,139208.671875,0.6115812063217163
13200.0,1,0.0,-4197337.0,5.823851585388184,298.8155517578125,0.0004894719459116459,139301.03125,0.6111757755279541
13200.0,2,0.0,-4197292.5,8.199501037597656,347.4792785644531,0.0007875572191551328,138959.71875,0.6126768589019775
13200.0,3,0.0,-4197239.0,8.931838035583496,397.73992919921875,-0.0004757787100970745,139132.28125,0.6119170188903809
13200.0,4,0.0,-4197200.5,8.696046829223633,454.0203857421875,0.00011064042337238789,138865.453125,0.6130927801132202
13300.0,0,0.0,-4197379.0,5.309037685394287,248.07675170898438,0.0004420048207975924,139289.484375,0.6112263798713684
13300.0,1,0.0,-4197334.5,5.442342758178711,303.3819885253906,0.000330814509652555,139391.171875,0.6107804775238037
13300.0,2,0.0,-4197291.5,8.494915008544922,348.4699401855469,0.0007707463810220361,139051.859375,0.6122708916664124
13300.0,3,0.0,-4197243.0,7.482888698577881,393.5418701171875,-0.0004310166696086526,139228.703125,0.6114932894706726
13300.0,4,0.0,-4197197.5,9.774341583251953,454.12750244140625,0.0009060422889888287,138938.453125,0.6127707958221436
13400.0,0,0.0,-4197380.0,5.425998687744141,249.0454864501953,-0.00015112804248929024,139405.390625,0.6107181906700134
13400.0,1,0.0,-4197331.5,6.293162822723389,303.57281494140625,-0.0002498121466487646,139474.578125,0.6104152798652649
13400.0,2,0.0,-4197286.5,8.43319320678711,348.9948425292969,0.00017865141853690147,139167.28125,0.6117630004882812
13400.0,3,0.0,-4197245.0,8.634625434875488,395.1147766113281,-1.829001121222973e-05,139313.578125,0.6111206412315369
13400.0,4,0.0,-4197199.0,7.381492614746094,455.7667236328125,-0.00021581887267529964,139029.421875,0.61236971616745
13500.0,0,0.0,-4197380.0,4.933986186981201,250.27117919921875,-0.0003401230787858367,139496.546875,0.6103190779685974
13500.0,1,0.0,-4197331.0,5.495481491088867,302.16571044921875,1.5794183127582073e-05,139551.421875,0.610079288482666
13500.0,2,0.0,-4197287.0,9.207605361938477,356.70703125,-3.841938450932503e-05,139244.21875,0.6114250421524048
13500.0,3,0.0,-4197249.0,7.813955307006836,400.6994323730469,0.0006536891451105475,139389.734375,0.6107867956161499
13500.0,4,0.0,-4197196.5,7.665476322174072,448.57135009765625,0.00042327214032411575,139118.140625,0.6119793057441711
13600.0,0,0.0,-4197378.0,5.394386291503906,249.46669006347656,0.0001930026919580996,139555.734375,0.6100603342056274
13600.0,1,0.0,-4197333.0,6.740212440490723,301.0030822753906,0.00014147779438644648,139628.421875,0.6097427606582642
13600.0,2,0.0,-4197278.5,7.651430130004883,349.0536804199219,-0.00012577662710100412,139299.265625,0.6111834645271301
13600.0,3,0.0,-4197244.5,9.925891876220703,402.2201843261719,0.0008698166348040104,139466.375,0.6104511022567749
13600.0,4,0.0,-4197202.0,9.613112449645996,444.78607177734375,0.0004722108133137226,139192.40625,0.6116527318954468
13700.0,0,0.0,-4197379.0,5.446059226989746,252.76040649414062,0.00040200439980253577,139614.046875,0.6098055243492126
13700.0,1,0.0,-4197334.5,5.38009786605835,299.70123291015625,0.0007650813786312938,139714.09375,0.6093689203262329
13700.0,2,0.0,-4197280.5,7.103680610656738,351.8619079589844,-3.359629772603512e-06,139360.234375,0.6109160780906677
13700.0,3,0.0,-4197238.5,8.90974235534668,400.59326171875,0.0009228426497429609,139548.09375,0.6100936532020569
13700.0,4,0.0,-4197205.5,8.963303565979004,443.2992248535156,-0.0002692490816116333,139259.28125,0.6113590002059937
13800.0,0,0.0,-4197375.0,4.494565486907959,249.4158935546875,0.0004677422111853957,139688.0625,0.6094823479652405
13800.0,1,0.0,-4197335.5,6.259608745574951,299.5479736328125,0.0005876652430742979,139816.078125,0.6089243292808533
13800.0,2,0.0,-4197283.5,7.586926460266113,349.24359130859375,0.0005011733155697584,139438.78125,0.6105719804763794
13800.0,3,0.0,-4197237.0,9.692584991455078,401.8821716308594,0.00023487757425755262,139633.625,0.6097199320793152
13800.0,4,0.0,-4197205.0,7.375277519226074,444.2712097167969,0.0010665191803127527,139334.859375,0.6110273003578186
13900.0,0,0.0,-4197378.5,4.836198806762695,252.401123046875,0.00024867779575288296,139777.65625,0.6090917587280273
13900.0,1,0.0,-4197337.5,6.798699855804443,301.2091979980469,0.0002520026173442602,139911.953125,0.6085070967674255
13900.0,2,0.0,-4197289.5,8.558141708374023,346.9242248535156,2.6010675355792046e-06,139529.046875,0.6101768612861633
13900.0,3,0.0,-4197238.0,8.533309936523438,402.8782958984375,-0.0008477137889713049,139716.0625,0.6093602180480957
13900.0,4,0.0,-4197202.0,9.017751693725586,448.1508483886719,0.0006041225278750062,139431.359375,0.610604465007782
14000.0,0,0.0,-4197379.0,5.371055603027344,250.00267028808594,0.0006647213594987988,139866.875,0.6087031364440918
14000.0,1,0.0,-4197336.0,5.636033535003662,300.3099060058594,0.00011797086335718632,139976.59375,0.6082260608673096
14000.0,2,0.0,-4197287.0,8.34691333770752,343.1468811035156,0.0002832679310813546,139614.859375,0.6098018884658813
14000.0,3,0.0,-4197236.5,9.154654502868652,400.2884826660156,-0.0006220139330253005,139789.515625,0.6090400815010071
14000.0,4,0.0,-4197195.5,8.662078857421875,458.9933776855469,6.571691483259201e-05,139527.9375,0.6101819276809692
14100.0,0,0.0,-4197383.0,5.4235944747924805,249.8238983154297,0.0002449692692607641,139945.640625,0.6083605885505676
14100.0,1,0.0,-4197335.0,5.7347025871276855,300.3746032714844,2.0419247448444366e-07,140029.46875,0.6079963445663452
14100.0,2,0.0,-4197290.5,7.966365337371826,348.56121826171875,0.0001155253266915679,139689.8125,0.609474778175354
14100.0,3,0.0,-4197240.0,9.12082576751709,401.6347961425781,0.00037433102261275053,139856.109375,0.6087499856948853
14100.0,4,0.0,-4197193.5,8.397834777832031,466.4828186035156,-0.00042710895650088787,139595.546875,0.6098862886428833
14200.0,0,0.0,-4197381.5,5.182210445404053,245.22189331054688,-1.5101046301424503e-05,140018.5,0.6080439686775208
14200.0,1,0.0,-4197334.0,6.542085647583008,300.87713623046875,-1.3191602192819118e-05,140096.921875,0.607703685760498
14200.0,2,0.0,-4197289.0,8.312200546264648,350.232666015625,0.0004416141891852021,139761.578125,0.6091617345809937
14200.0,3,0.0,-4197240.5,8.94676399230957,398.3026123046875,0.0008944341097958386,139930.4375,0.6084266304969788
14200.0,4,0.0,-4197189.5,9.471198081970215,456.9322814941406,0.0006470626685768366,139645.96875,0.609666109085083
14300.0,0,0.0,-4197381.0,5.911825656890869,245.44171142578125,-0.000345484702847898,140097.140625,0.6077027320861816
14300.0,1,0.0,-4197332.0,6.0083770751953125,301.8309631347656,5.819054786115885e-05,140198.640625,0.6072627902030945
14300.0,2,0.0,-4197282.5,9.189375877380371,348.7218017578125,0.0003427491756156087,139842.8125,0.6088079214096069
14300.0,3,0.0,-4197247.5,8.822007179260254,406.68292236328125,0.0006742036202922463,140028.484375,0.608000636100769
14300.0,4,0.0,-4197197.0,10.749048233032227,455.8046569824219,0.0005216972203925252,139704.34375,0.609411358833313
14400.0,0,0.0,-4197379.5,5.3924665451049805,250.5129852294922,4.1995663195848465e-06,140194.234375,0.6072818040847778
14400.0,1,0.0,-4197330.5,5.229957103729248,302.59259033203125,0.0004925847752019763,140301.96875,0.6068153977394104
14400.0,2,0.0,-4197282.5,8.109273910522461,350.6297607421875,0.00019908102694898844,139947.46875,0.6083526015281677
14400.0,3,0.0,-4197238.5,8.17253589630127,395.0096435546875,0.00027697975747287273,140127.859375,0.6075694561004639
14400.0,4,0.0,-4197199.5,8.3761568069458,452.28240966796875,0.0005024494603276253,139805.015625,0.6089726090431213
14500.0,0,0.0,-4197375.5,5.015988349914551,252.44412231445312,0.000663183513097465,140298.390625,0.6068309545516968
14500.0,1,0.0,-4197333.5,5.568767547607422,305.3476867675781,0.0008541413699276745,140375.046875,0.6064995527267456
14500.0,2,0.0,-4197280.0,9.341852188110352,347.7191467285156,0.00037993036676198244,140045.46875,0.6079269051551819
14500.0,3,0.0,-4197239.5,8.060171127319336,397.6582336425781,0.0007430716650560498,140198.625,0.6072627902030945
14500.0,4,0.0,-4197197.0,7.972018718719482,444.4437561035156,9.823206346482038e-05,139918.296875,0.6084794998168945
14600.0,0,0.0,-4197375.0,6.447393894195557,252.69110107421875,0.00031987554393708706,140368.328125,0.6065285801887512
14600.0,1,0.0,-4197336.0,5.7330217361450195,302.3064270019531,0.0003085107309743762,140435.53125,0.6062383651733398
14600.0,2,0.0,-4197285.5,9.167466163635254,351.00762939453125,2.4437904357910156e-05,140105.09375,0.6076681017875671
14600.0,3,0.0,-4197238.5,10.32508373260498,396.1769714355469,9.94016882032156e-05,140255.5,0.6070165038108826
14600.0,4,0.0,-4197204.0,7.942631244659424,449.9963684082031,5.408586002886295e-05,139998.28125,0.6081318259239197
14700.0,0,0.0,-4197377.5,5.507329940795898,252.63577270507812,0.0005688724922947586,140416.828125,0.6063192486763
14700.0,1,0.0,-4197339.0,5.107049465179443,298.6636962890625,-2.0955107174813747e-05,140506.015625,0.6059343814849854
14700.0,2,0.0,-4197283.5,7.156853199005127,346.040283203125,0.00025471311528235674,140152.0,0.6074647903442383
14700.0,3,0.0,-4197234.5,8.465252876281738,389.26708984375,-0.0004796049324795604,140321.171875,0.6067324876785278
14700.0,4,0.0,-4197199.0,8.04487419128418,443.7502136230469,0.0005850144661962986,140067.953125,0.6078293323516846
14800.0,0,0.0,-4197378.5,5.014212131500244,250.037353515625,1.9539380446076393e-05,140471.640625,0.6060824990272522
14800.0,1,0.0,-4197338.0,5.860493183135986,295.07147216796875,-5.221134051680565e-05,140600.46875,0.6055271625518799
14800.0,2,0.0,-4197290.5,6.884298324584961,354.3175048828125,-5.537236575037241e-05,140214.0,0.6071961522102356
14800.0,3,0.0,-4197242.0,9.957530975341797,391.32012939453125,2.7407309971749783e-05,140419.671875,0.6063069701194763
14800.0,4,0.0,-4197203.5,7.400717735290527,450.5235290527344,-5.4381322115659714e-05,140143.34375,0.6075023412704468
14900.0,0,0.0,-4197377.0,4.702648639678955,245.81402587890625,0.00010574422776699066,140559.359375,0.6057043075561523
14900.0,1,0.0,-4197336.0,5.281571865081787,295.20977783203125,-9.525171481072903e-05,140699.90625,0.6050992012023926
14900.0,2,0.0,-4197286.5,8.103899955749512,349.0896301269531,0.0003542572958394885,140310.75,0.6067774891853333
14900.0,3,0.0,-4197248.5,8.965690612792969,396.6036071777344,0.0002645686035975814,140526.28125,0.6058468818664551
14900.0,4,0.0,-4197200.5,8.546415328979492,451.1684875488281,0.00011993164662271738,140230.53125,0.6071246862411499
15000.0,0,0.0,-4197379.5,4.966268062591553,247.41355895996094,8.176430128514767e-06,140667.546875,0.6052384376525879
15000.0,1,0.0,-4197334.5,5.0784101486206055,299.1169128417969,0.0005518643301911652,140780.109375,0.604754626750946
15000.0,2,0.0,-4197289.0,7.4465742111206055,351.73834228515625,-3.5960692912340164e-07,140412.453125,0.6063380241394043
15000.0,3,0.0,-4197245.5,8.605879783630371,396.177734375,0.0008620893931947649,140600.75,0.6055260300636292
15000.0,4,0.0,-4197198.5,9.416853904724121,453.2434387207031,0.0008748690597712994,140320.859375,0.6067339181900024
15100.0,0,0.0,-4197379.0,5.212482452392578,247.3590087890625,-7.121427915990353e-05,140753.15625,0.6048703789710999
15100.0,1,0.0,-4197335.0,6.142556190490723,304.5296325683594,0.0004010812845081091,140850.265625,0.6044532656669617
15100.0,2,0.0,-4197284.0,8.450658798217773,346.69427490234375,0.0005143048474565148,140490.25,0.6060022115707397
15100.0,3,0.0,-4197242.0,8.700859069824219,399.60809326171875,0.000790521502494812,140661.125,0.6052660942077637
15100.0,4,0.0,-4197191.5,8.421740531921387,453.4552917480469,0.0002420919481664896,140399.40625,0.6063944101333618
15200.0,0,0.0,-4197379.5,5.36119270324707,250.73202514648438,0.00015418214024975896,140821.921875,0.604574978351593
15200.0,1,0.0,-4197333.0,5.1374969482421875,304.1352233886719,0.0005891081527806818,140924.328125,0.6041356325149536
15200.0,2,0.0,-4197289.5,9.2560453414917,348.16705322265625,-0.00010609044693410397,140557.296875,0.6057131886482239
15200.0,3,0.0,-4197241.5,8.497897148132324,407.3714599609375,0.00011171202640980482,140728.984375,0.6049742698669434
15200.0,4,0.0,-4197198.0,9.335041046142578,459.9662780761719,0.00041269382927566767,140464.890625,0.6061116456985474
15300.0,0,0.0,-4197377.0,4.849876403808594,252.52574157714844,0.0002105898456647992,140892.671875,0.6042713522911072
15300.0,1,0.0,-4197331.5,6.822694301605225,300.1454772949219,0.00043145252857357264,141005.9375,0.6037859916687012
15300.0,2,0.0,-4197293.0,7.393787860870361,348.86090087890625,0.0007798478472977877,140630.828125,0.6053964495658875
15300.0,3,0.0,-4197229.0,9.088602066040039,400.3309326171875,-0.0003904744517058134,140809.6875,0.6046274900436401
15300.0,4,0.0,-4197198.0,6.672484874725342,449.9972229003906,2.2191321477293968e-05,140530.234375,0.6058298945426941
15400.0,0,0.0,-4197374.5,4.956379413604736,255.2527618408203,0.0008351192227564752,140977.609375,0.6039072871208191
15400.0,1,0.0,-4197335.5,5.682767868041992,301.8211669921875,2.8935843147337437e-05,141091.796875,0.6034185290336609
15400.0,2,0.0,-4197290.0,7.1471028327941895,346.8612365722656,0.00010203570127487183,140718.25,0.6050203442573547
15400.0,3,0.0,-4197234.5,9.783187866210938,403.90277099609375,-0.00045450578909367323,140897.515625,0.6042506098747253
15400.0,4,0.0,-4197208.0,7.19119119644165,452.76593017578125,0.00036872795317322016,140622.171875,0.6054337620735168
15500.0,0,0.0,-4197374.0,5.20284366607666,257.16888427734375,0.0003284174017608166,141072.375,0.6035016179084778
15500.0,1,0.0,-4197334.0,5.577266693115234,297.43414306640625,0.00013145804405212402,141176.921875,0.6030547022819519
15500.0,2,0.0,-4197283.0,7.06508207321167,347.8151550292969,7.56594818085432e-05,140810.171875,0.604625403881073
15500.0,3,0.0,-4197241.0,7.877289295196533,404.6202087402344,0.0004624004941433668,140981.921875,0.6038889288902283
15500.0,4,0.0,-4197203.5,8.332357406616211,445.17620849609375,0.00042528484482318163,140739.09375,0.6049307584762573
15600.0,0,0.0,-4197374.0,5.356544017791748,252.4210662841797,2.763979136943817e-05,141156.859375,0.6031404137611389
15600.0,1,0.0,-4197337.5,5.761919975280762,299.9898681640625,-2.967182081192732e-05,141257.6875,0.6027098894119263
15600.0,2,0.0,-4197288.0,6.626949787139893,359.0357971191406,0.0004570435266941786,140890.109375,0.6042823195457458
15600.0,3,0.0,-4197240.5,9.380951881408691,398.0821228027344,0.0002716911258175969,141059.3125,0.6035575866699219
15600.0,4,0.0,-4197200.5,8.534043312072754,442.34271240234375,0.000446043792180717,140819.09375,0.6045873165130615
15700.0,0,0.0,-4197378.0,5.2774152755737305,247.2529296875,-0.00033657276071608067,141224.890625,0.6028499007225037
15700.0,1,0.0,-4197335.5,5.2579731941223145,298.3745422363281,8.157140109688044e-05,141334.8125,0.6023811101913452
15700.0,2,0.0,-4197281.0,9.232117652893066,353.9619445800781,-0.0006210105493664742,140955.5625,0.6040017604827881
15700.0,3,0.0,-4197242.5,10.144797325134277,398.5142517089844,0.00042907102033495903,141134.40625,0.6032363772392273
15700.0,4,0.0,-4197204.0,7.39338493347168,451.494140625,0.0006390169728547335,140874.46875,0.6043494343757629
15800.0,0,0.0,-4197379.5,4.582794189453125,246.45591735839844,0.00017660344019532204,141283.0625,0.6026016473770142
15800.0,1,0.0,-4197336.5,5.827630519866943,301.0310974121094,0.0002968383487313986,141416.796875,0.6020318269729614
15800.0,2,0.0,-4197281.0,7.3861494064331055,353.8230285644531,-0.00045764597598463297,141013.59375,0.6037532091140747
15800.0,3,0.0,-4197239.5,8.791430473327637,399.5257568359375,-0.0002817044733092189,141217.578125,0.602881133556366
15800.0,4,0.0,-4197194.0,7.861029624938965,449.74920654296875,0.00019311346113681793,140933.703125,0.604095458984375
15900.0,0,0.0,-4197379.0,4.568935871124268,246.9813995361328,0.0006859445129521191,141351.1875,0.6023111939430237
15900.0,1,0.0,-4197336.0,6.196681022644043,302.5522766113281,0.000859828433021903,141508.3125,0.6016425490379333
15900.0,2,0.0,-4197282.5,7.641596794128418,350.3721618652344,0.0005146049661561847,141083.40625,0.6034544110298157
15900.0,3,0.0,-4197236.5,12.199020385742188,396.0964660644531,0.0004982581594958901,141315.0625,0.6024652719497681
15900.0,4,0.0,-4197196.5,9.138747215270996,457.3202209472656,0.0005470658652484417,141015.875,0.6037434935569763
16000.0,0,0.0,-4197375.5,5.071961879730225,246.64500427246094,5.552114453166723e-05,141457.125,0.6018601655960083
16000.0,1,0.0,-4197330.5,5.300212860107422,299.02508544921875,3.0187424272298813e-05,141600.859375,0.6012491583824158
16000.0,2,0.0,-4197285.5,7.495779037475586,345.54522705078125,0.0007300369907170534,141188.9375,0.6030033230781555
16000.0,3,0.0,-4197239.0,8.609423637390137,402.0720520019531,0.00016612547915428877,141407.03125,0.6020733714103699
16000.0,4,0.0,-4197193.0,7.584921360015869,451.7106628417969,0.00010054826270788908,141114.140625,0.6033229827880859
16100.0,0,0.0,-4197377.0,5.368657112121582,251.98228454589844,0.0002501479466445744,141564.953125,0.6014017462730408
16100.0,1,0.0,-4197333.5,6.665667533874512,303.1956481933594,-4.980363883078098e-05,141677.25,0.6009251475334167
16100.0,2,0.0,-4197288.0,8.553276062011719,347.0357971191406,0.00023746979422867298,141292.171875,0.6025627851486206
16100.0,3,0.0,-4197244.0,10.675785064697266,406.8003234863281,-0.0004604110727086663,141473.1875,0.6017919182777405
16100.0,4,0.0,-4197196.0,8.967402458190918,454.8936462402344,0.0003128375392407179,141201.59375,0.6029493808746338
16200.0,0,0.0,-4197377.0,5.045651435852051,253.91079711914062,0.00041069742292165756,141635.359375,0.6011027693748474
16200.0,1,0.0,-4197331.5,5.290627956390381,300.88775634765625,0.0003800710546784103,141740.4375,0.6006571650505066
16200.0,2,0.0,-4197284.0,7.409911155700684,344.612060546875,0.0006656637415289879,141360.65625,0.6022709012031555
16200.0,3,0.0,-4197241.5,8.432377815246582,399.486572265625,0.00043828925117850304,141527.53125,0.6015607118606567
16200.0,4,0.0,-4197199.0,8.825601577758789,447.00830078125,-0.00026838062331080437,141275.78125,0.6026327610015869
16300.0,0,0.0,-4197378.0,4.839241981506348,254.3569793701172,0.0005815541953779757,141691.859375,0.6008631587028503
16300.0,1,0.0,-4197334.0,5.443673610687256,298.5626220703125,-3.949389792978764e-06,141808.9375,0.60036700963974
16300.0,2,0.0,-4197286.0,8.178274154663086,349.80902099609375,4.3475301936268806e-05,141417.546875,0.6020286083221436
16300.0,3,0.0,-4197250.0,9.754135131835938,401.96502685546875,0.0005016351351514459,141594.921875,0.6012744307518005
16300.0,4,0.0,-4197205.0,7.746450901031494,449.49920654296875,-4.227086901664734e-05,141349.171875,0.6023199558258057
16400.0,0,0.0,-4197377.0,5.302844047546387,249.95205688476562,-0.0001223201397806406,141760.296875,0.600572943687439
16400.0,1,0.0,-4197336.5,5.568906307220459,294.9617004394531,5.562766455113888e-05,141906.5,0.5999541878700256
16400.0,2,0.0,-4197284.0,8.945060729980469,352.159423828125,-0.0003852464724332094,141486.796875,0.601733922958374
16400.0,3,0.0,-4197241.5,9.381983757019043,389.36669921875,0.0009584923973307014,141699.25,0.6008317470550537
16400.0,4,0.0,-4197199.5,9.823089599609375,445.49169921875,0.0006334568606689572,141430.90625,0.6019718050956726
16500.0,0,0.0,-4197379.0,5.040093421936035,247.08456420898438,-0.00016838929150253534,141858.625,0.6001567244529724
16500.0,1,0.0,-4197336.0,5.512027263641357,292.56805419921875,6.519514136016369e-05,142017.5,0.5994853973388672
16500.0,2,0.0,-4197288.5,7.228903293609619,357.5277099609375,-3.135856240987778e-05,141586.15625,0.6013116836547852
16500.0,3,0.0,-4197241.0,9.516437530517578,392.4281921386719,-7.430429104715586e-05,141804.578125,0.6003854274749756
16500.0,4,0.0,-4197204.5,7.361922264099121,455.25970458984375,0.00030126620549708605,141519.859375,0.6015933752059937
16600.0,0,0.0,-4197381.0,5.799342632293701,245.69979858398438,0.00010151602327823639,141962.28125,0.5997185111045837
16600.0,1,0.0,-4197336.0,5.816178798675537,296.5499267578125,0.00028018117882311344,142094.5,0.5991604328155518
16600.0,2,0.0,-4197278.5,8.18981647491455,350.76678466796875,8.196732960641384e-05,141687.625,0.6008809804916382
16600.0,3,0.0,-4197236.5,9.914763450622559,398.0885925292969,-0.00020006473641842604,141877.703125,0.6000759601593018
16600.0,4,0.0,-4197197.5,7.983213901519775,449.8639831542969,0.0005598550196737051,141605.328125,0.6012303829193115
16700.0,0,0.0,-4197381.5,4.793582916259766,245.45655822753906,0.00037659541703760624,142038.859375,0.5993952751159668
16700.0,1,0.0,-4197335.0,5.660027503967285,302.0869140625,0.00045145233161747456,142150.4375,0.5989247560501099
16700.0,2,0.0,-4197285.5,7.579326152801514,350.5412902832031,0.0002089979825541377,141760.734375,0.6005711555480957
16700.0,3,0.0,-4197230.0,8.97053337097168,401.6689758300781,-0.0005937571404501796,141941.453125,0.5998064875602722
16700.0,4,0.0,-4197191.5,9.908512115478516,450.2662353515625,-2.5671441107988358e-05,141683.78125,0.6008974313735962
16800.0,0,0.0,-4197378.0,4.878497123718262,247.41233825683594,0.0006047817878425121,142101.15625,0.5991324186325073
16800.0,1,0.0,-4197327.5,5.659722328186035,298.56976318359375,0.00020032585598528385,142212.53125,0.5986632108688354
16800.0,2,0.0,-4197289.0,9.5587158203125,345.9151916503906,0.00043071317486464977,141820.734375,0.6003170609474182
16800.0,3,0.0,-4197232.5,8.229304313659668,408.2914733886719,0.00021533272229135036,142013.859375,0.5995007157325745
16800.0,4,0.0,-4197197.5,8.738261222839355,457.6283264160156,0.0003568448591977358,141760.625,0.6005716919898987
16900.0,0,0.0,-4197373.5,5.663529396057129,251.45460510253906,0.00012163398787379265,142171.8125,0.5988346934318542
16900.0,1,0.0,-4197332.0,6.332109451293945,303.6416320800781,0.00026864418759942055,142299.859375,0.5982958674430847
16900.0,2,0.0,-4197288.5,9.338528633117676,343.0654602050781,3.084528725594282e-05,141890.28125,0.6000227332115173
16900.0,3,0.0,-4197236.0,8.628168106079102,406.9095153808594,0.0012688103597611189,142100.453125,0.5991353392601013
16900.0,4,0.0,-4197197.5,7.640092849731445,451.71319580078125,-0.0003034430555999279,141842.375,0.6002254486083984
17000.0,0,0.0,-4197376.5,5.161863327026367,256.5005798339844,0.00023938011145219207,142266.21875,0.5984372496604919
17000.0,1,0.0,-4197333.0,5.801126956939697,302.1711120605469,-0.00024886708706617355,142400.8125,0.597871720790863
17000.0,2,0.0,-4197286.5,7.575007438659668,346.8561706542969,-0.0003562831552699208,141983.875,0.5996272563934326
17000.0,3,0.0,-4197238.5,8.216582298278809,403.95904541015625,-6.87626888975501e-05,142190.90625,0.5987542867660522
17000.0,4,0.0,-4197201.5,9.242426872253418,448.9494934082031,0.0008590084034949541,141935.546875,0.5998315811157227
17100.0,0,0.0,-4197376.5,5.071204662322998,254.05197143554688,0.00025899498723447323,142368.09375,0.5980090498924255
17100.0,1,0.0,-4197334.0,5.615661144256592,298.9286193847656,0.0002226601354777813,142489.9375,0.5974977016448975
17100.0,2,0.0,-4197284.5,9.116966247558594,347.7787780761719,4.300381988286972e-05,142082.90625,0.5992093682289124
17100.0,3,0.0,-4197238.5,8.78322982788086,397.9156188964844,0.00028354173991829157,142273.9375,0.5984047651290894
17100.0,4,0.0,-4197202.5,8.159585952758789,445.5525207519531,0.00013814808335155249,142044.15625,0.5993728637695312
17200.0,0,0.0,-4197377.0,5.169688701629639,249.93907165527344,-0.0002335808239877224,142441.15625,0.5977023243904114
17200.0,1,0.0,-4197338.0,5.619803428649902,298.87939453125,0.0003477990976534784,142568.828125,0.5971670746803284
17200.0,2,0.0,-4197287.0,8.293554306030273,354.4832458496094,0.000280116219073534,142167.65625,0.5988520979881287
17200.0,3,0.0,-4197245.5,7.490309715270996,403.2480163574219,-0.0005944233853369951,142351.40625,0.5980792045593262
17200.0,4,0.0,-4197204.5,7.6627726554870605,446.1768493652344,0.0003039517905563116,142131.78125,0.5990033745765686
17300.0,0,0.0,-4197380.5,5.274294376373291,250.6646728515625,0.00016026379307731986,142477.984375,0.5975478291511536
17300.0,1,0.0,-4197338.0,4.894528865814209,297.38348388671875,0.00028240715619176626,142647.109375,0.5968393683433533
17300.0,2,0.0,-4197280.0,8.671990394592285,352.38226318359375,0.0004481594078242779,142246.640625,0.5985196232795715
17300.0,3,0.0,-4197245.0,7.853874206542969,400.6550598144531,0.0006590323755517602,142430.546875,0.5977469086647034
17300.0,4,0.0,-4197198.5,8.653240203857422,444.84326171875,0.0006465831538662314,142192.46875,0.598747730255127
17400.0,0,0.0,-4197377.0,4.784453392028809,245.141357421875,0.00046205881517380476,142500.515625,0.5974532961845398
17400.0,1,0.0,-4197338.5,5.730630397796631,300.2081604003906,0.00022384722251445055,142731.4375,0.5964866876602173
17400.0,2,0.0,-4197284.5,7.434077262878418,355.6866455078125,0.0009695578482933342,142326.84375,0.5981823801994324
17400.0,3,0.0,-4197247.5,7.523731708526611,402.181884765625,0.0001581254182383418,142516.515625,0.5973862409591675
17400.0,4,0.0,-4197193.5,7.994542121887207,454.0887756347656,0.00019612209871411324,142250.390625,0.5985038876533508
17500.0,0,0.0,-4197377.5,5.147271633148193,246.87782287597656,2.7207774110138416e-05,142527.359375,0.5973408222198486
17500.0,1,0.0,-4197330.0,5.6872053146362305,300.9048767089844,0.00034975563175976276,142822.640625,0.5961058139801025
17500.0,2,0.0,-4197283.0,8.513813972473145,351.6080322265625,-0.00014582974836230278,142410.171875,0.5978322625160217
17500.0,3,0.0,-4197236.0,9.169669151306152,397.3187255859375,0.0005953623913228512,142609.3125,0.5969974398612976
17500.0,4,0.0,-4197186.5,11.745165824890137,459.5732116699219,0.0005219478625804186,142330.625,0.5981664657592773
17600.0,0,0.0,-4197378.5,4.82719087600708,251.15286254882812,0.0003223384264856577,142574.34375,0.5971440076828003
17600.0,1,0.0,-4197332.0,5.359032154083252,309.8587646484375,0.0004324394976720214,142909.640625,0.59574294090271
17600.0,2,0.0,-4197286.5,7.144848823547363,351.5625305175781,-0.00016137631610035896,142495.90625,0.5974727272987366
17600.0,3,0.0,-4197239.5,8.819581985473633,404.1176452636719,0.0002965362509712577,142693.578125,0.5966450572013855
17600.0,4,0.0,-4197183.0,8.043668746948242,457.7685546875,-0.0005120288114994764,142438.296875,0.597714364528656
17700.0,0,0.0,-4197374.0,4.88520622253418,250.57229614257812,0.0006204251549206674,142645.671875,0.5968453288078308
17700.0,1,0.0,-4197331.5,5.632208824157715,307.95953369140625,-0.00012712320312857628,142981.921875,0.5954418778419495
17700.0,2,0.0,-4197287.0,7.6143693923950195,349.68475341796875,-0.0005223765037953854,142578.765625,0.5971254110336304
17700.0,3,0.0,-4197237.0,9.426431655883789,399.341796875,0.00033318670466542244,142758.46875,0.5963737964630127
17700.0,4,0.0,-4197190.5,7.84656286239624,458.9603271484375,-1.721479929983616e-05,142530.265625,0.5973287224769592
17800.0,0,0.0,-4197375.0,4.58212947845459,254.73731994628906,5.8548408560454845e-05,142741.765625,0.5964435338973999
17800.0,1,0.0,-4197327.5,6.676507949829102,297.61151123046875,0.00023426697589457035,143042.78125,0.5951884984970093
17800.0,2,0.0,-4197284.0,7.216335773468018,347.77447509765625,0.0002731342101469636,142656.640625,0.5967994332313538
17800.0,3,0.0,-4197238.5,9.129270553588867,394.8671875,-4.835356958210468e-05,142818.03125,0.596125066280365
17800.0,4,0.0,-4197193.5,8.617352485656738,457.4559020996094,-5.6844670325517654e-05,142595.125,0.5970569252967834
17900.0,0,0.0,-4197373.5,5.976407051086426,252.3601837158203,-0.00021441304124891758,142840.40625,0.596031665802002
17900.0,1,0.0,-4197337.0,5.736042499542236,301.84259033203125,-0.00029599235858768225,143112.796875,0.5948973894119263
17900.0,2,0.0,-4197284.5,7.945990085601807,348.0269775390625,0.00026153295766562223,142733.734375,0.5964771509170532
17900.0,3,0.0,-4197246.5,7.38487434387207,395.8753662109375,-0.000594161101616919,142896.265625,0.595798671245575
17900.0,4,0.0,-4197201.0,8.888989448547363,458.1661071777344,0.0007757593411952257,142654.59375,0.5968080163002014
18000.0,0,0.0,-4197380.0,4.652428150177002,251.64871215820312,0.00043581624049693346,142917.34375,0.5957108736038208
18000.0,1,0.0,-4197337.0,5.300516605377197,298.83074951171875,0.00034921616315841675,143217.859375,0.5944608449935913
18000.0,2,0.0,-4197285.5,8.921788215637207,352.4399108886719,0.00023831170983612537,142818.65625,0.5961224436759949
18000.0,3,0.0,-4197250.0,9.89533805847168,397.8515625,0.0006000729044899344,143003.28125,0.595352828502655
18000.0,4,0.0,-4197195.5,11.309504508972168,447.0617980957031,0.0005855023628100753,142733.390625,0.5964785814285278
18100.0,0,0.0,-4197381.5,5.121064186096191,246.45794677734375,0.0005841415841132402,142981.484375,0.5954435467720032
18100.0,1,0.0,-4197337.5,5.6922760009765625,298.74951171875,0.0008288995595648885,143328.1875,0.5940032005310059
18100.0,2,0.0,-4197281.5,8.903828620910645,351.4326477050781,0.0007554698968306184,142913.765625,0.5957256555557251
18100.0,3,0.0,-4197245.5,9.542762756347656,398.1547546386719,-3.375415690243244e-05,143099.484375,0.5949525833129883
18100.0,4,0.0,-4197201.0,9.43272590637207,453.0945739746094,0.00014877167996019125,142840.78125,0.5960302352905273
18200.0,0,0.0,-4197380.5,5.060307502746582,245.37449645996094,-0.0001052693696692586,143053.0,0.5951458811759949
18200.0,1,0.0,-4197336.5,5.26373291015625,299.198974609375,7.388356607407331e-05,143401.390625,0.593700110912323
18200.0,2,0.0,-4197280.5,8.587611198425293,347.05517578125,-6.603251677006483e-05,143001.625,0.5953596830368042
18200.0,3,0.0,-4197237.5,8.648797988891602,399.6939697265625,0.00040202669333666563,143166.65625,0.5946734547615051
18200.0,4,0.0,-4197193.0,7.1583170890808105,442.4447021484375,0.0003016532864421606,142935.890625,0.5956335663795471
18300.0,0,0.0,-4197379.0,5.211931228637695,247.7550506591797,0.00013317877892404795,143150.890625,0.5947390198707581
18300.0,1,0.0,-4197335.0,6.824315071105957,301.3509521484375,0.00013755285181105137,143460.046875,0.5934574007987976
18300.0,2,0.0,-4197284.5,8.57642650604248,345.53814697265625,0.00018475321121513844,143070.390625,0.5950736403465271
18300.0,3,0.0,-4197233.0,8.982851028442383,404.0673828125,3.863056190311909e-05,143226.0,0.5944270491600037
18300.0,4,0.0,-4197195.5,9.509416580200195,449.10150146484375,0.0005871908506378531,143001.328125,0.5953609943389893
18400.0,0,0.0,-4197378.5,5.035782814025879,251.53469848632812,0.0005841758102178574,143256.046875,0.5943024158477783
18400.0,1,0.0,-4197330.5,6.054596900939941,300.87646484375,0.00012372562196105719,143528.828125,0.5931728482246399
18400.0,2,0.0,-4197290.0,7.715269088745117,349.0821228027344,-0.000711462227627635,143131.6875,0.594818651676178
18400.0,3,0.0,-4197235.5,8.944960594177246,408.77911376953125,0.00011932523921132088,143301.9375,0.5941120386123657
18400.0,4,0.0,-4197191.5,8.969466209411621,446.5069274902344,0.00035204796586185694,143059.734375,0.5951179265975952
18500.0,0,0.0,-4197375.0,4.545633792877197,251.00975036621094,0.00031432812102138996,143332.109375,0.593986988067627
18500.0,1,0.0,-4197330.0,5.406068325042725,304.03643798828125,0.0003811382339335978,143623.234375,0.5927831530570984
18500.0,2,0.0,-4197292.0,7.718936443328857,348.2232360839844,0.0001372547121718526,143209.078125,0.5944972634315491
18500.0,3,0.0,-4197230.0,8.724396705627441,398.27392578125,4.2645144276320934e-05,143407.734375,0.5936737656593323
18500.0,4,0.0,-4197192.5,8.825606346130371,452.1052551269531,9.851367212831974e-05,143133.140625,0.59481281042099
18600.0,0,0.0,-4197375.0,5.084498882293701,250.6996307373047,3.771961200982332e-05,143389.796875,0.5937480330467224
18600.0,1,0.0,-4197326.0,5.795332431793213,300.58648681640625,-0.0004630902549251914,143724.515625,0.5923652648925781
18600.0,2,0.0,-4197285.5,9.205878257751465,342.0521545410156,6.444915197789669e-05,143319.78125,0.5940380692481995
18600.0,3,0.0,-4197239.5,8.557942390441895,403.2040100097656,0.0009691574377939105,143506.828125,0.5932638049125671
18600.0,4,0.0,-4197191.0,10.752561569213867,452.0273742675781,-0.0008633614052087069,143226.234375,0.5944260954856873
18700.0,0,0.0,-4197377.5,5.6105637550354,251.2255096435547,8.1803766079247e-05,143453.609375,0.5934838652610779
18700.0,1,0.0,-4197334.0,5.183486461639404,304.4154052734375,0.00038011412834748626,143809.3125,0.5920159220695496
18700.0,2,0.0,-4197279.5,7.662954807281494,345.63916015625,0.0003220414509996772,143419.046875,0.5936269164085388
18700.0,3,0.0,-4197237.5,8.359718322753906,401.67120361328125,0.00040797609835863113,143573.6875,0.5929875373840332
18700.0,4,0.0,-4197200.0,10.051708221435547,457.01806640625,0.0007290143985301256,143318.140625,0.5940449833869934
18800.0,0,0.0,-4197380.0,4.995776653289795,250.13284301757812,0.00016369251534342766,143552.90625,0.5930733680725098
18800.0,1,0.0,-4197335.0,5.762944221496582,296.5395812988281,0.000624565058387816,143884.796875,0.5917052626609802
18800.0,2,0.0,-4197280.5,8.580459594726562,358.4062194824219,0.000696683069691062,143482.859375,0.5933628678321838
18800.0,3,0.0,-4197239.5,8.676435470581055,401.69012451171875,-0.00047367915976792574,143627.96875,0.5927634239196777
18800.0,4,0.0,-4197197.5,9.951781272888184,449.9460754394531,0.0012632445432245731,143400.375,0.5937044024467468
18900.0,0,0.0,-4197381.0,5.710660934448242,247.75270080566406,0.00012172071728855371,143669.78125,0.5925909280776978
18900.0,1,0.0,-4197339.0,5.866362571716309,296.71820068359375,3.71239148080349e-05,143963.578125,0.5913816094398499
18900.0,2,0.0,-4197276.0,9.039322853088379,356.7189636230469,-0.00021286401897668839,143538.4375,0.5931330919265747
18900.0,3,0.0,-4197238.5,9.305295944213867,397.4797668457031,0.00029557873494923115,143699.9375,0.5924665331840515
18900.0,4,0.0,-4197203.5,9.064419746398926,447.8481140136719,0.00014785164967179298,143477.078125,0.5933868885040283
19000.0,0,0.0,-4197381.5,5.806207180023193,248.42137145996094,0.00024292583111673594,143748.296875,0.5922672152519226
19000.0,1,0.0,-4197338.5,5.814886093139648,296.34423828125,0.0006785969017073512,144049.546875,0.59102863073349
19000.0,2,0.0,-4197281.5,7.407961368560791,359.86492919921875,-0.00019041169434785843,143608.46875,0.5928438305854797
19000.0,3,0.0,-4197235.5,7.9543914794921875,399.4870300292969,-0.00010375771671533585,143844.1875,0.5918723940849304
19000.0,4,0.0,-4197198.5,10.369417190551758,441.6663513183594,0.0005202195607125759,143556.609375,0.5930581092834473
19100.0,0,0.0,-4197380.5,5.1009297370910645,250.04055786132812,4.676077514886856e-05,143810.3125,0.5920118093490601
19100.0,1,0.0,-4197337.0,5.426284313201904,298.4426574707031,6.337638478726149e-05,144139.125,0.5906614065170288
19100.0,2,0.0,-4197281.0,8.54886245727539,354.8241271972656,0.0002784732496365905,143699.078125,0.592470109462738
19100.0,3,0.0,-4197243.0,8.473838806152344,403.9546203613281,0.0010556553024798632,143955.640625,0.5914141535758972
19100.0,4,0.0,-4197195.5,9.053446769714355,442.47369384765625,-0.0005225744098424911,143645.203125,0.5926923155784607
19200.0,0,0.0,-4197375.5,5.579742431640625,254.41958618164062,0.00027912307996302843,143879.3125,0.5917279124259949
19200.0,1,0.0,-4197334.0,5.336446762084961,300.69390869140625,0.0002086232416331768,144225.140625,0.5903090238571167
19200.0,2,0.0,-4197282.5,10.168730735778809,351.5039367675781,0.0005818152567371726,143792.125,0.5920866131782532
19200.0,3,0.0,-4197239.5,7.345712184906006,395.6159973144531,-6.533041596412659e-05,144027.78125,0.5911179184913635
19200.0,4,0.0,-4197192.5,8.489128112792969,450.1003723144531,0.0006375164957717061,143737.984375,0.5923097729682922
19300.0,0,0.0,-4197372.0,5.791252136230469,255.5550994873047,0.00021262397058308125,143964.34375,0.5913784503936768
19300.0,1,0.0,-4197332.0,5.97902774810791,302.9440002441406,-0.00031826633494347334,144305.015625,0.5899823307991028
19300.0,2,0.0,-4197285.5,8.655372619628906,353.16082763671875,-0.000410716631449759,143875.484375,0.5917436480522156
19300.0,3,0.0,-4197244.0,9.425420761108398,395.02960205078125,0.00019171310123056173,144100.484375,0.5908197164535522
19300.0,4,0.0,-4197194.0,11.445202827453613,458.7801818847656,-0.00035565998405218124,143818.765625,0.5919771194458008
19400.0,0,0.0,-4197371.5,5.306929588317871,253.0333709716797,0.0003532684058882296,144060.59375,0.5909833312034607
19400.0,1,0.0,-4197329.5,5.59277868270874,301.8930969238281,0.0002289669355377555,144383.65625,0.5896610617637634
19400.0,2,0.0,-4197284.5,7.881503582000732,349.6907653808594,-0.0004585169954225421,143952.375,0.5914275646209717
19400.0,3,0.0,-4197242.5,7.953189373016357,390.7015075683594,0.00013367412611842155,144187.3125,0.5904639363288879
19400.0,4,0.0,-4197185.0,8.18394947052002,449.88671875,0.00028164812829345465,143885.09375,0.5917041301727295
19500.0,0,0.0,-4197374.5,5.366585731506348,250.86656188964844,0.00011851271847262979,144148.609375,0.5906224846839905
19500.0,1,0.0,-4197333.0,5.736549377441406,304.32806396484375,0.0005673019913956523,144471.65625,0.5893018841743469
19500.0,2,0.0,-4197286.0,8.911667823791504,348.6383361816406,0.00036472745705395937,144031.6875,0.5911019444465637
19500.0,3,0.0,-4197245.5,8.446593284606934,395.4205017089844,0.00031214707996696234,144285.5,0.5900620818138123
19500.0,4,0.0,-4197189.5,8.483701705932617,456.5251770019531,-9.920005686581135e-05,143951.015625,0.5914332270622253
19600.0,0,0.0,-4197377.5,6.409377574920654,249.7905731201172,-5.1794806495308876e-05,144221.796875,0.5903227925300598
19600.0,1,0.0,-4197335.5,5.2505202293396,303.3755187988281,-7.83231807872653e-05,144576.5,0.5888745784759521
19600.0,2,0.0,-4197284.0,10.282856941223145,348.3517150878906,6.252469029277563e-05,144119.390625,0.5907421708106995
19600.0,3,0.0,-4197240.0,9.708836555480957,400.45611572265625,0.0003981905756518245,144373.234375,0.5897035598754883
19600.0,4,0.0,-4197185.0,11.207879066467285,448.4636535644531,0.0013753618113696575,144041.984375,0.5910597443580627
19700.0,0,0.0,-4197379.0,5.126429557800293,249.03330993652344,0.000401482917368412,144291.421875,0.5900378823280334
19700.0,1,0.0,-4197334.5,5.243741035461426,299.0239562988281,0.0005077276728115976,144670.171875,0.5884931683540344
19700.0,2,0.0,-4197283.0,10.11815071105957,344.5069274902344,0.0003090902464464307,144212.40625,0.5903611779212952
19700.0,3,0.0,-4197233.0,8.756265640258789,405.78985595703125,-0.00030785647686570883,144444.125,0.589414119720459
19700.0,4,0.0,-4197195.0,7.400832653045654,454.6614074707031,0.000994666013866663,144158.109375,0.5905836820602417
19800.0,0,0.0,-4197379.0,5.749589443206787,247.99462890625,0.0003091896651312709,144377.1875,0.5896874070167542
19800.0,1,0.0,-4197336.0,4.924015998840332,298.8765563964844,0.0004697017138823867,144737.671875,0.5882186889648438
19800.0,2,0.0,-4197285.0,9.874249458312988,347.0648193359375,0.0001724095782265067,144294.328125,0.5900259613990784
19800.0,3,0.0,-4197230.5,8.797798156738281,406.0987854003906,0.00037738634273409843,144511.953125,0.5891374945640564
19800.0,4,0.0,-4197195.0,9.082026481628418,453.05340576171875,0.00032115611247718334,144242.875,0.5902365446090698
19900.0,0,0.0,-4197376.0,4.803427696228027,245.91908264160156,0.00010420335456728935,144488.203125,0.5892342925071716
19900.0,1,0.0,-4197335.5,5.815948009490967,297.9610900878906,8.558982517570257e-05,144798.296875,0.5879725217819214
19900.0,2,0.0,-4197287.0,9.718873977661133,350.09466552734375,-0.00021615647710859776,144356.421875,0.5897722244262695
19900.0,3,0.0,-4197237.0,7.650265216827393,406.7251281738281,0.0005622623721137643,144595.875,0.5887956023216248
19900.0,4,0.0,-4197200.0,8.759427070617676,456.1264953613281,4.154781345278025e-05,144299.765625,0.5900037884712219
20000.0,0,0.0,-4197379.5,5.2428812980651855,252.33493041992188,0.00016292370855808258,144582.0625,0.5888518691062927
20000.0,1,0.0,-4197333.5,6.07170295715332,296.7541809082031,-0.00011878693476319313,144876.78125,0.5876539945602417
20000.0,2,0.0,-4197284.5,9.118745803833008,348.1889953613281,-9.937374852597713e-05,144413.109375,0.5895406007766724
20000.0,3,0.0,-4197233.5,8.54039478302002,394.379638671875,0.0005337200127542019,144702.109375,0.5883632898330688
20000.0,4,0.0,-4197200.5,7.5107340812683105,452.8831787109375,-0.0008604988688603044,144358.046875,0.5897656083106995
20100.0,0,0.0,-4197375.0,5.841604709625244,250.81475830078125,0.00013233762001618743,144639.84375,0.5886165499687195
20100.0,1,0.0,-4197336.0,5.796926021575928,300.31109619140625,0.00019469065591692924,144987.125,0.5872067213058472
20100.0,2,0.0,-4197284.0,10.769432067871094,349.6820373535156,0.00030986510682851076,144491.5,0.5892208814620972
20100.0,3,0.0,-4197237.5,8.500009536743164,396.749267578125,-0.00060518819373101,144795.546875,0.5879836082458496
20100.0,4,0.0,-4197198.0,8.660348892211914,447.429931640625,0.0003875289112329483,144438.328125,0.5894379019737244
20200.0,0,0.0,-4197375.5,4.827667236328125,253.92250061035156,0.0002480724942870438,144689.796875,0.588413417339325
20200.0,1,0.0,-4197335.5,5.201475143432617,300.7671203613281,0.0002623428590595722,145087.5625,0.5868002772331238
20200.0,2,0.0,-4197280.0,8.723978996276855,352.8775329589844,0.0005385397817008197,144604.984375,0.5887584686279297
20200.0,3,0.0,-4197240.5,8.729598999023438,398.1624450683594,0.0001355756539851427,144858.90625,0.5877264142036438
20200.0,4,0.0,-4197196.5,9.503168106079102,449.2420349121094,0.0002372839953750372,144537.0625,0.5890350937843323
20300.0,0,0.0,-4197375.0,5.123153209686279,253.42694091796875,0.0002336287871003151,144759.15625,0.5881314873695374
20300.0,1,0.0,-4197337.0,5.534659385681152,303.5594177246094,8.452089969068766e-05,145156.34375,0.586522102355957
20300.0,2,0.0,-4197280.0,9.973973274230957,355.8135070800781,-8.722953498363495e-05,144701.984375,0.5883636474609375
20300.0,3,0.0,-4197242.0,9.160601615905762,400.1744689941406,-2.839940134435892e-05,144912.515625,0.5875089764595032
20300.0,4,0.0,-4197190.0,8.700347900390625,444.71728515625,0.0008549363119527698,144628.78125,0.5886616110801697
20400.0,0,0.0,-4197377.0,6.135306358337402,251.2445831298828,0.00025626906426623464,144862.6875,0.5877111554145813
20400.0,1,0.0,-4197333.5,5.622692108154297,300.51129150390625,0.0007811463437974453,145216.96875,0.5862772464752197
20400.0,2,0.0,-4197282.0,9.36669635772705,353.2027893066406,0.00023401749785989523,144768.09375,0.5880950093269348
20400.0,3,0.0,-4197235.0,7.8086981773376465,401.52337646484375,0.000546845723874867,144986.328125,0.5872098803520203
20400.0,4,0.0,-4197194.5,10.42839527130127,452.68048095703125,-6.723275873810053e-05,144708.671875,0.5883365869522095
20500.0,0,0.0,-4197375.5,5.158321380615234,243.690673828125,-0.00020784535445272923,144963.75,0.5873013734817505
20500.0,1,0.0,-4197337.5,5.44384241104126,305.3998718261719,-0.00024373421911150217,145292.296875,0.58597332239151
20500.0,2,0.0,-4197281.0,8.205888748168945,348.29150390625,-0.000537608633749187,144829.671875,0.5878450274467468
20500.0,3,0.0,-4197235.0,8.376140594482422,404.88238525390625,0.00031592941377311945,145108.640625,0.5867149829864502
20500.0,4,0.0,-4197188.0,8.609418869018555,451.8937072753906,0.0011042325058951974,144785.4375,0.5880246758460999
20600.0,0,0.0,-4197381.0,5.483704566955566,246.8103485107422,0.0004052223521284759,145046.421875,0.5869666337966919
20600.0,1,0.0,-4197330.5,6.039863109588623,297.2344970703125,0.00030421558767557144,145390.25,0.5855786204338074
20600.0,2,0.0,-4197288.5,9.411474227905273,350.97845458984375,7.145828567445278e-05,144907.203125,0.5875306129455566
20600.0,3,0.0,-4197235.0,10.410115242004395,402.74774169921875,-0.00012345402501523495,145213.984375,0.5862892270088196
20600.0,4,0.0,-4197182.0,8.20099925994873,448.75018310546875,0.00014165439642965794,144868.15625,0.5876889228820801
20700.0,0,0.0,-4197377.5,4.95006799697876,244.9066162109375,0.0003240525838918984,145122.640625,0.5866583585739136
20700.0,1,0.0,-4197331.0,5.661710739135742,296.1313171386719,8.650904055684805e-05,145487.890625,0.5851855278015137
20700.0,2,0.0,-4197287.5,8.66226577758789,347.5621032714844,-5.5317417718470097e-05,145004.390625,0.5871367454528809
20700.0,3,0.0,-4197240.5,7.472081184387207,400.15625,0.0005399754736572504,145287.96875,0.5859907269477844
20700.0,4,0.0,-4197187.5,9.594718933105469,447.8302917480469,3.654870670288801e-05,144958.546875,0.587322473526001
20800.0,0,0.0,-4197375.5,4.69946813583374,247.34619140625,5.546282045543194e-05,145203.59375,0.5863312482833862
20800.0,1,0.0,-4197333.0,5.62761116027832,295.29779052734375,0.00020775501616299152,145573.890625,0.5848397612571716
20800.0,2,0.0,-4197284.0,10.282395362854004,345.5496826171875,0.0001231214264407754,145098.9375,0.5867541432380676
20800.0,3,0.0,-4197240.5,9.49626350402832,390.2079772949219,-0.0002862608525902033,145359.9375,0.5857006907463074
20800.0,4,0.0,-4197201.5,8.903616905212402,454.44683837890625,-0.0004155099159106612,145047.5,0.5869623422622681
20900.0,0,0.0,-4197378.0,5.250025272369385,254.00103759765625,0.00026449537836015224,145295.453125,0.5859605669975281
20900.0,1,0.0,-4197335.5,4.9666266441345215,295.64794921875,0.00011736818123608828,145654.46875,0.5845164060592651
20900.0,2,0.0,-4197285.5,9.132987976074219,352.1674499511719,0.0006466995691880584,145180.375,0.5864250063896179
20900.0,3,0.0,-4197241.5,9.207679748535156,387.7818908691406,0.0001502267550677061,145442.984375,0.5853661894798279
20900.0,4,0.0,-4197195.5,10.649330139160156,444.81170654296875,2.7442933060228825e-05,145121.875,0.5866614580154419
21000.0,0,0.0,-4197378.0,5.4324631690979,255.7390594482422,0.0002310433774255216,145389.375,0.5855820178985596
21000.0,1,0.0,-4197338.5,5.9041852951049805,298.5013732910156,0.00022164627443999052,145736.9375,0.5841855406761169
21000.0,2,0.0,-4197282.0,8.16259765625,351.9599304199219,0.0003815108211711049,145257.921875,0.5861119627952576
21000.0,3,0.0,-4197244.0,11.64907455444336,395.20855712890625,-5.0054281018674374e-05,145538.375,0.5849825143814087
21000.0,4,0.0,-4197201.5,9.150696754455566,449.6293029785156,0.0014777069445699453,145180.25,0.5864256620407104
21100.0,0,0.0,-4197378.5,4.720108985900879,255.6551513671875,0.000179845723323524,145467.71875,0.5852665901184082
21100.0,1,0.0,-4197337.0,5.405064105987549,300.21014404296875,0.0008234115084633231,145825.53125,0.5838306546211243
21100.0,2,0.0,-4197278.0,8.73355770111084,354.74822998046875,4.7022243961691856e-05,145339.65625,0.5857823491096497
21100.0,3,0.0,-4197239.5,10.956441879272461,403.0303039550781,0.000128098763525486,145630.0,0.5846144556999207
21100.0,4,0.0,-4197197.5,8.467280387878418,447.6498718261719,0.00022083590738475323,145240.28125,0.5861831307411194
21200.0,0,0.0,-4197375.0,5.755026817321777,249.51431274414062,0.0001195954973809421,145528.0,0.5850242376327515
21200.0,1,0.0,-4197335.5,5.444711685180664,303.4234313964844,-4.436774179339409e-05,145917.421875,0.5834629535675049
21200.0,2,0.0,-4197279.5,9.616394996643066,354.6866455078125,-0.0006325284484773874,145426.625,0.5854319930076599
21200.0,3,0.0,-4197234.0,8.124472618103027,401.2237548828125,0.0007778252474963665,145705.4375,0.5843119025230408
21200.0,4,0.0,-4197193.0,10.864181518554688,451.04705810546875,0.00040797702968120575,145331.03125,0.5858170986175537
21300.0,0,0.0,-4197377.5,5.714741230010986,250.21095275878906,-0.00017324578948318958,145586.0625,0.5847908854484558
21300.0,1,0.0,-4197330.0,5.766897201538086,301.71405029296875,-5.185394547879696e-05,146001.828125,0.5831255912780762
21300.0,2,0.0,-4197285.5,7.710690021514893,349.3569641113281,-0.0005491264164447784,145513.453125,0.5850827097892761
21300.0,3,0.0,-4197236.5,7.821758270263672,403.7626647949219,7.111928425729275e-05,145771.59375,0.5840465426445007
21300.0,4,0.0,-4197189.0,9.426764488220215,455.2579040527344,-0.0009369683684781194,145447.03125,0.5853500962257385
21400.0,0,0.0,-4197376.0,5.140108108520508,248.01174926757812,0.00015326670836657286,145673.203125,0.584441065788269
21400.0,1,0.0,-4197330.0,6.892050266265869,302.4246520996094,-0.0002757123438641429,146074.40625,0.5828359723091125
21400.0,2,0.0,-4197285.0,7.6076154708862305,342.02691650390625,0.00023790437262505293,145596.40625,0.5847493410110474
21400.0,3,0.0,-4197231.0,10.164045333862305,395.76788330078125,0.0009066221537068486,145849.4375,0.583734929561615
21400.0,4,0.0,-4197189.5,9.590740203857422,457.7456359863281,0.0007716664113104343,145533.3125,0.5850029587745667
21500.0,0,0.0,-4197376.0,4.995001792907715,247.8075714111328,0.0004324896726757288,145795.09375,0.5839524865150452
21500.0,1,0.0,-4197332.5,5.233646392822266,302.1205139160156,0.00016569485887885094,146143.171875,0.5825616717338562
21500.0,2,0.0,-4197286.0,8.381115913391113,343.44287109375,0.0006670976290479302,145677.96875,0.5844220519065857
21500.0,3,0.0,-4197229.5,10.94189739227295,394.74853515625,9.602261707186699e-05,145963.8125,0.5832774639129639
21500.0,4,0.0,-4197188.5,11.0342435836792,452.0201110839844,-0.0005667096702381968,145595.625,0.5847525596618652
21600.0,0,0.0,-4197376.5,4.8150153160095215,248.2237548828125,0.00011957943206652999,145886.953125,0.5835847854614258
21600.0,1,0.0,-4197339.0,6.2625226974487305,301.0960693359375,0.0003570578992366791,146229.875,0.5822162628173828
21600.0,2,0.0,-4197286.5,7.518617630004883,352.41278076171875,0.00035445683170109987,145761.9375,0.5840852856636047
21600.0,3,0.0,-4197234.0,9.090006828308105,394.9098815917969,0.0005741709610447288,146072.0,0.5828455090522766
21600.0,4,0.0,-4197197.5,9.456228256225586,450.0721130371094,0.0006100725149735808,145659.828125,0.5844948887825012
21700.0,0,0.0,-4197381.5,5.000494480133057,254.3389892578125,0.00013835437130182981,145951.453125,0.5833268761634827
21700.0,1,0.0,-4197337.0,5.857280254364014,293.2029113769531,0.00024856231175363064,146342.515625,0.5817680954933167
21700.0,2,0.0,-4197282.5,7.160937786102295,353.0367431640625,-0.00029904034454375505,145856.234375,0.5837076306343079
21700.0,3,0.0,-4197238.5,8.857794761657715,395.2328796386719,-0.0005108214681968093,146135.9375,0.5825904607772827
21700.0,4,0.0,-4197203.0,8.096566200256348,446.984130859375,0.00020346883684396744,145745.859375,0.5841498374938965
21800.0,0,0.0,-4197376.5,6.2216315269470215,249.67459106445312,0.0002450072788633406,146017.1875,0.5830643177032471
21800.0,1,0.0,-4197338.0,6.649311065673828,294.1771545410156,0.00047840841580182314,146437.96875,0.5813888907432556
21800.0,2,0.0,-4197281.5,9.471453666687012,357.2106628417969,0.0002872718032449484,145951.59375,0.5833263397216797
21800.0,3,0.0,-4197240.5,10.415770530700684,396.9300231933594,0.00023389863781630993,146188.9375,0.5823792219161987
21800.0,4,0.0,-4197198.5,9.097478866577148,441.1065673828125,0.00022161658853292465,145850.0,0.5837326645851135
21900.0,0,0.0,-4197377.0,5.356359481811523,250.67835998535156,8.41040164232254e-05,146101.953125,0.5827260613441467
21900.0,1,0.0,-4197338.5,6.805645942687988,299.0580749511719,0.0001991759054362774,146502.40625,0.5811333060264587
21900.0,2,0.0,-4197277.0,8.754624366760254,353.2776184082031,-0.00016137026250362396,146030.171875,0.5830124616622925
21900.0,3,0.0,-4197240.5,8.133554458618164,397.9751892089844,-0.0004606166621670127,146256.734375,0.5821093320846558
21900.0,4,0.0,-4197196.5,8.89266586303711,449.810791015625,0.0013479739427566528,145941.203125,0.5833678841590881
22000.0,0,0.0,-4197377.5,5.6485490798950195,251.59854125976562,0.00019439193420112133,146202.734375,0.5823243856430054
22000.0,1,0.0,-4197337.5,5.380995273590088,302.08331298828125,0.0004356842255219817,146560.640625,0.5809022784233093
22000.0,2,0.0,-4197285.5,7.836803913116455,354.0100402832031,0.0004065241664648056,146096.953125,0.5827459692955017
22000.0,3,0.0,-4197245.5,8.857327461242676,404.143798828125,0.00016774353571236134,146350.140625,0.581737756729126
22000.0,4,0.0,-4197191.0,8.354511260986328,450.43115234375,-0.00037837738636881113,146016.390625,0.5830674767494202
22100.0,0,0.0,-4197376.5,5.594630718231201,252.12185668945312,5.429831799119711e-05,146294.921875,0.5819573402404785
22100.0,1,0.0,-4197329.5,5.804123401641846,296.208740234375,-0.0002611745148897171,146639.984375,0.5805881023406982
22100.0,2,0.0,-4197285.0,7.700498580932617,346.1556091308594,-0.0002824674593284726,146170.515625,0.582452654838562
22100.0,3,0.0,-4197238.5,7.287346839904785,402.9486389160156,0.0009016511030495167,146449.4375,0.5813433527946472
22100.0,4,0.0,-4197192.0,10.595280647277832,454.82977294921875,-0.0005719284527003765,146091.359375,0.5827683210372925
22200.0,0,0.0,-4197377.5,5.205794334411621,255.1830596923828,-9.154342114925385e-05,146373.109375,0.5816465020179749
22200.0,1,0.0,-4197333.5,6.442900657653809,301.3257751464844,-7.901457138359547e-05,146752.296875,0.5801436305046082
22200.0,2,0.0,-4197281.5,7.815343856811523,342.03765869140625,0.00029565952718257904,146268.90625,0.5820608735084534
22200.0,3,0.0,-4197235.5,10.687685012817383,407.3243713378906,2.67659779638052e-05,146534.953125,0.5810041427612305
22200.0,4,0.0,-4197190.5,9.3137845993042,456.2983093261719,-0.00025462289340794086,146173.640625,0.5824402570724487
22300.0,0,0.0,-4197375.0,5.775468826293945,252.65826416015625,0.00017362611833959818,146449.453125,0.5813432931900024
22300.0,1,0.0,-4197335.0,5.619476318359375,302.2719421386719,3.2492680475115776e-05,146853.40625,0.579744279384613
22300.0,2,0.0,-4197283.5,9.995651245117188,348.4853515625,-0.00014458864461630583,146375.375,0.5816375017166138
22300.0,3,0.0,-4197227.5,9.519659042358398,400.93756103515625,0.0004079436184838414,146611.125,0.5807023048400879
22300.0,4,0.0,-4197192.5,8.48076343536377,455.8531188964844,0.0008371195290237665,146261.890625,0.5820887684822083
22400.0,0,0.0,-4197373.0,4.957812786102295,248.72520446777344,0.0005293312715366483,146533.109375,0.5810114145278931
22400.0,1,0.0,-4197332.0,5.746848106384277,297.73748779296875,0.00016262545250356197,146929.96875,0.5794421434402466
22400.0,2,0.0,-4197285.0,6.940836429595947,351.8523864746094,0.0004473987501114607,146452.9375,0.5813294649124146
22400.0,3,0.0,-4197238.0,9.755772590637207,409.52386474609375,-0.0002554188249632716,146689.6875,0.5803912281990051
22400.0,4,0.0,-4197200.5,9.129035949707031,452.043212890625,0.0009665356483310461,146349.34375,0.5817410349845886
22500.0,0,0.0,-4197378.0,4.9774065017700195,250.60693359375,0.00018135085701942444,146624.28125,0.5806501507759094
22500.0,1,0.0,-4197335.0,5.503585338592529,298.8777770996094,0.0010563875548541546,147003.515625,0.5791521668434143
22500.0,2,0.0,-4197282.0,9.189262390136719,354.8087463378906,9.744928684085608e-05,146510.8125,0.5810997486114502
22500.0,3,0.0,-4197230.5,8.39940357208252,394.8655700683594,-0.0002773719606921077,146779.71875,0.5800352096557617
22500.0,4,0.0,-4197198.0,9.433798789978027,441.5701599121094,0.0004963706014677882,146432.796875,0.5814094543457031
22600.0,0,0.0,-4197379.5,5.122493743896484,248.69847106933594,-8.353870362043381e-05,146713.78125,0.5802959203720093
22600.0,1,0.0,-4197334.5,5.563059329986572,295.88134765625,-0.00010002811904996634,147085.796875,0.5788282752037048
22600.0,2,0.0,-4197279.0,12.570730209350586,352.09014892578125,-0.00047588814049959183,146574.046875,0.5808490514755249
22600.0,3,0.0,-4197237.5,9.046615600585938,395.9875183105469,-0.00022968940902501345,146878.421875,0.5796454548835754
22600.0,4,0.0,-4197197.5,8.048666954040527,443.0118103027344,-3.0736555345356464e-05,146515.296875,0.5810821652412415
22700.0,0,0.0,-4197380.0,5.680164337158203,247.67098999023438,0.00023168936604633927,146799.109375,0.5799586176872253
22700.0,1,0.0,-4197338.0,6.360963344573975,296.9324035644531,0.00021197646856307983,147177.40625,0.5784680247306824
22700.0,2,0.0,-4197280.0,10.591109275817871,351.0616760253906,0.00041048729326575994,146674.53125,0.580451250076294
22700.0,3,0.0,-4197240.0,8.659168243408203,397.33416748046875,0.00034678238444030285,146962.75,0.5793128609657288
22700.0,4,0.0,-4197196.5,8.565717697143555,446.0152282714844,-9.235239122062922e-05,146600.09375,0.580746054649353
22800.0,0,0.0,-4197377.5,6.349308967590332,245.6457977294922,0.0004064796958118677,146883.09375,0.5796270370483398
22800.0,1,0.0,-4197336.5,5.508780002593994,294.76611328125,-3.5068835131824017e-05,147269.59375,0.5781058669090271
22800.0,2,0.0,-4197285.0,7.943746566772461,346.6402893066406,-6.185134407132864e-05,146795.34375,0.5799734592437744
22800.0,3,0.0,-4197242.0,8.606141090393066,400.5039367675781,0.0007981864036992192,147019.078125,0.57909095287323
22800.0,4,0.0,-4197195.5,7.411921977996826,449.00128173828125,0.00015083211474120617,146693.59375,0.5803757905960083
22900.0,0,0.0,-4197375.5,5.539732933044434,248.24874877929688,0.0001176181249320507,146968.03125,0.5792919993400574
22900.0,1,0.0,-4197337.5,5.233006477355957,298.6060791015625,-1.3075652532279491e-05,147353.515625,0.5777766108512878
22900.0,2,0.0,-4197288.5,9.00424861907959,346.8121337890625,0.0009665695251896977,146876.90625,0.579651415348053
22900.0,3,0.0,-4197244.0,10.39813232421875,405.21917724609375,0.00012003106530755758,147066.9375,0.5789024233818054
22900.0,4,0.0,-4197194.0,10.197341918945312,454.4538269042969,-6.270885933190584e-05,146788.234375,0.5800016522407532
23000.0,0,0.0,-4197374.5,5.268007278442383,253.0089569091797,-0.00043603451922535896,147055.203125,0.5789486169815063
23000.0,1,0.0,-4197334.0,5.079769134521484,300.284912109375,0.0002710937988013029,147430.109375,0.5774763822555542
23000.0,2,0.0,-4197285.5,9.350473403930664,345.7540283203125,-0.0008618058636784554,146943.171875,0.5793899893760681
23000.0,3,0.0,-4197240.0,10.220635414123535,406.58355712890625,0.0011735621374100447,147134.625,0.5786361694335938
23000.0,4,0.0,-4197190.5,10.027446746826172,453.8094787597656,-0.00013828242663294077,146867.140625,0.5796900391578674
23100.0,0,0.0,-4197371.0,5.088703632354736,251.37034606933594,0.00019828358199447393,147142.359375,0.5786057114601135
23100.0,1,0.0,-4197334.5,6.346656322479248,306.30279541015625,9.548012167215347e-05,147510.265625,0.5771625638008118
23100.0,2,0.0,-4197285.5,8.581982612609863,351.22735595703125,0.0004088376881554723,147016.59375,0.5791006684303284
23100.0,3,0.0,-4197233.5,9.693614959716797,402.6270446777344,-0.0008977517718449235,147244.484375,0.5782043933868408
23100.0,4,0.0,-4197196.5,9.089934349060059,455.0394592285156,0.0005308878608047962,146933.4375,0.5794284343719482
23200.0,0,0.0,-4197377.5,5.4834489822387695,256.27178955078125,0.0004176436923444271,147225.953125,0.5782772302627563
23200.0,1,0.0,-4197331.0,5.970703601837158,303.5214538574219,0.00045014824718236923,147610.46875,0.5767707228660583
23200.0,2,0.0,-4197282.5,10.127402305603027,351.6119079589844,0.0006486765341833234,147105.34375,0.5787511467933655
23200.0,3,0.0,-4197231.0,8.01503849029541,398.9706726074219,-0.0004010687116533518,147350.84375,0.5777870416641235
23200.0,4,0.0,-4197198.0,11.434528350830078,452.6309509277344,0.0010889864061027765,147005.90625,0.5791428089141846
23300.0,0,0.0,-4197374.0,4.589254856109619,248.10069274902344,6.804522126913071e-05,147305.078125,0.5779665112495422
23300.0,1,0.0,-4197333.0,6.400027751922607,302.7895202636719,-1.3968092389404774e-05,147721.1875,0.5763384699821472
23300.0,2,0.0,-4197276.0,9.859393119812012,352.38995361328125,-7.950759027153254e-05,147202.359375,0.5783698558807373
23300.0,3,0.0,-4197239.0,9.706230163574219,398.5527038574219,0.0002434382913634181,147426.53125,0.5774903297424316
23300.0,4,0.0,-4197201.5,8.006078720092773,448.0544128417969,0.0002446472644805908,147104.703125,0.5787538886070251
23400.0,0,0.0,-4197378.5,5.1065287590026855,250.2021026611328,0.00025156879564747214,147386.84375,0.5776458978652954
23400.0,1,0.0,-4197334.0,5.606868267059326,297.94183349609375,0.000678705982863903,147801.0625,0.5760270357131958
23400.0,2,0.0,-4197277.0,10.034505844116211,353.4026184082031,-4.781526513397694e-06,147289.046875,0.578029453754425
23400.0,3,0.0,-4197242.5,8.528770446777344,391.469970703125,-0.00023447198327630758,147492.703125,0.5772312879562378
23400.0,4,0.0,-4197197.0,9.071043014526367,437.2603759765625,-0.00023316603619605303,147213.8125,0.5783249139785767
23500.0,0,0.0,-4197376.0,5.065637588500977,247.0736083984375,0.00017041689716279507,147480.984375,0.5772771835327148
23500.0,1,0.0,-4197339.0,5.41960334777832,298.42724609375,-0.00033062323927879333,147858.328125,0.5758039951324463
23500.0,2,0.0,-4197279.5,9.347145080566406,348.21636962890625,-0.0003926453646272421,147361.375,0.5777457356452942
23500.0,3,0.0,-4197243.0,9.078715324401855,391.50592041015625,0.0008598491549491882,147570.5625,0.5769267678260803
23500.0,4,0.0,-4197195.0,8.658126831054688,439.05133056640625,-0.0002686544321477413,147292.859375,0.5780144929885864
23600.0,0,0.0,-4197378.5,5.403282642364502,250.6199188232422,-4.0916260331869125e-05,147580.0625,0.5768896341323853
23600.0,1,0.0,-4197335.0,5.639236927032471,292.5482482910156,-0.00022320228163152933,147919.828125,0.5755645036697388
23600.0,2,0.0,-4197283.5,8.44359302520752,345.4051208496094,0.0003801389830186963,147432.1875,0.57746821641922
23600.0,3,0.0,-4197239.5,11.605056762695312,393.77471923828125,0.0006436525145545602,147670.203125,0.5765374898910522
23600.0,4,0.0,-4197195.5,7.488752365112305,456.1480407714844,-0.0007889729458838701,147350.796875,0.5777873396873474
23700.0,0,0.0,-4197376.0,5.46405553817749,248.81903076171875,0.00029283296316862106,147663.25,0.576564610004425
23700.0,1,0.0,-4197337.0,6.29724645614624,297.6378173828125,0.00015796453226357698,148014.703125,0.5751955509185791
23700.0,2,0.0,-4197285.5,8.72634220123291,350.5807800292969,0.0003432129742577672,147524.234375,0.5771079063415527
23700.0,3,0.0,-4197233.0,8.134648323059082,395.78021240234375,0.0004057890037074685,147770.34375,0.5761467814445496
23700.0,4,0.0,-4197183.5,9.179431915283203,457.1369323730469,0.0009388778125867248,147414.140625,0.5775389671325684
23800.0,0,0.0,-4197378.0,5.041707992553711,252.0418701171875,6.556953303515911e-05,147730.578125,0.5763019323348999
23800.0,1,0.0,-4197336.5,6.219693183898926,300.8688659667969,0.0003833615337498486,148131.6875,0.5747413635253906
23800.0,2,0.0,-4197286.0,8.003544807434082,351.6885070800781,0.000617459649220109,147642.796875,0.5766444802284241
23800.0,3,0.0,-4197232.0,9.379913330078125,399.04022216796875,-0.0005558138946071267,147846.8125,0.5758488178253174
23800.0,4,0.0,-4197185.5,8.934571266174316,459.8263244628906,0.0004261080175638199,147512.40625,0.577154278755188
23900.0,0,0.0,-4197378.5,5.003206729888916,252.29043579101562,-0.0002691959962248802,147800.171875,0.5760304927825928
23900.0,1,0.0,-4197332.0,6.246167182922363,298.61102294921875,0.0007856602896936238,148221.703125,0.5743923783302307
23900.0,2,0.0,-4197281.5,7.79718017578125,348.646728515625,-0.0012031937949359417,147731.015625,0.5763001441955566
23900.0,3,0.0,-4197233.5,8.462894439697266,402.0078430175781,-0.0005767256952822208,147904.765625,0.5756232142448425
23900.0,4,0.0,-4197187.0,8.550880432128906,453.6900634765625,0.0008889620658010244,147631.921875,0.5766870379447937
24000.0,0,0.0,-4197379.5,5.26066255569458,251.5862579345703,0.00031734321964904666,147897.125,0.5756528973579407
24000.0,1,0.0,-4197334.5,5.464326858520508,302.1705627441406,-4.579336382448673e-05,148293.875,0.5741128921508789
24000.0,2,0.0,-4197282.5,7.059016227722168,354.59735107421875,0.00021717313211411238,147785.59375,0.576087236404419
24000.0,3,0.0,-4197233.0,8.292593002319336,402.5284729003906,5.6095654144883156e-05,147961.875,0.5754009485244751
24000.0,4,0.0,-4197193.5,10.647976875305176,449.96002197265625,-0.00010413373820483685,147715.453125,0.5763609409332275
24100.0,0,0.0,-4197381.0,5.146325588226318,248.04910278320312,0.0006229763384908438,148014.84375,0.5751950740814209
24100.0,1,0.0,-4197331.5,5.657397270202637,298.8320617675781,0.0003674063482321799,148369.453125,0.5738204121589661
24100.0,2,0.0,-4197279.0,14.075003623962402,350.04534912109375,0.0004155535716563463,147838.953125,0.5758793950080872
24100.0,3,0.0,-4197234.5,9.048787117004395,401.1253967285156,0.0004903476219624281,148059.0625,0.5750232934951782
24100.0,4,0.0,-4197198.5,8.823164939880371,449.5811462402344,-6.444554310292006e-05,147781.125,0.5761047601699829
24200.0,0,0.0,-4197383.0,5.0205159187316895,246.16650390625,0.00013257062528282404,148098.265625,0.5748710632324219
24200.0,1,0.0,-4197337.0,6.14996337890625,304.444580078125,0.00011423032265156507,148457.171875,0.5734813809394836
24200.0,2,0.0,-4197283.0,8.67605209350586,350.5010070800781,-0.00039352511521428823,147915.0625,0.5755831003189087
24200.0,3,0.0,-4197239.5,12.230657577514648,399.3642578125,0.0011748002143576741,148188.421875,0.5745213031768799
24200.0,4,0.0,-4197198.0,7.838789939880371,448.0555114746094,-0.00028474023565649986,147853.078125,0.5758243799209595
24300.0,0,0.0,-4197381.0,5.405290126800537,244.79930114746094,-3.640865907073021e-05,148154.53125,0.5746527910232544
24300.0,1,0.0,-4197332.0,6.400555610656738,297.9331970214844,-2.1445797756314278e-05,148552.515625,0.573113203048706
24300.0,2,0.0,-4197282.0,7.77182149887085,344.46356201171875,0.0002225677017122507,148016.46875,0.5751887559890747
24300.0,3,0.0,-4197242.0,10.72437858581543,396.9184875488281,6.70761801302433e-06,148272.4375,0.5741957426071167
24300.0,4,0.0,-4197194.5,8.265897750854492,445.4004821777344,-0.0007239290280267596,147939.75,0.5754870772361755
24400.0,0,0.0,-4197377.0,6.024013996124268,246.67288208007812,0.00014695071149617434,148213.609375,0.5744236707687378
24400.0,1,0.0,-4197335.5,5.384965896606445,300.74462890625,-0.00012359453830868006,148642.703125,0.5727654099464417
24400.0,2,0.0,-4197285.5,8.653382301330566,344.2333068847656,-0.00046943407505750656,148112.859375,0.5748143792152405
24400.0,3,0.0,-4197238.0,8.656758308410645,394.6900939941406,-0.0003548259846866131,148333.015625,0.5739612579345703
24400.0,4,0.0,-4197192.5,7.617877960205078,450.4586181640625,0.0005600019358098507,148037.6875,0.5751063227653503
24500.0,0,0.0,-4197375.5,4.553717136383057,251.62213134765625,0.00020104669965803623,148298.203125,0.5740960240364075
24500.0,1,0.0,-4197337.0,5.373021602630615,301.1315612792969,0.00026003550738096237,148724.078125,0.5724522471427917
24500.0,2,0.0,-4197287.0,7.507601737976074,341.9869079589844,0.0009133004350587726,148194.5,0.5744976997375488
24500.0,3,0.0,-4197240.0,9.906188011169434,399.92730712890625,-7.062091026455164e-05,148399.546875,0.573703944683075
24500.0,4,0.0,-4197190.5,10.022727966308594,454.83538818359375,0.000642146565951407,148127.90625,0.5747560858726501
24600.0,0,0.0,-4197372.0,5.387497901916504,249.33859252929688,0.00025333877420052886,148401.46875,0.573696494102478
24600.0,1,0.0,-4197335.0,5.004613399505615,297.74578857421875,0.0008484976133331656,148803.375,0.572147011756897
24600.0,2,0.0,-4197283.0,8.348583221435547,342.5802001953125,0.00032368593383580446,148270.65625,0.5742025971412659
24600.0,3,0.0,-4197237.5,9.303818702697754,400.2890930175781,-1.3195909559726715e-05,148493.984375,0.5733391046524048
24600.0,4,0.0,-4197187.5,9.37623405456543,455.0390930175781,0.000999195734038949,148202.953125,0.5744650363922119
24700.0,0,0.0,-4197374.0,5.011661052703857,250.6617889404297,0.00020620471332222223,148495.640625,0.5733327269554138
24700.0,1,0.0,-4197335.0,6.2550249099731445,296.61309814453125,-6.675696931779385e-05,148895.203125,0.5717941522598267
24700.0,2,0.0,-4197279.0,10.23161792755127,350.3455810546875,-0.0006505768978968263,148354.390625,0.5738785862922668
24700.0,3,0.0,-4197232.5,9.62524127960205,401.4621887207031,-0.00040414032991975546,148604.234375,0.5729137063026428
24700.0,4,0.0,-4197189.0,8.707104682922363,450.8194580078125,-0.00012636661995202303,148273.25,0.5741926431655884
24800.0,0,0.0,-4197376.0,5.189226150512695,250.0713348388672,-4.311918746680021e-05,148577.75,0.5730158686637878
24800.0,1,0.0,-4197333.0,6.156142711639404,295.4425964355469,0.00028099946212023497,149014.03125,0.5713382363319397
24800.0,2,0.0,-4197273.0,8.997069358825684,354.5124816894531,-0.0002493918873369694,148449.890625,0.5735093355178833
24800.0,3,0.0,-4197229.5,8.236200332641602,401.1529846191406,0.00020791764836758375,148690.703125,0.5725806355476379
24800.0,4,0.0,-4197197.0,8.136343002319336,446.6011047363281,0.0004799275193363428,148358.890625,0.5738612413406372
24900.0,0,0.0,-4197380.5,4.928386688232422,251.40203857421875,0.0002041736152023077,148657.1875,0.5727096796035767
24900.0,1,0.0,-4197337.0,5.949131965637207,302.2413330078125,-0.0002335505560040474,149113.75,0.5709560513496399
24900.0,2,0.0,-4197280.0,8.936495780944824,362.84393310546875,0.00015874707605689764,148544.421875,0.5731444358825684
24900.0,3,0.0,-4197236.5,10.380764961242676,404.774658203125,0.0010308236815035343,148756.71875,0.5723264813423157
24900.0,4,0.0,-4197199.5,11.343396186828613,443.6475524902344,0.00015306752175092697,148473.03125,0.5734200477600098
25000.0,0,0.0,-4197382.5,4.856017112731934,250.74893188476562,0.00023507839068770409,148743.453125,0.5723775029182434
25000.0,1,0.0,-4197329.0,5.924966335296631,297.6929626464844,0.0001351347891613841,149176.203125,0.5707171559333801
25000.0,2,0.0,-4197277.5,8.741427421569824,352.8631591796875,0.0010849806712940335,148616.265625,0.5728672742843628
25000.0,3,0.0,-4197240.5,9.400674819946289,400.51690673828125,0.00047794345300644636,148824.546875,0.5720655918121338
25000.0,4,0.0,-4197196.5,10.81499195098877,445.2684020996094,0.00019639008678495884,148572.359375,0.5730366706848145
25100.0,0,0.0,-4197378.5,5.589470386505127,245.43934631347656,8.785660611465573e-05,148839.859375,0.5720067620277405
25100.0,1,0.0,-4197331.0,5.964942932128906,303.3168640136719,6.19726488366723e-05,149232.765625,0.5705007910728455
25100.0,2,0.0,-4197280.0,8.97188663482666,349.3573913574219,-0.00018641259521245956,148667.6875,0.5726692080497742
25100.0,3,0.0,-4197242.0,9.009594917297363,398.17840576171875,0.0007405262440443039,148919.234375,0.5717020034790039
25100.0,4,0.0,-4197193.5,8.074350357055664,448.5801696777344,1.3728509657084942e-05,148632.703125,0.5728039741516113
25200.0,0,0.0,-4197380.5,5.560772895812988,250.2670135498047,-9.412562940269709e-05,148934.40625,0.5716436505317688
25200.0,1,0.0,-4197334.0,5.233102798461914,306.5387268066406,0.0001278796698898077,149310.53125,0.5702036619186401
25200.0,2,0.0,-4197282.5,8.512388229370117,350.5656433105469,0.00021270103752613068,148721.703125,0.5724611282348633
25200.0,3,0.0,-4197242.5,7.94617223739624,397.2309875488281,-0.001424429239705205,149040.03125,0.5712385773658752
25200.0,4,0.0,-4197194.5,9.178749084472656,455.6768493652344,-0.00018272968009114265,148683.234375,0.5726093649864197
25300.0,0,0.0,-4197373.0,5.224623203277588,248.9122772216797,1.1446885764598846e-05,149009.671875,0.5713549256324768
25300.0,1,0.0,-4197334.5,6.122297763824463,303.574951171875,0.0005106155294924974,149421.765625,0.5697792172431946
25300.0,2,0.0,-4197280.0,10.3091459274292,346.19305419921875,-0.0003677430795505643,148812.3125,0.5721126198768616
25300.0,3,0.0,-4197240.5,8.663415908813477,397.60150146484375,-0.00027757836505770683,149119.46875,0.5709342360496521
25300.0,4,0.0,-4197187.5,8.510002136230469,454.6341247558594,0.00038619665428996086,148751.84375,0.5723451972007751
25400.0,0,0.0,-4197374.0,4.979326248168945,255.76412963867188,0.0002999045536853373,149068.59375,0.5711290836334229
25400.0,1,0.0,-4197333.5,6.006647109985352,295.48095703125,-4.668114706873894e-05,149525.046875,0.5693855881690979
25400.0,2,0.0,-4197279.0,7.917073726654053,344.1642761230469,0.0005952520878054202,148932.140625,0.571652352809906
25400.0,3,0.0,-4197237.5,10.571840286254883,400.2650146484375,0.00040707027073949575,149158.671875,0.5707841515541077
25400.0,4,0.0,-4197190.0,7.346527576446533,455.1537780761719,-0.0003947463119402528,148853.046875,0.5719561576843262
25500.0,0,0.0,-4197374.5,5.752381324768066,256.20440673828125,0.0001698193373158574,149131.84375,0.5708869099617004
25500.0,1,0.0,-4197338.5,6.246696472167969,295.9604187011719,0.0005092327482998371,149601.65625,0.569094181060791
25500.0,2,0.0,-4197280.5,9.286865234375,351.9752197265625,6.268371362239122e-05,149022.875,0.5713042616844177
25500.0,3,0.0,-4197237.5,12.723390579223633,402.1065368652344,0.0006802233401685953,149197.6875,0.5706349015235901
25500.0,4,0.0,-4197184.0,11.26699161529541,440.7681579589844,0.00029910134617239237,148955.59375,0.5715624690055847
25600.0,0,0.0,-4197376.5,6.2167534828186035,254.9369354248047,0.00014618149725720286,149232.046875,0.5705035328865051
25600.0,1,0.0,-4197340.0,7.332988739013672,297.8153076171875,-0.0002653608098626137,149671.84375,0.5688271522521973
25600.0,2,0.0,-4197277.0,8.673723220825195,348.4969482421875,-0.0007841374026611447,149091.75,0.5710403323173523
25600.0,3,0.0,-4197237.5,9.925332069396973,403.52734375,0.000705552869476378,149256.25,0.570410966873169
25600.0,4,0.0,-4197198.5,9.298893928527832,442.3943176269531,-0.00037784886080771685,149040.640625,0.571236252784729
25700.0,0,0.0,-4197375.0,4.919891357421875,250.2580108642578,3.1289528124034405e-05,149353.46875,0.5700397491455078
25700.0,1,0.0,-4197338.5,5.144777774810791,301.1715087890625,-0.00037021725438535213,149753.890625,0.5685155987739563
25700.0,2,0.0,-4197280.5,8.531229972839355,349.5283203125,6.088393274694681e-05,149162.6875,0.5707687735557556
25700.0,3,0.0,-4197235.5,12.006490707397461,399.32550048828125,0.00030221277847886086,149346.515625,0.5700662136077881
25700.0,4,0.0,-4197199.0,10.314103126525879,439.7870788574219,0.00025321298744529486,149117.53125,0.570941686630249
25800.0,0,0.0,-4197375.0,5.923486709594727,247.5971221923828,0.0002846033312380314,149438.40625,0.5697156190872192
25800.0,1,0.0,-4197332.0,6.260056495666504,298.87518310546875,0.00017953664064407349,149851.578125,0.5681449174880981
25800.0,2,0.0,-4197288.0,8.470537185668945,355.21649169921875,0.000554792582988739,149251.65625,0.5704285502433777
25800.0,3,0.0,-4197235.0,8.562689781188965,397.7699279785156,0.0005608621286228299,149452.765625,0.5696609616279602
25800.0,4,0.0,-4197197.5,8.80821704864502,443.5445251464844,0.0003006885526701808,149199.296875,0.570628821849823
25900.0,0,0.0,-4197375.5,4.970479965209961,246.58055114746094,0.0004913019947707653,149503.40625,0.5694680213928223
25900.0,1,0.0,-4197336.0,5.619512557983398,305.22705078125,0.0004374778363853693,149948.375,0.5677781701087952
25900.0,2,0.0,-4197284.5,9.294750213623047,345.5138244628906,0.0013143719406798482,149354.375,0.5700362324714661
25900.0,3,0.0,-4197238.5,9.960128784179688,400.1213073730469,-0.0007135317428037524,149542.375,0.5693196654319763
25900.0,4,0.0,-4197194.0,9.747170448303223,448.83197021484375,0.000739988056011498,149292.828125,0.5702713131904602
26000.0,0,0.0,-4197377.0,4.899381160736084,248.16819763183594,-6.63090031594038e-06,149574.203125,0.569198489189148
26000.0,1,0.0,-4197328.5,5.9135847091674805,297.2105712890625,0.0007057921611703932,150035.546875,0.5674482583999634
26000.0,2,0.0,-4197284.0,12.370253562927246,342.06414794921875,-0.0005474059144034982,149444.9375,0.5696908235549927
26000.0,3,0.0,-4197236.0,9.687816619873047,393.95751953125,0.00012927548959851265,149613.109375,0.5690504312515259
26000.0,4,0.0,-4197191.0,10.005962371826172,451.0226745605469,0.000299368635751307,149390.234375,0.5698993802070618
26100.0,0,0.0,-4197376.0,4.747806072235107,248.37551879882812,-1.7676735296845436e-05,149665.21875,0.5688523054122925
26100.0,1,0.0,-4197334.5,5.966577053070068,302.9176025390625,-8.425069972872734e-05,150118.609375,0.5671342611312866
26100.0,2,0.0,-4197290.0,10.068548202514648,352.94537353515625,-0.0001736914273351431,149515.453125,0.5694221258163452
26100.0,3,0.0,-4197241.0,9.737157821655273,392.2629089355469,-0.000627672066912055,149683.09375,0.5687843561172485
26100.0,4,0.0,-4197195.0,11.368590354919434,459.5405578613281,0.00027462001889944077,149470.625,0.5695930123329163
26200.0,0,0.0,-4197378.0,4.865557670593262,253.03306579589844,-2.2813677787780762e-05,149766.609375,0.5684671998023987
26200.0,1,0.0,-4197334.0,6.0781121253967285,300.67559814453125,0.00039240310434252024,150204.765625,0.5668089389801025
26200.0,2,0.0,-4197280.5,7.950826644897461,351.3360290527344,-0.0007152468897402287,149576.875,0.5691882371902466
26200.0,3,0.0,-4197241.5,9.886232376098633,391.1801452636719,0.0006083518965169787,149774.796875,0.5684362053871155
26200.0,4,0.0,-4197191.0,8.14936637878418,453.9443664550781,0.0005564104067161679,149529.5625,0.5693684220314026
26300.0,0,0.0,-4197375.0,5.876007080078125,253.416748046875,0.00018386240117251873,149857.8125,0.5681212544441223
26300.0,1,0.0,-4197333.0,6.053102493286133,296.9657897949219,-0.00030491873621940613,150294.3125,0.5664712190628052
26300.0,2,0.0,-4197277.5,8.866535186767578,358.0908508300781,0.0006763746496289968,149655.90625,0.5688876509666443
26300.0,3,0.0,-4197245.0,8.712878227233887,400.94189453125,0.0008842978859320283,149890.390625,0.5679978132247925
26300.0,4,0.0,-4197192.5,8.655762672424316,453.5310363769531,-0.0004947592969983816,149583.421875,0.5691635012626648
26400.0,0,0.0,-4197372.5,5.281428337097168,253.30709838867188,-1.1664815247058868e-07,149938.65625,0.5678149461746216
26400.0,1,0.0,-4197336.0,5.634157657623291,298.2582702636719,-9.216601029038429e-05,150384.1875,0.5661327242851257
26400.0,2,0.0,-4197270.0,9.195813179016113,351.2616882324219,0.0002038265811279416,149783.1875,0.5684042572975159
26400.0,3,0.0,-4197239.5,8.762039184570312,402.5169677734375,0.00021540618035942316,149981.078125,0.5676543116569519
26400.0,4,0.0,-4197190.0,9.33088493347168,441.9182434082031,-0.00023294042330235243,149664.296875,0.5688560009002686
26500.0,0,0.0,-4197373.5,5.15994930267334,253.61199951171875,0.00027227355167269707,150019.578125,0.5675086379051208
26500.0,1,0.0,-4197334.5,6.1828179359436035,296.2765808105469,0.0003144294023513794,150472.359375,0.5658009052276611
26500.0,2,0.0,-4197277.0,9.155027389526367,353.94970703125,-0.0005375461187213659,149887.96875,0.5680069327354431
26500.0,3,0.0,-4197232.0,8.370439529418945,402.6411437988281,-2.313393633812666e-05,150037.125,0.5674422383308411
26500.0,4,0.0,-4197197.5,9.783478736877441,444.92987060546875,-0.0006106733344495296,149786.90625,0.5683902502059937
26600.0,0,0.0,-4197374.0,5.194299697875977,248.91233825683594,0.00026178581174463034,150106.859375,0.5671786665916443
26600.0,1,0.0,-4197332.5,5.903323650360107,297.2956237792969,5.2244169637560844e-05,150556.28125,0.5654855370521545
26600.0,2,0.0,-4197277.5,8.70213508605957,348.3766784667969,-0.00012567790690809488,149952.71875,0.5677616000175476
26600.0,3,0.0,-4197237.0,8.874656677246094,411.0379943847656,-0.0009951425017789006,150087.484375,0.5672518610954285
26600.0,4,0.0,-4197195.5,8.606422424316406,439.5472106933594,-0.00014165614265948534,149886.84375,0.5680113434791565
26700.0,0,0.0,-4197379.5,4.856842517852783,248.71339416503906,-0.00014034600462764502,150198.859375,0.5668312907218933
26700.0,1,0.0,-4197335.0,5.4973530769348145,307.0495300292969,0.0005649944650940597,150639.75,0.5651722550392151
26700.0,2,0.0,-4197277.0,7.969992637634277,344.4494323730469,-0.00022034253925085068,150013.140625,0.567533016204834
26700.0,3,0.0,-4197235.5,8.326706886291504,409.6127014160156,0.0005390954902395606,150161.71875,0.5669714212417603
26700.0,4,0.0,-4197202.0,9.350544929504395,448.7830810546875,0.0006947768852114677,149956.890625,0.5677459239959717
26800.0,0,0.0,-4197380.5,4.890077114105225,247.5838623046875,0.0003833830123767257,150288.9375,0.5664914846420288
26800.0,1,0.0,-4197328.0,5.476222038269043,303.9295959472656,0.0002563830930739641,150730.75,0.5648310780525208
26800.0,2,0.0,-4197283.5,8.426741600036621,351.0671081542969,0.000730734842363745,150094.125,0.5672267079353333
26800.0,3,0.0,-4197239.0,9.38070011138916,403.8582763671875,-0.00010200974065810442,150272.0625,0.5665550827980042
26800.0,4,0.0,-4197191.5,12.480209350585938,449.7358703613281,-3.4413766115903854e-05,150025.125,0.5674876570701599
26900.0,0,0.0,-4197377.5,4.715005874633789,246.48611450195312,6.0169724747538567e-05,150376.03125,0.5661634802818298
26900.0,1,0.0,-4197330.5,5.477638244628906,305.61865234375,0.00013280007988214493,150829.203125,0.564462423324585
26900.0,2,0.0,-4197276.5,8.762887954711914,346.4961853027344,-0.00048652326222509146,150203.328125,0.5668143630027771
26900.0,3,0.0,-4197238.0,9.008997917175293,400.2995910644531,-0.00023227999918162823,150375.15625,0.5661667585372925
26900.0,4,0.0,-4197186.0,10.522509574890137,457.4346618652344,0.0003795986995100975,150110.25,0.5671658515930176
27000.0,0,0.0,-4197375.5,5.225861549377441,248.48167419433594,-3.7499237805604935e-05,150462.953125,0.5658363699913025
27000.0,1,0.0,-4197333.5,5.036263942718506,302.7969055175781,-0.000424817088060081,150920.90625,0.5641193389892578
27000.0,2,0.0,-4197276.0,9.253754615783691,348.40948486328125,-0.0004749618237838149,150303.3125,0.5664372444152832
27000.0,3,0.0,-4197230.5,9.43057918548584,391.29534912109375,-0.00023297453299164772,150459.3125,0.565850019454956
27000.0,4,0.0,-4197185.5,10.531333923339844,459.80926513671875,0.0006252727471292019,150212.28125,0.5667806267738342
27100.0,0,0.0,-4197377.0,4.7759690284729,254.1004180908203,-8.690252434462309e-05,150550.3125,0.5655080676078796
27100.0,1,0.0,-4197336.0,5.577730655670166,299.7771911621094,-5.079840775579214e-05,150998.890625,0.5638280510902405
27100.0,2,0.0,-4197283.0,8.097426414489746,353.56787109375,0.0004761751042678952,150377.234375,0.5661588907241821
27100.0,3,0.0,-4197235.5,8.958210945129395,397.1394958496094,0.001283013029024005,150536.03125,0.5655617713928223
27100.0,4,0.0,-4197184.5,10.238184928894043,455.122802734375,0.0004853570135310292,150306.640625,0.5664248466491699
27200.0,0,0.0,-4197375.0,5.3028740882873535,252.74549865722656,0.0002656984725035727,150638.453125,0.5651771426200867
27200.0,1,0.0,-4197332.5,5.781220436096191,293.96917724609375,0.0004021359491162002,151074.0,0.5635477900505066
27200.0,2,0.0,-4197282.5,9.785158157348633,350.5814208984375,0.000622052582912147,150444.359375,0.565906286239624
27200.0,3,0.0,-4197225.0,8.60702896118164,387.671142578125,0.0008756720344536006,150619.203125,0.5652493834495544
27200.0,4,0.0,-4197190.5,8.63027572631836,451.05255126953125,-3.8887374103069305e-06,150383.328125,0.5661359429359436
27300.0,0,0.0,-4197373.0,5.798329830169678,249.30897521972656,0.00029970984905958176,150726.1875,0.5648481249809265
27300.0,1,0.0,-4197337.5,5.668049335479736,300.72808837890625,2.9688701033592224e-05,151163.84375,0.5632127523422241
27300.0,2,0.0,-4197281.5,10.172162055969238,346.4722900390625,0.00013926869723945856,150525.875,0.5655996799468994
27300.0,3,0.0,-4197235.0,9.173714637756348,401.2684020996094,-0.0006290484452620149,150716.53125,0.56488436460495
27300.0,4,0.0,-4197195.5,9.5116605758667,451.2149353027344,0.00011642440222203732,150454.046875,0.5658698081970215
27400.0,0,0.0,-4197372.0,5.138715744018555,246.24893188476562,-5.074799992144108e-05,150813.234375,0.5645220875740051
27400.0,1,0.0,-4197330.5,5.789524078369141,295.71356201171875,0.0004997128271497786,151274.328125,0.5628013610839844
27400.0,2,0.0,-4197289.5,8.396941184997559,351.7612609863281,-0.0002638541627675295,150634.46875,0.5651920437812805
27400.0,3,0.0,-4197231.5,8.84320068359375,397.6321716308594,-0.0007341731106862426,150816.484375,0.564509928226471
27400.0,4,0.0,-4197190.5,8.78161907196045,443.87408447265625,-0.0003645935794338584,150546.890625,0.5655208826065063
27500.0,0,0.0,-4197376.0,5.248959064483643,249.43832397460938,0.0005165147595107555,150898.75,0.5642021298408508
27500.0,1,0.0,-4197330.5,6.276697158813477,298.4388732910156,0.0003331758198328316,151371.6875,0.562439501285553
27500.0,2,0.0,-4197283.5,8.210749626159668,348.2619934082031,-0.00011147349141538143,150736.546875,0.564809262752533
27500.0,3,0.0,-4197236.5,8.432005882263184,402.3341369628906,-0.0005536621902137995,150897.03125,0.5642086863517761
27500.0,4,0.0,-4197191.5,8.507014274597168,444.77349853515625,0.00026130618061870337,150692.453125,0.5649746656417847
27600.0,0,0.0,-4197375.5,4.839908599853516,247.82444763183594,0.00013992562890052795,150985.921875,0.5638765096664429
27600.0,1,0.0,-4197331.5,5.44410514831543,300.3951721191406,0.0006341446423903108,151438.15625,0.5621925592422485
27600.0,2,0.0,-4197276.0,8.239633560180664,347.1380920410156,-8.223822806030512e-05,150789.6875,0.5646102428436279
27600.0,3,0.0,-4197236.5,8.877850532531738,394.81787109375,0.0009977099252864718,150959.875,0.5639737844467163
27600.0,4,0.0,-4197196.5,8.805171966552734,454.314697265625,0.00038291432429105043,150787.625,0.5646180510520935
27700.0,0,0.0,-4197377.0,4.918023586273193,249.54672241210938,0.00019353826064616442,151077.671875,0.5635340213775635
27700.0,1,0.0,-4197333.0,6.394515037536621,301.5560302734375,-0.00043429085053503513,151494.890625,0.5619819760322571
27700.0,2,0.0,-4197277.0,9.83964729309082,356.83380126953125,0.000787559780292213,150820.59375,0.5644945502281189
27700.0,3,0.0,-4197241.5,8.742508888244629,396.7060241699219,0.0002481458941474557,151024.875,0.5637310147285461
27700.0,4,0.0,-4197190.0,9.544817924499512,451.3101501464844,-2.5161076337099075e-05,150846.5625,0.5643975734710693
27800.0,0,0.0,-4197377.0,5.334878444671631,249.74534606933594,-7.865740917623043e-05,151169.875,0.5631902813911438
27800.0,1,0.0,-4197330.5,6.55435037612915,298.3786926269531,-0.0003660742659121752,151572.09375,0.5616958141326904
27800.0,2,0.0,-4197273.0,9.629874229431152,358.3287658691406,-0.00015423365402966738,150858.09375,0.5643542408943176
27800.0,3,0.0,-4197243.0,10.585121154785156,396.4820556640625,0.00010809698142111301,151126.90625,0.5633504390716553
27800.0,4,0.0,-4197188.5,9.434606552124023,456.08172607421875,0.00035168940667063,150909.9375,0.5641604065895081
27900.0,0,0.0,-4197375.0,5.32448148727417,247.64663696289062,-0.00017396220937371254,151256.84375,0.5628664493560791
27900.0,1,0.0,-4197333.5,5.76041316986084,300.9601745605469,0.0003733717603608966,151697.359375,0.5612319111824036
27900.0,2,0.0,-4197273.5,8.411018371582031,353.2847900390625,-0.00011170166544616222,150919.765625,0.5641236305236816
27900.0,3,0.0,-4197238.5,8.152369499206543,392.4408874511719,7.317936979234219e-05,151253.953125,0.5628772377967834
27900.0,4,0.0,-4197182.0,9.232030868530273,449.5709533691406,0.0006264586700126529,151000.28125,0.5638228058815002
28000.0,0,0.0,-4197377.5,5.033966541290283,251.0929718017578,0.0004428013926371932,151338.53125,0.5625626444816589
28000.0,1,0.0,-4197333.5,5.208752632141113,300.27703857421875,0.00016615213826298714,151808.171875,0.5608223676681519
28000.0,2,0.0,-4197278.0,9.62331771850586,349.8311767578125,-0.0001158248633146286,151011.703125,0.5637801289558411
28000.0,3,0.0,-4197237.5,7.566323757171631,399.7373046875,0.00012209091801196337,151338.90625,0.5625612735748291
28000.0,4,0.0,-4197185.5,9.599254608154297,444.78399658203125,-0.0003174471203237772,151111.8125,0.563406765460968
28100.0,0,0.0,-4197377.0,5.538517475128174,250.8845672607422,0.0001663935836404562,151423.15625,0.5622482895851135
28100.0,1,0.0,-4197331.0,5.575278282165527,298.35693359375,0.0007130138692446053,151886.84375,0.5605317950248718
28100.0,2,0.0,-4197277.5,11.138692855834961,346.61212158203125,-0.0001287099439650774,151116.46875,0.5633893609046936
28100.0,3,0.0,-4197234.5,11.036652565002441,406.98779296875,0.0008064942085184157,151403.15625,0.5623225569725037
28100.0,4,0.0,-4197197.0,9.59130573272705,445.71087646484375,0.00043909798841923475,151203.890625,0.5630636215209961
28200.0,0,0.0,-4197376.5,5.576577186584473,250.67120361328125,0.0005234346026554704,151517.75,0.5618972182273865
28200.0,1,0.0,-4197333.0,5.441022872924805,300.5635681152344,0.0004672359791584313,151962.59375,0.5602524876594543
28200.0,2,0.0,-4197285.5,7.6760149002075195,355.0583190917969,-0.0002810826990753412,151205.78125,0.5630565285682678
28200.0,3,0.0,-4197229.5,8.00257682800293,404.1030578613281,-0.0010571203893050551,151474.25,0.5620586276054382
28200.0,4,0.0,-4197192.5,11.066173553466797,438.66546630859375,-1.3045966625213623e-05,151273.21875,0.5628055334091187
28300.0,0,0.0,-4197374.5,4.827442646026611,248.1048126220703,-4.410604014992714e-05,151616.828125,0.5615301728248596
28300.0,1,0.0,-4197332.0,5.914771556854248,299.24053955078125,0.00030588265508413315,152049.21875,0.5599331855773926
28300.0,2,0.0,-4197282.5,9.650973320007324,351.9438171386719,-0.00020835117902606726,151278.265625,0.5627867579460144
28300.0,3,0.0,-4197237.0,7.320938587188721,408.18719482421875,-0.00041442294605076313,151564.921875,0.5617223978042603
28300.0,4,0.0,-4197195.5,8.342862129211426,445.93402099609375,0.0005608383798971772,151341.1875,0.562552809715271
28400.0,0,0.0,-4197376.0,5.673954963684082,249.8479766845703,0.000104661681689322,151703.6875,0.5612086057662964
28400.0,1,0.0,-4197331.5,5.5177998542785645,298.7123107910156,-0.0002146586775779724,152148.34375,0.5595684051513672
28400.0,2,0.0,-4197285.0,7.910192012786865,355.6521911621094,0.0006361318519338965,151350.6875,0.5625174641609192
28400.0,3,0.0,-4197238.0,10.041580200195312,408.9814758300781,0.00046105997171252966,151666.140625,0.561347484588623
28400.0,4,0.0,-4197195.5,7.929132461547852,453.26031494140625,0.000186996185220778,151433.359375,0.5622104406356812
28500.0,0,0.0,-4197374.0,5.5931715965271,247.4890899658203,2.3034983314573765e-05,151774.5625,0.5609464645385742
28500.0,1,0.0,-4197332.0,6.405282020568848,298.703125,1.2654811143875122e-05,152244.78125,0.5592139363288879
28500.0,2,0.0,-4197275.0,9.593596458435059,346.030029296875,0.00022654025815427303,151443.9375,0.5621711015701294
28500.0,3,0.0,-4197237.0,8.528984069824219,403.69256591796875,0.0005968902260065079,151757.640625,0.5610090494155884
28500.0,4,0.0,-4197191.0,8.361199378967285,459.9184265136719,-7.912982255220413e-06,151556.15625,0.5617549419403076
28600.0,0,0.0,-4197377.0,5.1238555908203125,250.58563232421875,-0.0002099055564031005,151844.484375,0.5606881976127625
28600.0,1,0.0,-4197332.0,7.117982864379883,297.91229248046875,-7.435865700244904e-05,152326.390625,0.5589144825935364
28600.0,2,0.0,-4197276.0,9.28132438659668,349.41094970703125,0.0005779837374575436,151558.1875,0.5617473125457764
28600.0,3,0.0,-4197235.0,8.761812210083008,398.6772155761719,0.0005581226432695985,151836.890625,0.5607162117958069
28600.0,4,0.0,-4197184.0,12.55507755279541,454.635986328125,-0.00017506710719317198,151645.34375,0.5614244937896729
28700.0,0,0.0,-4197378.5,5.1524505615234375,251.90411376953125,-4.737405106425285e-06,151940.09375,0.5603353381156921
28700.0,1,0.0,-4197334.0,6.309319496154785,300.0114440917969,-9.965593926608562e-05,152398.1875,0.5586510300636292
28700.0,2,0.0,-4197277.5,9.277036666870117,348.26422119140625,-0.00018982600886374712,151648.34375,0.5614132285118103
28700.0,3,0.0,-4197233.5,10.266241073608398,397.1808776855469,-0.000630141468718648,151915.578125,0.5604257583618164
28700.0,4,0.0,-4197186.5,8.971997261047363,452.72149658203125,-0.00041243783198297024,151692.390625,0.5612504482269287
28800.0,0,0.0,-4197377.0,5.023416042327881,250.92726135253906,-4.978780634701252e-05,152062.78125,0.5598832964897156
28800.0,1,0.0,-4197333.0,5.447667121887207,299.027587890625,0.000769804697483778,152479.1875,0.5583542585372925
28800.0,2,0.0,-4197285.5,8.8960599899292,351.42523193359375,-0.0007371786050498486,151706.03125,0.5611999034881592
28800.0,3,0.0,-4197232.0,11.221274375915527,395.9095153808594,-0.00041996734216809273,152010.796875,0.5600748062133789
28800.0,4,0.0,-4197192.0,9.531157493591309,451.1877746582031,3.247044514864683e-05,151736.390625,0.5610876679420471
28900.0,0,0.0,-4197377.5,4.774839878082275,251.54754638671875,0.000696828996296972,152154.09375,0.5595473647117615
28900.0,1,0.0,-4197334.5,6.560452461242676,302.188720703125,0.00022260239347815514,152597.03125,0.5579229593276978
28900.0,2,0.0,-4197283.5,9.586484909057617,343.3339538574219,-7.528706919401884e-05,151758.609375,0.5610054731369019
28900.0,3,0.0,-4197233.5,8.884689331054688,396.4642333984375,0.0003528293455019593,152137.078125,0.5596098303794861
28900.0,4,0.0,-4197192.0,8.547035217285156,446.4216003417969,0.0004811929538846016,151797.875,0.5608603954315186
29000.0,0,0.0,-4197374.5,5.794371604919434,249.04994201660156,0.0002926874440163374,152214.984375,0.5593234300613403
29000.0,1,0.0,-4197331.5,5.1945481300354,303.1556396484375,0.0002874915371648967,152713.890625,0.5574961304664612
29000.0,2,0.0,-4197287.0,9.646154403686523,346.50341796875,0.0004094773903489113,151838.609375,0.5607098937034607
29000.0,3,0.0,-4197234.0,8.547847747802734,399.63836669921875,0.0005990788340568542,152237.1875,0.5592418313026428
29000.0,4,0.0,-4197191.0,9.018585205078125,448.4773254394531,0.00043710414320230484,151885.96875,0.5605350136756897
29100.0,0,0.0,-4197373.0,5.073257923126221,247.82127380371094,0.00021518184803426266,152276.25,0.5590984225273132
29100.0,1,0.0,-4197330.0,6.042725563049316,306.1020812988281,-0.0001789341913536191,152784.984375,0.5572367310523987
29100.0,2,0.0,-4197281.0,8.280896186828613,347.3514709472656,0.0003059140872210264,151962.53125,0.5602525472640991
29100.0,3,0.0,-4197235.5,9.26806640625,398.7666931152344,4.153850022703409e-05,152294.0,0.5590331554412842
29100.0,4,0.0,-4197195.5,11.154707908630371,452.9799499511719,0.0006751625332981348,151988.796875,0.5601558685302734
29200.0,0,0.0,-4197374.0,6.3397064208984375,249.11843872070312,-0.0003778865793719888,152360.984375,0.5587875247001648
29200.0,1,0.0,-4197328.5,5.672372341156006,305.2237548828125,-0.00044223445001989603,152842.03125,0.5570287704467773
29200.0,2,0.0,-4197279.5,10.349156379699707,353.9842224121094,-0.0001314980909228325,152068.40625,0.5598624348640442
29200.0,3,0.0,-4197242.5,7.829866409301758,403.17852783203125,5.576887633651495e-05,152346.265625,0.5588414669036865
29200.0,4,0.0,-4197194.0,8.80607795715332,453.36590576171875,-4.263082519173622e-05,152081.734375,0.5598135590553284
29300.0,0,0.0,-4197373.0,5.297863006591797,248.10116577148438,-1.6884529031813145e-05,152466.71875,0.5583999156951904
29300.0,1,0.0,-4197331.5,5.738552570343018,303.2532958984375,0.00045014620991423726,152913.359375,0.5567690134048462
29300.0,2,0.0,-4197274.5,9.953264236450195,355.1399230957031,0.00019430462270975113,152150.96875,0.5595586895942688
29300.0,3,0.0,-4197237.5,9.118071556091309,393.6584167480469,0.0003756660735234618,152422.5,0.5585619211196899
29300.0,4,0.0,-4197192.0,8.894579887390137,451.35894775390625,0.00033166108187288046,152158.25,0.559532105922699
29400.0,0,0.0,-4197378.5,5.477360248565674,253.21282958984375,0.0003406162722967565,152565.03125,0.5580400824546814
29400.0,1,0.0,-4197333.5,8.143669128417969,297.6443786621094,0.00013014941941946745,153013.875,0.5564031600952148
29400.0,2,0.0,-4197273.5,8.110749244689941,356.92059326171875,-0.00029216648545116186,152228.375,0.5592741966247559
29400.0,3,0.0,-4197237.5,9.09095573425293,390.5776062011719,0.00023103936109691858,152533.703125,0.5581547021865845
29400.0,4,0.0,-4197192.5,9.013625144958496,451.7817077636719,-0.00012851622886955738,152231.796875,0.559261679649353
29500.0,0,0.0,-4197375.0,4.875487804412842,247.9015350341797,-7.819337770342827e-05,152650.5,0.5577276349067688
29500.0,1,0.0,-4197340.0,6.116930961608887,301.331787109375,0.0003192584845237434,153120.984375,0.5560140013694763
29500.0,2,0.0,-4197272.5,10.27336597442627,352.1002197265625,-4.3871463276445866e-05,152314.25,0.558958888053894
29500.0,3,0.0,-4197239.0,9.240592002868652,399.0657653808594,-0.0009541321778669953,152638.703125,0.5577707886695862
29500.0,4,0.0,-4197185.0,8.98890209197998,442.4281005859375,-0.00027668289840221405,152321.765625,0.5589313507080078
29600.0,0,0.0,-4197380.0,4.972871780395508,252.58641052246094,0.0004068097332492471,152732.03125,0.5574299097061157
29600.0,1,0.0,-4197333.0,5.614588737487793,294.1710510253906,0.00031123426742851734,153210.78125,0.5556881427764893
29600.0,2,0.0,-4197280.5,9.611136436462402,354.9519958496094,0.00013407575897872448,152412.734375,0.5585976839065552
29600.0,3,0.0,-4197230.0,8.619562149047852,397.2641296386719,-0.00016305292956531048,152717.859375,0.5574816465377808
29600.0,4,0.0,-4197194.0,9.613588333129883,454.640380859375,0.00014565594028681517,152437.484375,0.5585070848464966
29700.0,0,0.0,-4197378.5,5.172443389892578,250.91969299316406,0.00015161646297201514,152820.03125,0.5571089386940002
29700.0,1,0.0,-4197333.0,5.4875688552856445,297.07269287109375,0.00042497238609939814,153290.265625,0.5554000735282898
29700.0,2,0.0,-4197280.0,8.147703170776367,351.6202087402344,-0.0004510177532210946,152510.21875,0.5582406520843506
29700.0,3,0.0,-4197231.0,9.068607330322266,405.4230041503906,0.0002590308431535959,152789.125,0.5572215914726257
29700.0,4,0.0,-4197181.0,8.607366561889648,440.51788330078125,-0.00010942935477942228,152535.109375,0.5581496953964233
29800.0,0,0.0,-4197374.5,5.53630256652832,248.36305236816406,0.00019592279568314552,152916.671875,0.5567569136619568
29800.0,1,0.0,-4197333.0,6.301324367523193,301.502685546875,-0.0002490115584805608,153373.515625,0.5550985932350159
29800.0,2,0.0,-4197276.5,9.664153099060059,347.13482666015625,0.000646414642687887,152589.859375,0.5579492449760437
29800.0,3,0.0,-4197230.0,9.528765678405762,411.85064697265625,0.0013444935902953148,152871.890625,0.5569199323654175
29800.0,4,0.0,-4197191.5,8.378421783447266,449.92236328125,0.0007736510597169399,152593.71875,0.5579352974891663
29900.0,0,0.0,-4197376.5,5.211105823516846,252.59437561035156,-5.432323087006807e-05,153012.5,0.556408166885376
29900.0,1,0.0,-4197332.5,6.205938816070557,305.0892639160156,-0.00020286301150918007,153467.234375,0.5547595620155334
29900.0,2,0.0,-4197282.5,9.429191589355469,349.858154296875,0.0002764242235571146,152655.71875,0.5577086210250854
29900.0,3,0.0,-4197227.0,9.256019592285156,402.2743835449219,-8.53928504511714e-05,152975.71875,0.5565420389175415
29900.0,4,0.0,-4197195.0,9.36915111541748,453.98321533203125,0.00023116311058402061,152643.1875,0.557754397392273
30000.0,0,0.0,-4197374.5,5.929192066192627,251.52203369140625,4.488049307838082e-05,153091.953125,0.556119441986084
30000.0,1,0.0,-4197325.5,5.799898147583008,298.5593566894531,4.33486420661211e-05,153564.859375,0.5544068813323975
30000.0,2,0.0,-4197279.5,9.953765869140625,347.162353515625,0.00011352798901498318,152727.96875,0.5574447512626648
30000.0,3,0.0,-4197235.5,9.139623641967773,402.0518798828125,0.00015820993576198816,153078.609375,0.5561679601669312
30000.0,4,0.0,-4197194.0,11.688130378723145,454.7051086425781,0.00025278807152062654,152711.859375,0.5575036406517029
30100.0,0,0.0,-4197375.0,5.059452056884766,252.3033447265625,4.14503738284111e-05,153153.640625,0.5558953881263733
30100.0,1,0.0,-4197329.5,5.566592216491699,301.10772705078125,0.00034665444400161505,153654.796875,0.5540823936462402
30100.0,2,0.0,-4197282.5,9.919400215148926,353.5492248535156,-0.0007866719970479608,152839.015625,0.5570397973060608
30100.0,3,0.0,-4197233.0,8.071221351623535,396.15179443359375,-0.0004696459509432316,153148.578125,0.5559138655662537
30100.0,4,0.0,-4197193.0,8.898093223571777,448.73529052734375,-0.00044955010525882244,152818.0625,0.5571162104606628
30200.0,0,0.0,-4197373.0,5.6975178718566895,247.79794311523438,-0.0002517692046239972,153216.3125,0.5556680560112
30200.0,1,0.0,-4197335.0,5.20823860168457,300.3760070800781,0.0008024516282603145,153733.15625,0.5537999272346497
30200.0,2,0.0,-4197276.0,11.129809379577637,347.8489074707031,0.000246835988946259,152961.046875,0.5565953254699707
30200.0,3,0.0,-4197241.5,9.075969696044922,406.0953369140625,0.0004986270796507597,153188.828125,0.5557677149772644
30200.0,4,0.0,-4197193.5,8.6835355758667,444.1574401855469,0.0001348339719697833,152924.71875,0.5567276477813721
30300.0,0,0.0,-4197378.5,4.829941749572754,249.87994384765625,0.0006111636757850647,153311.984375,0.5553212761878967
30300.0,1,0.0,-4197338.0,5.332722187042236,292.9917907714844,0.0001023442018777132,153802.34375,0.5535507202148438
30300.0,2,0.0,-4197281.0,9.186973571777344,354.6104431152344,0.00018261419609189034,153038.21875,0.5563146471977234
30300.0,3,0.0,-4197237.0,9.271674156188965,400.87371826171875,-0.00018481130246073008,153223.796875,0.5556408762931824
30300.0,4,0.0,-4197196.0,8.825035095214844,447.6178894042969,0.0009839466074481606,153011.453125,0.5564120411872864
30400.0,0,0.0,-4197377.0,5.12411642074585,244.7841339111328,0.0002777221379801631,153436.671875,0.5548700094223022
30400.0,1,0.0,-4197338.5,5.330657958984375,291.3356628417969,0.00023193703964352608,153879.0,0.5532751679420471
30400.0,2,0.0,-4197276.5,9.86530876159668,350.158935546875,4.7788722440600395e-05,153098.40625,0.5560958981513977
30400.0,3,0.0,-4197232.0,11.914546966552734,396.23870849609375,-0.0004761632299050689,153284.390625,0.5554212331771851
30400.0,4,0.0,-4197193.0,10.534131050109863,445.58294677734375,0.00010949734132736921,153089.5625,0.5561281442642212
30500.0,0,0.0,-4197377.5,6.693297863006592,246.02865600585938,0.00010238948743790388,153529.8125,0.5545333623886108
30500.0,1,0.0,-4197339.5,5.144936561584473,296.7474670410156,-0.00013733480591326952,153986.125,0.5528901219367981
30500.0,2,0.0,-4197276.5,8.533949851989746,350.2748107910156,0.0005523603758774698,153168.96875,0.5558397769927979
30500.0,3,0.0,-4197230.0,10.844217300415039,397.19183349609375,0.0005344506353139877,153390.515625,0.5550369620323181
30500.0,4,0.0,-4197193.5,9.741329193115234,452.03582763671875,0.00029649713542312384,153172.609375,0.5558266639709473
30600.0,0,0.0,-4197377.5,5.259109973907471,251.27908325195312,-3.55597585439682e-05,153597.109375,0.5542904138565063
30600.0,1,0.0,-4197333.5,5.8257856369018555,295.67181396484375,-1.5039695426821709e-05,154100.71875,0.5524789690971375
30600.0,2,0.0,-4197281.0,12.074163436889648,352.6817626953125,-0.0006174712907522917,153262.96875,0.5554988980293274
30600.0,3,0.0,-4197229.5,8.571981430053711,402.50787353515625,0.000443002674728632,153496.796875,0.5546526908874512
30600.0,4,0.0,-4197180.5,12.891240119934082,456.3855285644531,-0.0005261269398033619,153270.0,0.5554735660552979
30700.0,0,0.0,-4197373.5,4.709438800811768,253.06101989746094,8.680985774844885e-05,153666.9375,0.5540385246276855
30700.0,1,0.0,-4197331.0,6.215818881988525,297.5140686035156,0.00041780510218814015,154183.21875,0.5521835088729858
30700.0,2,0.0,-4197282.0,8.731038093566895,349.7042236328125,0.0002777237677946687,153366.078125,0.55512535572052
30700.0,3,0.0,-4197233.5,9.055562019348145,403.8501892089844,0.0009105689823627472,153579.5,0.5543539524078369
30700.0,4,0.0,-4197188.0,8.399820327758789,468.0757141113281,0.00018251745495945215,153371.703125,0.5551050901412964
30800.0,0,0.0,-4197376.0,5.3826422691345215,257.097412109375,-2.2280262783169746e-05,153758.71875,0.5537078380584717
30800.0,1,0.0,-4197330.5,5.340999126434326,299.7973327636719,0.0001151912147179246,154247.859375,0.5519519448280334
30800.0,2,0.0,-4197280.5,9.888526916503906,346.52655029296875,8.586107287555933e-05,153457.203125,0.5547957420349121
30800.0,3,0.0,-4197232.0,9.997428894042969,395.40045166015625,-0.0008911816403269768,153650.859375,0.554096519947052
30800.0,4,0.0,-4197186.0,10.582183837890625,458.2959899902344,-0.0004902144428342581,153453.125,0.5548105835914612
30900.0,0,0.0,-4197370.0,5.039221286773682,248.59060668945312,-7.269775960594416e-05,153866.9375,0.553318440914154
30900.0,1,0.0,-4197332.0,5.853031158447266,303.4656982421875,0.00014957645907998085,154320.140625,0.5516934990882874
30900.0,2,0.0,-4197279.5,7.7931809425354,346.1829528808594,0.00010990956798195839,153538.0,0.5545037984848022
30900.0,3,0.0,-4197242.0,8.750968933105469,397.3571472167969,-0.00055796152446419,153730.71875,0.5538086891174316
30900.0,4,0.0,-4197193.5,8.151765823364258,452.9796142578125,-0.00015616300515830517,153511.640625,0.5545991063117981
31000.0,0,0.0,-4197374.0,4.37178897857666,250.04470825195312,0.00036499870475381613,153962.71875,0.5529741644859314
31000.0,1,0.0,-4197331.0,5.172006607055664,302.3891906738281,0.0003035644767805934,154424.171875,0.5513217449188232
31000.0,2,0.0,-4197282.0,9.360342025756836,349.99249267578125,-0.00024960399605333805,153620.09375,0.5542075037956238
31000.0,3,0.0,-4197241.5,10.02414608001709,396.4391784667969,-0.0005260773468762636,153835.3125,0.5534321665763855
31000.0,4,0.0,-4197185.5,8.361308097839355,442.55328369140625,0.0006852230289950967,153566.84375,0.5543997287750244
31100.0,0,0.0,-4197376.0,5.717345237731934,250.43075561523438,0.00028373225359246135,154043.46875,0.5526843070983887
31100.0,1,0.0,-4197332.5,5.6189069747924805,302.4549255371094,0.0004117066855542362,154540.84375,0.5509055852890015
31100.0,2,0.0,-4197279.5,8.181746482849121,350.9513854980469,0.00011514360085129738,153712.40625,0.5538745522499084
31100.0,3,0.0,-4197238.5,8.435580253601074,397.4737548828125,0.0010641650296747684,153944.875,0.5530382394790649
31100.0,4,0.0,-4197190.5,9.85721492767334,446.90972900390625,0.0005725034279748797,153654.953125,0.5540817379951477
31200.0,0,0.0,-4197374.0,5.35116720199585,247.40216064453125,0.0004318771534599364,154123.765625,0.5523963570594788
31200.0,1,0.0,-4197333.5,5.452099323272705,299.3622741699219,-0.00010559288784861565,154626.53125,0.5506002306938171
31200.0,2,0.0,-4197278.0,8.042581558227539,360.7475891113281,-0.0004078091587871313,153812.3125,0.5535147786140442
31200.0,3,0.0,-4197234.5,9.347548484802246,399.65130615234375,0.00015042803715914488,154025.21875,0.5527498126029968
31200.0,4,0.0,-4197193.5,11.177871704101562,449.0941467285156,0.0010799559531733394,153783.78125,0.5536175966262817
31300.0,0,0.0,-4197377.0,5.820173263549805,250.95742797851562,-0.0001283594174310565,154211.71875,0.552081286907196
31300.0,1,0.0,-4197336.0,5.6572089195251465,296.13824462890625,-0.00021621095947921276,154691.8125,0.5503679513931274
31300.0,2,0.0,-4197271.5,10.078508377075195,356.5657958984375,0.0004230048507452011,153900.296875,0.5531984567642212
31300.0,3,0.0,-4197232.5,8.564287185668945,405.7259826660156,-0.00026134506333619356,154085.453125,0.5525336861610413
31300.0,4,0.0,-4197188.5,10.120275497436523,452.8570556640625,-6.186438258737326e-05,153882.375,0.5532628893852234
31400.0,0,0.0,-4197376.5,4.696711540222168,250.87681579589844,-2.8305803425610065e-05,154304.359375,0.5517498254776001
31400.0,1,0.0,-4197333.0,6.8101325035095215,289.7225646972656,0.0003494148841127753,154762.453125,0.5501167178153992
31400.0,2,0.0,-4197273.5,7.849242687225342,354.4569396972656,-0.00018448324408382177,153957.78125,0.5529918670654297
31400.0,3,0.0,-4197225.5,10.907930374145508,403.4378967285156,0.00039336190093308687,154151.703125,0.5522962212562561
31400.0,4,0.0,-4197185.5,9.439458847045898,449.203125,-0.00035830168053507805,153953.765625,0.5530063509941101
31500.0,0,0.0,-4197375.0,4.6554412841796875,250.3023681640625,6.284291157498956e-05,154396.90625,0.5514191389083862
31500.0,1,0.0,-4197339.0,5.496531009674072,298.052734375,0.00022292090579867363,154861.46875,0.5497650504112244
31500.0,2,0.0,-4197273.0,7.84619665145874,347.340087890625,-5.718553438782692e-06,154003.046875,0.552829384803772
31500.0,3,0.0,-4197224.0,8.768754005432129,397.3893737792969,-9.02137253433466e-05,154263.984375,0.5518942475318909
31500.0,4,0.0,-4197188.5,10.615628242492676,448.78564453125,-0.0009179894113913178,154026.09375,0.5527466535568237
31600.0,0,0.0,-4197374.0,4.859107494354248,250.17250061035156,-0.0002081205602735281,154486.109375,0.5511007308959961
31600.0,1,0.0,-4197333.5,6.697899341583252,301.17633056640625,0.0004702575970441103,154976.609375,0.5493565201759338
31600.0,2,0.0,-4197278.0,8.739314079284668,349.26885986328125,0.0005873306654393673,154064.9375,0.5526072978973389
31600.0,3,0.0,-4197230.0,8.853660583496094,393.03363037109375,0.0003872876986861229,154395.328125,0.5514247417449951
31600.0,4,0.0,-4197196.5,8.288975715637207,451.6719665527344,0.0004917315673083067,154115.640625,0.5524255037307739
31700.0,0,0.0,-4197372.5,5.014420032501221,251.8712158203125,0.0002366145490668714,154573.375,0.5507895946502686
31700.0,1,0.0,-4197327.5,5.6936774253845215,301.5679931640625,-0.00011582893785089254,155073.84375,0.5490122437477112
31700.0,2,0.0,-4197275.5,8.95328426361084,344.6587829589844,0.00026682671159505844,154171.453125,0.5522254705429077
31700.0,3,0.0,-4197233.5,9.790660858154297,387.9292297363281,-0.00035101582761853933,154479.390625,0.5511246919631958
31700.0,4,0.0,-4197190.0,9.237570762634277,438.6894226074219,8.743081707507372e-05,154220.234375,0.5520508885383606
31800.0,0,0.0,-4197373.0,5.0936431884765625,254.77098083496094,0.0004989425651729107,154662.703125,0.5504714846611023
31800.0,1,0.0,-4197331.5,5.352161407470703,306.2904968261719,2.888601738959551e-05,155160.890625,0.5487040877342224
31800.0,2,0.0,-4197281.5,9.764349937438965,351.1836853027344,1.1372030712664127e-05,154286.84375,0.551812469959259
31800.0,3,0.0,-4197243.5,9.001466751098633,398.40472412109375,0.0004258436383679509,154550.6875,0.550870418548584
31800.0,4,0.0,-4197197.5,9.175729751586914,442.78155517578125,0.0004504109965637326,154315.5625,0.5517098307609558
31900.0,0,0.0,-4197376.0,5.401246070861816,256.38818359375,0.00030540337320417166,154757.84375,0.5501331090927124
31900.0,1,0.0,-4197331.5,6.386656761169434,303.2294616699219,0.0002264576032757759,155247.890625,0.5483965277671814
31900.0,2,0.0,-4197278.0,7.408885478973389,349.3948974609375,-0.0004419088363647461,154371.1875,0.5515109896659851
31900.0,3,0.0,-4197240.0,8.158308982849121,400.8187255859375,4.273257218301296e-06,154631.640625,0.5505820512771606
31900.0,4,0.0,-4197195.0,9.701876640319824,445.3821105957031,0.000408327323384583,154392.390625,0.5514352321624756
32000.0,0,0.0,-4197376.0,4.951852798461914,251.08798217773438,-0.00010125129483640194,154856.34375,0.5497831106185913
32000.0,1,0.0,-4197330.5,6.940790176391602,297.7236328125,0.00021544884657487273,155339.6875,0.5480724573135376
32000.0,2,0.0,-4197279.0,10.237088203430176,350.6521911621094,0.0002063108840957284,154440.0,0.5512652397155762
32000.0,3,0.0,-4197239.5,9.815788269042969,410.87237548828125,0.0008621203014627099,154730.015625,0.5502321720123291
32000.0,4,0.0,-4197185.0,10.246309280395508,453.4693603515625,0.00010107108391821384,154461.34375,0.551189124584198
32100.0,0,0.0,-4197378.0,5.129431247711182,248.63076782226562,0.00012591108679771423,154945.328125,0.5494673848152161
32100.0,1,0.0,-4197333.5,5.477481842041016,297.75384521484375,0.00014066987205296755,155435.53125,0.5477344989776611
32100.0,2,0.0,-4197278.0,9.978116989135742,350.6144104003906,-0.00011039373930543661,154516.625,0.5509918928146362
32100.0,3,0.0,-4197225.5,9.855782508850098,397.9906311035156,-0.00018141954205930233,154832.953125,0.5498661398887634
32100.0,4,0.0,-4197182.5,9.940472602844238,458.8221740722656,0.00010144163388758898,154550.65625,0.5508705973625183
32200.0,0,0.0,-4197379.5,4.688040733337402,247.96463012695312,9.170500561594963e-05,155023.578125,0.549190104007721
32200.0,1,0.0,-4197332.0,5.350281715393066,294.3902282714844,-0.0003663506358861923,155528.65625,0.5474066138267517
32200.0,2,0.0,-4197271.5,7.6556010246276855,345.9377136230469,-0.0001402465859428048,154618.71875,0.5506280660629272
32200.0,3,0.0,-4197227.5,9.342498779296875,400.3052062988281,-0.0005632657557725906,154919.9375,0.5495574474334717
32200.0,4,0.0,-4197178.5,9.941596031188965,452.6060485839844,-0.0005565419560298324,154688.21875,0.5503807067871094
32300.0,0,0.0,-4197376.5,4.716680526733398,245.8443145751953,-0.00016674259677529335,155103.75,0.548906147480011
32300.0,1,0.0,-4197333.5,5.451391220092773,297.8592834472656,0.0004434751463122666,155614.875,0.5471033453941345
32300.0,2,0.0,-4197281.5,10.658156394958496,354.8011779785156,0.0001138976076617837,154730.03125,0.5502319931983948
32300.0,3,0.0,-4197236.5,12.060942649841309,403.1989440917969,-0.00021773541811853647,154992.640625,0.5492997169494629
32300.0,4,0.0,-4197190.0,10.02070426940918,458.5476989746094,-0.00019859860185533762,154790.828125,0.5500158071517944
32400.0,0,0.0,-4197374.5,5.504056453704834,247.58071899414062,0.00012581725604832172,155202.421875,0.5485571622848511
32400.0,1,0.0,-4197334.0,5.657720565795898,302.950927734375,0.00036779826041311026,155698.59375,0.5468090772628784
32400.0,2,0.0,-4197281.0,11.547521591186523,347.8645935058594,-0.00027432735078036785,154811.984375,0.5499406456947327
32400.0,3,0.0,-4197233.0,9.012542724609375,393.35821533203125,0.00021624949295073748,155068.359375,0.5490314364433289
32400.0,4,0.0,-4197188.0,9.990195274353027,449.17462158203125,0.0006190438289195299,154854.109375,0.549791157245636
32500.0,0,0.0,-4197373.0,5.670316219329834,250.14187622070312,0.0003735001664608717,155314.6875,0.54816073179245
32500.0,1,0.0,-4197328.0,6.546680450439453,303.5276184082031,0.0002600926090963185,155789.96875,0.546488344669342
32500.0,2,0.0,-4197285.0,9.705079078674316,347.03271484375,-7.187691517174244e-05,154866.4375,0.5497472882270813
32500.0,3,0.0,-4197236.0,8.719056129455566,393.9133605957031,0.00028592406306415796,155176.625,0.5486484169960022
32500.0,4,0.0,-4197196.0,9.331743240356445,453.9168395996094,0.0007531564915552735,154916.84375,0.5495684742927551
32600.0,0,0.0,-4197375.5,5.300847053527832,254.88528442382812,0.0004179867682978511,155404.90625,0.5478424429893494
32600.0,1,0.0,-4197324.5,5.369575023651123,304.0523681640625,-0.000213253078982234,155895.390625,0.5461187958717346
32600.0,2,0.0,-4197284.5,9.11277961730957,346.1474304199219,0.00038547569420188665,154916.03125,0.5495713353157043
32600.0,3,0.0,-4197236.5,9.268506050109863,397.59124755859375,2.7991249226033688e-05,155305.15625,0.5481943488121033
32600.0,4,0.0,-4197194.0,8.80837631225586,452.19244384765625,0.0007806125795468688,155003.71875,0.5492604970932007
32700.0,0,0.0,-4197375.0,5.693120956420898,253.51048278808594,-0.00031988415867090225,155470.484375,0.5476113557815552
32700.0,1,0.0,-4197330.5,6.316534519195557,307.63287353515625,-0.00012682413216680288,155996.5,0.5457648634910583
32700.0,2,0.0,-4197282.0,9.3475923538208,349.5460205078125,0.0001664649462327361,155007.15625,0.549248218536377
32700.0,3,0.0,-4197234.0,9.080912590026855,401.1632080078125,0.0004898296901956201,155385.671875,0.5479102730751038
32700.0,4,0.0,-4197189.5,9.590666770935059,448.2717590332031,-0.0002490198239684105,155116.875,0.548859715461731
32800.0,0,0.0,-4197373.5,5.389448165893555,248.58424377441406,-0.00015068636275827885,155534.34375,0.5473865270614624
32800.0,1,0.0,-4197336.5,5.403385639190674,301.1146545410156,0.0005686106742359698,156073.78125,0.5454946160316467
32800.0,2,0.0,-4197277.0,9.47392463684082,351.1000061035156,-5.058362148702145e-06,155148.3125,0.5487484931945801
32800.0,3,0.0,-4197228.5,9.629907608032227,400.7240295410156,0.0003262222744524479,155441.546875,0.5477133393287659
32800.0,4,0.0,-4197192.0,10.27893352508545,451.9361572265625,-0.0003512854455038905,155216.78125,0.5485065579414368
32900.0,0,0.0,-4197377.0,4.800077438354492,247.44183349609375,0.0003309352323412895,155629.796875,0.5470507740974426
32900.0,1,0.0,-4197333.5,5.745049476623535,292.1844177246094,-1.8223188817501068e-05,156138.453125,0.5452685952186584
32900.0,2,0.0,-4197275.5,10.311629295349121,356.2245178222656,-0.00034169096034020185,155244.328125,0.548409104347229
32900.0,3,0.0,-4197223.0,9.73436164855957,403.0221862792969,0.00032183562871068716,155505.5625,0.5474878549575806
32900.0,4,0.0,-4197187.0,9.454429626464844,447.0052490234375,-0.00034984282683581114,155292.890625,0.548237681388855
33000.0,0,0.0,-4197380.0,5.305389881134033,245.4232635498047,0.00013409729581326246,155762.109375,0.5465861558914185
33000.0,1,0.0,-4197334.5,5.101748466491699,294.43255615234375,-3.2142968848347664e-05,156217.4375,0.544992983341217
33000.0,2,0.0,-4197272.0,8.208383560180664,356.3257751464844,0.0003202357329428196,155313.421875,0.5481650829315186
33000.0,3,0.0,-4197222.0,9.454458236694336,405.93017578125,-0.0002846210263669491,155595.609375,0.5471711158752441
33000.0,4,0.0,-4197192.5,10.780797958374023,450.2557678222656,0.0003317074151709676,155364.296875,0.5479857325553894
33100.0,0,0.0,-4197381.0,4.887206077575684,240.4481658935547,1.959357177838683e-05,155859.15625,0.5462457537651062
33100.0,1,0.0,-4197335.5,5.704465866088867,300.4798583984375,-0.00030409463215619326,156337.140625,0.5445756912231445
33100.0,2,0.0,-4197276.0,9.705414772033691,355.08056640625,-0.00012628466356545687,155385.0,0.5479126572608948
33100.0,3,0.0,-4197228.0,8.946027755737305,410.2071533203125,-0.0007316606352105737,155701.25,0.5467998385429382
33100.0,4,0.0,-4197196.0,9.879667282104492,448.55389404296875,0.0002307010581716895,155452.328125,0.5476753115653992
33200.0,0,0.0,-4197381.5,5.276516914367676,238.5462188720703,0.00010226375889033079,155929.21875,0.5460003614425659
33200.0,1,0.0,-4197330.5,5.78611421585083,300.6317443847656,0.00044750224333256483,156453.953125,0.5441690683364868
33200.0,2,0.0,-4197277.5,8.984939575195312,352.9756164550781,3.000558353960514e-05,155480.15625,0.5475772619247437
33200.0,3,0.0,-4197229.5,9.660857200622559,398.86322021484375,0.00014730310067534447,155797.265625,0.5464627742767334
33200.0,4,0.0,-4197201.0,8.71580982208252,451.860595703125,0.0003259639488533139,155568.890625,0.5472651124000549
33300.0,0,0.0,-4197381.5,5.171217918395996,245.9031524658203,0.0003081437898799777,156003.03125,0.5457420349121094
33300.0,1,0.0,-4197332.0,5.3453369140625,305.2548828125,0.0007367564830929041,156529.609375,0.5439061522483826
33300.0,2,0.0,-4197280.0,8.969012260437012,356.087890625,0.0005585480248555541,155593.734375,0.5471776127815247
33300.0,3,0.0,-4197234.0,8.550125122070312,398.6911315917969,8.893851190805435e-05,155879.890625,0.5461731553077698
33300.0,4,0.0,-4197199.5,9.727776527404785,452.1789855957031,0.0006043289322406054,155671.375,0.5469046831130981
33400.0,0,0.0,-4197379.0,4.83029842376709,251.28526306152344,-9.646371472626925e-05,156093.375,0.5454261898994446
33400.0,1,0.0,-4197330.5,5.186359882354736,303.5450134277344,-0.00014191889204084873,156594.328125,0.543681263923645
33400.0,2,0.0,-4197274.5,9.142179489135742,346.18096923828125,-1.1315918527543545e-05,155687.171875,0.5468491911888123
33400.0,3,0.0,-4197238.5,10.720980644226074,404.6042785644531,0.00046046427451074123,155961.09375,0.5458887219429016
33400.0,4,0.0,-4197191.5,13.67074203491211,443.04888916015625,-0.00011927343439310789,155721.71875,0.5467279553413391
33500.0,0,0.0,-4197373.5,5.374053478240967,249.31784057617188,-9.406066965311766e-05,156195.84375,0.5450683236122131
33500.0,1,0.0,-4197330.5,5.004537105560303,300.8663024902344,-0.00019285466987639666,156671.078125,0.5434149503707886
33500.0,2,0.0,-4197276.0,17.046430587768555,343.6686706542969,0.00047824200009927154,155755.796875,0.5466082692146301
33500.0,3,0.0,-4197234.0,8.522810935974121,397.7972106933594,0.00024712621234357357,156054.03125,0.5455636382102966
33500.0,4,0.0,-4197190.0,10.388947486877441,445.2797546386719,-0.00010463246144354343,155758.390625,0.5465992093086243
33600.0,0,0.0,-4197376.0,5.040309906005859,253.4272918701172,-7.845659274607897e-05,156292.578125,0.5447309613227844
33600.0,1,0.0,-4197333.0,6.3048295974731445,298.72174072265625,0.0001411818666383624,156767.203125,0.5430817008018494
33600.0,2,0.0,-4197277.0,8.98951244354248,342.47174072265625,-0.000521046225912869,155821.609375,0.546377420425415
33600.0,3,0.0,-4197233.5,9.086618423461914,396.4648742675781,0.00019544141832739115,156163.109375,0.5451825857162476
33600.0,4,0.0,-4197190.0,9.601458549499512,453.99871826171875,-0.0006137329619377851,155809.78125,0.5464189052581787
33700.0,0,0.0,-4197377.0,5.063392639160156,253.69888305664062,0.0002498730318620801,156375.015625,0.5444437861442566
33700.0,1,0.0,-4197335.0,5.827978610992432,296.68914794921875,0.00030608195811510086,156869.28125,0.5427284240722656
33700.0,2,0.0,-4197278.5,9.536256790161133,350.0889892578125,0.00013882340863347054,155918.71875,0.5460371375083923
33700.0,3,0.0,-4197235.5,9.01285171508789,399.74945068359375,0.0002843687543645501,156262.25,0.544836699962616
33700.0,4,0.0,-4197186.0,9.318387985229492,458.8826904296875,0.0003163445508107543,155896.859375,0.5461136698722839
33800.0,0,0.0,-4197377.5,6.238150119781494,251.60630798339844,0.00040862068999558687,156452.34375,0.5441746711730957
33800.0,1,0.0,-4197335.5,5.411711692810059,295.0509948730469,-0.00019232893828302622,156962.59375,0.5424058437347412
33800.0,2,0.0,-4197277.5,12.244190216064453,348.8338317871094,-0.0007404512725770473,156058.6875,0.545547366142273
33800.0,3,0.0,-4197236.0,7.9683709144592285,402.9335021972656,-0.0005558327538892627,156326.1875,0.5446138381958008
33800.0,4,0.0,-4197182.5,8.640892028808594,456.1537170410156,0.0002526314929127693,156007.21875,0.5457273721694946
33900.0,0,0.0,-4197376.0,5.000258922576904,247.20909118652344,-9.474181570112705e-05,156544.21875,0.5438553094863892
33900.0,1,0.0,-4197333.0,5.816593170166016,294.6083679199219,0.00018126866780221462,157047.765625,0.5421116948127747
33900.0,2,0.0,-4197281.0,9.556199073791504,350.7530212402344,-0.0005264397477731109,156150.921875,0.5452250838279724
33900.0,3,0.0,-4197233.5,9.288094520568848,404.5223083496094,0.0003415856044739485,156376.3125,0.5444392561912537
33900.0,4,0.0,-4197182.5,10.870519638061523,452.06304931640625,0.0001292583765462041,156104.40625,0.5453876256942749
34000.0,0,0.0,-4197378.0,5.748543739318848,247.7210693359375,8.614896796643734e-05,156671.78125,0.5434125065803528
34000.0,1,0.0,-4197331.0,5.370474338531494,301.67352294921875,0.0002171321539208293,157134.4375,0.5418124794960022
34000.0,2,0.0,-4197282.0,8.787026405334473,352.73712158203125,0.0003898740978911519,156210.859375,0.545015811920166
34000.0,3,0.0,-4197227.0,10.23758316040039,404.35247802734375,-0.00041636277455836535,156441.78125,0.5442114472389221
34000.0,4,0.0,-4197196.5,9.658772468566895,455.0838317871094,0.0006045025074854493,156181.390625,0.5451188087463379
34100.0,0,0.0,-4197378.0,5.4191083908081055,248.8938446044922,-7.142010144889355e-05,156780.40625,0.5430360436439514
34100.0,1,0.0,-4197329.5,5.772018909454346,306.42999267578125,0.00011638086289167404,157231.6875,0.541477382183075
34100.0,2,0.0,-4197279.5,9.287640571594238,346.96673583984375,4.266505129635334e-06,156276.109375,0.5447883605957031
34100.0,3,0.0,-4197225.5,9.770301818847656,406.8526611328125,0.00015006365720182657,156551.25,0.5438308715820312
34100.0,4,0.0,-4197192.0,8.54848575592041,444.7501220703125,-0.00019380508456379175,156254.875,0.5448625087738037
34200.0,0,0.0,-4197375.0,5.217947959899902,249.89759826660156,0.00020849774591624737,156844.234375,0.542815089225769
34200.0,1,0.0,-4197330.0,6.229670524597168,306.6149597167969,0.0005659130401909351,157338.421875,0.541110098361969
34200.0,2,0.0,-4197283.0,12.672159194946289,349.55914306640625,0.0003609146224334836,156363.640625,0.5444834232330322
34200.0,3,0.0,-4197228.5,11.356270790100098,403.4073181152344,-0.0003988135140389204,156668.59375,0.543423593044281
34200.0,4,0.0,-4197193.5,9.936529159545898,447.6713562011719,-0.000419289106503129,156346.328125,0.5445438027381897
34300.0,0,0.0,-4197373.0,4.678358554840088,252.76429748535156,0.00012317177606746554,156900.78125,0.5426194667816162
34300.0,1,0.0,-4197332.0,5.795589447021484,304.1366271972656,-0.00010288914199918509,157432.828125,0.5407856702804565
34300.0,2,0.0,-4197281.5,10.072044372558594,349.21856689453125,-0.0007822465850040317,156471.671875,0.5441074967384338
34300.0,3,0.0,-4197232.0,11.313031196594238,395.420654296875,0.00013549381401389837,156754.9375,0.543124258518219
34300.0,4,0.0,-4197193.5,14.020833969116211,451.6955261230469,7.184420246630907e-05,156463.203125,0.5441370010375977
34400.0,0,0.0,-4197372.5,5.1374335289001465,254.46636962890625,5.9068959672003984e-05,156978.109375,0.5423520803451538
34400.0,1,0.0,-4197330.0,5.247463703155518,297.52899169921875,-0.00032075028866529465,157501.921875,0.5405483841896057
34400.0,2,0.0,-4197277.0,11.355131149291992,353.2899169921875,0.00011129467748105526,156571.9375,0.5437589287757874
34400.0,3,0.0,-4197235.0,11.62806510925293,393.2508544921875,0.0004927403060719371,156828.015625,0.5428711771965027
34400.0,4,0.0,-4197188.5,10.728292465209961,448.6899108886719,0.00016775564290583134,156563.0,0.5437901020050049
34500.0,0,0.0,-4197372.5,5.630695343017578,251.97669982910156,2.5968707632273436e-05,157087.15625,0.5419756174087524
34500.0,1,0.0,-4197337.5,5.181076526641846,302.82635498046875,-0.0002547319745644927,157565.28125,0.5403310656547546
34500.0,2,0.0,-4197275.5,8.193155288696289,353.1640625,-0.00015129894018173218,156650.421875,0.5434865951538086
34500.0,3,0.0,-4197239.0,8.378975868225098,401.3844909667969,0.00012627243995666504,156909.09375,0.5425906181335449
34500.0,4,0.0,-4197186.0,10.988699913024902,448.5417785644531,0.00033741025254130363,156624.265625,0.5435773730278015
34600.0,0,0.0,-4197377.5,6.260559558868408,252.46908569335938,0.00020456296624615788,157195.1875,0.541603147983551
34600.0,1,0.0,-4197335.0,5.4407501220703125,299.74176025390625,0.0004342184984125197,157651.578125,0.5400352478027344
34600.0,2,0.0,-4197276.5,8.52709674835205,351.3985290527344,0.00047233625082299113,156721.203125,0.5432412624359131
34600.0,3,0.0,-4197236.0,9.181005477905273,401.1209411621094,2.0099221728742123e-05,157011.03125,0.5422384738922119
34600.0,4,0.0,-4197192.0,9.175220489501953,455.1700744628906,0.0006067296490073204,156674.4375,0.5434033274650574
34700.0,0,0.0,-4197379.5,5.500372409820557,250.00706481933594,0.0004743268946185708,157282.703125,0.5413017868995667
34700.0,1,0.0,-4197331.5,7.151927947998047,297.2198486328125,0.000667381682433188,157774.609375,0.5396142601966858
34700.0,2,0.0,-4197281.0,11.945077896118164,353.4451904296875,-0.00019550288561731577,156807.96875,0.5429404973983765
34700.0,3,0.0,-4197230.5,10.254734992980957,401.3052062988281,-0.00045004754792898893,157118.84375,0.5418662428855896
34700.0,4,0.0,-4197184.5,9.45673656463623,446.4537048339844,-0.0001314094988629222,156744.296875,0.5431612133979797
34800.0,0,0.0,-4197380.0,5.084572792053223,249.76405334472656,-0.00019509985577315092,157362.484375,0.5410273671150208
34800.0,1,0.0,-4197330.5,5.841534614562988,297.8878479003906,6.36054901406169e-05,157882.171875,0.5392465591430664
34800.0,2,0.0,-4197283.0,9.817176818847656,349.1474609375,-2.2537889890372753e-05,156931.453125,0.5425133109092712
34800.0,3,0.0,-4197229.5,7.8945183753967285,405.5621337890625,0.0002641071332618594,157204.0,0.5415727496147156
34800.0,4,0.0,-4197188.0,11.45542049407959,445.17474365234375,0.00022839999292045832,156862.046875,0.5427534580230713
34900.0,0,0.0,-4197376.0,5.263355731964111,246.46705627441406,-0.00018805160652846098,157449.390625,0.540728747844696
34900.0,1,0.0,-4197329.5,5.47325325012207,299.7318420410156,-5.02635957673192e-05,157956.9375,0.5389912724494934
34900.0,2,0.0,-4197285.0,12.673137664794922,347.39990234375,0.0003922339528799057,157041.71875,0.5421324372291565
34900.0,3,0.0,-4197225.0,9.380414962768555,399.96368408203125,-1.6676727682352066e-05,157262.40625,0.5413716435432434
34900.0,4,0.0,-4197196.5,7.949398994445801,447.0788879394531,0.0002914121141657233,156976.609375,0.5423572659492493
35000.0,0,0.0,-4197379.0,4.640183448791504,251.48080444335938,-0.00015625625383108854,157549.34375,0.5403856635093689
35000.0,1,0.0,-4197328.5,5.126795291900635,301.66351318359375,0.00016741990111768246,158025.390625,0.5387577414512634
35000.0,2,0.0,-4197279.0,13.035395622253418,345.5133972167969,0.0001959503861144185,157103.5,0.5419191718101501
35000.0,3,0.0,-4197237.5,11.027920722961426,404.05474853515625,-0.00046793033834546804,157306.875,0.5412186980247498
35000.0,4,0.0,-4197195.0,10.164748191833496,442.2003479003906,-0.00011648389045149088,157064.984375,0.542052149772644
35100.0,0,0.0,-4197377.0,5.658866882324219,251.6104736328125,0.0005375981563702226,157650.890625,0.5400375723838806
35100.0,1,0.0,-4197325.5,5.729423522949219,302.43414306640625,0.00019052403513342142,158111.359375,0.5384648442268372
35100.0,2,0.0,-4197282.0,9.69859504699707,357.0448303222656,-0.00014923035632818937,157153.984375,0.541745126247406
35100.0,3,0.0,-4197237.5,9.16588020324707,393.21295166015625,-5.496339872479439e-05,157361.984375,0.5410290360450745
35100.0,4,0.0,-4197198.5,9.904651641845703,447.0085754394531,5.3759198635816574e-05,157144.203125,0.5417788624763489
35200.0,0,0.0,-4197375.0,5.171021461486816,251.1029052734375,0.0003408621996641159,157735.6875,0.5397472381591797
35200.0,1,0.0,-4197328.0,5.4448723793029785,308.2362060546875,-0.00037714093923568726,158220.328125,0.5380939841270447
35200.0,2,0.0,-4197269.0,9.387292861938477,349.79071044921875,-0.0007559510413557291,157220.609375,0.5415154695510864
35200.0,3,0.0,-4197236.5,8.495782852172852,389.7196044921875,0.0005353406304493546,157470.046875,0.5406577587127686
35200.0,4,0.0,-4197192.5,10.822728157043457,449.1524963378906,-0.00030470232013612986,157229.4375,0.5414851903915405
35300.0,0,0.0,-4197375.0,5.375584125518799,251.6201171875,-0.0002497793175280094,157794.0625,0.5395475625991821
35300.0,1,0.0,-4197328.5,5.838958263397217,305.7611389160156,0.00010200915858149529,158325.515625,0.5377365946769714
35300.0,2,0.0,-4197278.5,9.202160835266113,364.7636413574219,0.00014319177716970444,157314.0625,0.5411938428878784
35300.0,3,0.0,-4197240.0,9.628750801086426,397.8275451660156,0.0007090559229254723,157596.03125,0.5402255654335022
35300.0,4,0.0,-4197186.0,9.352816581726074,453.8571472167969,0.0004848792450502515,157330.734375,0.5411365628242493
35400.0,0,0.0,-4197374.5,4.760143756866455,249.5807342529297,-8.955539669841528e-05,157837.03125,0.5394006967544556
35400.0,1,0.0,-4197332.5,5.96726655960083,301.62103271484375,0.00023815175518393517,158414.796875,0.5374334454536438
35400.0,2,0.0,-4197273.0,11.926643371582031,361.4145202636719,0.0005032866611145437,157418.203125,0.5408358573913574
35400.0,3,0.0,-4197232.0,10.167298316955566,396.2711181640625,-0.0003241888480260968,157683.0,0.53992760181427
35400.0,4,0.0,-4197180.5,8.898192405700684,452.7856750488281,-0.00044177297968417406,157435.25,0.5407772660255432
35500.0,0,0.0,-4197376.5,5.576426982879639,248.72593688964844,1.4214427210390568e-05,157888.90625,0.5392235517501831
35500.0,1,0.0,-4197335.0,5.955506801605225,297.9665222167969,0.0002811378799378872,158499.8125,0.5371452569961548
35500.0,2,0.0,-4197272.5,9.546420097351074,348.6698303222656,0.000303860055282712,157512.015625,0.5405137538909912
35500.0,3,0.0,-4197230.5,9.74763298034668,401.6036376953125,-0.0003495280398055911,157750.734375,0.5396957993507385
35500.0,4,0.0,-4197192.0,9.82345962524414,463.77178955078125,0.00048647611401975155,157519.359375,0.540488600730896
35600.0,0,0.0,-4197378.5,5.383831977844238,245.91261291503906,0.0004299629363231361,157986.203125,0.5388913750648499
35600.0,1,0.0,-4197334.0,6.423551559448242,295.3481140136719,0.00017187767662107944,158590.25,0.5368387699127197
35600.0,2,0.0,-4197277.0,8.881665229797363,346.80987548828125,1.5441211871802807e-05,157593.53125,0.5402341485023499
35600.0,3,0.0,-4197234.5,10.308505058288574,407.2561950683594,9.911681991070509e-05,157825.953125,0.5394386053085327
35600.0,4,0.0,-4197183.5,9.34749984741211,448.8463134765625,0.00030086084734648466,157584.40625,0.5402655005455017
35700.0,0,0.0,-4197379.5,5.015900135040283,245.03884887695312,-0.00016305164899677038,158110.078125,0.5384691953659058
35700.0,1,0.0,-4197336.0,5.474364757537842,299.1990966796875,0.0001555909402668476,158686.65625,0.5365126729011536
35700.0,2,0.0,-4197277.0,12.544565200805664,343.64324951171875,6.954080890864134e-05,157675.21875,0.5399541854858398
35700.0,3,0.0,-4197237.5,10.082372665405273,407.3565979003906,4.09027561545372e-05,157929.515625,0.5390849113464355
35700.0,4,0.0,-4197188.0,18.104087829589844,450.59478759765625,9.97193856164813e-05,157651.5625,0.5400353670120239
35800.0,0,0.0,-4197381.0,6.835458755493164,249.1316375732422,0.00013570248847827315,158205.265625,0.5381451845169067
35800.0,1,0.0,-4197332.5,6.070191383361816,300.2725830078125,7.68981408327818e-06,158784.0,0.5361838340759277
35800.0,2,0.0,-4197283.0,9.53861141204834,355.1643371582031,-6.317393854260445e-06,157772.9375,0.5396198630332947
35800.0,3,0.0,-4197233.5,8.590782165527344,399.9892272949219,0.0005431205499917269,158045.625,0.5386887788772583
35800.0,4,0.0,-4197192.5,9.583791732788086,453.0222473144531,2.9014423489570618e-05,157758.609375,0.5396689176559448
35900.0,0,0.0,-4197374.0,4.97027587890625,248.86105346679688,0.00038748240331187844,158278.265625,0.537896990776062
35900.0,1,0.0,-4197326.0,5.596324920654297,298.28985595703125,-0.000266297603957355,158875.703125,0.5358743071556091
35900.0,2,0.0,-4197277.0,9.039544105529785,351.2478332519531,-0.00020785245578736067,157887.921875,0.5392268300056458
35900.0,3,0.0,-4197226.5,9.075998306274414,389.9987487792969,2.228689845651388e-05,158134.203125,0.53838711977005
35900.0,4,0.0,-4197187.5,10.273197174072266,445.2969055175781,0.00039216503500938416,157892.25,0.5392120480537415
36000.0,0,0.0,-4197372.0,5.0895466804504395,251.107421875,0.0002487986348569393,158353.171875,0.5376425981521606
36000.0,1,0.0,-4197329.5,6.375601768493652,304.8921813964844,0.00044328445801511407,158961.25,0.5355859398841858
36000.0,2,0.0,-4197276.0,10.124951362609863,349.6816711425781,-0.0004075117176398635,157982.25,0.5389047861099243
36000.0,3,0.0,-4197238.0,9.120123863220215,402.72021484375,9.77441668510437e-05,158200.484375,0.5381615161895752
36000.0,4,0.0,-4197183.5,10.037182807922363,442.2837219238281,-0.00020378211047500372,157980.234375,0.538911759853363
36100.0,0,0.0,-4197375.5,5.027337551116943,255.56483459472656,8.926540613174438e-05,158451.609375,0.5373085737228394
36100.0,1,0.0,-4197332.0,5.9236907958984375,306.6690368652344,0.00026705674827098846,159047.765625,0.5352945923805237
36100.0,2,0.0,-4197275.5,10.103728294372559,347.46044921875,-0.00022965180687606335,158042.046875,0.538701057434082
36100.0,3,0.0,-4197230.5,9.814607620239258,395.8397521972656,9.760609827935696e-06,158270.03125,0.5379250049591064
36100.0,4,0.0,-4197181.5,10.011816024780273,443.4365539550781,0.00010348460637032986,158046.84375,0.5386846661567688
36200.0,0,0.0,-4197372.0,6.340038299560547,250.03689575195312,-0.00036180648021399975,158569.28125,0.536909818649292
36200.0,1,0.0,-4197330.5,5.640054702758789,300.15533447265625,8.826225530356169e-05,159149.5,0.5349524021148682
36200.0,2,0.0,-4197279.5,8.388259887695312,349.0411071777344,0.00019146560225635767,158093.96875,0.5385240316390991
36200.0,3,0.0,-4197232.0,10.521492004394531,402.0462646484375,0.000784966628998518,158385.171875,0.5375339388847351
36200.0,4,0.0,-4197189.5,8.710095405578613,456.2315979003906,0.0008823404205031693,158121.515625,0.5384303331375122
36300.0,0,0.0,-4197375.0,4.78004789352417,250.97509765625,-0.00016997859347611666,158663.8125,0.5365899205207825
36300.0,1,0.0,-4197335.5,5.214860439300537,297.682373046875,0.00016563048120588064,159263.796875,0.5345685482025146
36300.0,2,0.0,-4197280.0,10.587512016296387,344.7831115722656,0.0006131990812718868,158170.40625,0.5382637977600098
36300.0,3,0.0,-4197230.0,10.08800983428955,403.748291015625,7.87696335464716e-05,158530.5625,0.5370409488677979
36300.0,4,0.0,-4197182.5,11.361326217651367,455.2474365234375,0.0004683575825765729,158217.234375,0.5381045937538147
36400.0,0,0.0,-4197373.5,5.412837028503418,246.2382354736328,0.0002664250787347555,158727.0625,0.5363761186599731
36400.0,1,0.0,-4197338.0,6.806861877441406,296.8755187988281,0.0003140616463497281,159357.90625,0.5342527627944946
36400.0,2,0.0,-4197281.0,8.784618377685547,342.7987365722656,-8.807983249425888e-07,158289.96875,0.537857174873352
36400.0,3,0.0,-4197236.0,8.755084037780762,407.461181640625,-0.0002288952236995101,158611.015625,0.5367686152458191
36400.0,4,0.0,-4197182.5,9.206474304199219,457.9856262207031,-1.2271339073777199e-05,158323.5625,0.5377431511878967
36500.0,0,0.0,-4197377.5,5.188899993896484,248.25228881835938,0.0007884988444857299,158782.375,0.5361893177032471
36500.0,1,0.0,-4197330.5,5.392394542694092,290.5968933105469,5.9977988712489605e-05,159428.484375,0.5340163111686707
36500.0,2,0.0,-4197277.5,9.581119537353516,346.390380859375,-0.0006237897323444486,158401.234375,0.5374794006347656
36500.0,3,0.0,-4197227.0,11.46132755279541,394.5419006347656,-0.0004562763497233391,158674.140625,0.5365549921989441
36500.0,4,0.0,-4197190.0,8.707026481628418,459.704833984375,0.0006890360964462161,158417.859375,0.5374230742454529
36600.0,0,0.0,-4197377.5,4.920236110687256,247.5115509033203,0.0002200621529482305,158872.90625,0.5358837246894836
36600.0,1,0.0,-4197330.5,5.06294584274292,293.7640686035156,-0.0003640867071226239,159498.171875,0.5337830781936646
36600.0,2,0.0,-4197270.0,9.393866539001465,343.8734130859375,-0.0003235089825466275,158485.78125,0.537192702293396
36600.0,3,0.0,-4197230.5,10.917020797729492,397.8072204589844,-4.478381015360355e-06,158750.96875,0.5362953543663025
36600.0,4,0.0,-4197188.5,8.932293891906738,446.4835205078125,-0.00020609574858099222,158497.90625,0.5371516942977905
36700.0,0,0.0,-4197373.5,5.041913986206055,245.5029296875,-0.0005670814425684512,159023.71875,0.5353755354881287
36700.0,1,0.0,-4197334.0,5.430904388427734,299.8580627441406,0.0003610400017350912,159595.734375,0.5334566235542297
36700.0,2,0.0,-4197275.5,11.65546989440918,355.4248962402344,0.0004177066730335355,158564.015625,0.5369276404380798
36700.0,3,0.0,-4197232.0,11.349790573120117,397.95269775390625,3.7666293792426586e-05,158854.59375,0.5359456539154053
36700.0,4,0.0,-4197189.0,10.014424324035645,440.158447265625,0.0003569633699953556,158577.65625,0.5368815660476685
36800.0,0,0.0,-4197375.0,5.294793128967285,254.68081665039062,0.0002876088838092983,159130.296875,0.5350169539451599
36800.0,1,0.0,-4197332.0,5.146877765655518,300.1725158691406,0.00019318470731377602,159722.875,0.5330320000648499
36800.0,2,0.0,-4197273.5,9.99825668334961,360.4420166015625,0.0003143028588965535,158651.890625,0.5366302728652954
36800.0,3,0.0,-4197227.0,9.229401588439941,393.8959045410156,0.00027317076455801725,158966.71875,0.5355675220489502
36800.0,4,0.0,-4197190.5,9.375020027160645,444.4879150390625,-0.0004685003077611327,158682.328125,0.5365273952484131
36900.0,0,0.0,-4197371.5,4.924374580383301,257.4252014160156,0.00019307102775201201,159207.859375,0.5347563624382019
36900.0,1,0.0,-4197330.5,5.484200954437256,301.72021484375,0.00019041576888412237,159822.015625,0.5327013731002808
36900.0,2,0.0,-4197277.0,7.9177961349487305,358.98370361328125,0.0004928080597892404,158754.4375,0.5362836122512817
36900.0,3,0.0,-4197231.5,9.327478408813477,400.9088134765625,0.00048440578393638134,159056.140625,0.5352663993835449
36900.0,4,0.0,-4197194.5,8.826467514038086,452.8699645996094,4.577776417136192e-05,158823.1875,0.5360515713691711
37000.0,0,0.0,-4197374.5,5.4397382736206055,259.1075744628906,1.4597782865166664e-05,159286.21875,0.5344932079315186
37000.0,1,0.0,-4197328.0,5.967688083648682,300.7047119140625,8.294754661619663e-05,159889.671875,0.5324761271476746
37000.0,2,0.0,-4197279.0,11.252700805664062,350.1728820800781,-0.00027104676701128483,158856.140625,0.5359402894973755
37000.0,3,0.0,-4197238.0,8.60992431640625,403.5685729980469,0.00013327377382665873,159127.3125,0.5350269079208374
37000.0,4,0.0,-4197196.0,9.262629508972168,460.4860534667969,9.199639316648245e-05,158914.9375,0.5357420444488525
37100.0,0,0.0,-4197371.0,5.009920597076416,249.60536193847656,-0.00016239401884377003,159382.078125,0.5341718792915344
37100.0,1,0.0,-4197331.5,5.099722862243652,304.5846252441406,-9.321607649326324e-06,159956.328125,0.5322540402412415
37100.0,2,0.0,-4197275.0,10.78844928741455,343.17529296875,-0.0001168370945379138,158938.21875,0.5356635451316833
37100.0,3,0.0,-4197242.0,9.788331985473633,401.06005859375,0.00039299251511693,159202.359375,0.5347748398780823
37100.0,4,0.0,-4197186.0,9.928544044494629,453.4307861328125,7.338228169828653e-05,158970.125,0.5355560779571533
37200.0,0,0.0,-4197380.0,4.886214733123779,255.1778564453125,-3.082549665123224e-05,159493.328125,0.5337992310523987
37200.0,1,0.0,-4197329.5,5.637289047241211,299.91156005859375,0.0003159092739224434,160043.234375,0.5319649577140808
37200.0,2,0.0,-4197284.0,9.133392333984375,352.0919494628906,1.853529829531908e-05,158999.5625,0.5354568362236023
37200.0,3,0.0,-4197235.5,9.59597396850586,392.7064514160156,-0.00010356935672461987,159309.03125,0.534416675567627
37200.0,4,0.0,-4197187.5,9.697039604187012,457.014404296875,0.00023774895817041397,159029.421875,0.535356342792511
37300.0,0,0.0,-4197378.0,5.033019065856934,250.90457153320312,0.0007364547927863896,159591.875,0.533469557762146
37300.0,1,0.0,-4197332.5,5.014141082763672,298.9124450683594,-0.00024478475097566843,160146.953125,0.5316206812858582
37300.0,2,0.0,-4197274.5,8.948145866394043,346.48431396484375,-0.0003949038218706846,159055.65625,0.5352679491043091
37300.0,3,0.0,-4197236.5,10.131644248962402,396.5175476074219,-0.0002481325063854456,159436.109375,0.5339906811714172
37300.0,4,0.0,-4197182.0,10.489896774291992,452.31744384765625,0.00022806948982179165,159119.0,0.5350549817085266
37400.0,0,0.0,-4197374.5,5.931931495666504,246.30162048339844,0.00015015783719718456,159666.953125,0.5332186818122864
37400.0,1,0.0,-4197335.0,5.521641254425049,295.9396667480469,0.00011322833597660065,160247.859375,0.5312857627868652
37400.0,2,0.0,-4197280.5,8.656085014343262,357.5736389160156,-0.0005262717604637146,159141.34375,0.5349797606468201
37400.0,3,0.0,-4197230.5,11.043286323547363,397.0021667480469,0.00018744333647191525,159521.953125,0.5337033867835999
37400.0,4,0.0,-4197182.5,11.017936706542969,445.53143310546875,0.00025584863033145666,159235.453125,0.5346636772155762
37500.0,0,0.0,-4197375.5,5.092941761016846,247.79396057128906,-9.550829418003559e-06,159734.625,0.5329928994178772
37500.0,1,0.0,-4197336.0,5.1468095779418945,294.4661560058594,7.525004912167788e-05,160339.234375,0.5309829711914062
37500.0,2,0.0,-4197271.0,8.581402778625488,350.6399841308594,0.0009345588041469455,159272.875,0.5345380306243896
37500.0,3,0.0,-4197226.5,9.074746131896973,402.1409912109375,-7.195572834461927e-05,159578.03125,0.5335158109664917
37500.0,4,0.0,-4197190.0,9.98321533203125,443.5753173828125,-0.0005631063831970096,159336.5,0.534324586391449
37600.0,0,0.0,-4197376.0,5.000218868255615,249.93118286132812,-0.0003522670012898743,159826.453125,0.5326865911483765
37600.0,1,0.0,-4197334.5,5.654510498046875,295.0805969238281,3.7272460758686066e-05,160426.890625,0.5306929349899292
37600.0,2,0.0,-4197276.5,11.155007362365723,353.0716857910156,0.0002088764449581504,159378.859375,0.5341825485229492
37600.0,3,0.0,-4197228.0,10.707834243774414,406.428466796875,-0.00014468864537775517,159637.53125,0.533316969871521
37600.0,4,0.0,-4197194.5,8.979374885559082,446.37835693359375,-7.529195863753557e-05,159414.90625,0.5340617895126343
37700.0,0,0.0,-4197377.5,5.1484785079956055,254.53305053710938,0.00014117854880169034,159966.140625,0.5322214365005493
37700.0,1,0.0,-4197330.0,5.284107685089111,299.42620849609375,0.0002608676441013813,160519.9375,0.5303852558135986
37700.0,2,0.0,-4197276.5,10.847649574279785,345.4652099609375,0.00012963369954377413,159451.421875,0.5339394807815552
37700.0,3,0.0,-4197227.0,11.331787109375,403.8487243652344,5.275732837617397e-05,159719.671875,0.5330426692962646
37700.0,4,0.0,-4197194.0,10.404471397399902,447.4022216796875,-0.00015542702749371529,159490.1875,0.5338097214698792
37800.0,0,0.0,-4197372.5,4.707703590393066,251.4556427001953,0.0003629991551861167,160073.25,0.5318653583526611
37800.0,1,0.0,-4197328.5,5.561733722686768,304.3812561035156,-0.00010641629341989756,160622.46875,0.5300467014312744
37800.0,2,0.0,-4197283.0,10.418806076049805,344.3927917480469,-0.0006604337831959128,159521.46875,0.5337049961090088
37800.0,3,0.0,-4197231.0,11.178406715393066,399.6370544433594,6.185006350278854e-05,159819.625,0.5327093005180359
37800.0,4,0.0,-4197189.0,9.737142562866211,446.59991455078125,0.00013238121755421162,159583.234375,0.5334985256195068
37900.0,0,0.0,-4197375.0,4.858277320861816,254.30862426757812,-0.00011326337698847055,160140.46875,0.5316420197486877
37900.0,1,0.0,-4197327.0,5.42294979095459,302.60601806640625,0.00014647969510406256,160724.53125,0.5297101140022278
37900.0,2,0.0,-4197286.5,9.167248725891113,349.18377685546875,-0.0003995816223323345,159611.328125,0.533404529094696
37900.0,3,0.0,-4197236.5,9.309700965881348,397.86181640625,0.00024414516519755125,159919.6875,0.5323759913444519
37900.0,4,0.0,-4197191.5,10.701196670532227,456.7951965332031,0.00026961113326251507,159700.453125,0.5331069231033325
38000.0,0,0.0,-4197376.0,5.179556846618652,252.17945861816406,0.0005124969175085425,160207.65625,0.5314190983772278
38000.0,1,0.0,-4197330.0,5.4939093589782715,302.7386474609375,0.00019481696654111147,160808.65625,0.5294331312179565
38000.0,2,0.0,-4197280.5,8.032286643981934,350.9456481933594,0.0005166337359696627,159725.03125,0.5330248475074768
38000.0,3,0.0,-4197229.5,10.79736042022705,391.6483154296875,-0.0003378484398126602,160011.109375,0.5320718288421631
38000.0,4,0.0,-4197185.5,9.63508129119873,456.2212219238281,0.0003752693301066756,159800.78125,0.5327721834182739
38100.0,0,0.0,-4197375.5,5.121057987213135,245.84994506835938,-0.00039237726014107466,160294.15625,0.5311323404312134
38100.0,1,0.0,-4197333.0,5.988228797912598,301.9809265136719,0.00020337890600785613,160876.875,0.5292086005210876
38100.0,2,0.0,-4197283.0,11.128805160522461,356.5451354980469,0.0001959373475983739,159828.28125,0.5326805114746094
38100.0,3,0.0,-4197228.5,8.282618522644043,392.73138427734375,-6.2587205320596695e-06,160096.15625,0.5317891836166382
38100.0,4,0.0,-4197186.5,8.866621971130371,459.31964111328125,-0.0005386030534282327,159854.75,0.5325923562049866
38200.0,0,0.0,-4197378.0,5.620930194854736,244.8127899169922,0.0002131627406924963,160401.40625,0.5307772159576416
38200.0,1,0.0,-4197335.5,5.654469013214111,301.314697265625,-0.0001313957618549466,160951.90625,0.5289618372917175
38200.0,2,0.0,-4197280.0,7.487390041351318,355.10809326171875,-0.00011178012937307358,159907.328125,0.5324171781539917
38200.0,3,0.0,-4197234.5,9.344482421875,400.5476379394531,0.0005479676183313131,160185.6875,0.5314919948577881
38200.0,4,0.0,-4197185.5,9.37647819519043,451.0114440917969,1.295912079513073e-05,159893.703125,0.5324625968933105
38300.0,0,0.0,-4197379.5,5.37039852142334,247.31651306152344,0.0002610309165902436,160506.25,0.5304304957389832
38300.0,1,0.0,-4197334.0,5.8395209312438965,298.5891418457031,8.919276297092438e-05,161063.203125,0.5285962820053101
38300.0,2,0.0,-4197271.5,9.690995216369629,345.76934814453125,-0.00040415464900434017,159979.34375,0.5321774482727051
38300.0,3,0.0,-4197226.5,9.545170783996582,395.772216796875,-0.00021318544168025255,160288.5,0.5311509966850281
38300.0,4,0.0,-4197195.0,9.2981538772583,446.0022277832031,-0.0001990234013646841,159946.1875,0.5322878956794739
38400.0,0,0.0,-4197377.5,4.903357028961182,249.0387420654297,2.661370672285557e-06,160593.734375,0.5301415324211121
38400.0,1,0.0,-4197332.0,5.514768600463867,296.96575927734375,-0.00010126328561455011,161190.28125,0.5281795859336853
38400.0,2,0.0,-4197277.5,10.097599983215332,350.1658020019531,-0.00028968253172934055,160073.015625,0.5318660736083984
38400.0,3,0.0,-4197232.5,9.22060489654541,404.26654052734375,0.00024994974955916405,160397.15625,0.5307913422584534
38400.0,4,0.0,-4197200.0,7.789256572723389,450.0834655761719,-4.800455644726753e-05,160033.34375,0.5319980382919312
38500.0,0,0.0,-4197371.5,4.748684883117676,248.18197631835938,-0.00010817009024322033,160672.671875,0.5298810601234436
38500.0,1,0.0,-4197332.0,5.330930233001709,299.83233642578125,0.00011999218259006739,161278.59375,0.5278904438018799
38500.0,2,0.0,-4197275.5,8.512500762939453,348.8999328613281,0.000371817615814507,160230.25,0.5313441753387451
38500.0,3,0.0,-4197238.5,8.929080963134766,406.48443603515625,1.8257531337440014e-05,160484.5625,0.5305021405220032
38500.0,4,0.0,-4197194.5,10.42828369140625,446.509033203125,0.000344865838997066,160141.5,0.5316386818885803
38600.0,0,0.0,-4197375.0,4.907886028289795,254.0367431640625,-0.00013086397666484118,160761.34375,0.5295888185501099
38600.0,1,0.0,-4197328.0,5.478344917297363,301.34295654296875,0.00042385433334857225,161345.40625,0.5276716947555542
38600.0,2,0.0,-4197280.0,9.451957702636719,354.30560302734375,0.0004458189941942692,160339.34375,0.5309825539588928
38600.0,3,0.0,-4197238.5,8.83899211883545,399.5772399902344,0.00044253875967115164,160549.96875,0.5302860140800476
38600.0,4,0.0,-4197194.0,9.296772956848145,451.18701171875,0.0006876327097415924,160241.5,0.5313069224357605
38700.0,0,0.0,-4197371.0,5.523256301879883,249.62985229492188,0.000875576282851398,160885.953125,0.5291786193847656
38700.0,1,0.0,-4197322.5,5.438056468963623,303.4388427734375,6.624578963965178e-05,161419.90625,0.527428150177002
38700.0,2,0.0,-4197280.5,10.815276145935059,352.9995422363281,-0.00016376725398004055,160398.53125,0.5307867527008057
38700.0,3,0.0,-4197234.0,11.448456764221191,388.10699462890625,-0.00020118558313697577,160616.1875,0.5300673842430115
38700.0,4,0.0,-4197189.0,9.544405937194824,454.9091491699219,0.0008382529485970736,160325.46875,0.5310285687446594
38800.0,0,0.0,-4197376.5,4.998304843902588,253.59092712402344,-0.00029755302239209414,161011.984375,0.5287644267082214
38800.0,1,0.0,-4197324.5,5.675424575805664,307.9613342285156,0.00018177018500864506,161520.875,0.5270984768867493
38800.0,2,0.0,-4197283.5,8.019594192504883,355.2016296386719,0.0004727813648059964,160461.9375,0.5305768847465515
38800.0,3,0.0,-4197238.0,7.979872226715088,393.03985595703125,5.830323789268732e-05,160717.203125,0.5297342538833618
38800.0,4,0.0,-4197182.0,10.711671829223633,450.69091796875,2.600555308163166e-05,160404.984375,0.5307654142379761
38900.0,0,0.0,-4197376.0,5.55842399597168,250.8802032470703,-5.597539711743593e-05,161082.125,0.5285341739654541
38900.0,1,0.0,-4197329.5,5.9132914543151855,306.7503967285156,0.00012665102258324623,161633.828125,0.5267301797866821
38900.0,2,0.0,-4197280.0,9.35637092590332,350.68853759765625,-4.157924558967352e-05,160555.09375,0.5302690267562866
38900.0,3,0.0,-4197233.5,9.416016578674316,398.07635498046875,-0.0002152995439246297,160848.984375,0.5293002128601074
38900.0,4,0.0,-4197181.5,14.349465370178223,451.8982238769531,0.0001564371632412076,160496.65625,0.5304622054100037
39000.0,0,0.0,-4197378.0,5.500739097595215,251.0959930419922,7.37274531275034e-05,161135.15625,0.5283601880073547
39000.0,1,0.0,-4197329.5,5.285589218139648,296.5688171386719,4.7152163460850716e-05,161732.515625,0.5264087319374084
39000.0,2,0.0,-4197278.0,9.760040283203125,346.6340026855469,-0.00010070297867059708,160674.921875,0.5298736095428467
39000.0,3,0.0,-4197228.5,10.79096508026123,406.6800231933594,-6.133341230452061e-05,160946.53125,0.5289794206619263
39000.0,4,0.0,-4197182.5,8.637894630432129,451.7941589355469,-0.00015117379371076822,160610.34375,0.5300867557525635
39100.0,0,0.0,-4197374.5,5.214412689208984,246.8607177734375,8.91608651727438e-05,161204.0,0.5281345844268799
39100.0,1,0.0,-4197336.5,5.939817428588867,301.72039794921875,4.249764606356621e-05,161820.90625,0.5261213183403015
39100.0,2,0.0,-4197277.0,9.310667991638184,345.6263427734375,-0.0008273228304460645,160776.09375,0.5295401811599731
39100.0,3,0.0,-4197225.0,10.533987998962402,407.6396484375,0.0003472540993243456,161018.265625,0.5287438035011292
39100.0,4,0.0,-4197189.0,10.305444717407227,447.6722106933594,5.555700045078993e-05,160716.390625,0.5297369956970215
39200.0,0,0.0,-4197375.5,5.025883197784424,248.10174560546875,0.00038102641701698303,161308.515625,0.5277923345565796
39200.0,1,0.0,-4197332.0,5.705587863922119,297.5884704589844,-9.849423076957464e-05,161910.890625,0.5258287787437439
39200.0,2,0.0,-4197278.0,8.430876731872559,349.061279296875,-0.0004318958381190896,160850.265625,0.5292959809303284
39200.0,3,0.0,-4197230.0,8.272979736328125,410.7686462402344,-0.0004607281880453229,161093.15625,0.5284979939460754
39200.0,4,0.0,-4197193.0,10.549954414367676,443.5204162597656,-0.0005425902782008052,160787.65625,0.5295021533966064
39300.0,0,0.0,-4197377.5,4.813742160797119,252.4917449951172,-0.00015977269504219294,161424.875,0.5274119973182678
39300.0,1,0.0,-4197332.5,5.829968452453613,300.3793640136719,0.0002743043005466461,162007.234375,0.5255160927772522
39300.0,2,0.0,-4197279.5,9.604458808898926,351.6099853515625,0.00019289320334792137,160920.90625,0.5290636420249939
39300.0,3,0.0,-4197230.0,10.191207885742188,403.8542785644531,0.0006941429455764592,161185.921875,0.5281938314437866
39300.0,4,0.0,-4197186.0,9.685665130615234,437.3665771484375,0.0004721131408587098,160841.96875,0.529323399066925
39400.0,0,0.0,-4197373.0,4.634054660797119,252.61441040039062,9.512342512607574e-05,161519.828125,0.5271018743515015
39400.0,1,0.0,-4197327.0,5.90509033203125,296.9300231933594,-7.905240636318922e-05,162107.875,0.5251898169517517
39400.0,2,0.0,-4197275.5,9.694023132324219,354.4562683105469,0.000880579580552876,161013.921875,0.5287579894065857
39400.0,3,0.0,-4197228.0,9.65428352355957,396.7344970703125,0.00018673983868211508,161291.28125,0.5278487801551819
39400.0,4,0.0,-4197189.5,9.053425788879395,446.5299987792969,0.00039920583367347717,160910.171875,0.5290989875793457
39500.0,0,0.0,-4197372.0,5.813948154449463,258.6498107910156,-0.00046234403271228075,161600.078125,0.526840090751648
39500.0,1,0.0,-4197334.5,5.7051615715026855,306.7992858886719,0.000283318804576993,162204.265625,0.5248777270317078
39500.0,2,0.0,-4197273.5,8.181716918945312,352.58245849609375,0.0008436630014330149,161137.75,0.5283517837524414
39500.0,3,0.0,-4197234.5,11.863994598388672,401.05889892578125,-0.00014440470840781927,161391.140625,0.5275222063064575
39500.0,4,0.0,-4197182.0,9.102192878723145,442.2102355957031,-5.1448470912873745e-05,161031.046875,0.5287020206451416
39600.0,0,0.0,-4197369.0,5.163265705108643,255.5159912109375,0.00037565117236226797,161683.71875,0.5265675783157349
39600.0,1,0.0,-4197328.5,5.344566345214844,300.186279296875,0.0003196781035512686,162292.75,0.5245916247367859
39600.0,2,0.0,-4197279.5,10.605998992919922,352.1587219238281,-0.0005510458722710609,161241.0,0.5280133485794067
39600.0,3,0.0,-4197229.0,8.23859977722168,395.096923828125,-0.00010474107693880796,161479.90625,0.52723228931427
39600.0,4,0.0,-4197190.5,10.926213264465332,459.5749206542969,0.00020015868358314037,161157.046875,0.5282885432243347
39700.0,0,0.0,-4197372.5,4.991425037384033,252.45339965820312,0.0001843497739173472,161784.640625,0.5262391567230225
39700.0,1,0.0,-4197331.5,5.812275409698486,300.1559753417969,-0.000216221553273499,162376.53125,0.5243209600448608
39700.0,2,0.0,-4197281.0,9.486717224121094,347.0503234863281,0.0002741904463618994,161304.890625,0.5278042554855347
39700.0,3,0.0,-4197235.0,10.88170337677002,400.4840087890625,0.00021050544455647469,161566.078125,0.526951014995575
39700.0,4,0.0,-4197183.0,8.865717887878418,453.2406921386719,-0.0005742342909798026,161246.5625,0.5279952883720398
39800.0,0,0.0,-4197376.0,4.873897552490234,250.13565063476562,-0.000344552390743047,161898.015625,0.5258706212043762
39800.0,1,0.0,-4197332.0,5.818838596343994,295.7530517578125,-8.421193342655897e-05,162469.390625,0.524021327495575
39800.0,2,0.0,-4197278.5,9.139042854309082,341.7789001464844,-0.0004246829776093364,161358.703125,0.5276282429695129
39800.0,3,0.0,-4197227.5,11.037352561950684,397.1755065917969,-0.0001563100377097726,161660.34375,0.5266437530517578
39800.0,4,0.0,-4197188.0,10.012407302856445,454.97845458984375,-3.587082028388977e-05,161325.65625,0.5277364253997803
39900.0,0,0.0,-4197376.5,5.129489898681641,248.55938720703125,0.0005489945178851485,161990.03125,0.525571882724762
39900.0,1,0.0,-4197337.5,5.497076988220215,296.9152526855469,4.9676280468702316e-05,162584.453125,0.5236504673957825
39900.0,2,0.0,-4197282.5,10.73713207244873,349.1049499511719,0.00010111136361956596,161438.09375,0.5273687243461609
39900.0,3,0.0,-4197236.0,9.007610321044922,404.0154724121094,-0.00017724675126373768,161767.875,0.5262936949729919
39900.0,4,0.0,-4197192.5,9.577460289001465,452.01025390625,0.00028914271388202906,161412.203125,0.5274533629417419
40000.0,0,0.0,-4197376.5,5.105628490447998,248.6157684326172,-1.9966799300163984e-05,162043.96875,0.5253969430923462
40000.0,1,0.0,-4197335.0,5.318436622619629,293.1844787597656,-4.03356971219182e-05,162695.203125,0.5232939124107361
40000.0,2,0.0,-4197281.5,8.210744857788086,354.152587890625,-0.0006067586364224553,161579.484375,0.5269072651863098
40000.0,3,0.0,-4197239.0,10.183643341064453,403.60003662109375,0.00040814862586557865,161876.03125,0.5259420275688171
40000.0,4,0.0,-4197190.0,11.02640438079834,444.4017028808594,0.00020586838945746422,161514.625,0.5271189212799072
40100.0,0,0.0,-4197376.0,5.186682224273682,248.59982299804688,0.0003881715820170939,162087.15625,0.5252569317817688
40100.0,1,0.0,-4197332.0,6.53075647354126,294.63287353515625,-0.00016011693514883518,162777.265625,0.5230301022529602
40100.0,2,0.0,-4197280.5,9.28691291809082,361.6912841796875,0.0002732077846303582,161700.90625,0.5265116095542908
40100.0,3,0.0,-4197236.5,10.049373626708984,395.45684814453125,-0.0006323524285107851,161957.203125,0.5256783962249756
40100.0,4,0.0,-4197194.5,12.14771556854248,444.09906005859375,-0.00011547177564352751,161620.859375,0.5267723798751831
40200.0,0,0.0,-4197375.5,5.568183422088623,249.8619384765625,-0.0001640216214582324,162148.59375,0.5250579118728638
40200.0,1,0.0,-4197327.0,5.7312703132629395,298.5808410644531,0.0005657568108290434,162847.203125,0.5228055715560913
40200.0,2,0.0,-4197271.5,13.256354331970215,356.71759033203125,0.0007604459533467889,161791.15625,0.5262179374694824
40200.0,3,0.0,-4197241.0,8.087119102478027,395.3318176269531,0.000500040827319026,162020.28125,0.5254737734794617
40200.0,4,0.0,-4197195.5,11.68189811706543,449.6672668457031,-1.2069474905729294e-05,161710.140625,0.5264816284179688
40300.0,0,0.0,-4197374.5,4.907918453216553,251.40223693847656,1.8105609342455864e-05,162257.09375,0.5247069001197815
40300.0,1,0.0,-4197330.0,5.852890491485596,306.0545959472656,0.00033170334063470364,162930.109375,0.5225394368171692
40300.0,2,0.0,-4197275.0,7.976905822753906,352.962158203125,0.00032362702768296003,161871.234375,0.5259575843811035
40300.0,3,0.0,-4197240.0,9.396392822265625,395.80316162109375,0.0006238187197595835,162093.234375,0.5252372622489929
40300.0,4,0.0,-4197186.0,9.16897964477539,455.0458068847656,-2.1698535420000553e-05,161780.9375,0.5262512564659119
40400.0,0,0.0,-4197373.5,5.778467655181885,253.4488983154297,0.0004264127928763628,162376.375,0.524321436882019
40400.0,1,0.0,-4197328.5,5.786427021026611,304.111083984375,7.481675129383802e-05,163049.546875,0.5221567749977112
40400.0,2,0.0,-4197280.5,10.121902465820312,349.1303405761719,-0.00041266775224357843,161958.546875,0.5256739854812622
40400.0,3,0.0,-4197232.5,9.001361846923828,398.8261413574219,-3.442808520048857e-05,162203.65625,0.5248796939849854
40400.0,4,0.0,-4197177.5,14.726966857910156,459.9098815917969,0.0003562277415767312,161849.6875,0.5260276794433594
40500.0,0,0.0,-4197373.0,4.656655788421631,253.86968994140625,0.000190163089428097,162469.34375,0.5240213871002197
40500.0,1,0.0,-4197329.5,5.980178356170654,301.75909423828125,0.0003296922077424824,163170.0,0.5217711925506592
40500.0,2,0.0,-4197278.0,10.742341995239258,346.26983642578125,-0.0007707909680902958,162063.703125,0.5253329873085022
40500.0,3,0.0,-4197228.5,10.62881088256836,405.9144592285156,-0.000420641154050827,162327.796875,0.5244783163070679
40500.0,4,0.0,-4197180.5,9.443678855895996,464.1056823730469,-0.0003153781872242689,161951.0,0.5256985425949097
40600.0,0,0.0,-4197377.0,4.567290306091309,255.910888671875,0.0006231702864170074,162546.703125,0.5237719416618347
40600.0,1,0.0,-4197331.5,5.492185115814209,300.5459899902344,-0.0001284903846681118,163250.09375,0.5215151906013489
40600.0,2,0.0,-4197282.5,8.4598388671875,352.0766906738281,8.392601739615202e-05,162172.9375,0.5249791145324707
40600.0,3,0.0,-4197226.0,8.843366622924805,405.6185302734375,-0.0005029876483604312,162417.078125,0.5241900086402893
40600.0,4,0.0,-4197185.0,10.566496849060059,465.21063232421875,-1.7865095287561417e-05,162089.171875,0.5252504944801331
40700.0,0,0.0,-4197375.0,4.728810787200928,247.22366333007812,-0.00044934824109077454,162629.375,0.5235057473182678
40700.0,1,0.0,-4197335.0,5.802658557891846,301.7371520996094,2.4478184059262276e-05,163313.625,0.5213123559951782
40700.0,2,0.0,-4197276.5,9.721261978149414,352.3199157714844,0.00042182416655123234,162261.828125,0.5246915221214294
40700.0,3,0.0,-4197232.5,9.363783836364746,408.7735290527344,0.0004236764507368207,162485.8125,0.5239682197570801
40700.0,4,0.0,-4197187.5,10.881726264953613,458.5291748046875,8.501310367137194e-05,162186.15625,0.524936318397522
40800.0,0,0.0,-4197378.0,5.027997016906738,245.43576049804688,0.000110286520794034,162735.140625,0.5231654644012451
40800.0,1,0.0,-4197332.5,5.369020938873291,298.7276916503906,-0.0001391690457239747,163388.796875,0.521072506904602
40800.0,2,0.0,-4197275.0,9.131266593933105,353.67889404296875,0.0001627366291359067,162334.28125,0.5244572758674622
40800.0,3,0.0,-4197230.5,9.929688453674316,402.4339599609375,6.449059583246708e-05,162561.640625,0.5237239003181458
40800.0,4,0.0,-4197183.5,13.458614349365234,446.9140625,0.0005784843815490603,162253.375,0.5247188806533813
40900.0,0,0.0,-4197379.0,4.96978759765625,245.84312438964844,-0.0001408901298418641,162853.515625,0.5227851867675781
40900.0,1,0.0,-4197328.5,6.203938961029053,296.45660400390625,0.0002198317088186741,163493.96875,0.52073734998703
40900.0,2,0.0,-4197269.5,9.252077102661133,348.6481018066406,0.0001260617282241583,162411.734375,0.5242071747779846
40900.0,3,0.0,-4197228.5,11.671512603759766,397.10369873046875,0.00037134927697479725,162666.921875,0.5233848690986633
40900.0,4,0.0,-4197186.5,8.836584091186523,453.5915832519531,5.7905446738004684e-05,162323.9375,0.5244908332824707
41000.0,0,0.0,-4197377.0,5.476407527923584,246.8821563720703,7.257075048983097e-05,162943.84375,0.5224953889846802
41000.0,1,0.0,-4197326.5,5.548901557922363,299.1518249511719,0.00026629952481016517,163606.515625,0.5203790664672852
41000.0,2,0.0,-4197280.0,11.779404640197754,353.02789306640625,-0.00028169213328510523,162523.140625,0.5238478779792786
41000.0,3,0.0,-4197225.5,11.830414772033691,393.7592468261719,-0.0001486232504248619,162786.875,0.5229992270469666
41000.0,4,0.0,-4197182.0,9.06251049041748,444.6513671875,-0.0002106537576764822,162419.09375,0.5241835117340088
41100.0,0,0.0,-4197375.0,5.514066696166992,249.10372924804688,0.0003621585783548653,163002.53125,0.5223073363304138
41100.0,1,0.0,-4197325.5,6.248571395874023,305.52532958984375,0.0001001083292067051,163706.171875,0.5200624465942383
41100.0,2,0.0,-4197282.0,8.71231460571289,349.08978271484375,-2.884538844227791e-06,162652.734375,0.5234304666519165
41100.0,3,0.0,-4197227.5,10.014703750610352,395.7891540527344,0.000591881456784904,162881.5625,0.5226951837539673
41100.0,4,0.0,-4197190.5,11.26756477355957,448.9051208496094,9.73560381680727e-05,162532.875,0.5238165259361267
41200.0,0,0.0,-4197376.5,4.9588398933410645,253.27285766601562,-0.0001815464347600937,163055.875,0.522136390209198
41200.0,1,0.0,-4197323.5,5.439672946929932,306.2965393066406,0.00031778711127117276,163795.578125,0.5197784304618835
41200.0,2,0.0,-4197285.0,9.259814262390137,350.5584411621094,2.9031885787844658e-05,162737.984375,0.5231563448905945
41200.0,3,0.0,-4197228.5,8.796542167663574,398.1702880859375,6.50179572403431e-05,162957.28125,0.5224523544311523
41200.0,4,0.0,-4197190.0,9.734118461608887,448.32366943359375,-0.00037599087227135897,162633.921875,0.5234911441802979
41300.0,0,0.0,-4197375.0,4.573184967041016,252.2311553955078,0.000635093601886183,163144.9375,0.5218513607978821
41300.0,1,0.0,-4197326.5,5.638387680053711,304.5047912597656,-0.0003628642298281193,163884.15625,0.5194975137710571
41300.0,2,0.0,-4197280.5,8.167218208312988,345.61541748046875,-0.00017569167539477348,162796.84375,0.5229672193527222
41300.0,3,0.0,-4197234.0,11.90426254272461,401.40960693359375,-0.000570664880797267,163035.71875,0.5222010016441345
41300.0,4,0.0,-4197185.5,9.890135765075684,442.98388671875,0.0005009768065065145,162717.859375,0.5232210159301758
41400.0,0,0.0,-4197374.0,5.105393409729004,250.51612854003906,-6.849062629044056e-06,163288.6875,0.5213919281959534
41400.0,1,0.0,-4197331.0,5.322872638702393,300.88214111328125,-0.0001117045758292079,163981.890625,0.5191879272460938
41400.0,2,0.0,-4197281.5,9.516433715820312,351.2982177734375,3.196345642209053e-05,162862.078125,0.5227576494216919
41400.0,3,0.0,-4197236.5,10.148612022399902,401.730224609375,-0.000201730290427804,163127.25,0.5219079256057739
41400.0,4,0.0,-4197190.0,9.245654106140137,450.08111572265625,-0.000203946721740067,162800.390625,0.5229558944702148
41500.0,0,0.0,-4197373.0,5.217069625854492,248.1870574951172,-0.00021874462254345417,163399.40625,0.5210386514663696
41500.0,1,0.0,-4197326.5,5.74755859375,292.38702392578125,0.00018957769498229027,164090.09375,0.5188456177711487
41500.0,2,0.0,-4197278.5,7.920270919799805,357.0052185058594,0.00027107622008770704,162952.359375,0.522468090057373
41500.0,3,0.0,-4197240.0,8.921424865722656,406.92578125,0.00030347355641424656,163225.453125,0.5215939879417419
41500.0,4,0.0,-4197183.0,12.344335556030273,451.5676574707031,0.00024552096147090197,162894.640625,0.5226532220840454
41600.0,0,0.0,-4197374.5,4.970312595367432,249.04617309570312,-0.00037925015203654766,163481.46875,0.5207771062850952
41600.0,1,0.0,-4197334.5,5.142482757568359,300.798583984375,0.00010653946083039045,164191.984375,0.5185234546661377
41600.0,2,0.0,-4197267.0,9.25469970703125,349.616455078125,-0.00018195156008005142,163058.75,0.5221272110939026
41600.0,3,0.0,-4197235.0,8.586597442626953,402.1669921875,0.0007506562396883965,163323.46875,0.5212809443473816
41600.0,4,0.0,-4197180.5,8.923641204833984,463.5009765625,0.0002825537230819464,162999.546875,0.5223169326782227
41700.0,0,0.0,-4197374.5,4.704638957977295,248.4335174560547,0.0001051712897606194,163561.8125,0.5205212831497192
41700.0,1,0.0,-4197328.5,5.696846961975098,295.9185485839844,0.0003192770527675748,164273.46875,0.5182663798332214
41700.0,2,0.0,-4197266.0,8.49654483795166,345.447265625,-0.00022391031961888075,163159.40625,0.5218050479888916
41700.0,3,0.0,-4197232.0,8.736442565917969,395.0028991699219,-0.00017599668353796005,163417.421875,0.5209811925888062
41700.0,4,0.0,-4197180.5,9.774733543395996,463.85125732421875,0.0002816569758579135,163099.78125,0.5219958424568176
41800.0,0,0.0,-4197376.0,6.080310821533203,250.41006469726562,0.0005319754127413034,163658.390625,0.5202142000198364
41800.0,1,0.0,-4197331.0,5.521085739135742,301.1298522949219,0.0003171925200149417,164343.078125,0.5180467963218689
41800.0,2,0.0,-4197281.5,10.072945594787598,346.43927001953125,0.0002465770812705159,163248.421875,0.5215204954147339
41800.0,3,0.0,-4197233.5,9.426251411437988,395.3004150390625,-8.21227440610528e-05,163508.15625,0.5206921100616455
41800.0,4,0.0,-4197180.0,10.00576400756836,452.7522888183594,-0.00010698800906538963,163192.359375,0.5216997265815735
41900.0,0,0.0,-4197372.0,5.150859832763672,249.5261688232422,-8.329720003530383e-05,163772.828125,0.5198506712913513
41900.0,1,0.0,-4197329.0,5.831278324127197,300.8467712402344,0.0004495330504141748,164425.9375,0.5177858471870422
41900.0,2,0.0,-4197281.5,10.418638229370117,342.3518371582031,-0.0006509439554065466,163334.109375,0.5212469696998596
41900.0,3,0.0,-4197230.0,9.275200843811035,389.5500183105469,-0.00025984912645071745,163602.65625,0.5203912854194641
41900.0,4,0.0,-4197186.0,8.748196601867676,449.8810729980469,-0.000481257913634181,163283.59375,0.5214082598686218
42000.0,0,0.0,-4197372.5,5.389557361602783,256.5713195800781,0.000517907552421093,163876.109375,0.5195229649543762
42000.0,1,0.0,-4197332.0,6.26638126373291,304.2890930175781,-0.0003448609495535493,164552.1875,0.5173884630203247
42000.0,2,0.0,-4197284.5,8.684060096740723,349.1292419433594,0.00025994342286139727,163429.625,0.5209423303604126
42000.0,3,0.0,-4197236.5,9.20012092590332,399.53900146484375,8.283706847578287e-05,163703.1875,0.520071804523468
42000.0,4,0.0,-4197192.0,9.50667953491211,451.8921813964844,0.00034657109063118696,163377.921875,0.5211073160171509
42100.0,0,0.0,-4197372.0,4.372756004333496,258.51580810546875,3.1277770176529884e-05,163952.96875,0.519279420375824
42100.0,1,0.0,-4197330.5,5.665896415710449,299.8193664550781,-0.0002419216325506568,164676.484375,0.5169981122016907
42100.0,2,0.0,-4197277.5,9.179360389709473,349.2886962890625,-0.0002218527952209115,163540.34375,0.5205896496772766
42100.0,3,0.0,-4197231.5,8.693648338317871,400.4027099609375,0.00020041561219841242,163805.59375,0.5197466611862183
42100.0,4,0.0,-4197191.0,9.836044311523438,450.25384521484375,-0.00010768510401248932,163475.75,0.5207953453063965
42200.0,0,0.0,-4197369.0,5.055341720581055,251.99066162109375,-0.00019311916548758745,164018.46875,0.5190721154212952
42200.0,1,0.0,-4197333.0,5.313971996307373,296.49560546875,1.185957808047533e-05,164756.0,0.5167486071586609
42200.0,2,0.0,-4197275.0,9.349310874938965,356.07061767578125,0.00038372661219909787,163645.484375,0.5202551484107971
42200.0,3,0.0,-4197227.0,8.563675880432129,404.3787841796875,5.9870537370443344e-05,163897.5,0.5194551944732666
42200.0,4,0.0,-4197186.0,10.458721160888672,449.1488952636719,0.00035277276765555143,163573.328125,0.5204846858978271
42300.0,0,0.0,-4197374.5,5.474217891693115,251.2267608642578,-0.00021235545864328742,164102.6875,0.518805742263794
42300.0,1,0.0,-4197337.5,5.61785364151001,295.7796630859375,-4.9842637963593006e-05,164822.296875,0.5165407061576843
42300.0,2,0.0,-4197272.5,9.327906608581543,354.6240234375,6.345938891172409e-05,163719.46875,0.520020067691803
42300.0,3,0.0,-4197223.5,8.587937355041504,407.51885986328125,0.0001468511763960123,163977.578125,0.5192015767097473
42300.0,4,0.0,-4197186.5,10.66006851196289,451.7096252441406,-0.00026780087500810623,163666.609375,0.5201879739761353
42400.0,0,0.0,-4197376.5,5.531714916229248,249.42872619628906,-0.00019730330677703023,164244.5625,0.518357515335083
42400.0,1,0.0,-4197335.5,5.9432830810546875,293.1665344238281,0.0008281672489829361,164902.984375,0.5162878632545471
42400.0,2,0.0,-4197273.5,8.443462371826172,350.8350524902344,0.0001098451903089881,163776.671875,0.5198383927345276
42400.0,3,0.0,-4197228.0,13.151373863220215,407.1308898925781,0.0007164465496316552,164060.21875,0.5189399719238281
42400.0,4,0.0,-4197183.5,9.420181274414062,449.5021667480469,0.0001356754219159484,163756.046875,0.5199040174484253
42500.0,0,0.0,-4197376.5,5.475332736968994,248.42916870117188,0.00020071386825293303,164365.765625,0.5179753303527832
42500.0,1,0.0,-4197333.5,5.194940090179443,297.3170166015625,-7.718277629464865e-05,165009.4375,0.5159547924995422
42500.0,2,0.0,-4197286.0,9.34765625,356.1568298339844,-3.7027057260274887e-06,163846.09375,0.5196180939674377
42500.0,3,0.0,-4197229.5,12.497532844543457,401.04852294921875,0.00016449810937047005,164166.765625,0.5186032056808472
42500.0,4,0.0,-4197189.5,8.440032958984375,456.4585266113281,0.0007685082382522523,163848.734375,0.519609808921814
42600.0,0,0.0,-4197375.5,5.478633880615234,248.96023559570312,0.000290481373667717,164443.09375,0.5177317261695862
42600.0,1,0.0,-4197330.0,6.168652534484863,300.9569091796875,9.436917025595903e-05,165121.53125,0.515604555606842
42600.0,2,0.0,-4197276.5,10.146912574768066,345.4165954589844,-0.00011092855129390955,163961.96875,0.5192509293556213
42600.0,3,0.0,-4197223.5,11.307474136352539,389.1087341308594,-0.0007878926116973162,164289.6875,0.5182151794433594
42600.0,4,0.0,-4197186.5,9.765005111694336,446.6760559082031,-0.0006308592855930328,163951.46875,0.5192843079566956
42700.0,0,0.0,-4197376.5,5.37499475479126,252.654541015625,0.0005158934509381652,164517.296875,0.517498254776001
42700.0,1,0.0,-4197331.0,6.796582221984863,304.39642333984375,-6.657082121819258e-05,165219.25,0.5152996182441711
42700.0,2,0.0,-4197283.5,9.435800552368164,350.7430114746094,0.00011855445336550474,164088.59375,0.5188502669334412
42700.0,3,0.0,-4197236.0,11.574357986450195,400.36444091796875,-0.00019694131333380938,164383.765625,0.5179186463356018
42700.0,4,0.0,-4197190.5,11.214683532714844,442.30328369140625,0.00027514679823070765,164058.34375,0.5189459323883057
42800.0,0,0.0,-4197370.0,5.51182222366333,248.8868865966797,-0.0001997222425416112,164608.8125,0.5172104835510254
42800.0,1,0.0,-4197331.0,5.352024078369141,303.1898498535156,-4.354689735919237e-05,165307.4375,0.5150246024131775
42800.0,2,0.0,-4197281.5,10.832494735717773,349.66375732421875,-0.00019356096163392067,164179.671875,0.518562376499176
42800.0,3,0.0,-4197237.0,8.494181632995605,402.0516662597656,-0.0006225091638043523,164449.6875,0.5177110433578491
42800.0,4,0.0,-4197191.0,11.642984390258789,443.17510986328125,-0.00023023865651339293,164150.84375,0.5186535716056824
42900.0,0,0.0,-4197374.5,4.712400913238525,255.55953979492188,-0.00032733840635046363,164720.09375,0.516861081123352
42900.0,1,0.0,-4197328.5,5.811080455780029,298.5448913574219,-0.00016438239254057407,165398.671875,0.5147406458854675
42900.0,2,0.0,-4197277.5,10.232040405273438,353.59100341796875,0.0003718274529092014,164256.921875,0.5183185935020447
42900.0,3,0.0,-4197234.5,8.732026100158691,404.93597412109375,0.0005376097979024053,164515.859375,0.5175027847290039
42900.0,4,0.0,-4197193.0,10.878008842468262,449.35479736328125,0.0004303316818550229,164227.875,0.518410325050354
43000.0,0,0.0,-4197371.0,5.499281406402588,252.3260040283203,-0.00020076136570423841,164827.109375,0.5165255069732666
43000.0,1,0.0,-4197330.0,5.499637126922607,298.163818359375,-0.00020990020129829645,165498.875,0.514428973197937
43000.0,2,0.0,-4197276.5,8.861842155456543,353.06201171875,-0.0003484337357804179,164341.71875,0.518051028251648
43000.0,3,0.0,-4197231.5,9.365537643432617,405.42462158203125,0.00031125557143241167,164616.703125,0.5171856880187988
43000.0,4,0.0,-4197187.0,11.805644035339355,451.1468200683594,0.0003325965953990817,164307.34375,0.5181595683097839
43100.0,0,0.0,-4197373.5,4.732361793518066,251.79391479492188,-0.0002474928041920066,164913.328125,0.5162554383277893
43100.0,1,0.0,-4197330.0,5.673849105834961,297.06427001953125,0.0005686539225280285,165604.5,0.5141007304191589
43100.0,2,0.0,-4197282.0,8.37720775604248,358.0570983886719,0.00041016621980816126,164444.28125,0.5177279710769653
43100.0,3,0.0,-4197228.0,9.319395065307617,401.26666259765625,0.00012549047823995352,164752.078125,0.5167607665061951
43100.0,4,0.0,-4197183.0,11.196540832519531,457.8797607421875,0.00024863274302333593,164413.921875,0.5178236365318298
43200.0,0,0.0,-4197374.5,5.695522785186768,245.9926300048828,0.00035682227462530136,164988.65625,0.5160197615623474
43200.0,1,0.0,-4197332.5,5.1831135749816895,299.4654541015625,0.00017688656225800514,165701.03125,0.5138012766838074
43200.0,2,0.0,-4197279.0,8.68376636505127,353.84576416015625,-0.0007387482328340411,164552.9375,0.5173860788345337
43200.0,3,0.0,-4197230.5,9.328490257263184,401.7652282714844,-6.733497139066458e-05,164855.96875,0.5164350867271423
43200.0,4,0.0,-4197179.5,9.39228343963623,460.6628112792969,-0.0006565466756001115,164540.109375,0.5174264907836914
43300.0,0,0.0,-4197377.0,5.04197883605957,245.2335662841797,0.0002429299638606608,165079.1875,0.5157367587089539
43300.0,1,0.0,-4197330.0,5.339132308959961,298.365478515625,0.00023199524730443954,165775.8125,0.5135695338249207
43300.0,2,0.0,-4197276.5,10.257465362548828,347.0657958984375,5.25149516761303e-07,164647.671875,0.5170884132385254
43300.0,3,0.0,-4197232.5,9.986083984375,394.3592224121094,0.00011926796287298203,164936.953125,0.5161815881729126
43300.0,4,0.0,-4197190.0,12.974116325378418,466.4867858886719,-6.151804700493813e-05,164632.578125,0.5171358585357666
43400.0,0,0.0,-4197374.5,6.024805068969727,244.2222900390625,0.00031284382566809654,165222.8125,0.5152884721755981
43400.0,1,0.0,-4197329.0,5.811348915100098,301.7643127441406,-6.779725663363934e-05,165833.9375,0.513389527797699
43400.0,2,0.0,-4197275.5,11.701860427856445,344.7950439453125,0.0005045301513746381,164728.34375,0.5168352127075195
43400.0,3,0.0,-4197232.0,9.704767227172852,386.5760192871094,-5.036103539168835e-05,165021.140625,0.5159181952476501
43400.0,4,0.0,-4197184.5,11.044937133789062,448.4814758300781,0.0002415465423837304,164695.515625,0.5169382691383362
43500.0,0,0.0,-4197376.5,4.881557464599609,251.08914184570312,7.257709512487054e-05,165346.046875,0.5149043798446655
43500.0,1,0.0,-4197328.0,5.808542251586914,306.2171325683594,-8.789787534624338e-05,165901.625,0.5131801962852478
43500.0,2,0.0,-4197274.5,8.904068946838379,342.5040588378906,0.00020541588310152292,164809.5625,0.5165805220603943
43500.0,3,0.0,-4197236.0,10.514730453491211,392.96649169921875,-0.000686436309479177,165118.515625,0.5156139135360718
43500.0,4,0.0,-4197186.0,11.876364707946777,445.8131408691406,0.00020868517458438873,164759.859375,0.5167363882064819
43600.0,0,0.0,-4197372.0,5.346559047698975,250.5515594482422,-0.00012601906200870872,165415.375,0.5146886110305786
43600.0,1,0.0,-4197326.0,6.003179550170898,306.443603515625,-0.0001249933848157525,166014.015625,0.5128326416015625
43600.0,2,0.0,-4197277.5,10.606943130493164,352.1379699707031,0.0001761326566338539,164927.078125,0.5162123441696167
43600.0,3,0.0,-4197231.5,9.60683822631836,398.316650390625,0.0003169047413393855,165225.890625,0.5152789354324341
43600.0,4,0.0,-4197194.0,11.45549488067627,457.38934326171875,0.00040914525743573904,164857.703125,0.5164296627044678
43700.0,0,0.0,-4197371.0,4.723021507263184,251.44482421875,-0.0002911980845965445,165480.34375,0.5144864916801453
43700.0,1,0.0,-4197325.5,6.394612789154053,302.4518737792969,0.0001804543426260352,166146.015625,0.5124253630638123
43700.0,2,0.0,-4197276.5,9.31959342956543,352.0613708496094,-0.0007173344492912292,165066.921875,0.5157750844955444
43700.0,3,0.0,-4197230.5,9.548738479614258,406.7130432128906,0.0005958551191724837,165326.734375,0.5149645209312439
43700.0,4,0.0,-4197184.5,13.650535583496094,447.5698547363281,-0.00027103431057184935,164984.734375,0.5160320401191711
43800.0,0,0.0,-4197373.0,5.1109185218811035,253.45355224609375,-0.0002626604400575161,165566.71875,0.5142180919647217
43800.0,1,0.0,-4197330.5,6.346493721008301,299.796875,0.0006021765875630081,166239.59375,0.5121368765830994
43800.0,2,0.0,-4197276.0,9.946290969848633,349.910400390625,-0.0001488639973104,165153.734375,0.515504002571106
43800.0,3,0.0,-4197228.0,9.847356796264648,404.7860107421875,0.0006239103386178613,165412.46875,0.5146976709365845
43800.0,4,0.0,-4197183.0,9.631478309631348,449.10552978515625,0.000521430280059576,165091.734375,0.5156975984573364
43900.0,0,0.0,-4197371.0,5.105618953704834,249.1260986328125,0.0003652903251349926,165681.3125,0.5138625502586365
43900.0,1,0.0,-4197331.0,6.2649149894714355,295.1427307128906,-0.00038581143599003553,166311.953125,0.5119140148162842
43900.0,2,0.0,-4197274.5,9.907848358154297,351.1565856933594,0.00033241603523492813,165216.828125,0.5153071284294128
43900.0,3,0.0,-4197228.5,8.730365753173828,404.0968322753906,5.578796844929457e-05,165491.359375,0.5144523978233337
43900.0,4,0.0,-4197183.0,9.002238273620605,447.397216796875,-0.0002521015703678131,165182.078125,0.515415608882904
44000.0,0,0.0,-4197373.5,5.107638835906982,248.9691925048828,0.0002486460725776851,165793.140625,0.5135158896446228
44000.0,1,0.0,-4197333.5,5.546338081359863,297.3752136230469,0.0004938701749779284,166390.9375,0.5116710066795349
44000.0,2,0.0,-4197278.0,8.133122444152832,351.8421630859375,-7.018400356173515e-05,165289.484375,0.5150805711746216
44000.0,3,0.0,-4197227.0,10.698734283447266,399.3271789550781,-0.0006420871941372752,165587.328125,0.5141541361808777
44000.0,4,0.0,-4197183.5,9.94503116607666,447.2236633300781,-0.0001603210112079978,165271.34375,0.5151371955871582
44100.0,0,0.0,-4197376.0,5.171250820159912,249.84878540039062,0.00037466961657628417,165881.4375,0.5132425427436829
44100.0,1,0.0,-4197330.5,6.4147162437438965,296.947265625,0.00016292050713673234,166498.984375,0.5113388895988464
44100.0,2,0.0,-4197277.0,8.490924835205078,346.1580505371094,-0.00011837435886263847,165396.109375,0.5147485136985779
44100.0,3,0.0,-4197233.0,9.077616691589355,400.7538757324219,9.694811888039112e-05,165721.03125,0.5137392282485962
44100.0,4,0.0,-4197190.5,9.771907806396484,453.81646728515625,-0.00013737822882831097,165367.46875,0.5148376822471619
44200.0,0,0.0,-4197376.0,5.23884391784668,249.37109375,0.00012336403597146273,165959.171875,0.5130020976066589
44200.0,1,0.0,-4197332.5,5.568687438964844,302.69879150390625,-0.0002282512141391635,166621.375,0.5109633207321167
44200.0,2,0.0,-4197275.0,10.412708282470703,348.623291015625,0.0008663866319693625,165518.90625,0.514366626739502
44200.0,3,0.0,-4197232.5,9.381436347961426,404.3160705566406,-0.00043218384962528944,165834.734375,0.5133870840072632
44200.0,4,0.0,-4197187.5,11.058686256408691,450.05645751953125,5.294347647577524e-05,165472.703125,0.5145103335380554
44300.0,0,0.0,-4197373.0,4.486972808837891,247.04354858398438,-0.00020392832811921835,166049.296875,0.5127236843109131
44300.0,1,0.0,-4197328.0,6.770152568817139,300.5983581542969,-3.4957192838191986e-06,166718.078125,0.5106670260429382
44300.0,2,0.0,-4197275.5,10.737812042236328,347.2513732910156,0.0004629566101357341,165614.796875,0.5140688419342041
44300.0,3,0.0,-4197226.0,9.379387855529785,394.3385925292969,8.0348108895123e-05,165903.65625,0.5131736993789673
44300.0,4,0.0,-4197190.5,9.174184799194336,447.47064208984375,0.0007902882061898708,165573.640625,0.5141966938972473
44400.0,0,0.0,-4197376.5,5.027822971343994,252.19085693359375,-8.687091758474708e-05,166177.46875,0.5123282074928284
44400.0,1,0.0,-4197331.0,6.436819553375244,304.56402587890625,4.5532360672950745e-06,166792.40625,0.5104393362998962
44400.0,2,0.0,-4197282.0,11.17551326751709,351.7669982910156,-0.00015061383601278067,165690.8125,0.5138329267501831
44400.0,3,0.0,-4197233.0,9.635198593139648,398.4310302734375,0.00033640058245509863,165965.140625,0.5129837393760681
44400.0,4,0.0,-4197186.5,9.329766273498535,439.67279052734375,0.00021399033721536398,165660.015625,0.5139285922050476
44500.0,0,0.0,-4197371.5,4.97060489654541,247.6580047607422,-0.0003596413298510015,166305.9375,0.5119324326515198
44500.0,1,0.0,-4197328.5,5.472074508666992,299.9935302734375,0.00036014546640217304,166869.3125,0.5102040767669678
44500.0,2,0.0,-4197279.5,9.761560440063477,349.2112121582031,-7.961352821439505e-05,165770.84375,0.5135849118232727
44500.0,3,0.0,-4197236.5,12.279420852661133,398.71875,0.00028092158026993275,166048.078125,0.5127274394035339
44500.0,4,0.0,-4197192.5,9.421173095703125,445.3651123046875,0.0003674734616652131,165736.15625,0.5136924982070923
44600.0,0,0.0,-4197373.5,6.348910331726074,250.4934844970703,0.00010392238618806005,166372.703125,0.5117270350456238
44600.0,1,0.0,-4197333.0,5.821704387664795,300.28375244140625,5.336047615855932e-05,167001.046875,0.5098016858100891
44600.0,2,0.0,-4197278.5,10.730690956115723,348.546875,-0.000870451214723289,165873.734375,0.5132663249969482
44600.0,3,0.0,-4197231.5,11.337233543395996,394.51458740234375,0.00012982368934899569,166163.203125,0.5123721957206726
44600.0,4,0.0,-4197180.0,11.599227905273438,439.4073181152344,-0.00012907397467643023,165823.140625,0.5134230256080627
44700.0,0,0.0,-4197372.0,5.4215521812438965,248.3665008544922,0.0005364351673051715,166422.046875,0.5115753412246704
44700.0,1,0.0,-4197333.5,5.4299235343933105,292.3340759277344,0.0004301924491301179,167167.859375,0.5092929005622864
44700.0,2,0.0,-4197278.0,9.9708251953125,346.9095764160156,0.0001765609486028552,165992.140625,0.5129002928733826
44700.0,3,0.0,-4197227.0,8.339463233947754,386.3929138183594,-0.0002745242090895772,166276.625,0.5120227336883545
44700.0,4,0.0,-4197179.5,8.540167808532715,452.59222412109375,-0.00029798178002238274,165946.15625,0.5130423903465271
44800.0,0,0.0,-4197374.0,6.02392053604126,249.3802032470703,0.00023626151960343122,166487.015625,0.5113757252693176
44800.0,1,0.0,-4197336.5,5.752691745758057,290.3607482910156,-0.00027967861387878656,167250.90625,0.509040117263794
44800.0,2,0.0,-4197277.0,10.413365364074707,348.05352783203125,-0.0002667080843821168,166087.03125,0.5126071572303772
44800.0,3,0.0,-4197235.0,10.927919387817383,396.9186706542969,9.494845289736986e-05,166370.046875,0.511735200881958
44800.0,4,0.0,-4197175.0,12.380572319030762,458.529052734375,-0.0005276405718177557,166068.28125,0.5126652121543884
44900.0,0,0.0,-4197374.5,5.573214054107666,248.54005432128906,0.00023191689979285002,166589.09375,0.5110623240470886
44900.0,1,0.0,-4197339.5,5.869917869567871,296.3192138671875,0.00036379648372530937,167320.671875,0.508827805519104
44900.0,2,0.0,-4197277.5,9.483675956726074,357.0251159667969,0.00019194523338228464,166140.234375,0.5124430060386658
44900.0,3,0.0,-4197234.5,10.101988792419434,406.7914123535156,-0.0008933829376474023,166456.1875,0.511470377445221
44900.0,4,0.0,-4197179.5,13.317105293273926,460.8407897949219,0.00025524222292006016,166147.34375,0.512421190738678
45000.0,0,0.0,-4197379.5,5.162749767303467,252.921142578125,-9.189557749778032e-05,166709.234375,0.5106939673423767
45000.0,1,0.0,-4197332.5,5.262895107269287,297.01861572265625,0.00016967690316960216,167409.484375,0.5085578560829163
45000.0,2,0.0,-4197270.5,8.861251831054688,351.93548583984375,-0.00016641267575323582,166169.671875,0.5123522281646729
45000.0,3,0.0,-4197228.0,9.20721435546875,406.6935119628906,0.0005193745018914342,166548.953125,0.5111854672431946
45000.0,4,0.0,-4197182.0,11.832358360290527,455.09814453125,-3.502285107970238e-05,166210.375,0.5122268199920654
45100.0,0,0.0,-4197374.5,5.094831943511963,248.09878540039062,-8.613610407337546e-05,166810.15625,0.5103850960731506
45100.0,1,0.0,-4197330.0,6.0584821701049805,298.9151916503906,-0.00026205123867839575,167528.734375,0.5081958770751953
45100.0,2,0.0,-4197281.5,9.224862098693848,360.6197204589844,0.00010359962470829487,166200.328125,0.5122577548027039
45100.0,3,0.0,-4197222.0,9.453374862670898,403.6820983886719,0.0010418591555207968,166652.890625,0.510866641998291
45100.0,4,0.0,-4197190.5,10.102352142333984,459.93096923828125,0.00038669072091579437,166287.875,0.5119880437850952
45200.0,0,0.0,-4197373.0,4.767796516418457,248.81500244140625,-0.0003064046613872051,166892.671875,0.5101327300071716
45200.0,1,0.0,-4197330.5,5.2951765060424805,301.48321533203125,0.00024617614690214396,167644.71875,0.5078442692756653
45200.0,2,0.0,-4197278.0,9.940589904785156,349.8930358886719,0.0005012017209082842,166258.09375,0.5120797157287598
45200.0,3,0.0,-4197222.5,10.222862243652344,402.5061340332031,0.00013569544535130262,166758.0625,0.51054447889328
45200.0,4,0.0,-4197190.0,8.700352668762207,455.6439514160156,0.00046158442273736,166400.09375,0.5116428136825562
45300.0,0,0.0,-4197373.0,5.2704668045043945,252.0593719482422,-3.7616118788719177e-06,166975.828125,0.5098786354064941
45300.0,1,0.0,-4197328.5,5.173618793487549,300.4383544921875,5.1097944378852844e-05,167730.34375,0.5075850486755371
45300.0,2,0.0,-4197280.0,10.565252304077148,347.1828308105469,-1.5778234228491783e-05,166349.515625,0.5117983222007751
45300.0,3,0.0,-4197230.5,9.509208679199219,400.20892333984375,4.653795622289181e-05,166850.25,0.5102623105049133
45300.0,4,0.0,-4197187.0,9.989203453063965,449.79644775390625,-6.433145608752966e-05,166519.015625,0.5112774968147278
45400.0,0,0.0,-4197369.0,5.110042572021484,250.14312744140625,0.0002975714742206037,167079.96875,0.5095608830451965
45400.0,1,0.0,-4197327.0,5.66906213760376,298.4348449707031,0.00041341071482747793,167802.734375,0.5073660016059875
45400.0,2,0.0,-4197279.0,8.58028793334961,346.8468322753906,-0.0006172389257699251,166458.90625,0.5114620327949524
45400.0,3,0.0,-4197230.0,8.493791580200195,394.9472961425781,-0.0005568398628383875,166923.53125,0.5100383758544922
45400.0,4,0.0,-4197185.0,9.274892807006836,449.366455078125,-0.0001353119732812047,166615.6875,0.5109808444976807
45500.0,0,0.0,-4197371.5,5.286278247833252,252.4936065673828,0.0003737850929610431,167205.953125,0.5091769099235535
45500.0,1,0.0,-4197329.0,5.466000556945801,299.4720153808594,-5.366280674934387e-06,167888.625,0.5071064829826355
45500.0,2,0.0,-4197278.5,10.304014205932617,348.92852783203125,-0.0008833644678816199,166564.265625,0.5111384987831116
45500.0,3,0.0,-4197233.0,11.510807037353516,395.78436279296875,-0.00013182999100536108,166985.59375,0.5098488330841064
45500.0,4,0.0,-4197180.0,10.656185150146484,448.7884521484375,-9.030045475810766e-05,166701.65625,0.5107172727584839
45600.0,0,0.0,-4197372.5,5.035646915435791,250.076171875,0.0003955636639147997,167304.328125,0.5088775157928467
45600.0,1,0.0,-4197331.0,5.578495979309082,299.4395446777344,0.0001910780556499958,168011.640625,0.5067352056503296
45600.0,2,0.0,-4197279.5,9.093137741088867,352.3003234863281,0.00048012263141572475,166653.078125,0.5108660459518433
45600.0,3,0.0,-4197233.5,9.686220169067383,399.194580078125,-0.0007484388770535588,167064.109375,0.5096092224121094
45600.0,4,0.0,-4197182.5,13.415849685668945,447.25616455078125,-0.00019639148376882076,166792.890625,0.5104379653930664
45700.0,0,0.0,-4197375.5,5.601837158203125,248.3556671142578,-0.00019453646382316947,167360.34375,0.5087071657180786
45700.0,1,0.0,-4197331.5,5.575646877288818,298.03521728515625,-0.0001504120882600546,168136.09375,0.5063600540161133
45700.0,2,0.0,-4197271.5,8.08558177947998,346.279296875,0.0005788160488009453,166734.578125,0.5106163620948792
45700.0,3,0.0,-4197228.0,11.748886108398438,399.8587646484375,0.00036999816074967384,167188.671875,0.5092295408248901
45700.0,4,0.0,-4197183.0,9.08409595489502,442.38079833984375,-2.4823122657835484e-05,166893.015625,0.5101316571235657
45800.0,0,0.0,-4197377.5,5.115601539611816,247.5512237548828,-4.41840966232121e-05,167408.40625,0.5085611939430237
45800.0,1,0.0,-4197331.0,6.2523040771484375,296.46630859375,7.674400694668293e-05,168217.625,0.5061147212982178
45800.0,2,0.0,-4197276.5,9.918749809265137,363.2209777832031,5.763699300587177e-05,166826.84375,0.5103339552879333
45800.0,3,0.0,-4197224.0,10.138439178466797,397.56671142578125,-2.088735345751047e-05,167313.921875,0.5088483095169067
45800.0,4,0.0,-4197193.0,11.551946640014648,444.7247314453125,0.00031839997973293066,166997.015625,0.5098139643669128
45900.0,0,0.0,-4197378.0,5.311262130737305,248.00086975097656,-0.00030702503863722086,167480.125,0.5083433389663696
45900.0,1,0.0,-4197332.0,6.315681457519531,298.63958740234375,0.0001824939390644431,168279.21875,0.5059294104576111
45900.0,2,0.0,-4197265.0,8.89968204498291,354.4315185546875,-0.0002605137415230274,166940.578125,0.5099862813949585
45900.0,3,0.0,-4197227.5,10.088766098022461,403.06903076171875,0.0009906101040542126,167398.078125,0.5085924863815308
45900.0,4,0.0,-4197190.5,10.247994422912598,438.5978698730469,0.00020889891311526299,167094.3125,0.5095171332359314
46000.0,0,0.0,-4197378.0,5.388988971710205,251.12786865234375,-3.733986523002386e-05,167594.171875,0.507997453212738
46000.0,1,0.0,-4197329.5,5.35841178894043,300.3804626464844,-0.00014798156917095184,168353.46875,0.5057063102722168
46000.0,2,0.0,-4197266.5,8.78430461883545,350.3868103027344,-0.0002460186369717121,167052.53125,0.5096444487571716
46000.0,3,0.0,-4197233.0,12.3638277053833,405.4773864746094,0.00025625957641750574,167467.4375,0.5083818435668945
46000.0,4,0.0,-4197184.5,9.302136421203613,440.2363586425781,0.00017184903845191002,167183.109375,0.5092465281486511
46100.0,0,0.0,-4197375.5,4.622636318206787,254.53610229492188,0.00023848074488341808,167711.234375,0.5076428055763245
46100.0,1,0.0,-4197328.0,5.651734352111816,304.1080322265625,0.0002893900964409113,168462.390625,0.5053793787956238
46100.0,2,0.0,-4197278.0,8.900283813476562,355.3304138183594,0.00030761142261326313,167136.3125,0.5093889832496643
46100.0,3,0.0,-4197238.5,9.350988388061523,397.869384765625,-0.0005801479564979672,167550.15625,0.5081309080123901
46100.0,4,0.0,-4197183.5,13.585116386413574,459.82763671875,0.00016677321400493383,167269.1875,0.5089844465255737
46200.0,0,0.0,-4197370.5,5.094033718109131,253.79202270507812,0.00022703164722770452,167806.515625,0.5073546171188354
46200.0,1,0.0,-4197327.5,7.435614109039307,305.8453369140625,-7.480033673346043e-05,168580.84375,0.505024254322052
46200.0,2,0.0,-4197278.0,8.655385971069336,347.7882995605469,-6.436184048652649e-05,167203.515625,0.5091842412948608
46200.0,3,0.0,-4197237.0,9.232420921325684,389.3731689453125,-0.0005706377560272813,167665.515625,0.5077812671661377
46200.0,4,0.0,-4197171.0,12.55453109741211,451.5865478515625,-6.538385059684515e-05,167368.734375,0.5086817145347595
46300.0,0,0.0,-4197372.0,5.454857349395752,255.3656768798828,0.0004133229376748204,167890.171875,0.5071017742156982
46300.0,1,0.0,-4197329.0,5.24712610244751,303.9488220214844,0.00032630725763738155,168683.65625,0.5047164559364319
46300.0,2,0.0,-4197270.5,8.606647491455078,336.71044921875,-0.00041304470505565405,167283.421875,0.508941113948822
46300.0,3,0.0,-4197234.5,9.816258430480957,396.097900390625,-0.0008086389862000942,167786.203125,0.5074160099029541
46300.0,4,0.0,-4197179.5,11.92440128326416,457.61236572265625,0.00016563606914132833,167488.59375,0.5083177089691162
46400.0,0,0.0,-4197371.0,5.35740852355957,251.39027404785156,-0.00010169908637180924,167979.265625,0.5068328976631165
46400.0,1,0.0,-4197332.5,5.322957515716553,300.3170166015625,-0.00018279114738106728,168773.890625,0.5044466257095337
46400.0,2,0.0,-4197279.0,10.33658218383789,348.4571228027344,-7.765728514641523e-05,167411.921875,0.5085504651069641
46400.0,3,0.0,-4197230.5,10.484890937805176,397.3095703125,0.0003419583663344383,167877.65625,0.5071396231651306
46400.0,4,0.0,-4197186.5,11.173096656799316,457.3352355957031,1.5919795259833336e-05,167595.40625,0.5079936981201172
46500.0,0,0.0,-4197370.5,4.868378639221191,248.39962768554688,4.559621447697282e-05,168089.1875,0.5065014362335205
46500.0,1,0.0,-4197334.0,5.963586807250977,296.8111877441406,-0.00014595186803489923,168863.921875,0.5041776895523071
46500.0,2,0.0,-4197279.5,12.74415397644043,355.20672607421875,0.0004357134457677603,167542.953125,0.5081526637077332
46500.0,3,0.0,-4197228.5,10.644964218139648,402.0187072753906,0.00030786741990596056,167954.015625,0.5069090127944946
46500.0,4,0.0,-4197189.0,11.219732284545898,452.3891906738281,0.00023916992358863354,167673.828125,0.5077560544013977
46600.0,0,0.0,-4197373.0,4.711862564086914,249.32131958007812,-0.0002017812803387642,168208.234375,0.5061430335044861
46600.0,1,0.0,-4197337.5,5.759251117706299,299.6085205078125,0.00016154139302670956,168966.46875,0.5038716197013855
46600.0,2,0.0,-4197279.0,9.000772476196289,356.39874267578125,0.0007620920659974217,167624.9375,0.5079041719436646
46600.0,3,0.0,-4197223.5,11.321001052856445,400.4454040527344,0.00016383430920541286,168037.90625,0.5066559314727783
46600.0,4,0.0,-4197191.0,10.23820972442627,450.0706787109375,-0.00018655788153409958,167744.9375,0.5075409412384033
46700.0,0,0.0,-4197375.0,5.324230670928955,250.6778106689453,-0.00010161049431189895,168298.953125,0.5058701634407043
46700.0,1,0.0,-4197330.0,5.384361743927002,294.7364501953125,0.00020630867220461369,169080.9375,0.5035305023193359
46700.0,2,0.0,-4197272.0,8.515071868896484,351.1929931640625,-0.0004313926910981536,167695.734375,0.5076897740364075
46700.0,3,0.0,-4197225.0,9.9977445602417,400.326171875,0.0002883372362703085,168141.4375,0.5063439607620239
46700.0,4,0.0,-4197183.0,10.3952054977417,444.7785949707031,5.56333689019084e-05,167836.890625,0.5072628259658813
46800.0,0,0.0,-4197375.0,4.973021984100342,249.79730224609375,0.0002013257471844554,168359.75,0.505687415599823
46800.0,1,0.0,-4197331.0,5.631371974945068,299.2682189941406,0.00032286334317177534,169184.140625,0.5032232999801636
46800.0,2,0.0,-4197275.0,11.082032203674316,354.6453552246094,-0.0007638249080628157,167778.796875,0.5074384212493896
46800.0,3,0.0,-4197230.0,10.4193754196167,401.40032958984375,4.3985084630548954e-05,168250.359375,0.5060162544250488
46800.0,4,0.0,-4197183.0,9.097187042236328,448.16485595703125,-3.193074371665716e-05,167965.234375,0.5068753361701965
46900.0,0,0.0,-4197373.5,5.74600887298584,248.4579315185547,0.00044372005504556,168416.96875,0.5055155754089355
46900.0,1,0.0,-4197327.0,6.926138877868652,297.9027099609375,-0.00010669918265193701,169264.828125,0.5029833316802979
46900.0,2,0.0,-4197281.0,10.00778579711914,352.3026428222656,-0.0004092514282092452,167882.015625,0.5071263909339905
46900.0,3,0.0,-4197233.5,10.064773559570312,404.0376892089844,-9.649351704865694e-05,168351.40625,0.5057124495506287
46900.0,4,0.0,-4197179.0,10.402322769165039,445.5103454589844,-0.0001422731438651681,168079.359375,0.5065310001373291
47000.0,0,0.0,-4197372.0,5.063187599182129,248.52415466308594,0.0004665324231609702,168511.90625,0.5052307844161987
47000.0,1,0.0,-4197330.0,5.049637794494629,301.9558410644531,0.00013904203660786152,169337.515625,0.5027675032615662
47000.0,2,0.0,-4197281.0,9.92449951171875,346.23974609375,0.00035279057919979095,167992.90625,0.5067917108535767
47000.0,3,0.0,-4197230.5,10.873274803161621,398.23870849609375,-0.00040436070412397385,168445.375,0.5054303407669067
47000.0,4,0.0,-4197185.0,9.572875022888184,453.006103515625,-0.0003299725940451026,168155.859375,0.5063006281852722
47100.0,0,0.0,-4197371.5,4.826339244842529,250.17442321777344,-8.867547148838639e-05,168655.984375,0.5047991871833801
47100.0,1,0.0,-4197331.5,5.4868855476379395,302.8581848144531,0.00026041746605187654,169431.40625,0.5024889707565308
47100.0,2,0.0,-4197282.0,8.854044914245605,347.20709228515625,0.00012421852443367243,168091.046875,0.5064957737922668
47100.0,3,0.0,-4197235.0,9.100326538085938,402.4456787109375,0.00010201835539191961,168538.890625,0.5051499605178833
47100.0,4,0.0,-4197190.5,9.859294891357422,453.06658935546875,0.0004943378735333681,168223.703125,0.5060965418815613
47200.0,0,0.0,-4197371.0,5.616055011749268,251.15484619140625,-0.00017176131950691342,168768.109375,0.5044638514518738
47200.0,1,0.0,-4197331.0,5.598336219787598,301.26788330078125,0.00017261982429772615,169571.828125,0.5020728707313538
47200.0,2,0.0,-4197275.5,9.052291870117188,347.645751953125,-0.0002832716563716531,168176.03125,0.5062398314476013
47200.0,3,0.0,-4197233.0,12.3019437789917,400.5333557128906,0.0003966420190408826,168638.8125,0.5048506259918213
47200.0,4,0.0,-4197191.5,11.913183212280273,444.915771484375,0.0002415390918031335,168308.78125,0.5058406591415405
47300.0,0,0.0,-4197370.0,5.338107109069824,250.48007202148438,-0.0001348296646028757,168852.390625,0.5042120218276978
47300.0,1,0.0,-4197329.5,5.369112968444824,297.619384765625,-0.00011748762335628271,169690.046875,0.5017231106758118
47300.0,2,0.0,-4197273.5,9.685260772705078,349.5333251953125,-0.00017624057363718748,168261.765625,0.5059819221496582
47300.0,3,0.0,-4197229.5,10.603631019592285,398.3035888671875,0.00022915785666555166,168745.1875,0.5045323967933655
47300.0,4,0.0,-4197184.0,11.199827194213867,438.56146240234375,-5.3247553296387196e-05,168419.515625,0.5055079460144043
47400.0,0,0.0,-4197375.5,5.5642924308776855,253.42396545410156,0.00022488681133836508,168935.984375,0.503962516784668
47400.0,1,0.0,-4197334.0,5.740482807159424,299.2524108886719,-0.0001515635522082448,169764.421875,0.5015032291412354
47400.0,2,0.0,-4197274.0,8.980907440185547,353.7527160644531,0.0004916415782645345,168373.390625,0.5056464076042175
47400.0,3,0.0,-4197232.5,10.373611450195312,404.26983642578125,-0.0001658424735069275,168846.828125,0.5042287111282349
47400.0,4,0.0,-4197184.0,10.359642028808594,443.99127197265625,-9.02452738955617e-05,168530.453125,0.5051752328872681
47500.0,0,0.0,-4197376.5,5.50282096862793,249.2201385498047,-6.185728125274181e-07,169035.671875,0.5036653280258179
47500.0,1,0.0,-4197338.0,5.433624267578125,298.070556640625,0.0005102878203615546,169834.078125,0.5012975931167603
47500.0,2,0.0,-4197275.0,11.408638000488281,356.6356506347656,0.000496809312608093,168512.578125,0.5052288174629211
47500.0,3,0.0,-4197229.0,9.647799491882324,398.10858154296875,-0.0005866443971171975,168935.375,0.503964364528656
47500.0,4,0.0,-4197181.0,9.803255081176758,446.54901123046875,-0.00010891817510128021,168628.9375,0.5048803091049194
47600.0,0,0.0,-4197377.0,5.179635047912598,246.3231964111328,-8.268404053524137e-05,169150.6875,0.5033228397369385
47600.0,1,0.0,-4197334.0,6.088322639465332,290.4172668457031,0.0001590490574017167,169922.1875,0.50103759765625
47600.0,2,0.0,-4197268.5,9.595709800720215,342.2097473144531,-0.0005901635158807039,168607.5625,0.5049441456794739
47600.0,3,0.0,-4197230.0,9.703336715698242,399.7439270019531,-0.0001036045141518116,169016.640625,0.5037220120429993
47600.0,4,0.0,-4197179.0,9.761923789978027,453.7790222167969,0.00048075371887534857,168720.140625,0.5046072602272034
47700.0,0,0.0,-4197375.5,5.103952884674072,244.85452270507812,0.0005819153739139438,169256.5625,0.5030080080032349
47700.0,1,0.0,-4197335.0,5.341188430786133,293.99871826171875,-8.528563193976879e-05,170033.203125,0.5007104873657227
47700.0,2,0.0,-4197278.0,10.352716445922852,341.2112121582031,-0.00040401017758995295,168667.484375,0.5047647953033447
47700.0,3,0.0,-4197232.5,10.24007511138916,400.915283203125,5.4315896704792976e-05,169111.328125,0.5034400224685669
47700.0,4,0.0,-4197177.0,8.804654121398926,456.72174072265625,-1.941039226949215e-05,168813.921875,0.5043269395828247
47800.0,0,0.0,-4197375.5,5.1400837898254395,248.49758911132812,0.0004948462592437863,169337.3125,0.5027681589126587
47800.0,1,0.0,-4197334.0,5.366524696350098,300.6214294433594,-4.718545824289322e-05,170145.359375,0.5003803968429565
47800.0,2,0.0,-4197279.5,9.661444664001465,340.5234375,0.000425505917519331,168730.6875,0.5045756697654724
47800.0,3,0.0,-4197231.0,9.913351058959961,395.3023376464844,0.0004412820562720299,169236.0,0.5030691623687744
47800.0,4,0.0,-4197176.5,12.703913688659668,452.04425048828125,-2.6150373741984367e-06,168916.375,0.5040211081504822
47900.0,0,0.0,-4197373.0,5.864871978759766,251.20236206054688,-0.00016351009253412485,169404.125,0.5025699138641357
47900.0,1,0.0,-4197327.0,5.402190685272217,299.2615661621094,0.00023136439267545938,170243.21875,0.5000928640365601
47900.0,2,0.0,-4197278.0,12.335968971252441,344.1968688964844,0.00026438350323587656,168825.671875,0.504291832447052
47900.0,3,0.0,-4197237.0,9.254661560058594,400.77691650390625,0.0003963327035307884,169353.453125,0.5027202367782593
47900.0,4,0.0,-4197186.0,8.177199363708496,450.8076477050781,-0.0003087825607508421,169023.9375,0.503700315952301
48000.0,0,0.0,-4197372.5,4.966191291809082,254.57098388671875,-0.0005792209994979203,169484.375,0.5023319125175476
48000.0,1,0.0,-4197326.5,5.563565254211426,300.6656188964844,0.00021702866069972515,170332.265625,0.49983134865760803
48000.0,2,0.0,-4197275.5,10.317787170410156,346.6756591796875,0.00013097422197461128,168948.84375,0.5039241909980774
48000.0,3,0.0,-4197236.5,9.318632125854492,393.9179992675781,-0.00012919993605464697,169432.234375,0.5024865865707397
48000.0,4,0.0,-4197192.0,10.151189804077148,450.1959228515625,0.0005098700057715178,169121.71875,0.5034091472625732
48100.0,0,0.0,-4197372.0,5.382195949554443,254.0057830810547,-0.000196638866327703,169621.75,0.5019250512123108
48100.0,1,0.0,-4197324.0,5.831449031829834,297.1279602050781,6.606720853596926e-05,170426.375,0.4995553493499756
48100.0,2,0.0,-4197280.5,11.685067176818848,358.7869567871094,-6.553647108376026e-05,169057.203125,0.5036011934280396
48100.0,3,0.0,-4197244.0,8.040517807006836,398.9604187011719,0.0003150453558191657,169496.15625,0.5022969841957092
48100.0,4,0.0,-4197180.5,14.999130249023438,437.1145324707031,0.00040971790440380573,169203.15625,0.5031667947769165
48200.0,0,0.0,-4197372.0,5.2386555671691895,251.4154052734375,0.0002570991637185216,169754.1875,0.5015334486961365
48200.0,1,0.0,-4197332.0,5.681483268737793,303.24151611328125,0.0003726145951077342,170536.90625,0.49923157691955566
48200.0,2,0.0,-4197269.0,10.196878433227539,347.61614990234375,-0.00030014081858098507,169144.8125,0.5033403038978577
48200.0,3,0.0,-4197235.5,9.814248085021973,396.068603515625,3.3876276575028896e-05,169577.734375,0.5020553469657898
48200.0,4,0.0,-4197186.0,17.108768463134766,446.90130615234375,0.0001401168992742896,169280.53125,0.502936840057373
48300.0,0,0.0,-4197373.5,5.6777191162109375,250.6667022705078,0.0002532239886932075,169836.5,0.5012903809547424
48300.0,1,0.0,-4197330.5,4.8467278480529785,297.2820739746094,-0.0003169560804963112,170659.0,0.49887439608573914
48300.0,2,0.0,-4197279.0,10.064840316772461,356.2886657714844,-0.00026585860177874565,169229.4375,0.503088653087616
48300.0,3,0.0,-4197221.0,9.971357345581055,395.5978698730469,-5.31019177287817e-05,169704.828125,0.5016793608665466
48300.0,4,0.0,-4197176.5,11.8734769821167,444.9355773925781,-0.0003036219859495759,169380.46875,0.5026400685310364
48400.0,0,0.0,-4197372.5,5.184412479400635,247.9955596923828,0.0005836791242472827,169908.640625,0.5010775327682495
48400.0,1,0.0,-4197338.0,5.495398998260498,301.733642578125,-0.00011004367843270302,170755.046875,0.49859389662742615
48400.0,2,0.0,-4197275.0,9.032876014709473,349.7480773925781,-0.0003770901821553707,169326.609375,0.502799928188324
48400.0,3,0.0,-4197221.5,10.651572227478027,401.3605041503906,-0.00031990022398531437,169831.40625,0.5013054013252258
48400.0,4,0.0,-4197183.0,10.738081932067871,454.0915222167969,-0.00019646144937723875,169512.46875,0.5022487044334412
48500.0,0,0.0,-4197372.0,4.929560661315918,246.42901611328125,0.0002470972831360996,169997.25,0.5008163452148438
48500.0,1,0.0,-4197336.0,5.409534454345703,298.48321533203125,0.0004032255383208394,170819.65625,0.4984053075313568
48500.0,2,0.0,-4197277.0,7.920379161834717,347.7984313964844,-0.0004842591006308794,169437.71875,0.5024701952934265
48500.0,3,0.0,-4197229.5,9.263484001159668,409.9023132324219,-0.0005735007580369711,169924.125,0.5010319352149963
48500.0,4,0.0,-4197180.0,9.900717735290527,454.1922302246094,0.0004257217515259981,169621.140625,0.5019268989562988
48600.0,0,0.0,-4197376.5,5.113521099090576,251.11724853515625,-0.00027044961461797357,170112.3125,0.5004776120185852
48600.0,1,0.0,-4197334.0,4.760927200317383,298.4294128417969,1.9875122234225273e-05,170882.65625,0.4982214570045471
48600.0,2,0.0,-4197284.5,8.014993667602539,351.1643371582031,0.00018130114767700434,169543.46875,0.5021567344665527
48600.0,3,0.0,-4197224.5,10.482560157775879,398.8946838378906,0.00017653615213930607,170009.1875,0.5007811784744263
48600.0,4,0.0,-4197182.5,11.698038101196289,452.22308349609375,0.00024181127082556486,169693.453125,0.5017130374908447
48700.0,0,0.0,-4197373.5,4.7689104080200195,248.70411682128906,-0.00015710596926510334,170227.8125,0.5001380443572998
48700.0,1,0.0,-4197328.5,5.763996601104736,301.7461242675781,-0.0002662690822035074,170978.515625,0.497942179441452
48700.0,2,0.0,-4197279.5,12.772740364074707,345.9722900390625,5.801906809210777e-06,169623.171875,0.5019208192825317
48700.0,3,0.0,-4197233.5,9.336827278137207,402.0364074707031,0.00034672801848500967,170102.765625,0.5005057454109192
48700.0,4,0.0,-4197184.0,12.78337287902832,444.92974853515625,0.0006677242927253246,169760.09375,0.5015160441398621
48800.0,0,0.0,-4197374.0,4.867087364196777,250.9691162109375,-9.409320773556828e-05,170320.5625,0.49986574053764343
48800.0,1,0.0,-4197329.0,5.761214733123779,308.4560852050781,0.0004014435689896345,171114.15625,0.4975475072860718
48800.0,2,0.0,-4197279.5,8.988393783569336,347.7872619628906,0.0002711217384785414,169675.40625,0.5017663240432739
48800.0,3,0.0,-4197238.0,10.924539566040039,403.5273742675781,0.00033189449459314346,170208.78125,0.5001940727233887
48800.0,4,0.0,-4197193.0,12.039844512939453,443.5800476074219,0.0002315179444849491,169851.25,0.5012469291687012
48900.0,0,0.0,-4197373.0,5.208076477050781,253.6367645263672,-2.3624685127288103e-05,170401.046875,0.4996296465396881
48900.0,1,0.0,-4197325.0,5.107556343078613,303.1254577636719,0.00034025462809950113,171226.8125,0.49722015857696533
48900.0,2,0.0,-4197273.0,9.424485206604004,345.87261962890625,0.00026685954071581364,169720.25,0.5016337037086487
48900.0,3,0.0,-4197230.5,9.40463638305664,398.75640869140625,-0.0001302793389186263,170316.796875,0.49987679719924927
48900.0,4,0.0,-4197193.5,13.48171615600586,446.31866455078125,0.0004516203189268708,169976.421875,0.500877857208252
49000.0,0,0.0,-4197372.0,5.219367027282715,256.9755554199219,2.2677064407616854e-05,170492.0,0.4993630647659302
49000.0,1,0.0,-4197331.5,5.5417351722717285,305.0164489746094,-7.645308505743742e-05,171308.3125,0.4969835579395294
49000.0,2,0.0,-4197274.5,8.75275707244873,356.2658996582031,-0.00035563099663704634,169793.171875,0.5014182925224304
49000.0,3,0.0,-4197225.0,9.96756362915039,396.17083740234375,0.0007556273485533893,170413.796875,0.49959227442741394
49000.0,4,0.0,-4197185.0,11.603894233703613,441.0559997558594,-0.0003316334914416075,170091.890625,0.5005376935005188
49100.0,0,0.0,-4197369.0,4.981637954711914,255.37088012695312,0.0007046231767162681,170634.546875,0.4989458918571472
49100.0,1,0.0,-4197329.5,5.269505023956299,297.33062744140625,4.426215309649706e-05,171386.796875,0.4967559278011322
49100.0,2,0.0,-4197273.5,10.547635078430176,368.32415771484375,-0.00017291400581598282,169919.59375,0.5010452270507812
49100.0,3,0.0,-4197230.0,8.925236701965332,400.2297058105469,0.00017971510533243418,170499.296875,0.4993416965007782
49100.0,4,0.0,-4197191.0,11.199300765991211,455.26666259765625,-0.0007932885782793164,170186.0625,0.5002608299255371
49200.0,0,0.0,-4197367.5,5.419053554534912,250.1696014404297,0.0003484911867417395,170778.4375,0.49852555990219116
49200.0,1,0.0,-4197329.5,6.044330596923828,294.3271789550781,-1.252349466085434e-05,171484.8125,0.496472030878067
49200.0,2,0.0,-4197268.0,8.827225685119629,365.8482666015625,-0.0002736005699262023,170041.59375,0.5006857514381409
49200.0,3,0.0,-4197234.5,10.219114303588867,403.0530700683594,-0.00012446881737560034,170586.71875,0.49908578395843506
49200.0,4,0.0,-4197179.5,10.561168670654297,447.5732116699219,-0.000704662874341011,170276.921875,0.49999386072158813
49300.0,0,0.0,-4197375.5,5.2824811935424805,250.98873901367188,-0.00011614314280450344,170849.53125,0.49831804633140564
49300.0,1,0.0,-4197334.0,5.470139503479004,299.3915100097656,-4.577741492539644e-05,171604.0,0.4961271286010742
49300.0,2,0.0,-4197265.5,9.518844604492188,360.18145751953125,0.0002664120402187109,170128.5,0.5004299879074097
49300.0,3,0.0,-4197235.5,9.502337455749512,402.7268981933594,-0.00011811323929578066,170702.609375,0.49874696135520935
49300.0,4,0.0,-4197177.0,11.389654159545898,448.1635437011719,-9.951973333954811e-05,170373.984375,0.49970895051956177
49400.0,0,0.0,-4197378.0,5.321238994598389,249.87083435058594,-0.0002909228205680847,170909.125,0.4981442391872406
49400.0,1,0.0,-4197332.0,6.037901401519775,299.0970764160156,7.724110037088394e-05,171715.234375,0.4958058297634125
49400.0,2,0.0,-4197270.0,10.766024589538574,357.3419494628906,-0.00034466804936528206,170203.296875,0.5002101063728333
49400.0,3,0.0,-4197232.5,9.484691619873047,392.8227844238281,-0.0002945325104519725,170838.53125,0.4983501732349396
49400.0,4,0.0,-4197185.0,10.632904052734375,456.50341796875,-0.00024360930547118187,170478.71875,0.4994019567966461
49500.0,0,0.0,-4197377.5,4.963074207305908,248.5068817138672,-0.0005087493918836117,170989.96875,0.4979087710380554
49500.0,1,0.0,-4197332.0,6.361868858337402,301.6752014160156,0.00024176598526537418,171805.03125,0.4955466389656067
49500.0,2,0.0,-4197276.5,8.116693496704102,358.49969482421875,0.0005987396580167115,170292.484375,0.499948114156723
49500.0,3,0.0,-4197240.0,9.044668197631836,396.5867614746094,5.073985084891319e-05,170932.21875,0.49807700514793396
49500.0,4,0.0,-4197185.5,9.961638450622559,454.4320983886719,0.0004474519519135356,170583.078125,0.49909648299217224
49600.0,0,0.0,-4197377.0,5.464183807373047,250.10231018066406,0.00033230206463485956,171108.8125,0.4975630044937134
49600.0,1,0.0,-4197328.5,5.075708389282227,299.52752685546875,0.0003223625826649368,171888.28125,0.4953066408634186
49600.0,2,0.0,-4197276.5,12.282711029052734,350.8877258300781,-1.3334443792700768e-05,170411.5,0.499598890542984
49600.0,3,0.0,-4197233.5,8.717240333557129,389.7403259277344,0.00015309255104511976,170997.328125,0.49788734316825867
49600.0,4,0.0,-4197185.5,9.409564018249512,448.12646484375,0.0005891062319278717,170678.109375,0.4988185465335846
49700.0,0,0.0,-4197373.5,4.928195476531982,249.47378540039062,0.0003026823978871107,171231.4375,0.49720659852027893
49700.0,1,0.0,-4197326.5,5.776733875274658,297.21636962890625,0.00010543211828917265,171990.5625,0.4950120449066162
49700.0,2,0.0,-4197275.5,11.675630569458008,343.0971984863281,8.368585258722305e-05,170530.765625,0.49924954771995544
49700.0,3,0.0,-4197237.5,9.046590805053711,399.3338623046875,0.0001397905871272087,171067.984375,0.4976816475391388
49700.0,4,0.0,-4197188.0,19.232393264770508,445.0592956542969,-6.892450619488955e-05,170763.796875,0.49856823682785034
49800.0,0,0.0,-4197367.0,4.644786834716797,245.8355712890625,0.0002090602065436542,171324.265625,0.49693724513053894
49800.0,1,0.0,-4197332.0,5.3493852615356445,300.74371337890625,0.00021053885575383902,172162.59375,0.49451744556427
49800.0,2,0.0,-4197281.5,8.227829933166504,347.4818115234375,-0.00013323163148015738,170615.515625,0.49900153279304504
49800.0,3,0.0,-4197225.5,9.490347862243652,395.8731384277344,4.805787466466427e-05,171173.484375,0.4973749816417694
49800.0,4,0.0,-4197187.5,12.874567031860352,444.932861328125,0.00012625649105757475,170854.09375,0.4983047842979431
49900.0,0,0.0,-4197373.0,5.440086364746094,254.71163940429688,0.00029148912290111184,171401.78125,0.49671250581741333
49900.0,1,0.0,-4197333.5,5.028761386871338,295.3323059082031,-8.12656944617629e-05,172293.859375,0.49414077401161194
49900.0,2,0.0,-4197277.5,10.79603385925293,346.0374755859375,-0.00014177104458212852,170679.640625,0.49881407618522644
49900.0,3,0.0,-4197230.5,8.787679672241211,410.0223693847656,-0.0003779008984565735,171302.703125,0.4969997704029083
49900.0,4,0.0,-4197185.5,12.733358383178711,446.78173828125,-6.257637869566679e-05,170970.28125,0.49796611070632935
50000.0,0,0.0,-4197370.0,5.544940948486328,251.77684020996094,-5.539017729461193e-05,171488.875,0.4964602291584015
50000.0,1,0.0,-4197336.5,5.835907459259033,295.2406005859375,5.055463407188654e-05,172360.390625,0.4939499497413635
50000.0,2,0.0,-4197274.0,11.211407661437988,345.6305847167969,-0.0002717238385230303,170752.953125,0.49859991669654846
50000.0,3,0.0,-4197225.5,8.91816520690918,405.29315185546875,0.00010445655789226294,171408.96875,0.49669167399406433
50000.0,4,0.0,-4197172.5,11.862499237060547,449.01727294921875,0.000424778088927269,171097.015625,0.4975973069667816
50100.0,0,0.0,-4197371.0,4.903528213500977,249.1632537841797,7.805362110957503e-05,171607.890625,0.49611592292785645
50100.0,1,0.0,-4197334.0,5.3698835372924805,294.8033447265625,-8.163531310856342e-05,172427.203125,0.49375855922698975
50100.0,2,0.0,-4197273.5,7.72011137008667,351.9147644042969,4.0639424696564674e-06,170897.3125,0.49817872047424316
50100.0,3,0.0,-4197230.0,8.992578506469727,406.8854064941406,2.0837760530412197e-05,171497.078125,0.4964364767074585
50100.0,4,0.0,-4197170.0,10.601417541503906,456.4500732421875,-5.846878048032522e-05,171188.828125,0.4973303973674774
50200.0,0,0.0,-4197377.5,5.18335485458374,248.05770874023438,-0.0002472460037097335,171736.9375,0.49574318528175354
50200.0,1,0.0,-4197336.5,5.21652889251709,304.81964111328125,0.00018226553220301867,172525.828125,0.4934763014316559
50200.0,2,0.0,-4197270.5,9.382226943969727,352.95147705078125,-4.695856478065252e-05,171041.015625,0.4977600872516632
50200.0,3,0.0,-4197231.5,8.964436531066895,404.8725280761719,0.00041046179831027985,171586.53125,0.4961777329444885
50200.0,4,0.0,-4197171.5,8.902911186218262,454.2857666015625,0.00031242554541677237,171257.140625,0.4971320629119873
50300.0,0,0.0,-4197376.0,5.23671293258667,241.5221710205078,-3.543723141774535e-05,171817.984375,0.4955092966556549
50300.0,1,0.0,-4197326.5,5.653735160827637,300.052490234375,0.00045800552470609546,172658.984375,0.4930958151817322
50300.0,2,0.0,-4197281.5,9.244873046875,360.3635559082031,0.00035655085230246186,171129.21875,0.4975036084651947
50300.0,3,0.0,-4197229.0,8.489740371704102,398.7733154296875,7.00005330145359e-07,171687.03125,0.49588727951049805
50300.0,4,0.0,-4197184.0,11.818676948547363,455.7807922363281,-0.00042203417979180813,171331.6875,0.4969157576560974
50400.0,0,0.0,-4197376.0,4.965016841888428,243.02938842773438,0.0002098156837746501,171865.5,0.49537232518196106
50400.0,1,0.0,-4197330.5,7.223521709442139,306.145751953125,-1.295760739594698e-05,172771.15625,0.4927755892276764
50400.0,2,0.0,-4197272.5,10.999310493469238,344.3154296875,-0.00010847125668078661,171208.015625,0.49727460741996765
50400.0,3,0.0,-4197235.5,10.407341957092285,404.6521911621094,0.00022067350801080465,171796.0625,0.4955725073814392
50400.0,4,0.0,-4197186.0,9.417112350463867,449.4473571777344,-0.0002134552923962474,171443.078125,0.4965928792953491
50500.0,0,0.0,-4197376.0,4.741868495941162,247.1443634033203,0.00041527763823978603,171914.703125,0.4952305257320404
50500.0,1,0.0,-4197327.0,5.364763259887695,301.2679748535156,-7.047178223729134e-05,172850.828125,0.49254852533340454
50500.0,2,0.0,-4197278.0,10.629297256469727,344.6772766113281,8.759298361837864e-05,171300.921875,0.49700498580932617
50500.0,3,0.0,-4197228.5,9.697957038879395,395.9855651855469,5.267502274364233e-05,171900.34375,0.4952719211578369
50500.0,4,0.0,-4197184.5,10.300369262695312,446.7853088378906,0.00014556525275111198,171576.171875,0.4962076246738434
50600.0,0,0.0,-4197374.0,5.887885570526123,248.77008056640625,0.0003335776855237782,171993.5,0.49500373005867004
50600.0,1,0.0,-4197331.5,4.829714775085449,302.71746826171875,-3.527000080794096e-05,172925.796875,0.49233490228652954
50600.0,2,0.0,-4197281.5,9.888598442077637,346.2078552246094,7.242371793836355e-05,171417.703125,0.4966663718223572
50600.0,3,0.0,-4197231.0,10.305201530456543,400.0437316894531,-0.0005422156536951661,171995.125,0.49499890208244324
50600.0,4,0.0,-4197185.5,13.343692779541016,448.982421875,-0.0005302227800711989,171677.078125,0.49591606855392456
50700.0,0,0.0,-4197374.0,5.196646690368652,251.06134033203125,-0.00017657811986282468,172102.21875,0.4946909248828888
50700.0,1,0.0,-4197329.0,5.9139533042907715,295.5121154785156,5.092006176710129e-06,173023.921875,0.4920556843280792
50700.0,2,0.0,-4197273.0,9.478273391723633,343.9433288574219,-0.0003657367778941989,171532.890625,0.4963328242301941
50700.0,3,0.0,-4197236.0,12.662307739257812,406.44549560546875,-0.00011677492875605822,172084.96875,0.4947406053543091
50700.0,4,0.0,-4197190.5,10.601852416992188,454.5122985839844,0.0003203504020348191,171757.375,0.4956841766834259
50800.0,0,0.0,-4197375.0,5.274231910705566,253.56808471679688,-5.4983014706522226e-05,172214.21875,0.4943692982196808
50800.0,1,0.0,-4197333.0,6.316494464874268,296.74853515625,4.250428173691034e-05,173155.375,0.49168211221694946
50800.0,2,0.0,-4197274.5,9.957200050354004,349.30487060546875,-0.00015678454656153917,171621.171875,0.4960774779319763
50800.0,3,0.0,-4197226.5,9.213370323181152,397.2327575683594,-0.00045984145253896713,172188.0,0.49444448947906494
50800.0,4,0.0,-4197181.5,8.220795631408691,446.99224853515625,-0.0002377801574766636,171842.203125,0.4954394996166229
50900.0,0,0.0,-4197372.5,5.220654487609863,250.6079559326172,-0.0005688253440894186,172312.984375,0.4940858483314514
50900.0,1,0.0,-4197330.5,5.428163528442383,294.5877990722656,0.0002924718428403139,173270.796875,0.49135467410087585
50900.0,2,0.0,-4197277.0,9.33564567565918,353.6454772949219,0.0001222699647769332,171693.90625,0.4958673417568207
50900.0,3,0.0,-4197225.5,9.53444766998291,398.7829895019531,0.0005420412053354084,172320.25,0.4940650165081024
50900.0,4,0.0,-4197181.5,11.157383918762207,447.44195556640625,0.0005079770926386118,171941.21875,0.49515417218208313
51000.0,0,0.0,-4197376.5,4.941137313842773,254.0735321044922,7.893383735790849e-05,172402.234375,0.4938300549983978
51000.0,1,0.0,-4197325.5,5.5924973487854,296.3608093261719,0.00047811015974730253,173350.140625,0.4911297559738159
51000.0,2,0.0,-4197271.0,9.848909378051758,347.7592468261719,0.0002695944858714938,171778.40625,0.4956234395503998
51000.0,3,0.0,-4197232.5,8.177508354187012,402.1977233886719,-0.0004099325742572546,172435.90625,0.49373364448547363
51000.0,4,0.0,-4197185.5,11.067042350769043,453.23492431640625,-0.00027630769181996584,172049.25,0.4948433041572571
51100.0,0,0.0,-4197374.5,5.414751052856445,249.35377502441406,0.0003264348488301039,172495.484375,0.49356311559677124
51100.0,1,0.0,-4197326.0,5.985161781311035,307.14520263671875,2.3473752662539482e-05,173420.375,0.4909307658672333
51100.0,2,0.0,-4197272.5,9.571313858032227,349.94769287109375,0.0002264351351186633,171913.265625,0.4952346384525299
51100.0,3,0.0,-4197235.5,9.56002140045166,395.6791076660156,0.0006118364399299026,172512.9375,0.49351316690444946
51100.0,4,0.0,-4197181.0,11.262594223022461,449.8851013183594,5.8046658523380756e-05,172153.421875,0.4945438802242279
51200.0,0,0.0,-4197375.0,4.899942398071289,246.37237548828125,0.00012526666978374124,172606.71875,0.49324503540992737
51200.0,1,0.0,-4197323.5,6.353606224060059,305.3509216308594,9.013689123094082e-06,173514.25,0.4906652569770813
51200.0,2,0.0,-4197273.0,11.340834617614746,349.3284912109375,0.000203731469810009,172049.6875,0.49484196305274963
51200.0,3,0.0,-4197239.5,10.404498100280762,393.7272033691406,-0.000220470130443573,172580.5625,0.4933197796344757
51200.0,4,0.0,-4197187.5,12.012765884399414,454.80401611328125,-0.0003157268511131406,172249.0,0.4942694306373596
51300.0,0,0.0,-4197377.5,5.85975980758667,245.6767120361328,0.0003416683175601065,172727.03125,0.492901474237442
51300.0,1,0.0,-4197327.0,5.92830228805542,304.43597412109375,-0.0001105056144297123,173664.140625,0.4902416169643402
51300.0,2,0.0,-4197274.0,9.276636123657227,351.2746276855469,-0.00020478875376284122,172128.15625,0.49461638927459717
51300.0,3,0.0,-4197232.5,10.563207626342773,389.55523681640625,-3.481644671410322e-05,172670.9375,0.4930616319179535
51300.0,4,0.0,-4197182.0,13.471335411071777,448.07537841796875,-0.00011548411566764116,172341.03125,0.4940054416656494
51400.0,0,0.0,-4197379.0,4.816059112548828,246.4856414794922,0.0001030309940688312,172824.109375,0.4926246404647827
51400.0,1,0.0,-4197329.0,5.687607765197754,299.90496826171875,0.0002509363694116473,173784.859375,0.48990121483802795
51400.0,2,0.0,-4197277.5,9.665934562683105,354.0736083984375,-3.2667769119143486e-05,172193.46875,0.49442869424819946
51400.0,3,0.0,-4197231.0,10.344161033630371,396.55865478515625,0.0004919213242828846,172800.734375,0.4926912188529968
51400.0,4,0.0,-4197192.5,11.02102279663086,456.9969787597656,0.0005283402279019356,172442.359375,0.49371519684791565
51500.0,0,0.0,-4197375.5,5.150672435760498,246.9479217529297,-0.000107158615719527,172894.9375,0.49242278933525085
51500.0,1,0.0,-4197334.0,5.56691312789917,301.5432434082031,0.00010293023660779,173835.03125,0.48975974321365356
51500.0,2,0.0,-4197274.5,9.837638854980469,352.698486328125,5.7539669796824455e-05,172274.28125,0.4941968321800232
51500.0,3,0.0,-4197225.5,9.042917251586914,404.821533203125,-0.0004358562873676419,172921.40625,0.4923474192619324
51500.0,4,0.0,-4197183.0,11.083353996276855,443.32061767578125,4.9710506573319435e-05,172565.71875,0.49336230754852295
51600.0,0,0.0,-4197371.5,5.3874664306640625,249.47335815429688,-0.0004250630154274404,172963.53125,0.4922274947166443
51600.0,1,0.0,-4197330.0,5.334774017333984,296.4101257324219,-4.791794344782829e-05,173882.265625,0.48962679505348206
51600.0,2,0.0,-4197273.5,9.539334297180176,348.2219543457031,-7.634272333234549e-05,172380.828125,0.49389129877090454
51600.0,3,0.0,-4197222.5,9.492332458496094,406.1761169433594,-0.00015428441110998392,173007.453125,0.49210262298583984
51600.0,4,0.0,-4197181.5,11.631430625915527,439.653564453125,0.00040600390639156103,172685.1875,0.4930209517478943
51700.0,0,0.0,-4197372.0,5.4360456466674805,253.59739685058594,-3.215181641280651e-05,173069.5625,0.4919258952140808
51700.0,1,0.0,-4197329.0,5.367973804473877,296.38079833984375,0.0002513251965865493,173955.953125,0.4894193410873413
51700.0,2,0.0,-4197278.5,9.715261459350586,348.58984375,-0.00016187457367777824,172497.203125,0.49355819821357727
51700.0,3,0.0,-4197221.5,10.00001335144043,400.7838134765625,-0.00018780806567519903,173085.375,0.49188098311424255
51700.0,4,0.0,-4197185.5,12.073512077331543,447.20941162109375,-0.00013076479081064463,172766.8125,0.4927879571914673
51800.0,0,0.0,-4197369.5,5.342756748199463,250.57984924316406,0.00016710523050278425,173218.0,0.491504430770874
51800.0,1,0.0,-4197333.0,5.6555328369140625,303.5643615722656,3.4721801057457924e-05,174076.640625,0.4890800714492798
51800.0,2,0.0,-4197283.0,8.432206153869629,354.0535888671875,-0.00050300732254982,172598.34375,0.4932689666748047
51800.0,3,0.0,-4197226.5,13.847668647766113,399.6963195800781,-0.00028513860888779163,173176.6875,0.4916216731071472
51800.0,4,0.0,-4197181.5,10.322447776794434,448.2253723144531,8.628005161881447e-05,172831.984375,0.4926021993160248
51900.0,0,0.0,-4197372.0,6.0256452560424805,251.00653076171875,0.0004760963493026793,173326.4375,0.491196870803833
51900.0,1,0.0,-4197329.0,5.609375476837158,303.04364013671875,-0.0001300217118114233,174206.546875,0.488715261220932
51900.0,2,0.0,-4197274.5,9.569685935974121,342.6190185546875,0.0003018387360498309,172683.78125,0.49302491545677185
51900.0,3,0.0,-4197230.0,9.68472671508789,400.2632141113281,-0.00012746336869895458,173286.953125,0.4913088083267212
51900.0,4,0.0,-4197179.5,14.649704933166504,457.6335754394531,-2.1977699361741543e-05,172912.0625,0.4923740029335022
52000.0,0,0.0,-4197373.5,5.168044567108154,248.81394958496094,0.000483841315144673,173405.703125,0.4909723401069641
52000.0,1,0.0,-4197328.5,5.169975757598877,306.3848571777344,-4.506239201873541e-05,174301.15625,0.4884500801563263
52000.0,2,0.0,-4197284.5,9.693469047546387,352.48760986328125,2.0466512069106102e-05,172770.140625,0.49277839064598083
52000.0,3,0.0,-4197232.0,9.259718894958496,400.4068298339844,-3.297522198408842e-05,173398.359375,0.4909931421279907
52000.0,4,0.0,-4197171.0,10.775821685791016,456.7353210449219,-0.0006064083427190781,173035.390625,0.49202314019203186
52100.0,0,0.0,-4197377.0,5.280942440032959,250.17764282226562,-5.668040830641985e-05,173488.328125,0.49073851108551025
52100.0,1,0.0,-4197324.5,5.553950786590576,303.9506530761719,0.0004051172290928662,174376.15625,0.4882400333881378
52100.0,2,0.0,-4197269.5,10.35578441619873,344.0823059082031,6.664486136287451e-05,172884.453125,0.4924526512622833
52100.0,3,0.0,-4197232.0,11.179204940795898,401.96795654296875,0.00013898266479372978,173499.921875,0.4907057285308838
52100.0,4,0.0,-4197179.0,11.208992958068848,460.5335693359375,0.0002593885874375701,173164.578125,0.491656094789505
52200.0,0,0.0,-4197373.5,4.727950096130371,245.91976928710938,-4.7664681915193796e-05,173590.125,0.49045079946517944
52200.0,1,0.0,-4197328.5,6.448107719421387,305.4068908691406,3.377022221684456e-05,174460.171875,0.4880048334598541
52200.0,2,0.0,-4197274.5,9.043299674987793,355.1573791503906,9.999843314290047e-05,173028.859375,0.4920416474342346
52200.0,3,0.0,-4197224.0,10.157498359680176,392.4599914550781,0.00018660142086446285,173596.796875,0.49043190479278564
52200.0,4,0.0,-4197179.0,11.89712905883789,445.7884826660156,0.00032067252323031425,173257.09375,0.4913935363292694
52300.0,0,0.0,-4197377.0,5.700344562530518,251.07369995117188,-0.0004055330064147711,173705.953125,0.4901237189769745
52300.0,1,0.0,-4197325.5,5.447322368621826,293.8312683105469,-0.0002441618125885725,174577.671875,0.4876764714717865
52300.0,2,0.0,-4197274.0,10.914175987243652,360.5201110839844,-0.00011931697372347116,173125.1875,0.49176788330078125
52300.0,3,0.0,-4197226.5,12.633190155029297,399.6747131347656,0.0004776121350005269,173695.3125,0.4901537299156189
52300.0,4,0.0,-4197185.5,9.794482231140137,445.5536193847656,0.0003153737634420395,173334.8125,0.49117329716682434
52400.0,0,0.0,-4197371.0,5.337436676025391,247.296142578125,-2.1591433323919773e-05,173813.75,0.48981973528862
52400.0,1,0.0,-4197331.0,5.511311054229736,294.1443786621094,0.00043378135887905955,174709.046875,0.48730969429016113
52400.0,2,0.0,-4197272.0,9.690694808959961,359.19415283203125,3.603147342801094e-05,173183.9375,0.49160102009773254
52400.0,3,0.0,-4197227.0,9.734431266784668,397.8406677246094,-0.0002135417889803648,173799.3125,0.4898604452610016
52400.0,4,0.0,-4197186.0,14.665568351745605,445.5548095703125,9.897991549223661e-05,173422.921875,0.4909237027168274
52500.0,0,0.0,-4197373.5,5.098556995391846,252.1427459716797,8.082500426098704e-05,173905.0,0.4895627200603485
52500.0,1,0.0,-4197333.5,5.4925031661987305,295.6556701660156,0.00020109990146011114,174805.9375,0.48703959584236145
52500.0,2,0.0,-4197274.5,9.062552452087402,353.2044982910156,-0.0003587206592783332,173246.046875,0.4914247691631317
52500.0,3,0.0,-4197233.0,10.307178497314453,397.8548583984375,8.442264515906572e-05,173906.078125,0.48955968022346497
52500.0,4,0.0,-4197185.5,13.53855037689209,450.5721435546875,-0.00014265417121350765,173529.453125,0.49062222242355347
52600.0,0,0.0,-4197373.0,4.953368186950684,252.372314453125,0.0002396499621681869,173990.890625,0.4893210530281067
52600.0,1,0.0,-4197331.0,5.780486583709717,296.4656677246094,-0.00014875689521431923,174877.6875,0.4868396818637848
52600.0,2,0.0,-4197278.5,8.645488739013672,348.1816101074219,0.00010332535021007061,173338.296875,0.4911632835865021
52600.0,3,0.0,-4197233.0,10.096576690673828,395.8316955566406,-0.0001793802948668599,174006.46875,0.4892772138118744
52600.0,4,0.0,-4197180.0,10.749202728271484,449.7832336425781,-0.0003905205521732569,173641.53125,0.4903056025505066
52700.0,0,0.0,-4197371.0,5.753726005554199,250.29551696777344,0.0006771815824322402,174096.578125,0.4890241026878357
52700.0,1,0.0,-4197331.0,5.013727188110352,301.134521484375,-2.3319735191762447e-05,174954.828125,0.4866251051425934
52700.0,2,0.0,-4197276.5,9.238997459411621,344.9931945800781,-0.00027768826112151146,173459.453125,0.4908202290534973
52700.0,3,0.0,-4197234.0,9.988823890686035,394.1900634765625,-0.0001509420108050108,174093.953125,0.4890313744544983
52700.0,4,0.0,-4197175.5,11.080412864685059,447.04144287109375,-0.0003140461631119251,173744.359375,0.4900153577327728
52800.0,0,0.0,-4197375.5,5.048482894897461,252.11375427246094,0.00024524045875295997,174247.96875,0.48859912157058716
52800.0,1,0.0,-4197329.0,6.228025436401367,303.49298095703125,0.00012009585043415427,175079.078125,0.48627978563308716
52800.0,2,0.0,-4197270.0,11.69592571258545,341.0851135253906,0.0004809314850717783,173572.390625,0.490500807762146
52800.0,3,0.0,-4197233.0,9.465991020202637,398.12738037109375,-0.00021250895224511623,174176.0,0.4888010323047638
52800.0,4,0.0,-4197184.0,11.760551452636719,453.0832214355469,0.00032267370261251926,173839.8125,0.4897463619709015
52900.0,0,0.0,-4197373.0,4.817523002624512,245.7960205078125,-7.490150164812803e-05,174365.140625,0.4882707893848419
52900.0,1,0.0,-4197324.5,6.749849319458008,300.06695556640625,-5.9398356825113297e-05,175234.5,0.48584848642349243
52900.0,2,0.0,-4197277.0,9.697908401489258,351.5028381347656,-0.00037520332261919975,173665.015625,0.4902392327785492
52900.0,3,0.0,-4197231.5,10.292787551879883,404.9443359375,-0.0006388447945937514,174276.0625,0.48852041363716125
52900.0,4,0.0,-4197189.0,11.507883071899414,450.6119689941406,0.000517973443493247,173936.34375,0.4894745945930481
53000.0,0,0.0,-4197377.0,4.635083198547363,248.25289916992188,-0.00046002998715266585,174433.421875,0.48807966709136963
53000.0,1,0.0,-4197327.0,5.676157474517822,301.01446533203125,3.510178066790104e-05,175319.890625,0.4856118857860565
53000.0,2,0.0,-4197273.5,10.57449722290039,350.3531799316406,-0.000323024345561862,173751.921875,0.4899940490722656
53000.0,3,0.0,-4197223.0,8.988091468811035,402.1403503417969,-0.00012027681805193424,174404.625,0.48816025257110596
53000.0,4,0.0,-4197193.5,8.711773872375488,448.9361572265625,7.63199059292674e-05,174039.015625,0.48918578028678894
53100.0,0,0.0,-4197376.5,5.6804280281066895,248.4735870361328,-0.0001075540785677731,174499.078125,0.48789605498313904
53100.0,1,0.0,-4197330.0,5.34403657913208,300.7799987792969,0.0003488454967737198,175379.34375,0.4854472279548645
53100.0,2,0.0,-4197270.5,10.2459716796875,349.9815673828125,0.00010641012340784073,173850.28125,0.4897168278694153
53100.0,3,0.0,-4197226.5,10.437517166137695,409.5189208984375,0.0005559853743761778,174520.046875,0.4878373444080353
53100.0,4,0.0,-4197188.5,11.626066207885742,439.43878173828125,8.704653009772301e-05,174146.109375,0.48888492584228516
53200.0,0,0.0,-4197378.5,5.2358269691467285,253.23179626464844,-0.00010209204629063606,174592.3125,0.4876354932785034
53200.0,1,0.0,-4197330.0,5.374755382537842,296.2719421386719,0.00020637118723243475,175450.703125,0.48524969816207886
53200.0,2,0.0,-4197274.5,10.505552291870117,354.5930480957031,-0.0002005698624998331,173969.703125,0.4893806576728821
53200.0,3,0.0,-4197222.0,11.933988571166992,399.62286376953125,0.0002093061339110136,174601.65625,0.4876093864440918
53200.0,4,0.0,-4197190.5,14.658182144165039,447.0933532714844,0.00019150704611092806,174249.0625,0.4885961413383484
53300.0,0,0.0,-4197375.0,5.049457550048828,252.51931762695312,0.0004720592696685344,174718.8125,0.4872824251651764
53300.0,1,0.0,-4197335.0,5.870138645172119,295.2306823730469,-7.698172703385353e-05,175554.5,0.4849628210067749
53300.0,2,0.0,-4197280.0,9.972755432128906,350.9826354980469,0.0009335741633549333,174085.921875,0.4890539050102234
53300.0,3,0.0,-4197228.5,9.778325080871582,396.7708740234375,-0.0001956180203706026,174672.953125,0.487410306930542
53300.0,4,0.0,-4197180.0,10.563353538513184,448.79742431640625,-0.0002327017718926072,174335.84375,0.48835286498069763
53400.0,0,0.0,-4197372.0,5.086846351623535,251.5324249267578,0.00017558742547407746,174836.25,0.48695510625839233
53400.0,1,0.0,-4197339.5,5.53524112701416,291.7710266113281,-4.02738805860281e-06,175683.921875,0.48460569977760315
53400.0,2,0.0,-4197282.0,8.534244537353516,347.7347717285156,-0.0005679366877302527,174160.890625,0.4888434112071991
53400.0,3,0.0,-4197230.5,8.845954895019531,391.8825378417969,-0.0005345691461116076,174765.28125,0.4871528446674347
53400.0,4,0.0,-4197177.0,10.465058326721191,457.8810729980469,-0.0003847168991342187,174407.09375,0.48815348744392395
53500.0,0,0.0,-4197371.0,5.323946475982666,250.81723022460938,1.7008453141897917e-05,174927.734375,0.4867004454135895
53500.0,1,0.0,-4197339.0,5.485137462615967,288.8766174316406,-5.1160575821995735e-05,175794.734375,0.4843001067638397
53500.0,2,0.0,-4197277.0,10.023774147033691,342.7589111328125,0.00030249106930568814,174211.390625,0.4887017607688904
53500.0,3,0.0,-4197228.5,9.538772583007812,393.5721435546875,-2.732989378273487e-05,174900.203125,0.48677706718444824
53500.0,4,0.0,-4197179.0,12.520230293273926,461.3616638183594,0.0002657568547874689,174485.5,0.48793402314186096
53600.0,0,0.0,-4197372.5,5.200216770172119,250.6268768310547,0.00031142320949584246,175012.09375,0.48646584153175354
53600.0,1,0.0,-4197337.5,5.537059783935547,296.6252136230469,-0.00011838437058031559,175878.046875,0.4840707778930664
53600.0,2,0.0,-4197276.5,8.210591316223145,344.6867980957031,-0.00035163259599357843,174270.390625,0.48853620886802673
53600.0,3,0.0,-4197227.0,11.673720359802246,395.3555908203125,-0.00036581663880497217,175024.3125,0.48643189668655396
53600.0,4,0.0,-4197181.0,11.73094654083252,458.9708557128906,-0.00011732708662748337,174600.90625,0.4876115620136261
53700.0,0,0.0,-4197372.5,5.534996509552002,246.36312866210938,-0.00014151306822896004,175109.65625,0.48619481921195984
53700.0,1,0.0,-4197332.0,5.261767387390137,299.2279052734375,0.000337033998221159,175957.359375,0.48385247588157654
53700.0,2,0.0,-4197280.5,9.011094093322754,353.87542724609375,0.0001224178122356534,174374.796875,0.4882437586784363
53700.0,3,0.0,-4197229.0,9.501669883728027,401.71893310546875,0.0004251019563525915,175108.28125,0.48619863390922546
53700.0,4,0.0,-4197176.0,9.419572830200195,448.2826232910156,2.204126212745905e-05,174735.046875,0.48723718523979187
53800.0,0,0.0,-4197377.5,4.872714042663574,247.98049926757812,-0.00027163821505382657,175227.5625,0.4858677089214325
53800.0,1,0.0,-4197326.5,6.082430362701416,297.1750183105469,0.00037376617547124624,176060.40625,0.4835692346096039
53800.0,2,0.0,-4197274.5,10.57433032989502,354.5662536621094,0.00014865619596093893,174507.84375,0.4878714680671692
53800.0,3,0.0,-4197231.5,12.810036659240723,405.72412109375,-0.0003274921327829361,175183.703125,0.4859893023967743
53800.0,4,0.0,-4197184.0,13.472655296325684,454.01446533203125,0.0005367231788113713,174833.484375,0.48696285486221313
53900.0,0,0.0,-4197379.5,4.868821620941162,247.6879119873047,-0.00032999919494614005,175343.109375,0.4855474829673767
53900.0,1,0.0,-4197326.5,7.57229471206665,300.5518493652344,-1.9880244508385658e-05,176196.703125,0.4831951856613159
53900.0,2,0.0,-4197274.0,9.002664566040039,356.27838134765625,-0.0005225656786933541,174615.265625,0.4875713884830475
53900.0,3,0.0,-4197229.5,9.815549850463867,403.07586669921875,0.0004443172365427017,175272.390625,0.4857434034347534
53900.0,4,0.0,-4197185.5,13.26601791381836,452.8573913574219,-0.00022397178690880537,174907.03125,0.4867580533027649
54000.0,0,0.0,-4197377.0,5.168457508087158,247.47207641601562,0.00036870507756248116,175423.859375,0.4853239953517914
54000.0,1,0.0,-4197328.5,5.219102382659912,303.8420715332031,-6.971822585910559e-05,176311.4375,0.4828808307647705
54000.0,2,0.0,-4197274.5,10.631340980529785,353.1822509765625,0.00022025336511433125,174700.375,0.48733389377593994
54000.0,3,0.0,-4197223.0,9.21088981628418,398.0511474609375,0.000456671928986907,175377.3125,0.485452800989151
54000.0,4,0.0,-4197178.5,11.652420043945312,442.7080383300781,0.0002254989231005311,174985.875,0.486538827419281
54100.0,0,0.0,-4197372.0,5.918763637542725,249.5283203125,0.0005048791645094752,175468.0625,0.48520171642303467
54100.0,1,0.0,-4197323.0,6.149983882904053,297.8321838378906,-7.348752114921808e-05,176383.796875,0.4826827347278595
54100.0,2,0.0,-4197280.5,9.692488670349121,353.06622314453125,1.9799801521003246e-05,174785.90625,0.4870954155921936
54100.0,3,0.0,-4197230.5,10.013129234313965,403.191650390625,-0.0002963099395856261,175488.234375,0.4851459860801697
54100.0,4,0.0,-4197187.5,10.977646827697754,450.0648498535156,-9.221688378602266e-05,175097.8125,0.48622769117355347
54200.0,0,0.0,-4197370.5,5.025777816772461,253.27484130859375,0.00012283673277124763,175503.875,0.48510271310806274
54200.0,1,0.0,-4197327.5,5.442436218261719,299.4765930175781,-8.059944957494736e-05,176445.75,0.4825131595134735
54200.0,2,0.0,-4197280.0,9.42629623413086,346.6541442871094,0.0002839243970811367,174891.09375,0.4868023991584778
54200.0,3,0.0,-4197229.5,12.087053298950195,392.4582214355469,-0.00041825463995337486,175592.359375,0.48485830426216125
54200.0,4,0.0,-4197178.0,12.62067699432373,439.1971435546875,-0.0001755162375047803,175231.140625,0.48585784435272217
54300.0,0,0.0,-4197371.5,5.269388675689697,253.90504455566406,0.0003195827594026923,175560.640625,0.4849458634853363
54300.0,1,0.0,-4197330.0,5.977230548858643,297.78521728515625,0.0002529258490540087,176532.921875,0.48227494955062866
54300.0,2,0.0,-4197280.0,8.188641548156738,342.97894287109375,-0.0008691203547641635,175015.5,0.48645636439323425
54300.0,3,0.0,-4197234.5,8.968770027160645,395.6606140136719,-0.0005335715832188725,175687.609375,0.484595388174057
54300.0,4,0.0,-4197183.0,12.006937980651855,448.1059265136719,0.00013573025353252888,175333.65625,0.4855737090110779
54400.0,0,0.0,-4197373.0,5.405243396759033,252.5492401123047,-0.00027818791568279266,175663.578125,0.48466169834136963
54400.0,1,0.0,-4197334.5,5.395655632019043,298.9921875,0.00020713056437671185,176669.515625,0.481902152299881
54400.0,2,0.0,-4197279.0,9.83694076538086,345.472412109375,-5.451787728816271e-05,175122.359375,0.4861595332622528
54400.0,3,0.0,-4197231.0,9.745719909667969,393.3577575683594,0.0004920297651551664,175782.859375,0.4843328595161438
54400.0,4,0.0,-4197181.5,9.9989595413208,450.01531982421875,6.815814413130283e-05,175410.234375,0.4853617250919342
54500.0,0,0.0,-4197374.5,5.219929218292236,250.65029907226562,-0.00031517900060862303,175786.03125,0.4843241274356842
54500.0,1,0.0,-4197331.0,5.9589643478393555,294.0460205078125,5.8999285101890564e-05,176798.09375,0.4815516173839569
54500.0,2,0.0,-4197273.5,11.122162818908691,345.4548034667969,-9.541632607579231e-05,175191.921875,0.4859664738178253
54500.0,3,0.0,-4197232.0,9.743016242980957,401.8332824707031,-0.00020202540326863527,175892.96875,0.484029620885849
54500.0,4,0.0,-4197180.0,12.661564826965332,457.3880920410156,0.00044392701238393784,175489.765625,0.4851417541503906
54600.0,0,0.0,-4197375.5,5.389327526092529,249.29637145996094,-0.00014307803940027952,175892.984375,0.4840295612812042
54600.0,1,0.0,-4197333.0,5.801772117614746,299.22100830078125,0.00019175471970811486,176901.265625,0.48127076029777527
54600.0,2,0.0,-4197272.0,12.038921356201172,347.5743103027344,0.0005073529900982976,175243.59375,0.48582321405410767
54600.0,3,0.0,-4197228.0,9.865601539611816,405.781982421875,0.0004920900100842118,176020.3125,0.4836794435977936
54600.0,4,0.0,-4197178.5,14.340736389160156,461.1727600097656,0.0001530732261016965,175587.9375,0.48487046360969543
54700.0,0,0.0,-4197376.5,5.186735153198242,249.7029266357422,0.00018882035510614514,175981.359375,0.48378655314445496
54700.0,1,0.0,-4197329.5,5.435279846191406,303.3311462402344,-0.00010768615175038576,176994.21875,0.4810180068016052
54700.0,2,0.0,-4197271.0,9.164986610412598,349.82208251953125,0.0005374768516048789,175309.65625,0.48564013838768005
54700.0,3,0.0,-4197227.0,9.900620460510254,408.4537048339844,-1.5029450878500938e-05,176127.234375,0.4833858013153076
54700.0,4,0.0,-4197170.5,10.868616104125977,445.9591369628906,0.00022758077830076218,175696.078125,0.48457202315330505
54800.0,0,0.0,-4197373.0,4.8363871574401855,247.1044464111328,0.00019515317399054766,176068.640625,0.4835466742515564
54800.0,1,0.0,-4197327.5,6.387105941772461,306.8942565917969,-0.00023246323689818382,177091.953125,0.48075252771377563
54800.0,2,0.0,-4197274.5,8.615497589111328,353.4385681152344,-2.0725070498883724e-05,175442.03125,0.48527371883392334
54800.0,3,0.0,-4197223.0,9.667278289794922,403.632080078125,-0.0002705648075789213,176200.703125,0.48318424820899963
54800.0,4,0.0,-4197188.0,11.300512313842773,451.5827941894531,-0.00042351020965725183,175801.515625,0.484281450510025
54900.0,0,0.0,-4197373.0,4.6986236572265625,250.45474243164062,0.0005068870377726853,176175.765625,0.4832526445388794
54900.0,1,0.0,-4197327.5,5.406992435455322,306.6784362792969,-0.00020026310812681913,177203.515625,0.4804498851299286
54900.0,2,0.0,-4197269.5,9.012834548950195,350.45648193359375,-0.0001602241536602378,175580.578125,0.48489075899124146
54900.0,3,0.0,-4197228.5,9.245567321777344,403.185791015625,-4.478392656892538e-05,176267.59375,0.4830009341239929
54900.0,4,0.0,-4197185.0,10.359567642211914,444.8802490234375,-5.8996607549488544e-05,175901.40625,0.48400643467903137
55000.0,0,0.0,-4197373.5,5.4512176513671875,255.75816345214844,0.0005706148222088814,176304.78125,0.482899010181427
55000.0,1,0.0,-4197325.5,5.5827741622924805,300.5395202636719,0.0003257165662944317,177319.421875,0.48013585805892944
55000.0,2,0.0,-4197278.0,9.443564414978027,351.4164123535156,-0.000359540106728673,175675.09375,0.48462986946105957
55000.0,3,0.0,-4197227.5,12.511963844299316,399.0544738769531,-0.0006148937391117215,176362.703125,0.4827404320240021
55000.0,4,0.0,-4197187.5,9.814621925354004,446.055908203125,-0.00020549783948808908,175998.8125,0.48373857140541077
55100.0,0,0.0,-4197368.5,4.874778747558594,254.1837158203125,-0.0004906198009848595,176414.109375,0.48259976506233215
55100.0,1,0.0,-4197329.0,5.283041000366211,300.4890441894531,0.0004048044211231172,177420.578125,0.47986212372779846
55100.0,2,0.0,-4197280.0,9.242094993591309,346.8651123046875,8.791289292275906e-05,175755.0,0.4844096302986145
55100.0,3,0.0,-4197227.0,10.299910545349121,397.4186096191406,-0.0003994959406554699,176502.171875,0.48235902190208435
55100.0,4,0.0,-4197184.0,11.075249671936035,447.895263671875,-0.0004301756853237748,176101.953125,0.48345521092414856
55200.0,0,0.0,-4197370.0,5.2314133644104,256.4927673339844,-0.00010478554759174585,176489.28125,0.48239418864250183
55200.0,1,0.0,-4197331.5,6.471629619598389,300.855224609375,9.676499757915735e-05,177504.859375,0.47963428497314453
55200.0,2,0.0,-4197276.0,8.19411849975586,342.5953369140625,-0.0007430183468386531,175845.859375,0.48415929079055786
55200.0,3,0.0,-4197223.5,10.930929183959961,396.09625244140625,-0.00020726071670651436,176623.078125,0.4820288121700287
55200.0,4,0.0,-4197184.5,12.314867973327637,454.1082763671875,-2.3120548576116562e-05,176212.03125,0.4831532835960388
55300.0,0,0.0,-4197371.0,5.549239635467529,249.78672790527344,-0.0003268177970312536,176555.296875,0.4822138845920563
55300.0,1,0.0,-4197332.0,5.629130840301514,300.6471252441406,-6.867339834570885e-05,177589.921875,0.4794045388698578
55300.0,2,0.0,-4197278.5,10.072208404541016,349.1214904785156,0.00010412291157990694,175964.265625,0.4838334619998932
55300.0,3,0.0,-4197233.0,9.824795722961426,407.1085205078125,0.0009852147195488214,176710.8125,0.48178941011428833
55300.0,4,0.0,-4197180.0,10.052840232849121,452.76849365234375,0.00048566749319434166,176319.734375,0.4828581213951111
55400.0,0,0.0,-4197374.5,5.497495174407959,245.9448699951172,8.273054845631123e-07,176649.546875,0.4819565415382385
55400.0,1,0.0,-4197333.5,7.127521991729736,302.0502624511719,-0.00016173243056982756,177707.046875,0.47908851504325867
55400.0,2,0.0,-4197277.0,10.794382095336914,349.8157958984375,0.00021781795658171177,176087.234375,0.48349565267562866
55400.0,3,0.0,-4197230.0,8.61612606048584,407.0126953125,-0.00036010530311614275,176794.78125,0.481560617685318
55400.0,4,0.0,-4197181.5,10.14022445678711,454.995849609375,0.00045224279165267944,176413.265625,0.48260214924812317
55500.0,0,0.0,-4197375.5,4.734425067901611,245.25106811523438,0.00030908104963600636,176802.046875,0.48154082894325256
55500.0,1,0.0,-4197331.5,5.9758477210998535,300.8329162597656,3.048568032681942e-05,177852.515625,0.4786967933177948
55500.0,2,0.0,-4197273.5,7.939980983734131,353.5846862792969,0.00020296743605285883,176179.765625,0.4832416772842407
55500.0,3,0.0,-4197233.0,9.847344398498535,404.8153991699219,0.00027092592790722847,176892.921875,0.4812934696674347
55500.0,4,0.0,-4197182.5,11.224186897277832,454.9948425292969,0.0005194706609472632,176497.59375,0.4823714792728424
55600.0,0,0.0,-4197373.5,4.835970401763916,244.76573181152344,0.00021826836746186018,176927.484375,0.4811994731426239
55600.0,1,0.0,-4197329.5,5.345170974731445,300.3569030761719,-0.0001308191567659378,177954.484375,0.47842249274253845
55600.0,2,0.0,-4197272.0,10.252047538757324,352.7412109375,0.00017629179637879133,176250.078125,0.48304885625839233
55600.0,3,0.0,-4197230.0,12.925750732421875,397.970703125,0.0003828562330454588,177005.484375,0.4809873402118683
55600.0,4,0.0,-4197187.5,8.416938781738281,449.5716857910156,-0.00029644626192748547,176591.625,0.48211467266082764
55700.0,0,0.0,-4197374.5,4.586642742156982,249.73724365234375,0.0005760819185525179,177017.8125,0.4809539020061493
55700.0,1,0.0,-4197326.5,6.193351745605469,298.6520690917969,0.0001837905147112906,178023.484375,0.47823694348335266
55700.0,2,0.0,-4197275.5,9.247021675109863,352.6692199707031,-0.00043922511395066977,176325.96875,0.48284104466438293
55700.0,3,0.0,-4197228.0,10.941802978515625,390.8418273925781,-1.83966476470232e-05,177116.90625,0.480684757232666
55700.0,4,0.0,-4197186.5,13.994647979736328,441.6492004394531,-0.00013455329462885857,176717.328125,0.4817717671394348
55800.0,0,0.0,-4197373.0,5.093131065368652,251.98902893066406,-4.143512342125177e-06,177106.875,0.48071202635765076
55800.0,1,0.0,-4197330.5,5.848973751068115,304.8870544433594,0.0002484878059476614,178096.171875,0.47804179787635803
55800.0,2,0.0,-4197276.0,9.967119216918945,351.7126159667969,-8.069095201790333e-06,176461.5625,0.48246997594833374
55800.0,3,0.0,-4197229.5,10.691429138183594,391.2985534667969,-0.00015699490904808044,177217.3125,0.4804125428199768
55800.0,4,0.0,-4197186.0,11.434643745422363,442.34698486328125,-0.00010559032671153545,176845.375,0.48142296075820923
55900.0,0,0.0,-4197373.5,4.7845845222473145,254.70913696289062,-6.34745811112225e-05,177210.3125,0.4804314970970154
55900.0,1,0.0,-4197325.5,5.559086799621582,299.76629638671875,-1.3409880921244621e-06,178198.078125,0.4777684211730957
55900.0,2,0.0,-4197283.0,12.551043510437012,354.9261169433594,-0.00020759692415595055,176615.140625,0.48205044865608215
55900.0,3,0.0,-4197230.5,9.111650466918945,400.3559265136719,-0.0006199210183694959,177312.453125,0.48015469312667847
55900.0,4,0.0,-4197190.5,8.98875904083252,451.9823303222656,-9.400502312928438e-05,176933.328125,0.4811836779117584
56000.0,0,0.0,-4197372.0,5.160921096801758,252.77137756347656,-0.0006625689566135406,177327.328125,0.4801144003868103
56000.0,1,0.0,-4197330.5,5.413544654846191,302.5821533203125,-1.9370228983461857e-05,178322.03125,0.47743624448776245
56000.0,2,0.0,-4197274.5,8.708950996398926,345.6426086425781,0.0004528793506324291,176708.625,0.48179543018341064
56000.0,3,0.0,-4197219.5,13.000210762023926,406.2439270019531,0.00018157402519136667,177414.3125,0.4798790216445923
56000.0,4,0.0,-4197181.0,10.796929359436035,450.3577575683594,-0.00015673332381993532,177000.78125,0.48100021481513977
56100.0,0,0.0,-4197371.0,5.652943134307861,248.4547576904297,2.23842216655612e-05,177437.75,0.47981566190719604
56100.0,1,0.0,-4197331.0,5.413952827453613,299.66644287109375,0.00010988977737724781,178435.6875,0.4771321713924408
56100.0,2,0.0,-4197280.5,11.449579238891602,353.82427978515625,-0.00053040636703372,176788.6875,0.48157718777656555
56100.0,3,0.0,-4197215.5,9.67081356048584,407.8687438964844,0.00016605784185230732,177540.109375,0.47953900694847107
56100.0,4,0.0,-4197178.0,9.258509635925293,454.9855041503906,8.226966019719839e-05,177080.53125,0.4807835817337036
56200.0,0,0.0,-4197377.0,5.399425029754639,249.9496307373047,0.00040255559724755585,177528.859375,0.47956937551498413
56200.0,1,0.0,-4197330.0,5.66165018081665,295.0087890625,-0.00015369243919849396,178533.984375,0.4768694341182709
56200.0,2,0.0,-4197274.5,8.149214744567871,350.3815002441406,0.0006846128962934017,176881.703125,0.4813239872455597
56200.0,3,0.0,-4197221.0,11.812112808227539,410.98089599609375,0.0002749403938651085,177676.609375,0.4791705906391144
56200.0,4,0.0,-4197175.5,11.116361618041992,454.91326904296875,0.00027859292458742857,177204.8125,0.480446457862854
56300.0,0,0.0,-4197376.0,5.259582996368408,244.57638549804688,0.00030627328669652343,177610.140625,0.4793499708175659
56300.0,1,0.0,-4197333.0,5.833141326904297,297.9281311035156,-0.00020673556718975306,178629.640625,0.4766141474246979
56300.0,2,0.0,-4197274.0,9.453060150146484,352.08929443359375,0.00035547238076105714,176998.0,0.48100772500038147
56300.0,3,0.0,-4197227.5,9.854341506958008,407.32763671875,0.0003596062306314707,177768.609375,0.47892260551452637
56300.0,4,0.0,-4197183.0,8.598407745361328,457.54705810546875,0.0003710185410454869,177341.5625,0.4800759255886078
56400.0,0,0.0,-4197375.0,5.1442952156066895,243.2469940185547,0.0006218066555447876,177708.3125,0.47908511757850647
56400.0,1,0.0,-4197329.5,6.049561977386475,297.123046875,0.0004620434483513236,178734.0625,0.47633564472198486
56400.0,2,0.0,-4197269.0,10.082596778869629,346.78265380859375,-0.00042447587475180626,177117.09375,0.4806842505931854
56400.0,3,0.0,-4197224.0,10.892865180969238,397.92474365234375,-0.0001510202419012785,177834.625,0.47874483466148376
56400.0,4,0.0,-4197183.5,9.389162063598633,455.60491943359375,0.00010224152356386185,177442.46875,0.4798029065132141
56500.0,0,0.0,-4197374.5,5.4975762367248535,248.7719268798828,-0.00015840516425669193,177853.8125,0.4786931872367859
56500.0,1,0.0,-4197329.5,5.023592948913574,303.4159851074219,0.0002403094549663365,178849.0625,0.4760294556617737
56500.0,2,0.0,-4197271.5,9.625786781311035,345.5851135253906,-5.915656220167875e-05,177212.921875,0.4804243743419647
56500.0,3,0.0,-4197235.5,9.799741744995117,405.5445556640625,0.00024564657360315323,177909.03125,0.4785446524620056
56500.0,4,0.0,-4197179.5,12.772038459777832,447.0984802246094,-0.0008037623483687639,177530.96875,0.4795636832714081
56600.0,0,0.0,-4197371.5,5.577040195465088,254.29368591308594,1.9643106497824192e-05,177982.1875,0.47834789752960205
56600.0,1,0.0,-4197324.0,6.829805374145508,302.787353515625,-0.0002455587964504957,178960.015625,0.47573432326316833
56600.0,2,0.0,-4197275.5,10.253586769104004,345.2591857910156,-0.0001977310748770833,177291.203125,0.4802122414112091
56600.0,3,0.0,-4197230.5,9.958959579467773,398.6616516113281,-0.00030011264607310295,178024.078125,0.4782353341579437
56600.0,4,0.0,-4197183.5,8.759638786315918,449.4548034667969,0.00024822086561471224,177626.5625,0.4793056547641754
56700.0,0,0.0,-4197370.0,4.916525840759277,254.3824462890625,-0.0005833604373037815,178059.609375,0.4781399667263031
56700.0,1,0.0,-4197325.0,5.660887241363525,304.5881042480469,0.00028045615181326866,179046.5625,0.4755043089389801
56700.0,2,0.0,-4197280.0,9.834403038024902,343.2136535644531,-0.0001521228114143014,177376.703125,0.4799807369709015
56700.0,3,0.0,-4197228.0,11.321051597595215,399.7539978027344,0.00030921376310288906,178161.5,0.4778665006160736
56700.0,4,0.0,-4197182.5,9.724641799926758,447.8663024902344,-0.00016090506687760353,177734.9375,0.4790133833885193
56800.0,0,0.0,-4197370.0,5.168345928192139,251.64503479003906,-0.00016545242397114635,178128.375,0.47795534133911133
56800.0,1,0.0,-4197328.0,5.167269706726074,303.4794006347656,-0.00025825691409409046,179110.6875,0.47533413767814636
56800.0,2,0.0,-4197282.5,10.125913619995117,345.6180419921875,0.0002999784774146974,177511.140625,0.4796172082424164
56800.0,3,0.0,-4197228.5,11.341585159301758,398.69873046875,1.3021053746342659e-05,178266.203125,0.4775857925415039
56800.0,4,0.0,-4197179.5,9.728987693786621,445.8258056640625,0.00022277620155364275,177848.0625,0.4787086844444275
56900.0,0,0.0,-4197373.5,5.9681525230407715,250.85086059570312,9.479466825723648e-05,178217.96875,0.47771504521369934
56900.0,1,0.0,-4197329.5,6.0460896492004395,298.78656005859375,-0.00015404936857521534,179178.28125,0.47515466809272766
56900.0,2,0.0,-4197275.0,11.783074378967285,347.13055419921875,0.0003494697157293558,177658.890625,0.47921842336654663
56900.0,3,0.0,-4197231.0,11.7092866897583,402.31524658203125,-0.00019931374117732048,178347.359375,0.4773685038089752
56900.0,4,0.0,-4197175.0,10.598710060119629,439.36773681640625,-7.903855293989182e-05,177951.3125,0.47843098640441895
57000.0,0,0.0,-4197376.0,4.991344451904297,249.81253051757812,0.00018988229567185044,178338.0,0.47739356756210327
57000.0,1,0.0,-4197332.0,5.28318452835083,297.7823791503906,0.00013046152889728546,179290.0,0.47485870122909546
57000.0,2,0.0,-4197272.5,9.94173526763916,352.850341796875,-0.00043894059490412474,177744.546875,0.4789873957633972
57000.0,3,0.0,-4197228.5,10.036328315734863,398.859130859375,-0.0001484503736719489,178432.71875,0.4771400988101959
57000.0,4,0.0,-4197181.0,11.711522102355957,449.4978332519531,0.0004600911634042859,178042.171875,0.47818678617477417
57100.0,0,0.0,-4197377.0,5.1803083419799805,249.55960083007812,0.0008691181428730488,178459.015625,0.4770698845386505
57100.0,1,0.0,-4197333.5,6.538475513458252,300.038330078125,0.0003230338334105909,179436.40625,0.47447118163108826
57100.0,2,0.0,-4197268.0,9.345754623413086,359.201171875,-6.507080979645252e-05,177813.140625,0.4788026809692383
57100.0,3,0.0,-4197229.0,9.99797534942627,397.2587890625,-0.00040582939982414246,178542.53125,0.4768466353416443
57100.0,4,0.0,-4197179.5,10.536520957946777,448.24560546875,-0.0001620952971279621,178132.90625,0.47794318199157715
57200.0,0,0.0,-4197375.5,5.436725616455078,249.0107879638672,0.00010387995280325413,178560.21875,0.4767993986606598
57200.0,1,0.0,-4197332.0,5.369489669799805,300.0221252441406,0.00026495190104469657,179545.96875,0.4741817116737366
57200.0,2,0.0,-4197267.0,8.751757621765137,358.3258972167969,-0.00015189859550446272,177895.96875,0.47857969999313354
57200.0,3,0.0,-4197223.5,10.603748321533203,394.6752624511719,0.00022232986520975828,178668.21875,0.4765111804008484
57200.0,4,0.0,-4197187.5,8.745161056518555,451.59796142578125,0.0001828218810260296,178247.828125,0.47763511538505554
57300.0,0,0.0,-4197370.5,5.768765926361084,247.1697540283203,-6.942381151020527e-05,178652.21875,0.47655385732650757
57300.0,1,0.0,-4197329.5,5.793465614318848,300.25848388671875,3.4106080420315266e-05,179627.5625,0.4739663600921631
57300.0,2,0.0,-4197272.5,10.528596878051758,351.1456604003906,-0.0006581174675375223,178006.5,0.4782825708389282
57300.0,3,0.0,-4197228.0,10.813676834106445,400.1596374511719,-0.0005773005541414022,178776.765625,0.47622185945510864
57300.0,4,0.0,-4197193.0,11.827746391296387,453.33819580078125,-0.0005540610291063786,178388.421875,0.4772585928440094
57400.0,0,0.0,-4197372.5,5.160324573516846,253.3018798828125,-0.0006292255129665136,178750.78125,0.47629109025001526
57400.0,1,0.0,-4197329.5,5.411333084106445,302.5565490722656,0.0002586937043815851,179712.46875,0.47374239563941956
57400.0,2,0.0,-4197275.0,9.950653076171875,348.65826416015625,0.0001968233846127987,178127.703125,0.4779571294784546
57400.0,3,0.0,-4197227.0,11.035992622375488,396.9385986328125,0.0005662071635015309,178866.4375,0.4759831130504608
57400.0,4,0.0,-4197191.0,10.467938423156738,446.5142517089844,2.6134075596928596e-05,178493.203125,0.4769784212112427
57500.0,0,0.0,-4197368.0,5.353581428527832,251.2221221923828,-0.0002702536294236779,178863.5,0.4759909510612488
57500.0,1,0.0,-4197323.5,6.892952919006348,298.1460266113281,-0.00026804732624441385,179822.03125,0.4734538197517395
57500.0,2,0.0,-4197278.0,9.461260795593262,351.843994140625,0.0004214087384752929,178232.765625,0.47767534852027893
57500.0,3,0.0,-4197225.0,11.52425479888916,391.2623596191406,0.00034455209970474243,178956.15625,0.47574448585510254
57500.0,4,0.0,-4197196.0,11.97892951965332,451.2660217285156,0.00030460325069725513,178562.421875,0.47679364681243896
57600.0,0,0.0,-4197370.5,5.3957200050354,252.42527770996094,0.00027018034597858787,178979.46875,0.4756825268268585
57600.0,1,0.0,-4197328.0,6.015115261077881,302.09442138671875,-9.516743011772633e-05,179949.796875,0.4731176197528839
57600.0,2,0.0,-4197276.5,11.462305068969727,350.8058166503906,0.0002882478293031454,178321.234375,0.47743842005729675
57600.0,3,0.0,-4197232.5,11.471379280090332,398.53387451171875,0.0007782719330862164,179060.796875,0.4754664897918701
57600.0,4,0.0,-4197184.5,9.444707870483398,447.7366638183594,0.0001499501522630453,178631.953125,0.4766079783439636
57700.0,0,0.0,-4197375.0,5.00938081741333,249.98574829101562,0.0002975740935653448,179073.71875,0.4754321575164795
57700.0,1,0.0,-4197327.5,6.356202602386475,298.1344909667969,0.0002378489007242024,180059.84375,0.47282856702804565
57700.0,2,0.0,-4197278.0,8.560317993164062,352.76953125,0.00012466346379369497,178410.84375,0.47719869017601013
57700.0,3,0.0,-4197228.0,10.34277629852295,393.49127197265625,-0.00045955670066177845,179173.25,0.47516804933547974
57700.0,4,0.0,-4197176.5,8.333940505981445,455.9840393066406,0.00038287893403321505,178734.8125,0.47633370757102966
57800.0,0,0.0,-4197379.5,5.6104230880737305,248.25112915039062,0.0007330976659432054,179132.8125,0.47527533769607544
57800.0,1,0.0,-4197333.0,5.468026638031006,297.8024597167969,0.000180688570253551,180144.296875,0.4726068079471588
57800.0,2,0.0,-4197278.0,11.561249732971191,354.715576171875,9.995035361498594e-05,178529.109375,0.4768824875354767
57800.0,3,0.0,-4197228.5,10.204800605773926,399.0196228027344,-0.0003061773022636771,179282.515625,0.4748784601688385
57800.0,4,0.0,-4197172.5,10.489120483398438,455.18170166015625,-0.00034865131601691246,178870.546875,0.4759722352027893
57900.0,0,0.0,-4197378.5,5.164164066314697,246.50816345214844,-1.843273639678955e-05,179178.875,0.4751531481742859
57900.0,1,0.0,-4197334.0,6.173706531524658,294.0860595703125,0.00035953475162386894,180221.390625,0.4724045991897583
57900.0,2,0.0,-4197274.0,9.201885223388672,349.73748779296875,-0.00042299251072108746,178681.171875,0.47647663950920105
57900.0,3,0.0,-4197224.0,10.905491828918457,405.47454833984375,-0.00041051453445106745,179385.3125,0.47460633516311646
57900.0,4,0.0,-4197173.5,10.865921974182129,452.5978698730469,-4.9645197577774525e-05,178986.34375,0.47566425800323486
58000.0,0,0.0,-4197376.0,5.843167781829834,246.8123016357422,0.0003185765817761421,179243.828125,0.4749809503555298
58000.0,1,0.0,-4197335.5,5.193984508514404,296.09466552734375,1.4857621863484383e-05,180338.125,0.47209876775741577
58000.0,2,0.0,-4197271.0,8.857499122619629,345.7296142578125,-0.0004155464703217149,178781.921875,0.4762080907821655
58000.0,3,0.0,-4197220.0,10.028726577758789,409.1712341308594,-0.0008789981948211789,179484.265625,0.47434473037719727
58000.0,4,0.0,-4197180.0,10.248345375061035,454.45599365234375,-0.00018380035180598497,179079.609375,0.4754166305065155
58100.0,0,0.0,-4197376.0,5.155604839324951,250.37747192382812,-0.0007941084913909435,179362.796875,0.47466596961021423
58100.0,1,0.0,-4197330.5,5.186554431915283,297.2812805175781,0.00023653462994843721,180510.53125,0.4716479182243347
58100.0,2,0.0,-4197282.0,10.594889640808105,353.8346252441406,-0.00023653660900890827,178842.15625,0.4760477542877197
58100.0,3,0.0,-4197222.0,11.4144287109375,408.0921936035156,0.0006760649266652763,179587.953125,0.47407081723213196
58100.0,4,0.0,-4197183.0,10.388500213623047,451.29949951171875,-8.183124009519815e-05,179171.78125,0.4751720130443573
58200.0,0,0.0,-4197374.0,5.526392459869385,251.02706909179688,-0.000480515300296247,179498.71875,0.47430652379989624
58200.0,1,0.0,-4197326.0,5.4334635734558105,301.18310546875,-0.0004664190346375108,180618.15625,0.47136691212654114
58200.0,2,0.0,-4197278.0,11.021123886108398,346.2388000488281,0.000617060053627938,178905.8125,0.4758783280849457
58200.0,3,0.0,-4197223.5,11.627612113952637,399.2828674316406,0.00037853571120649576,179698.234375,0.4737798571586609
58200.0,4,0.0,-4197183.5,9.446885108947754,449.27001953125,-0.00045922596473246813,179275.1875,0.47489792108535767
58300.0,0,0.0,-4197373.0,5.00684928894043,251.62371826171875,0.00023796281311661005,179601.390625,0.4740353524684906
58300.0,1,0.0,-4197326.5,6.3636698722839355,304.13092041015625,-6.828235927969217e-05,180692.140625,0.4711739122867584
58300.0,2,0.0,-4197270.5,11.12045955657959,340.60296630859375,0.0002344327513128519,179002.3125,0.4756217896938324
58300.0,3,0.0,-4197222.5,10.28026294708252,392.8742370605469,0.0002746827667579055,179809.703125,0.4734862148761749
58300.0,4,0.0,-4197183.5,9.129005432128906,449.7955017089844,0.0004132325993850827,179387.828125,0.47459977865219116
58400.0,0,0.0,-4197375.0,5.204852104187012,253.9573516845703,0.00018885574536398053,179683.078125,0.4738198220729828
58400.0,1,0.0,-4197328.0,5.957392692565918,304.31243896484375,0.00017368677072227,180773.578125,0.4709616005420685
58400.0,2,0.0,-4197270.5,11.807839393615723,343.5408935546875,-2.0882929675281048e-05,179130.375,0.4752817451953888
58400.0,3,0.0,-4197227.0,12.108552932739258,394.78466796875,0.0003382654394954443,179913.0,0.4732142984867096
58400.0,4,0.0,-4197183.0,13.111202239990234,450.3092346191406,0.0004856550367549062,179497.546875,0.47430962324142456
58500.0,0,0.0,-4197371.0,5.582930564880371,249.43991088867188,0.0007549969013780355,179771.046875,0.4735879898071289
58500.0,1,0.0,-4197328.0,5.689690589904785,301.1216125488281,5.784665700048208e-05,180887.84375,0.47066405415534973
58500.0,2,0.0,-4197279.5,8.29882526397705,356.4381103515625,-3.2645417377352715e-05,179247.09375,0.47497230768203735
58500.0,3,0.0,-4197231.0,9.744538307189941,398.5661315917969,-2.544315066188574e-05,180009.125,0.4729616045951843
58500.0,4,0.0,-4197185.0,9.75481128692627,451.9162902832031,2.9288814403116703e-05,179595.8125,0.4740501642227173
58600.0,0,0.0,-4197372.0,4.740708351135254,249.4512481689453,0.00022073613945394754,179888.53125,0.473278671503067
58600.0,1,0.0,-4197329.5,5.419398784637451,299.5201110839844,0.00029337627347558737,181022.46875,0.4703141450881958
58600.0,2,0.0,-4197272.5,9.15275764465332,350.279296875,-1.1964584700763226e-05,179340.234375,0.4747256338596344
58600.0,3,0.0,-4197224.5,13.10253620147705,401.312255859375,-0.00028157688211649656,180107.6875,0.4727028012275696
58600.0,4,0.0,-4197179.0,9.936304092407227,446.83819580078125,0.00022164650727063417,179686.078125,0.4738120138645172
58700.0,0,0.0,-4197375.0,4.864819526672363,247.9927978515625,8.372939191758633e-05,180022.171875,0.4729273319244385
58700.0,1,0.0,-4197331.0,6.228674411773682,298.6829833984375,0.00018399825785309076,181130.46875,0.47003358602523804
58700.0,2,0.0,-4197272.5,8.58006763458252,351.953125,-4.948012065142393e-05,179427.125,0.4744957387447357
58700.0,3,0.0,-4197225.0,9.969595909118652,401.95654296875,-0.0007172648329287767,180223.21875,0.4723997712135315
58700.0,4,0.0,-4197180.5,10.1300630569458,447.77288818359375,-0.00017262878827750683,179786.390625,0.4735475480556488
58800.0,0,0.0,-4197376.5,4.58827018737793,243.71487426757812,-0.0006247811252251267,180122.796875,0.47266319394111633
58800.0,1,0.0,-4197330.0,5.355604648590088,296.373291015625,6.16665929555893e-05,181212.375,0.46982115507125854
58800.0,2,0.0,-4197270.0,11.161113739013672,349.56756591796875,-0.000304584507830441,179529.078125,0.4742262363433838
58800.0,3,0.0,-4197229.5,10.400375366210938,404.928955078125,6.0388585552573204e-05,180349.515625,0.47206899523735046
58800.0,4,0.0,-4197187.5,11.325002670288086,454.40728759765625,-0.0001967468997463584,179919.625,0.47319698333740234
58900.0,0,0.0,-4197376.0,5.09743595123291,241.39614868164062,-0.0002470607287250459,180190.671875,0.47248509526252747
58900.0,1,0.0,-4197331.0,5.176437854766846,298.7413024902344,-0.00046810321509838104,181295.125,0.46960678696632385
58900.0,2,0.0,-4197276.5,9.849282264709473,352.4333190917969,0.0004001767374575138,179654.5625,0.47389504313468933
58900.0,3,0.0,-4197230.0,14.526497840881348,399.71551513671875,-3.2501411624252796e-05,180452.421875,0.47179973125457764
58900.0,4,0.0,-4197178.5,9.180546760559082,447.092529296875,-6.202468648552895e-05,180048.53125,0.472858190536499
59000.0,0,0.0,-4197375.5,5.263694763183594,245.11331176757812,4.464644007384777e-05,180255.609375,0.47231486439704895
59000.0,1,0.0,-4197325.5,5.975040435791016,298.4447021484375,6.35821488685906e-05,181412.046875,0.46930408477783203
59000.0,2,0.0,-4197276.0,8.799853324890137,347.8089599609375,-4.835985600948334e-05,179773.390625,0.47358179092407227
59000.0,3,0.0,-4197233.0,11.331334114074707,395.13543701171875,0.0007092730957083404,180529.015625,0.4715995788574219
59000.0,4,0.0,-4197183.5,12.725682258605957,447.7674255371094,4.188611637800932e-05,180135.03125,0.47263115644454956
59100.0,0,0.0,-4197373.5,5.10896110534668,250.0865478515625,-0.00011098588583990932,180372.609375,0.47200849652290344
59100.0,1,0.0,-4197324.5,5.545682430267334,305.79400634765625,0.0001940400106832385,181565.125,0.4689084589481354
59100.0,2,0.0,-4197278.0,10.44619083404541,346.9005432128906,0.00013352616224437952,179846.234375,0.47338998317718506
59100.0,3,0.0,-4197231.0,10.649161338806152,389.4002685546875,0.0005670679383911192,180604.9375,0.4714013338088989
59100.0,4,0.0,-4197191.0,9.789252281188965,450.86065673828125,-0.0003376284148544073,180206.078125,0.47244471311569214
59200.0,0,0.0,-4197372.5,5.056698799133301,251.81033325195312,0.000995158450677991,180542.5,0.4715643525123596
59200.0,1,0.0,-4197322.0,5.675577163696289,305.1946716308594,0.00022908998653292656,181665.515625,0.468649297952652
59200.0,2,0.0,-4197282.0,9.190513610839844,350.7624816894531,0.00013280089478939772,179893.796875,0.47326478362083435
59200.0,3,0.0,-4197226.5,11.00107192993164,393.58624267578125,-0.00025945797096937895,180717.765625,0.47110700607299805
59200.0,4,0.0,-4197184.5,9.689937591552734,445.6292419433594,-0.0003570710541680455,180293.390625,0.4722159504890442
59300.0,0,0.0,-4197371.0,4.988945484161377,250.7059783935547,-4.865817027166486e-05,180654.828125,0.4712711274623871
59300.0,1,0.0,-4197325.5,5.378225803375244,304.2486267089844,0.00032195495441555977,181720.359375,0.4685077965259552
59300.0,2,0.0,-4197275.0,9.974262237548828,345.7727355957031,-6.834813393652439e-05,179950.734375,0.4731150269508362
59300.0,3,0.0,-4197225.5,14.021797180175781,404.8619384765625,-0.00033268763218075037,180868.078125,0.4707154929637909
59300.0,4,0.0,-4197183.5,13.314118385314941,451.6935119628906,0.0001284878235310316,180422.5,0.4718780815601349
59400.0,0,0.0,-4197373.5,5.860788345336914,253.16038513183594,-4.262715810909867e-05,180741.765625,0.4710444509983063
59400.0,1,0.0,-4197330.0,5.760977745056152,302.31854248046875,4.970584996044636e-06,181777.171875,0.468361496925354
59400.0,2,0.0,-4197272.5,11.042576789855957,350.43548583984375,-0.0004385721404105425,180052.671875,0.47284722328186035
59400.0,3,0.0,-4197218.5,10.546915054321289,406.6664123535156,-0.0004235580563545227,180978.828125,0.47042742371559143
59400.0,4,0.0,-4197179.5,11.22719955444336,455.3617858886719,0.00020172400400042534,180554.6875,0.47153255343437195
59500.0,0,0.0,-4197373.5,5.819388389587402,251.0892791748047,-0.000355532334651798,180833.53125,0.47080540657043457
59500.0,1,0.0,-4197331.5,5.632625102996826,300.5484924316406,-7.28989252820611e-05,181858.921875,0.468150794506073
59500.0,2,0.0,-4197269.0,8.478511810302734,356.298095703125,-0.00012309919111430645,180185.46875,0.47249874472618103
59500.0,3,0.0,-4197222.0,14.841862678527832,410.3463439941406,0.00024334399495273829,181057.65625,0.4702226221561432
59500.0,4,0.0,-4197175.5,10.064411163330078,463.1338806152344,0.0004210487240925431,180650.3125,0.471282958984375
59600.0,0,0.0,-4197375.0,5.658577919006348,250.63348388671875,-0.0004233042127452791,180947.234375,0.4705096185207367
59600.0,1,0.0,-4197332.5,7.405755043029785,301.1870422363281,-0.0003548840759322047,181975.28125,0.4678514897823334
59600.0,2,0.0,-4197265.0,9.88902473449707,356.2248229980469,-0.00020188908092677593,180298.34375,0.47220292687416077
59600.0,3,0.0,-4197227.5,16.505802154541016,409.58795166015625,2.4651875719428062e-05,181140.3125,0.4700080454349518
59600.0,4,0.0,-4197169.0,13.799847602844238,453.42340087890625,0.0001023472286760807,180730.921875,0.4710727632045746
59700.0,0,0.0,-4197375.0,5.160508632659912,248.2645721435547,1.5458674170076847e-05,181074.0,0.4701801836490631
59700.0,1,0.0,-4197327.0,5.267414093017578,296.56182861328125,4.400551551952958e-05,182102.8125,0.4675239622592926
59700.0,2,0.0,-4197272.5,9.359932899475098,358.8733825683594,-0.00021441478747874498,180388.125,0.471967875957489
59700.0,3,0.0,-4197226.5,11.026180267333984,403.7087707519531,0.00016594328917562962,181242.5,0.4697430729866028
59700.0,4,0.0,-4197176.5,11.90537166595459,447.90087890625,-0.00033664493821561337,180822.0625,0.4708353281021118
59800.0,0,0.0,-4197375.0,4.418014049530029,248.10073852539062,0.00021462480071932077,181180.640625,0.46990343928337097
59800.0,1,0.0,-4197332.5,6.086570739746094,304.5778503417969,5.483080167323351e-05,182208.90625,0.46725165843963623
59800.0,2,0.0,-4197275.0,8.959732055664062,348.9140930175781,0.0006390413618646562,180475.453125,0.4717395305633545
59800.0,3,0.0,-4197222.5,10.932568550109863,398.38250732421875,0.00034748262260109186,181360.640625,0.4694370925426483
59800.0,4,0.0,-4197190.0,10.367244720458984,453.3387756347656,0.0003057563444599509,180930.9375,0.4705520272254944
59900.0,0,0.0,-4197372.5,5.429898738861084,247.99050903320312,0.0006759701063856483,181262.84375,0.46969032287597656
59900.0,1,0.0,-4197326.0,5.77200174331665,300.07330322265625,0.0002771888393908739,182295.859375,0.46702882647514343
59900.0,2,0.0,-4197278.0,9.735639572143555,349.236328125,7.427029777318239e-05,180582.265625,0.4714604914188385
59900.0,3,0.0,-4197226.5,10.450191497802734,405.6956787109375,-6.611947901546955e-05,181474.203125,0.4691433906555176
59900.0,4,0.0,-4197183.5,10.310054779052734,447.38140869140625,-0.0003260653465986252,181045.578125,0.4702540338039398
60000.0,0,0.0,-4197370.5,5.414544105529785,252.4593505859375,-0.00016269838670268655,181342.671875,0.4694835841655731
60000.0,1,0.0,-4197326.5,5.435389041900635,302.0267028808594,0.000534294405952096,182385.90625,0.46679815649986267
60000.0,2,0.0,-4197276.0,10.305562019348145,348.3421936035156,-0.0003749731695279479,180713.921875,0.4711170196533203
60000.0,3,0.0,-4197228.0,12.948356628417969,401.683349609375,-2.16230982914567e-05,181574.4375,0.46888434886932373
60000.0,4,0.0,-4197176.0,10.490459442138672,441.51629638671875,-0.00010597764048725367,181153.4375,0.4699740409851074
60100.0,0,0.0,-4197368.0,5.1737380027771,254.0550994873047,4.786852514371276e-05,181458.375,0.4691842198371887
60100.0,1,0.0,-4197326.0,6.737494945526123,300.86676025390625,-0.0001450690906494856,182505.734375,0.4664916694164276
60100.0,2,0.0,-4197274.5,9.7557373046875,348.8172912597656,-4.878430627286434e-05,180827.5625,0.47082090377807617
60100.0,3,0.0,-4197229.5,10.023868560791016,397.0812072753906,-0.00034427677746862173,181669.578125,0.46863874793052673
60100.0,4,0.0,-4197182.5,10.300490379333496,453.9709777832031,-0.0004941703518852592,181255.078125,0.46971049904823303
60200.0,0,0.0,-4197367.0,4.908599853515625,252.61647033691406,-0.00017005176050588489,181618.203125,0.4687713384628296
60200.0,1,0.0,-4197329.0,6.113187789916992,299.5943603515625,0.00024915154790505767,182649.53125,0.4661245346069336
60200.0,2,0.0,-4197276.0,9.621384620666504,353.23590087890625,-0.0004955418407917023,180901.09375,0.47062957286834717
60200.0,3,0.0,-4197227.5,11.530166625976562,394.9356689453125,-0.0002998538548126817,181775.375,0.4683660566806793
60200.0,4,0.0,-4197177.5,11.316974639892578,456.2196044921875,0.0001945936819538474,181356.78125,0.46944713592529297
60300.0,0,0.0,-4197370.0,5.4167656898498535,251.59725952148438,-0.0005167894996702671,181726.21875,0.46849268674850464
60300.0,1,0.0,-4197330.0,5.295192241668701,293.3764343261719,-0.00021739536896348,182751.078125,0.46586549282073975
60300.0,2,0.0,-4197273.0,10.944258689880371,350.6596984863281,-0.00015514413826167583,180959.015625,0.470478892326355
60300.0,3,0.0,-4197228.5,10.396500587463379,396.0694885253906,0.0006459119031205773,181912.609375,0.46801266074180603
60300.0,4,0.0,-4197177.5,10.569903373718262,454.95159912109375,0.0002417906653136015,181464.53125,0.4691683351993561
60400.0,0,0.0,-4197370.5,5.352447986602783,247.436279296875,0.00011887954315170646,181798.546875,0.468306303024292
60400.0,1,0.0,-4197335.0,5.645377159118652,295.94744873046875,-9.828130714595318e-05,182812.75,0.46570834517478943
60400.0,2,0.0,-4197268.5,9.312272071838379,346.5954284667969,-7.228634785860777e-05,181038.25,0.4702729880809784
60400.0,3,0.0,-4197227.0,12.035388946533203,402.1299133300781,0.00034930265974253416,182046.265625,0.4676690697669983
60400.0,4,0.0,-4197179.5,13.709500312805176,448.4442443847656,0.0008018407970666885,181579.140625,0.4688722491264343
60500.0,0,0.0,-4197374.0,4.819257736206055,248.30479431152344,0.00018722418462857604,181875.703125,0.4681076407432556
60500.0,1,0.0,-4197331.0,6.355766773223877,294.49774169921875,4.152668407186866e-05,182873.71875,0.46555307507514954
60500.0,2,0.0,-4197274.5,8.044116020202637,351.5458068847656,0.000491262529976666,181186.640625,0.4698878824710846
60500.0,3,0.0,-4197217.5,10.585919380187988,401.2023010253906,0.00043882132740691304,182127.609375,0.46746018528938293
60500.0,4,0.0,-4197184.0,12.75796127319336,446.28167724609375,9.344855789095163e-05,181689.015625,0.4685886800289154
60600.0,0,0.0,-4197373.0,4.854239463806152,246.9883575439453,0.000575754267629236,181978.1875,0.46784400939941406
60600.0,1,0.0,-4197327.0,5.6169328689575195,297.0649108886719,0.0001442016800865531,182967.875,0.46531346440315247
60600.0,2,0.0,-4197274.5,9.193520545959473,345.8183288574219,0.00013034942094236612,181324.609375,0.46953025460243225
60600.0,3,0.0,-4197216.0,11.519295692443848,404.1767578125,-0.0004254679661244154,182191.171875,0.46729710698127747
60600.0,4,0.0,-4197183.5,8.921609878540039,439.74127197265625,-0.00027943868190050125,181781.515625,0.46835023164749146
60700.0,0,0.0,-4197372.0,4.980245590209961,247.87918090820312,0.00013225816655904055,182102.15625,0.46752551198005676
60700.0,1,0.0,-4197329.5,5.460782051086426,304.75384521484375,0.0006194836460053921,183096.671875,0.4649861752986908
60700.0,2,0.0,-4197286.0,8.843521118164062,352.9240417480469,-0.00015354016795754433,181421.203125,0.4692803621292114
60700.0,3,0.0,-4197224.0,10.865249633789062,408.8970031738281,-5.224242340773344e-05,182271.109375,0.4670921564102173
60700.0,4,0.0,-4197188.0,10.580486297607422,444.6473083496094,-9.964196942746639e-05,181864.734375,0.46813586354255676
60800.0,0,0.0,-4197371.0,4.999824523925781,249.2183380126953,-7.069652201607823e-05,182218.65625,0.46722662448883057
60800.0,1,0.0,-4197328.0,5.975177764892578,303.5810241699219,0.00015768012963235378,183217.484375,0.4646795988082886
60800.0,2,0.0,-4197281.5,9.111742973327637,349.6156005859375,-0.00028385454788804054,181507.859375,0.46905621886253357
60800.0,3,0.0,-4197227.0,10.435303688049316,400.3284606933594,-0.0005897184601053596,182395.328125,0.466774046421051
60800.0,4,0.0,-4197177.5,10.186748504638672,445.05487060546875,-0.00037573708686977625,181963.6875,0.46788138151168823
60900.0,0,0.0,-4197372.0,5.382963180541992,252.17628479003906,-0.00014482287224382162,182315.609375,0.46697819232940674
60900.0,1,0.0,-4197330.0,5.9840192794799805,304.28125,3.4815515391528606e-05,183318.609375,0.46442314982414246
60900.0,2,0.0,-4197277.0,9.847115516662598,346.5673522949219,-0.000568251358345151,181607.640625,0.46879854798316956
60900.0,3,0.0,-4197233.5,10.237529754638672,401.0918273925781,-0.0005477739032357931,182529.921875,0.46642985939979553
60900.0,4,0.0,-4197183.0,11.61856460571289,455.30548095703125,-4.571897443383932e-05,182094.984375,0.46754398941993713
61000.0,0,0.0,-4197371.5,5.178999900817871,252.6175994873047,-0.0001779029262252152,182404.953125,0.4667494297027588
61000.0,1,0.0,-4197328.0,5.497334957122803,299.12237548828125,-0.0005211277166381478,183412.484375,0.4641854465007782
61000.0,2,0.0,-4197273.5,10.150537490844727,351.440185546875,-0.00016208994202315807,181729.828125,0.4684833586215973
61000.0,3,0.0,-4197239.0,9.78918743133545,405.58465576171875,-0.0001848485553637147,182634.28125,0.4661633372306824
61000.0,4,0.0,-4197181.0,9.897873878479004,453.348388671875,1.9535073079168797e-05,182220.875,0.4672209620475769
61100.0,0,0.0,-4197370.5,5.322093486785889,251.54632568359375,5.956407403573394e-05,182510.609375,0.46647921204566956
61100.0,1,0.0,-4197331.5,6.418822288513184,300.99951171875,0.0001630024053156376,183516.671875,0.4639219045639038
61100.0,2,0.0,-4197264.5,13.125205039978027,353.4374084472656,6.662297528237104e-05,181851.0,0.46817123889923096
61100.0,3,0.0,-4197227.5,9.784280776977539,396.7657775878906,0.00030452199280261993,182723.0625,0.4659368395805359
61100.0,4,0.0,-4197184.0,11.969165802001953,459.7142333984375,0.0006523485062643886,182309.46875,0.46699395775794983
61200.0,0,0.0,-4197374.0,5.215402603149414,252.77992248535156,-0.00020867743296548724,182656.328125,0.4661070704460144
61200.0,1,0.0,-4197330.0,6.15328311920166,298.4751892089844,0.0001131633180193603,183640.5,0.4636091887950897
61200.0,2,0.0,-4197268.0,9.103106498718262,358.9061584472656,-2.8211623430252075e-05,181943.578125,0.46793296933174133
61200.0,3,0.0,-4197227.5,9.733240127563477,402.9139404296875,0.00039186514914035797,182818.6875,0.4656931161880493
61200.0,4,0.0,-4197179.5,11.948214530944824,450.5946350097656,0.00016873248387128115,182382.25,0.4668075740337372
61300.0,0,0.0,-4197374.0,4.802584648132324,249.6818084716797,0.0004511450824793428,182789.46875,0.4657675623893738
61300.0,1,0.0,-4197325.5,5.845282554626465,294.5030517578125,-4.851783160120249e-05,183763.859375,0.463297963142395
61300.0,2,0.0,-4197274.5,8.77604866027832,357.3925476074219,0.0003126296796835959,182015.921875,0.4677470326423645
61300.0,3,0.0,-4197218.5,10.528046607971191,397.3511657714844,-0.0001963834511116147,182933.28125,0.46540141105651855
61300.0,4,0.0,-4197185.5,9.871367454528809,452.655517578125,-0.0002649875823408365,182472.390625,0.4665769934654236
61400.0,0,0.0,-4197377.0,5.050813674926758,247.58250427246094,0.00013727869372814894,182862.46875,0.4655816853046417
61400.0,1,0.0,-4197327.5,5.7020263671875,299.80316162109375,0.0004175123176537454,183855.640625,0.46306660771369934
61400.0,2,0.0,-4197278.5,8.272390365600586,352.5818176269531,0.00034948892425745726,182097.15625,0.46753832697868347
61400.0,3,0.0,-4197227.0,10.43078327178955,405.3600769042969,0.0004637489328160882,183054.640625,0.46509286761283875
61400.0,4,0.0,-4197178.5,11.183337211608887,446.77557373046875,8.62680608406663e-05,182609.984375,0.46622535586357117
61500.0,0,0.0,-4197377.5,5.125535488128662,240.5127410888672,0.00015302561223506927,182921.25,0.4654320180416107
61500.0,1,0.0,-4197325.0,6.172279357910156,303.500244140625,-8.478376548737288e-05,183922.90625,0.46289727091789246
61500.0,2,0.0,-4197277.5,10.924501419067383,349.5165710449219,4.326598718762398e-05,182237.453125,0.4671783745288849
61500.0,3,0.0,-4197225.5,9.960773468017578,399.16534423828125,-0.0005354989552870393,183160.390625,0.4648243188858032
61500.0,4,0.0,-4197184.5,11.199728012084961,452.1390380859375,-0.00021258345805108547,182746.78125,0.4658764600753784
61600.0,0,0.0,-4197380.0,4.8787946701049805,239.8944854736328,-0.00012738368241116405,183001.15625,0.4652288258075714
61600.0,1,0.0,-4197325.0,5.512704849243164,312.03460693359375,0.00031518639298155904,183995.375,0.46271494030952454
61600.0,2,0.0,-4197275.0,10.981528282165527,348.73040771484375,-0.00022329413332045078,182389.015625,0.46679016947746277
61600.0,3,0.0,-4197232.0,9.571608543395996,395.4609680175781,3.3079413697123528e-06,183245.359375,0.4646087884902954
61600.0,4,0.0,-4197178.0,11.720847129821777,443.9488220214844,0.00038593518547713757,182837.5,0.4656452536582947
61700.0,0,0.0,-4197376.0,5.242919921875,241.60678100585938,-0.0004326680791564286,183123.28125,0.4649185836315155
61700.0,1,0.0,-4197319.0,5.685612678527832,307.1134338378906,-8.888496086001396e-05,184119.90625,0.4624020457267761
61700.0,2,0.0,-4197279.0,9.413431167602539,355.0627746582031,5.371484439820051e-05,182482.953125,0.46654990315437317
61700.0,3,0.0,-4197232.0,14.05854320526123,390.4658203125,-0.00028480764012783766,183316.5,0.46442848443984985
61700.0,4,0.0,-4197181.0,9.388932228088379,450.9429016113281,-5.6637683883309364e-05,182916.0625,0.46544525027275085
61800.0,0,0.0,-4197375.0,4.79647970199585,248.3938446044922,0.0001542155514471233,183254.96875,0.46458446979522705
61800.0,1,0.0,-4197326.0,6.46382474899292,305.9428405761719,-0.00013776530977338552,184274.578125,0.4620139002799988
61800.0,2,0.0,-4197274.0,9.984122276306152,348.6963195800781,-4.5947497710585594e-05,182562.46875,0.46634671092033386
61800.0,3,0.0,-4197230.0,9.861490249633789,392.2151184082031,0.0001768945949152112,183397.140625,0.46422433853149414
61800.0,4,0.0,-4197179.5,10.308223724365234,448.85882568359375,0.00010869198013097048,183006.203125,0.4652159512042999
61900.0,0,0.0,-4197376.0,5.12335729598999,252.36146545410156,4.899810301139951e-05,183360.734375,0.4643164575099945
61900.0,1,0.0,-4197326.5,5.084860324859619,299.03729248046875,-5.345640238374472e-05,184382.640625,0.4617430567741394
61900.0,2,0.0,-4197278.0,10.289773941040039,352.7264099121094,2.2790860384702682e-05,182656.421875,0.4661068022251129
61900.0,3,0.0,-4197227.0,12.45624828338623,401.8933410644531,0.0002690014662221074,183525.09375,0.4639005959033966
61900.0,4,0.0,-4197183.0,10.373297691345215,448.8705139160156,-0.00032737129367887974,183114.828125,0.46494007110595703
62000.0,0,0.0,-4197373.5,5.223918914794922,251.30555725097656,0.0005264461506158113,183450.484375,0.4640893340110779
62000.0,1,0.0,-4197328.0,6.7287445068359375,297.48455810546875,0.00025446806102991104,184468.640625,0.46152785420417786
62000.0,2,0.0,-4197278.0,8.97454833984375,350.03033447265625,0.0002691532135941088,182774.953125,0.4658045470714569
62000.0,3,0.0,-4197225.0,10.56116771697998,405.0074768066406,0.0002629008376970887,183670.296875,0.4635339379310608
62000.0,4,0.0,-4197186.0,9.20844841003418,451.4917297363281,0.0004111838061362505,183233.9375,0.464637815952301
62100.0,0,0.0,-4197372.0,5.1027445793151855,250.42576599121094,-2.1380954422056675e-05,183546.796875,0.463845819234848
62100.0,1,0.0,-4197330.0,5.298259735107422,299.2008972167969,0.0007303840829990804,184562.34375,0.461293488740921
62100.0,2,0.0,-4197275.5,10.066055297851562,346.8643798828125,-0.0001786333741620183,182898.328125,0.46549034118652344
62100.0,3,0.0,-4197225.0,10.082018852233887,405.9893798828125,-0.00022477400489151478,183769.5625,0.4632835388183594
62100.0,4,0.0,-4197184.0,13.025090217590332,447.45379638671875,-4.2999046854674816e-05,183344.578125,0.4643573760986328
62200.0,0,0.0,-4197371.0,5.164328098297119,249.64566040039062,-3.999407636001706e-05,183664.953125,0.46354737877845764
62200.0,1,0.0,-4197332.5,6.019419193267822,301.99444580078125,-5.985388997942209e-05,184677.46875,0.46100595593452454
62200.0,2,0.0,-4197283.0,7.862176418304443,352.2065734863281,0.00020058779045939445,183000.140625,0.46523135900497437
62200.0,3,0.0,-4197228.5,12.332090377807617,409.7926940917969,-0.0005699285538867116,183844.65625,0.4630943238735199
62200.0,4,0.0,-4197185.5,9.635838508605957,448.22052001953125,0.0002557311672717333,183440.6875,0.46411412954330444
62300.0,0,0.0,-4197373.5,5.2280659675598145,251.81332397460938,2.263503847643733e-05,183794.8125,0.46321985125541687
62300.0,1,0.0,-4197330.5,5.84943151473999,301.4940490722656,0.00016836810391396284,184802.5,0.4606940746307373
62300.0,2,0.0,-4197279.5,9.75223445892334,349.5435485839844,-9.364623110741377e-05,183085.21875,0.465015172958374
62300.0,3,0.0,-4197227.0,11.181292533874512,404.30145263671875,-0.00013733922969549894,183929.171875,0.462881475687027
62300.0,4,0.0,-4197182.0,12.451004981994629,449.20404052734375,-0.00032938329968601465,183532.96875,0.4638807773590088
62400.0,0,0.0,-4197372.0,5.424772262573242,248.77711486816406,-8.668837836012244e-05,183893.234375,0.4629719853401184
62400.0,1,0.0,-4197326.0,6.1922078132629395,298.4778137207031,1.902866642922163e-05,184911.90625,0.46042153239250183
62400.0,2,0.0,-4197281.0,10.941545486450195,356.112548828125,5.4018222726881504e-05,183175.8125,0.4647851884365082
62400.0,3,0.0,-4197226.0,9.207864761352539,402.5205383300781,-0.0002134294481948018,184050.828125,0.4625754654407501
62400.0,4,0.0,-4197176.0,13.259142875671387,446.3529357910156,-0.00029833067674189806,183643.8125,0.4636007845401764
62500.0,0,0.0,-4197375.5,5.516787528991699,250.8026885986328,0.00012918142601847649,183951.1875,0.46282607316970825
62500.0,1,0.0,-4197329.5,6.167214393615723,304.0824890136719,-0.0001039403723552823,185001.75,0.46019792556762695
62500.0,2,0.0,-4197274.5,11.517276763916016,352.95751953125,1.8171733245253563e-05,183316.46875,0.464428573846817
62500.0,3,0.0,-4197226.5,13.080777168273926,403.30126953125,-0.00019815820269286633,184189.203125,0.462228000164032
62500.0,4,0.0,-4197173.0,11.93723201751709,446.282470703125,0.00025853211991488934,183784.59375,0.46324560046195984
62600.0,0,0.0,-4197375.5,5.168916702270508,248.73223876953125,-0.00019628170412033796,183999.5,0.46270453929901123
62600.0,1,0.0,-4197327.0,5.241186141967773,300.99346923828125,2.280226908624172e-06,185088.078125,0.4599831998348236
62600.0,2,0.0,-4197270.0,9.190265655517578,353.8482666015625,-0.0001799961319193244,183472.5625,0.4640333950519562
62600.0,3,0.0,-4197228.5,9.901900291442871,401.4637145996094,0.0006185646052472293,184294.34375,0.46196427941322327
62600.0,4,0.0,-4197176.0,10.0070219039917,456.9468994140625,-3.316369839012623e-05,183903.4375,0.4629462957382202
62700.0,0,0.0,-4197375.0,5.2975382804870605,248.30905151367188,0.0003913963446393609,184075.484375,0.4625135660171509
62700.0,1,0.0,-4197327.0,5.367619514465332,298.15069580078125,7.995753549039364e-06,185209.78125,0.4596809446811676
62700.0,2,0.0,-4197268.5,10.224757194519043,352.1060791015625,-0.0001797255827113986,183560.0,0.4638124108314514
62700.0,3,0.0,-4197228.5,12.819883346557617,397.4830322265625,0.0005201691528782248,184376.40625,0.46175873279571533
62700.0,4,0.0,-4197177.0,12.065324783325195,452.8272705078125,0.0001546309795230627,183977.515625,0.46275994181632996
62800.0,0,0.0,-4197375.5,4.610870838165283,252.01380920410156,0.0002458348753862083,184206.015625,0.4621858596801758
62800.0,1,0.0,-4197330.0,5.965249538421631,295.4473876953125,0.0005352194420993328,185374.890625,0.45927152037620544
62800.0,2,0.0,-4197272.0,15.976439476013184,349.1957092285156,5.699764005839825e-05,183628.46875,0.4636394679546356
62800.0,3,0.0,-4197230.0,10.129721641540527,396.07684326171875,0.0003299523377791047,184463.34375,0.4615410566329956
62800.0,4,0.0,-4197187.0,9.960037231445312,451.89532470703125,-0.0002903194399550557,184042.1875,0.4625973105430603
62900.0,0,0.0,-4197371.0,6.154299736022949,252.8502197265625,-9.030284127220511e-05,184338.21875,0.46185436844825745
62900.0,1,0.0,-4197331.5,5.217304229736328,292.9413146972656,-0.00017958495300263166,185484.296875,0.4590006172657013
62900.0,2,0.0,-4197274.5,10.894853591918945,343.3012390136719,0.0002681001788005233,183713.21875,0.46342554688453674
62900.0,3,0.0,-4197220.0,10.127193450927734,389.12060546875,-0.0006046799244359136,184579.625,0.46125030517578125
62900.0,4,0.0,-4197190.5,9.964431762695312,449.1283874511719,6.719259545207024e-05,184132.125,0.462371289730072
63000.0,0,0.0,-4197369.0,6.268255233764648,253.73780822753906,-0.0003285338752903044,184440.3125,0.4615986943244934
63000.0,1,0.0,-4197332.0,5.491968154907227,293.50579833984375,0.00040947290835902095,185558.09375,0.45881810784339905
63000.0,2,0.0,-4197282.0,9.934986114501953,352.85955810546875,0.0003749700263142586,183831.828125,0.4631265699863434
63000.0,3,0.0,-4197227.5,10.911175727844238,405.04766845703125,-0.00040669809095561504,184713.71875,0.4609154760837555
63000.0,4,0.0,-4197190.5,13.831226348876953,451.64752197265625,-6.590585689991713e-05,184267.484375,0.46203166246414185
63100.0,0,0.0,-4197370.5,5.0202956199646,253.9962921142578,-7.223524153232574e-05,184528.3125,0.4613785445690155
63100.0,1,0.0,-4197333.0,5.2676215171813965,299.89031982421875,2.383696846663952e-05,185638.21875,0.4586200714111328
63100.0,2,0.0,-4197277.0,9.362648010253906,347.009033203125,-0.0002365985419601202,183961.640625,0.4627997875213623
63100.0,3,0.0,-4197216.5,11.500862121582031,404.23028564453125,-0.0001295475522056222,184827.28125,0.4606322944164276
63100.0,4,0.0,-4197183.0,9.291312217712402,446.9063415527344,0.0005247158696874976,184397.453125,0.4617060124874115
63200.0,0,0.0,-4197372.0,4.904933452606201,250.46310424804688,0.00042771996231749654,184625.328125,0.46113619208335876
63200.0,1,0.0,-4197328.0,6.309760570526123,302.8825378417969,-0.0002546653850004077,185752.34375,0.4583382308483124
63200.0,2,0.0,-4197281.0,9.170881271362305,354.3948059082031,-0.00014855340123176575,184067.703125,0.4625331163406372
63200.0,3,0.0,-4197222.5,11.445990562438965,421.351806640625,-0.00011853128671646118,184926.15625,0.4603860080242157
63200.0,4,0.0,-4197181.0,8.740406036376953,453.0178527832031,-0.0005170471267774701,184500.046875,0.4614492952823639
63300.0,0,0.0,-4197371.5,5.210022926330566,244.79360961914062,8.572032675147057e-05,184749.546875,0.4608260691165924
63300.0,1,0.0,-4197325.0,5.916419982910156,302.22296142578125,5.109951598569751e-05,185889.6875,0.45799970626831055
63300.0,2,0.0,-4197264.5,11.006550788879395,342.13287353515625,-4.4700573198497295e-05,184155.890625,0.46231159567832947
63300.0,3,0.0,-4197219.0,9.384309768676758,409.77301025390625,0.0006489343359135091,185028.1875,0.4601321220397949
63300.0,4,0.0,-4197177.5,10.565357208251953,455.80023193359375,-0.00030465121380984783,184595.46875,0.46121078729629517
63400.0,0,0.0,-4197375.0,5.624320030212402,247.7618408203125,0.00031243020202964544,184881.765625,0.4604965150356293
63400.0,1,0.0,-4197330.5,5.779962062835693,306.94195556640625,-4.569394513964653e-05,186004.046875,0.4577180743217468
63400.0,2,0.0,-4197273.0,11.327479362487793,353.4656677246094,-7.441965863108635e-05,184248.40625,0.4620794355869293
63400.0,3,0.0,-4197224.5,12.295808792114258,402.938232421875,4.359695594757795e-05,185137.578125,0.45986026525497437
63400.0,4,0.0,-4197185.0,11.204131126403809,462.3681945800781,0.00020499946549534798,184698.15625,0.46095433831214905
63500.0,0,0.0,-4197374.0,5.363133907318115,247.99705505371094,-7.582549005746841e-05,184979.265625,0.4602537751197815
63500.0,1,0.0,-4197327.5,6.105657577514648,300.1190185546875,0.00040889502270147204,186094.09375,0.4574965834617615
63500.0,2,0.0,-4197269.0,8.892172813415527,351.2403259277344,7.83141003921628e-05,184371.453125,0.4617711007595062
63500.0,3,0.0,-4197227.5,10.584051132202148,405.2303161621094,-7.382023613899946e-05,185252.390625,0.45957520604133606
63500.0,4,0.0,-4197177.0,11.020729064941406,447.0899963378906,-0.00011964805889874697,184814.75,0.4606635272502899
63600.0,0,0.0,-4197376.0,5.246092796325684,252.63966369628906,-0.0002052527852356434,185046.390625,0.460086852312088
63600.0,1,0.0,-4197332.5,6.033541679382324,302.1086730957031,-0.00020316056907176971,186184.34375,0.45727482438087463
63600.0,2,0.0,-4197275.5,9.642014503479004,358.9789123535156,0.00010314700193703175,184521.078125,0.46139663457870483
63600.0,3,0.0,-4197226.0,10.352384567260742,400.7062683105469,3.1566014513373375e-05,185364.265625,0.4592978358268738
63600.0,4,0.0,-4197186.0,10.68259334564209,448.27386474609375,0.0003678170032799244,184932.71875,0.46036970615386963
63700.0,0,0.0,-4197371.0,5.542377948760986,248.8748016357422,0.00027411821065470576,185113.265625,0.45992061495780945
63700.0,1,0.0,-4197330.0,5.636753082275391,297.0690002441406,0.00041658757254481316,186297.15625,0.45699793100357056
63700.0,2,0.0,-4197273.0,9.204789161682129,349.31500244140625,0.0004007801180705428,184617.53125,0.46115559339523315
63700.0,3,0.0,-4197223.0,9.125011444091797,395.8242492675781,-0.0004524055402725935,185466.734375,0.45904412865638733
63700.0,4,0.0,-4197189.5,10.209457397460938,442.7454833984375,-9.870307985693216e-05,185033.78125,0.46011826395988464
63800.0,0,0.0,-4197372.0,5.241952419281006,251.09925842285156,2.8768437914550304e-05,185232.296875,0.4596250653266907
63800.0,1,0.0,-4197332.0,5.43266487121582,298.6175231933594,0.00010923430090770125,186432.359375,0.45666640996932983
63800.0,2,0.0,-4197274.5,9.431100845336914,344.6902160644531,-9.450118523091078e-05,184672.046875,0.46101948618888855
63800.0,3,0.0,-4197222.5,10.681068420410156,392.7727966308594,-0.0005057621747255325,185565.390625,0.4588000178337097
63800.0,4,0.0,-4197191.5,9.968708038330078,438.3919372558594,0.00030453852377831936,185113.09375,0.45992109179496765
63900.0,0,0.0,-4197371.5,5.092563629150391,250.63629150390625,-1.327507197856903e-05,185397.53125,0.4592154622077942
63900.0,1,0.0,-4197334.5,5.3489909172058105,302.6790466308594,-3.849866334348917e-05,186543.328125,0.45639485120773315
63900.0,2,0.0,-4197283.0,11.045087814331055,350.338134765625,3.876420669257641e-05,184729.84375,0.46087518334388733
63900.0,3,0.0,-4197232.5,10.002019882202148,401.28436279296875,-0.00024978769943118095,185674.453125,0.4585305452346802
63900.0,4,0.0,-4197191.5,9.631776809692383,437.465576171875,-0.00021650095004588366,185186.40625,0.45973896980285645
64000.0,0,0.0,-4197371.5,5.177016735076904,248.62806701660156,-0.00025131041184067726,185512.9375,0.45892974734306335
64000.0,1,0.0,-4197332.0,6.154469013214111,303.7848205566406,7.047562394291162e-05,186598.328125,0.4562602937221527
64000.0,2,0.0,-4197269.5,10.434128761291504,339.2176208496094,-0.0006898498395457864,184822.65625,0.4606437385082245
64000.0,3,0.0,-4197230.5,11.770940780639648,399.0145263671875,0.0007484920788556337,185801.078125,0.4582180976867676
64000.0,4,0.0,-4197198.0,12.516610145568848,448.43060302734375,0.0003791055642068386,185289.015625,0.45948439836502075
64100.0,0,0.0,-4197377.5,5.099091529846191,250.036865234375,0.0004236146342009306,185603.234375,0.4587065279483795
64100.0,1,0.0,-4197326.5,7.398561477661133,304.4154357910156,-0.00013772572856396437,186636.25,0.45616766810417175
64100.0,2,0.0,-4197276.0,9.935011863708496,352.7862854003906,-0.000179181806743145,184954.0625,0.4603165090084076
64100.0,3,0.0,-4197227.5,10.340561866760254,398.528564453125,0.00041242188308387995,185922.140625,0.4579196870326996
64100.0,4,0.0,-4197181.5,11.751398086547852,445.5204772949219,-0.0004823587369173765,185441.046875,0.45910778641700745
64200.0,0,0.0,-4197376.0,4.961642265319824,244.1143798828125,0.00033221550984308124,185697.375,0.45847392082214355
64200.0,1,0.0,-4197325.5,6.6561598777771,308.7479553222656,0.00014645507326349616,186686.703125,0.4560442864894867
64200.0,2,0.0,-4197269.5,12.776119232177734,350.2180480957031,8.830102160573006e-06,185077.71875,0.46000897884368896
64200.0,3,0.0,-4197223.5,9.304081916809082,401.2735290527344,0.000127358827739954,186013.625,0.45769447088241577
64200.0,4,0.0,-4197178.5,11.830062866210938,455.1629638671875,-0.0002473321510478854,185565.515625,0.4587997496128082
64300.0,0,0.0,-4197380.5,4.6725335121154785,248.56678771972656,-0.00030965072801336646,185813.03125,0.45818856358528137
64300.0,1,0.0,-4197327.0,5.437324523925781,309.5511779785156,-5.318585317581892e-05,186775.109375,0.45582833886146545
64300.0,2,0.0,-4197272.0,9.561378479003906,359.17974853515625,0.0005434286431409419,185174.984375,0.45976731181144714
64300.0,3,0.0,-4197226.5,11.005711555480957,414.2673645019531,-0.00021413108333945274,186088.5625,0.4575101435184479
64300.0,4,0.0,-4197165.5,9.768827438354492,444.6463317871094,-0.0006634583696722984,185649.015625,0.4585934579372406
64400.0,0,0.0,-4197372.0,6.10032320022583,244.92926025390625,-0.00013100123032927513,185942.15625,0.45787039399147034
64400.0,1,0.0,-4197326.5,6.672817230224609,300.12725830078125,0.00021533702965825796,186898.9375,0.45552653074264526
64400.0,2,0.0,-4197269.5,9.544185638427734,355.0744323730469,0.000322491570841521,185262.53125,0.45955002307891846
64400.0,3,0.0,-4197221.0,11.492330551147461,409.277587890625,-0.00023295730352401733,186178.609375,0.45728886127471924
64400.0,4,0.0,-4197179.0,10.171424865722656,457.4850158691406,0.0002209208905696869,185728.1875,0.45839792490005493
64500.0,0,0.0,-4197371.0,5.072602272033691,250.9307403564453,-7.397343870252371e-05,186052.859375,0.457597941160202
64500.0,1,0.0,-4197331.0,5.824562072753906,297.9251708984375,4.527374403551221e-05,187025.625,0.4552178382873535
64500.0,2,0.0,-4197276.0,9.793974876403809,351.60626220703125,0.0001839802134782076,185364.109375,0.45929819345474243
64500.0,3,0.0,-4197216.0,13.590509414672852,398.3198547363281,-0.000479260110296309,186318.890625,0.45694461464881897
64500.0,4,0.0,-4197177.0,9.457509994506836,450.8841857910156,0.0002813540631905198,185831.0,0.45814424753189087
64600.0,0,0.0,-4197369.5,5.1270294189453125,251.13853454589844,0.00039459444815292954,186136.59375,0.4573920965194702
64600.0,1,0.0,-4197334.0,5.131747722625732,299.16180419921875,-6.2335748225450516e-06,187130.078125,0.4549637734889984
64600.0,2,0.0,-4197274.0,10.782659530639648,344.8108825683594,-0.0004562006797641516,185495.328125,0.45897331833839417
64600.0,3,0.0,-4197229.0,12.587231636047363,400.6272277832031,-0.0001110804732888937,186461.515625,0.4565950632095337
64600.0,4,0.0,-4197183.0,12.448345184326172,448.846923828125,0.0003494671545922756,185962.859375,0.45781946182250977
64700.0,0,0.0,-4197368.5,5.058427810668945,249.30978393554688,1.0765623301267624e-05,186213.40625,0.4572034180164337
64700.0,1,0.0,-4197328.0,6.199913024902344,294.1880798339844,0.0002267631934955716,187219.796875,0.45474573969841003
64700.0,2,0.0,-4197278.5,9.457085609436035,348.8047180175781,-0.0004222375573590398,185625.390625,0.45865169167518616
64700.0,3,0.0,-4197234.5,12.261693000793457,400.62445068359375,-3.2478244975209236e-05,186555.28125,0.45636555552482605
64700.0,4,0.0,-4197188.0,10.727499961853027,449.8100280761719,0.0003395641688257456,186085.28125,0.45751821994781494
64800.0,0,0.0,-4197371.0,5.3824944496154785,249.3374786376953,4.18700510635972e-05,186324.578125,0.45693063735961914
64800.0,1,0.0,-4197330.5,7.053994655609131,299.75494384765625,-4.7569628804922104e-05,187318.203125,0.45450690388679504
64800.0,2,0.0,-4197277.0,8.686928749084473,348.25775146484375,-0.0003744609421119094,185707.15625,0.4584497809410095
64800.0,3,0.0,-4197226.5,12.746051788330078,395.94830322265625,-0.00010799558367580175,186633.625,0.4561740458011627
64800.0,4,0.0,-4197183.5,12.633747100830078,445.4690246582031,0.0005585523322224617,186182.65625,0.45727893710136414
64900.0,0,0.0,-4197374.5,5.773203372955322,250.3634490966797,0.00012055633123964071,186493.4375,0.45651689171791077
64900.0,1,0.0,-4197330.5,5.854163646697998,303.1438293457031,0.00028154015308246017,187446.09375,0.4541967511177063
64900.0,2,0.0,-4197269.0,10.85757827758789,345.52056884765625,-0.0002949984045699239,185760.65625,0.45831775665283203
64900.0,3,0.0,-4197223.5,10.34092903137207,397.46527099609375,0.00041185517329722643,186725.828125,0.45594874024391174
64900.0,4,0.0,-4197186.0,9.951557159423828,451.1094970703125,-0.0003208528505638242,186273.296875,0.45705646276474
65000.0,0,0.0,-4197373.0,5.340787887573242,247.29052734375,0.00018274766625836492,186613.71875,0.45622265338897705
65000.0,1,0.0,-4197328.0,5.240699291229248,303.3929138183594,7.940473733469844e-05,187583.921875,0.45386311411857605
65000.0,2,0.0,-4197276.5,9.629770278930664,355.6872253417969,0.0003018750576302409,185821.53125,0.4581676125526428
65000.0,3,0.0,-4197232.5,9.453356742858887,410.70306396484375,0.000115993432700634,186840.328125,0.4556693136692047
65000.0,4,0.0,-4197175.5,9.582864761352539,445.9620361328125,-0.0005113020306453109,186376.546875,0.4568033516407013
65100.0,0,0.0,-4197375.5,5.142979621887207,250.65733337402344,0.00035024984390474856,186695.65625,0.4560224413871765
65100.0,1,0.0,-4197326.5,5.6517462730407715,302.9518737792969,0.00019403325859457254,187681.9375,0.45362600684165955
65100.0,2,0.0,-4197267.5,11.12314510345459,350.26812744140625,0.00018567056395113468,185929.140625,0.4579024910926819
65100.0,3,0.0,-4197221.5,9.736135482788086,404.2178039550781,-2.134242095053196e-05,186962.40625,0.45537182688713074
65100.0,4,0.0,-4197174.0,9.390860557556152,455.6203918457031,-0.00029244914185255766,186493.53125,0.4565168023109436
65200.0,0,0.0,-4197371.5,5.496619701385498,249.33348083496094,-0.00017798144835978746,186780.984375,0.45581409335136414
65200.0,1,0.0,-4197327.0,5.347799777984619,299.4673767089844,-4.188087768852711e-05,187749.640625,0.4534624218940735
65200.0,2,0.0,-4197275.0,11.316733360290527,357.0700378417969,0.0003761124098673463,186066.953125,0.45756328105926514
65200.0,3,0.0,-4197222.5,10.032657623291016,400.4330139160156,-0.00012348941527307034,187073.46875,0.4551014006137848
65200.0,4,0.0,-4197167.0,11.476810455322266,455.5506591796875,-0.00017760402988642454,186609.234375,0.4562336206436157
65300.0,0,0.0,-4197370.5,5.16169548034668,254.96121215820312,-0.00015851500211283565,186891.21875,0.45554524660110474
65300.0,1,0.0,-4197333.5,6.007824420928955,298.0940856933594,9.504728950560093e-06,187821.421875,0.45328912138938904
65300.0,2,0.0,-4197273.0,8.953709602355957,347.13836669921875,0.00020020094234496355,186182.953125,0.45727819204330444
65300.0,3,0.0,-4197228.0,9.916268348693848,396.0019836425781,4.7097913920879364e-05,187173.8125,0.4548574984073639
65300.0,4,0.0,-4197176.5,15.279067993164062,461.60040283203125,0.0004617904778569937,186718.28125,0.4559672176837921
65400.0,0,0.0,-4197369.0,5.1878180503845215,256.775390625,9.315845090895891e-06,187020.90625,0.45522934198379517
65400.0,1,0.0,-4197334.5,5.867006301879883,293.8297424316406,9.776471415534616e-05,187944.484375,0.45299243927001953
65400.0,2,0.0,-4197278.0,9.476492881774902,344.1184997558594,-0.0005914429202675819,186277.84375,0.4570452570915222
65400.0,3,0.0,-4197231.0,13.613180160522461,392.3341979980469,0.0001636408269405365,187275.65625,0.45461007952690125
65400.0,4,0.0,-4197184.0,12.012517929077148,453.0035400390625,0.0004608124727383256,186822.578125,0.4557127356529236
65500.0,0,0.0,-4197369.5,5.922624111175537,255.14378356933594,0.00046248690341599286,187137.46875,0.45494580268859863
65500.0,1,0.0,-4197334.5,6.077111721038818,294.8027648925781,-8.04743031039834e-05,188103.265625,0.45260992646217346
65500.0,2,0.0,-4197275.0,8.884986877441406,341.4875183105469,-0.0001287034247070551,186371.4375,0.4568157494068146
65500.0,3,0.0,-4197227.5,11.627223014831543,391.1767578125,-0.000394078204408288,187393.125,0.4543251395225525
65500.0,4,0.0,-4197182.5,13.081592559814453,443.49578857421875,0.0001993743935599923,186928.34375,0.4554547667503357
65600.0,0,0.0,-4197374.0,4.658254623413086,253.25802612304688,-7.239653496071696e-05,187230.859375,0.4547188878059387
65600.0,1,0.0,-4197330.0,5.769463539123535,295.0592956542969,0.00039953383384272456,188222.359375,0.4523235559463501
65600.0,2,0.0,-4197279.0,11.133625984191895,348.69122314453125,-0.0001494081225246191,186483.609375,0.4565409719944
65600.0,3,0.0,-4197225.5,9.592958450317383,395.9762878417969,8.358713239431381e-05,187529.828125,0.4539939761161804
65600.0,4,0.0,-4197191.5,9.936883926391602,451.8542175292969,0.00032238068524748087,187041.890625,0.4551783502101898
65700.0,0,0.0,-4197372.0,4.722559452056885,246.68063354492188,-0.00017364288214594126,187318.890625,0.45450517535209656
65700.0,1,0.0,-4197333.0,5.450970649719238,303.1918029785156,0.00011458725202828646,188320.515625,0.45208778977394104
65700.0,2,0.0,-4197274.0,10.152052879333496,352.97796630859375,0.0003842510050162673,186615.53125,0.4562181830406189
65700.0,3,0.0,-4197229.0,9.51649284362793,406.60845947265625,0.00020501064136624336,187645.9375,0.4537130296230316
65700.0,4,0.0,-4197182.5,10.017374992370605,448.73822021484375,-0.00010689301416277885,187159.46875,0.4548923671245575
65800.0,0,0.0,-4197375.0,5.225521087646484,249.14675903320312,0.00015980977332219481,187436.359375,0.45422032475471497
65800.0,1,0.0,-4197326.5,6.321702480316162,298.711181640625,-5.7692406699061394e-05,188420.75,0.4518474340438843
65800.0,2,0.0,-4197274.0,9.913793563842773,356.047607421875,4.4803833588957787e-05,186730.28125,0.45593786239624023
65800.0,3,0.0,-4197223.0,10.29720401763916,402.0467529296875,9.289826266467571e-06,187722.515625,0.4535279870033264
65800.0,4,0.0,-4197176.0,11.341401100158691,449.7810974121094,-0.00024267169646918774,187267.765625,0.4546293318271637
65900.0,0,0.0,-4197374.0,4.7290544509887695,248.92555236816406,-9.040324948728085e-05,187609.4375,0.4538012444972992
65900.0,1,0.0,-4197327.5,6.053390979766846,301.3318176269531,-6.41124788671732e-05,188535.75,0.45157182216644287
65900.0,2,0.0,-4197270.5,9.259925842285156,350.9578857421875,0.00016984972171485424,186809.796875,0.45574378967285156
65900.0,3,0.0,-4197227.0,9.470406532287598,406.6061706542969,0.0002207515062764287,187790.28125,0.4533642828464508
65900.0,4,0.0,-4197176.5,10.21383285522461,454.0452880859375,-6.7481305450201035e-06,187360.34375,0.45440474152565
66000.0,0,0.0,-4197372.5,5.1186652183532715,250.09652709960938,0.0003375154919922352,187726.53125,0.453518271446228
66000.0,1,0.0,-4197326.0,5.663475036621094,298.98748779296875,0.0003418882843106985,188661.21875,0.4512713551521301
66000.0,2,0.0,-4197272.0,11.944907188415527,352.7265625,0.0002616629935801029,186875.96875,0.4555823802947998
66000.0,3,0.0,-4197222.5,8.531147003173828,398.7876281738281,-0.00030428299214690924,187885.703125,0.45313405990600586
66000.0,4,0.0,-4197170.5,11.4581880569458,446.7752685546875,0.0001485263928771019,187450.140625,0.45418697595596313
66100.0,0,0.0,-4197372.5,5.375434398651123,252.3594970703125,-1.2445962056517601e-05,187796.421875,0.4533494710922241
66100.0,1,0.0,-4197330.0,5.3864030838012695,301.62115478515625,5.02017792314291e-06,188774.296875,0.45100095868110657
66100.0,2,0.0,-4197271.0,10.851499557495117,348.1382751464844,-0.00033037515822798014,186967.015625,0.4553605616092682
66100.0,3,0.0,-4197222.5,9.749354362487793,398.17681884765625,-0.0003408292541280389,188028.84375,0.4527891278266907
66100.0,4,0.0,-4197175.0,10.17209243774414,447.79248046875,-0.00020529294852167368,187562.40625,0.4539150893688202
66200.0,0,0.0,-4197369.5,5.455400466918945,251.06747436523438,-0.00018306419951841235,187871.328125,0.45316874980926514
66200.0,1,0.0,-4197330.5,5.216676235198975,297.6087951660156,-9.017297998070717e-06,188865.703125,0.45078277587890625
66200.0,2,0.0,-4197271.0,9.207405090332031,344.3863220214844,-0.00041568861342966557,187125.15625,0.4549757242202759
66200.0,3,0.0,-4197227.5,11.649356842041016,405.5808410644531,-0.0003733723424375057,188161.15625,0.45247071981430054
66200.0,4,0.0,-4197186.0,9.935195922851562,448.34185791015625,0.00014016823843121529,187705.625,0.4535687565803528
66300.0,0,0.0,-4197371.0,5.547455787658691,252.4042510986328,0.0001322320895269513,187977.703125,0.45291227102279663
66300.0,1,0.0,-4197330.5,5.263576984405518,293.718505859375,0.00026986916782334447,188948.546875,0.45058512687683105
66300.0,2,0.0,-4197270.0,13.999927520751953,345.0035095214844,-0.00017792615108191967,187262.78125,0.4546414017677307
66300.0,3,0.0,-4197230.0,10.76455307006836,404.8810729980469,0.00026277685537934303,188256.5,0.45224159955978394
66300.0,4,0.0,-4197187.5,9.5689058303833,447.4986267089844,0.0005665993667207658,187825.234375,0.4532800018787384
66400.0,0,0.0,-4197371.5,4.835892677307129,251.2433624267578,0.00028868287336081266,188113.09375,0.45258629322052
66400.0,1,0.0,-4197330.5,6.033909797668457,291.395263671875,-8.331815479323268e-05,189057.359375,0.4503258764743805
66400.0,2,0.0,-4197274.0,9.359419822692871,351.478271484375,0.0001390428515151143,187357.34375,0.4544118642807007
66400.0,3,0.0,-4197223.5,11.275443077087402,398.26849365234375,0.0006694712210446596,188342.796875,0.4520343542098999
66400.0,4,0.0,-4197188.0,10.961858749389648,449.83892822265625,-0.00013747857883572578,187906.0625,0.4530850052833557
66500.0,0,0.0,-4197372.0,5.3678460121154785,246.4783935546875,0.0002909551840275526,188234.53125,0.4522942900657654
66500.0,1,0.0,-4197334.5,5.280220031738281,299.49078369140625,0.0001876981696113944,189215.9375,0.44994840025901794
66500.0,2,0.0,-4197278.5,8.526859283447266,357.4269714355469,0.0005611110245808959,187446.75,0.45419517159461975
66500.0,3,0.0,-4197228.5,10.843877792358398,400.962158203125,-9.996758308261633e-05,188445.109375,0.45178887248039246
66500.0,4,0.0,-4197185.5,13.038450241088867,450.3162841796875,0.00024663377553224564,187980.515625,0.452905535697937
66600.0,0,0.0,-4197373.5,5.363454818725586,243.9054718017578,-0.0002244702773168683,188329.25,0.4520668387413025
66600.0,1,0.0,-4197326.0,5.210333824157715,300.29833984375,8.731381967663765e-05,189344.40625,0.4496431052684784
66600.0,2,0.0,-4197267.0,11.593615531921387,346.96722412109375,-0.00030877639073878527,187552.3125,0.4539395272731781
66600.0,3,0.0,-4197228.5,9.013916015625,399.0288391113281,0.00021637068130075932,188570.40625,0.4514887034893036
66600.0,4,0.0,-4197186.5,15.982590675354004,454.8748779296875,3.7419493310153484e-05,188083.40625,0.4526577591896057
66700.0,0,0.0,-4197376.0,5.641883850097656,246.4761962890625,1.5356286894530058e-05,188418.21875,0.45185336470603943
66700.0,1,0.0,-4197330.0,6.071257591247559,309.68798828125,-4.766439087688923e-05,189426.203125,0.44944894313812256
66700.0,2,0.0,-4197275.5,12.086899757385254,355.1349182128906,0.0001529911532998085,187678.171875,0.4536350965499878
66700.0,3,0.0,-4197227.5,10.128363609313965,400.89825439453125,3.9593433029949665e-05,188694.71875,0.4511912167072296
66700.0,4,0.0,-4197179.5,12.58790397644043,453.56939697265625,-4.548043943941593e-05,188231.40625,0.45230188965797424
66800.0,0,0.0,-4197373.5,5.196683406829834,248.0888214111328,0.0002062996500171721,188528.953125,0.451587975025177
66800.0,1,0.0,-4197328.5,6.865090370178223,307.26416015625,6.208906415849924e-05,189503.859375,0.4492647647857666
66800.0,2,0.0,-4197269.5,11.243614196777344,347.65362548828125,-0.00022884225472807884,187798.875,0.45334354043006897
66800.0,3,0.0,-4197219.5,11.137368202209473,399.8380126953125,0.00012886477634310722,188800.921875,0.450937420129776
66800.0,4,0.0,-4197172.0,10.228257179260254,444.24090576171875,7.439532782882452e-05,188360.234375,0.4519924521446228
66900.0,0,0.0,-4197372.0,5.323550224304199,253.06784057617188,0.00021700875367969275,188680.4375,0.4512253999710083
66900.0,1,0.0,-4197327.5,5.461014747619629,301.75048828125,0.00039306923281401396,189605.53125,0.4490238428115845
66900.0,2,0.0,-4197277.0,11.022839546203613,350.6958312988281,0.00014553300570696592,187894.84375,0.4531119763851166
66900.0,3,0.0,-4197216.5,11.17818832397461,406.6141052246094,-0.0007900475757196546,188899.96875,0.4507009983062744
66900.0,4,0.0,-4197171.5,13.524392127990723,445.2677307128906,-0.00027814728673547506,188456.703125,0.4517610967159271
67000.0,0,0.0,-4197369.0,4.911712169647217,252.06663513183594,-0.00029239244759082794,188806.265625,0.45092469453811646
67000.0,1,0.0,-4197328.0,5.915731430053711,297.3761291503906,0.00015212787548080087,189734.609375,0.4487183690071106
67000.0,2,0.0,-4197273.5,10.101104736328125,344.9515380859375,-0.0005520944250747561,187975.078125,0.4529185891151428
67000.0,3,0.0,-4197221.0,10.755515098571777,413.19061279296875,-0.0008722870843484998,189004.671875,0.4504513740539551
67000.0,4,0.0,-4197172.5,11.182185173034668,446.3174133300781,-4.434725269675255e-06,188551.234375,0.451534628868103
67100.0,0,0.0,-4197371.5,4.790493488311768,253.49781799316406,-0.00023190403589978814,188870.9375,0.45077037811279297
67100.0,1,0.0,-4197328.0,5.476481914520264,294.4643249511719,-0.0002651943941600621,189860.046875,0.4484219253063202
67100.0,2,0.0,-4197281.5,10.081254005432129,351.07061767578125,-5.456083454191685e-05,188067.390625,0.4526962637901306
67100.0,3,0.0,-4197219.5,10.71976375579834,405.77117919921875,0.0006339426035992801,189115.890625,0.45018643140792847
67100.0,4,0.0,-4197179.0,11.088539123535156,451.62493896484375,-0.00012323830742388964,188658.03125,0.45127904415130615
67200.0,0,0.0,-4197370.0,5.200872421264648,249.06051635742188,0.00030934857204556465,188924.984375,0.45064133405685425
67200.0,1,0.0,-4197334.0,6.637855529785156,300.9277648925781,7.986428681761026e-05,189966.515625,0.44817060232162476
67200.0,2,0.0,-4197274.0,9.867294311523438,339.6632385253906,-2.0505394786596298e-05,188219.21875,0.452331006526947
67200.0,3,0.0,-4197222.0,11.762295722961426,398.88006591796875,0.0005028635496273637,189229.140625,0.4499169886112213
67200.0,4,0.0,-4197179.0,11.777963638305664,449.96148681640625,-0.00015725078992545605,188777.515625,0.4509933888912201
67300.0,0,0.0,-4197372.5,4.811859607696533,249.3329620361328,0.00014529662439599633,189002.578125,0.45045629143714905
67300.0,1,0.0,-4197330.5,5.69657039642334,299.5876770019531,0.00025187479332089424,190066.78125,0.4479341208934784
67300.0,2,0.0,-4197275.5,9.383293151855469,344.451171875,0.00028895080322399735,188367.171875,0.45197582244873047
67300.0,3,0.0,-4197232.5,9.947245597839355,402.98760986328125,0.0005751000717282295,189340.53125,0.4496523141860962
67300.0,4,0.0,-4197180.5,11.939952850341797,450.5489807128906,0.0001477644545957446,188895.5625,0.45071151852607727
67400.0,0,0.0,-4197372.0,5.985789775848389,247.28463745117188,5.746434908360243e-06,189121.03125,0.45017409324645996
67400.0,1,0.0,-4197327.5,6.75091028213501,301.43511962890625,0.00015156297013163567,190174.40625,0.44768068194389343
67400.0,2,0.0,-4197275.0,9.398018836975098,349.3334045410156,0.0003025518381036818,188456.078125,0.4517625868320465
67400.0,3,0.0,-4197229.0,11.920687675476074,399.6538391113281,-0.00023146881721913815,189449.578125,0.44939348101615906
67400.0,4,0.0,-4197188.5,12.314326286315918,455.9759521484375,0.0003148383693769574,188999.8125,0.4504629671573639
67500.0,0,0.0,-4197375.0,5.601822376251221,249.9420623779297,-0.0001944488612934947,189254.328125,0.44985708594322205
67500.0,1,0.0,-4197326.5,5.696435451507568,307.55767822265625,-3.132154233753681e-05,190294.546875,0.4473980665206909
67500.0,2,0.0,-4197274.5,9.561484336853027,355.9979248046875,-0.0004313042154535651,188533.328125,0.4515775144100189
67500.0,3,0.0,-4197222.0,9.943618774414062,394.2844543457031,-9.900343138724566e-05,189558.921875,0.44913429021835327
67500.0,4,0.0,-4197182.5,15.340570449829102,446.045654296875,0.00019036605954170227,189094.75,0.45023682713508606
67600.0,0,0.0,-4197375.5,4.936090469360352,251.32888793945312,0.00012155645526945591,189366.953125,0.44958963990211487
67600.0,1,0.0,-4197320.5,6.748938083648682,305.9374084472656,0.00029717059805989265,190414.875,0.44711530208587646
67600.0,2,0.0,-4197268.5,8.804825782775879,355.68133544921875,-1.924368552863598e-05,188629.546875,0.4513470530509949
67600.0,3,0.0,-4197223.5,11.906209945678711,396.41278076171875,-0.0002292889403179288,189671.34375,0.4488680362701416
67600.0,4,0.0,-4197178.5,12.702033042907715,445.6612548828125,0.00012410408817231655,189198.296875,0.449990451335907
67700.0,0,0.0,-4197371.5,5.325085163116455,248.580322265625,0.00013251544442027807,189461.40625,0.44936543703079224
67700.0,1,0.0,-4197323.0,5.358879089355469,306.43951416015625,-4.072848241776228e-05,190518.3125,0.44687265157699585
67700.0,2,0.0,-4197273.0,12.041847229003906,360.6602783203125,0.0002439894014969468,188756.296875,0.45104411244392395
67700.0,3,0.0,-4197218.5,9.203798294067383,395.7254333496094,-0.0003676770720630884,189787.265625,0.4485938847064972
67700.0,4,0.0,-4197180.5,12.887195587158203,449.64630126953125,-0.00011943082790821791,189335.953125,0.4496632516384125
67800.0,0,0.0,-4197372.0,5.103667736053467,252.91506958007812,4.2302533984184265e-05,189558.203125,0.44913604855537415
67800.0,1,0.0,-4197325.5,5.277968883514404,296.8386535644531,-1.7794081941246986e-05,190591.953125,0.4466998875141144
67800.0,2,0.0,-4197269.0,10.72292423248291,350.8744201660156,-0.0001666896278038621,188884.59375,0.4507376551628113
67800.0,3,0.0,-4197227.5,10.76492691040039,406.7806396484375,-0.0002462525153532624,189899.78125,0.44832807779312134
67800.0,4,0.0,-4197174.5,11.483046531677246,449.23931884765625,0.00016700325068086386,189477.265625,0.44932788610458374
67900.0,0,0.0,-4197367.5,4.851114749908447,254.26535034179688,0.00025462533812969923,189679.65625,0.4488483667373657
67900.0,1,0.0,-4197330.5,6.071472644805908,296.0860595703125,0.0002393979229964316,190645.0625,0.44657549262046814
67900.0,2,0.0,-4197273.0,8.553975105285645,349.8551940917969,9.267637506127357e-05,188987.90625,0.4504912793636322
67900.0,3,0.0,-4197233.0,9.701096534729004,410.65850830078125,0.0001632777275517583,190005.1875,0.448079377412796
67900.0,4,0.0,-4197178.0,11.047859191894531,455.06011962890625,-0.00025367981288582087,189568.96875,0.4491105079650879
68000.0,0,0.0,-4197366.5,5.159110069274902,258.4319152832031,-0.00013719737762585282,189823.09375,0.44850924611091614
68000.0,1,0.0,-4197333.5,6.281306266784668,298.8110656738281,-0.000223402283154428,190708.75,0.4464263319969177
68000.0,2,0.0,-4197273.5,9.534784317016602,346.35235595703125,-1.753226388245821e-05,189077.28125,0.45027831196784973
68000.0,3,0.0,-4197226.0,13.081724166870117,405.3922424316406,0.0006282619433477521,190108.34375,0.4478362500667572
68000.0,4,0.0,-4197175.5,10.590946197509766,450.5264892578125,0.000351437134668231,189638.375,0.448946088552475
68100.0,0,0.0,-4197366.0,5.277786731719971,255.81785583496094,1.596368383616209e-05,189931.15625,0.4482540190219879
68100.0,1,0.0,-4197331.0,5.5982666015625,299.0489196777344,-7.194420322775841e-05,190825.0,0.4461544156074524
68100.0,2,0.0,-4197272.0,9.320662498474121,343.9309387207031,0.00018495507538318634,189178.40625,0.4500376880168915
68100.0,3,0.0,-4197231.5,9.828285217285156,403.3174133300781,-1.9608065485954285e-05,190220.625,0.44757193326950073
68100.0,4,0.0,-4197181.5,15.073709487915039,451.3396911621094,0.00022129272110760212,189721.296875,0.4487498700618744
68200.0,0,0.0,-4197373.5,6.431692600250244,255.11697387695312,9.23466868698597e-05,189995.484375,0.44810226559638977
68200.0,1,0.0,-4197330.5,5.425876140594482,303.0510559082031,0.00019997655181214213,190977.15625,0.4457990527153015
68200.0,2,0.0,-4197276.0,8.904702186584473,350.42315673828125,0.0001316542038694024,189325.203125,0.44968870282173157
68200.0,3,0.0,-4197232.0,12.419639587402344,399.0017395019531,-6.615917664021254e-05,190345.515625,0.44727823138237
68200.0,4,0.0,-4197181.5,9.204121589660645,448.8888854980469,0.00046678585931658745,189848.015625,0.4484504163265228
68300.0,0,0.0,-4197374.0,4.943982124328613,250.7261505126953,-6.127450615167618e-05,190054.3125,0.4479635953903198
68300.0,1,0.0,-4197325.0,5.761483192443848,301.16094970703125,0.00028098392067477107,191093.875,0.445526659488678
68300.0,2,0.0,-4197276.0,9.77430248260498,356.1558837890625,0.00044540991075336933,189484.78125,0.4493100345134735
68300.0,3,0.0,-4197228.0,11.166090965270996,393.92852783203125,-0.0003999648615717888,190465.765625,0.4469958543777466
68300.0,4,0.0,-4197176.0,10.641400337219238,437.201904296875,-0.0006568371318280697,189989.109375,0.44811728596687317
68400.0,0,0.0,-4197375.0,4.7512969970703125,250.24667358398438,-0.00026494095800444484,190146.28125,0.4477469027042389
68400.0,1,0.0,-4197327.5,6.532789707183838,305.0384826660156,-0.00020170409698039293,191179.921875,0.4453260898590088
68400.0,2,0.0,-4197262.0,9.795315742492676,341.83160400390625,-0.0006123341154307127,189565.828125,0.4491178095340729
68400.0,3,0.0,-4197225.0,9.84176254272461,393.8475341796875,-0.0002512832870706916,190564.734375,0.4467637836933136
68400.0,4,0.0,-4197182.0,9.634145736694336,442.920166015625,-0.00016087433323264122,190101.28125,0.44785287976264954
68500.0,0,0.0,-4197374.0,4.699709892272949,248.50636291503906,5.716225132346153e-05,190285.1875,0.44742003083229065
68500.0,1,0.0,-4197324.0,6.380398750305176,298.5245666503906,5.6264514569193125e-05,191267.140625,0.44512301683425903
68500.0,2,0.0,-4197273.0,9.668931007385254,352.87982177734375,-0.0001980444649234414,189625.734375,0.4489760100841522
68500.0,3,0.0,-4197225.0,11.617890357971191,402.08660888671875,0.00027156586293131113,190651.546875,0.446560263633728
68500.0,4,0.0,-4197181.5,11.17586612701416,447.52734375,0.0001868787221610546,190199.0,0.4476228654384613
68600.0,0,0.0,-4197371.5,6.48931884765625,246.98971557617188,0.00046081023174338043,190416.015625,0.44711270928382874
68600.0,1,0.0,-4197328.0,5.801720142364502,296.6465148925781,0.0002367899869568646,191384.234375,0.4448506236076355
68600.0,2,0.0,-4197275.0,10.023331642150879,346.8704528808594,0.0002013711491599679,189703.140625,0.44879281520843506
68600.0,3,0.0,-4197219.5,10.300298690795898,403.0714111328125,0.0001587101723998785,190753.296875,0.44632208347320557
68600.0,4,0.0,-4197171.5,11.755280494689941,444.2513732910156,0.0002543823793530464,190301.296875,0.44738221168518066
68700.0,0,0.0,-4197373.5,5.480893135070801,252.0574951171875,8.722825441509485e-06,190520.640625,0.4468671381473541
68700.0,1,0.0,-4197330.5,5.409601211547852,294.3503112792969,-8.363067172467709e-05,191528.953125,0.44451454281806946
68700.0,2,0.0,-4197277.5,9.57276439666748,341.5707092285156,-1.2124073691666126e-05,189824.734375,0.44850534200668335
68700.0,3,0.0,-4197219.0,10.643322944641113,408.410400390625,-0.0001473529264330864,190896.765625,0.44598668813705444
68700.0,4,0.0,-4197173.5,11.837259292602539,457.27838134765625,0.0002854608464986086,190416.828125,0.4471108019351959
68800.0,0,0.0,-4197368.5,5.386325359344482,249.94960021972656,-0.00018408644245937467,190616.46875,0.4466424584388733
68800.0,1,0.0,-4197331.0,5.374222278594971,294.5520935058594,0.0001472985022701323,191647.515625,0.4442395567893982
68800.0,2,0.0,-4197279.0,11.323616981506348,341.2370910644531,-0.0002080120611935854,189964.859375,0.44817444682121277
68800.0,3,0.0,-4197220.0,10.170494079589844,404.50030517578125,0.00010808883234858513,191036.84375,0.4456596076488495
68800.0,4,0.0,-4197165.0,10.006685256958008,455.16632080078125,5.1147304475307465e-05,190538.09375,0.4468262493610382
68900.0,0,0.0,-4197369.5,5.076502323150635,253.53883361816406,-0.00019868137314915657,190722.8125,0.4463934004306793
68900.0,1,0.0,-4197332.0,5.322453498840332,300.3006286621094,-7.99772678874433e-05,191730.765625,0.44404664635658264
68900.0,2,0.0,-4197275.5,11.09951400756836,345.6560974121094,0.00015268672723323107,190076.046875,0.4479123055934906
68900.0,3,0.0,-4197227.0,11.630322456359863,394.9803161621094,0.0004223180585540831,191124.90625,0.44545426964759827
68900.0,4,0.0,-4197178.5,10.42379379272461,462.3079833984375,0.00014382589142769575,190649.421875,0.44656533002853394
69000.0,0,0.0,-4197368.5,5.3611979484558105,251.97706604003906,0.00014519417891278863,190850.859375,0.44609391689300537
69000.0,1,0.0,-4197328.0,5.338780403137207,305.13470458984375,-0.00020768051035702229,191807.65625,0.44386860728263855
69000.0,2,0.0,-4197275.0,11.707456588745117,352.13214111328125,0.0004505984834395349,190164.734375,0.44770345091819763
69000.0,3,0.0,-4197227.0,9.927600860595703,391.86138916015625,-0.00035273225512355566,191194.25,0.44529274106025696
69000.0,4,0.0,-4197173.0,9.36461353302002,445.1137390136719,-0.00014127022586762905,190747.9375,0.44633468985557556
69100.0,0,0.0,-4197372.5,5.490975379943848,252.01905822753906,0.00011714402353391051,190979.625,0.44579315185546875
69100.0,1,0.0,-4197327.0,5.502772808074951,307.873779296875,0.0001110376906581223,191928.875,0.44358834624290466
69100.0,2,0.0,-4197273.5,9.782068252563477,352.8439025878906,4.291220102459192e-05,190257.296875,0.44748568534851074
69100.0,3,0.0,-4197223.5,10.112567901611328,389.56524658203125,-0.0002384021645411849,191281.25,0.4450901746749878
69100.0,4,0.0,-4197186.5,10.138890266418457,454.8150329589844,0.0002904856810346246,190843.328125,0.4461115598678589
69200.0,0,0.0,-4197372.0,5.084254264831543,244.7218780517578,-4.2521744035184383e-05,191074.84375,0.4455709755420685
69200.0,1,0.0,-4197323.5,5.517838001251221,302.8638000488281,0.0003674362087622285,192120.71875,0.44314539432525635
69200.0,2,0.0,-4197271.5,8.698166847229004,354.6102600097656,-0.0001452623400837183,190378.703125,0.4472002685070038
69200.0,3,0.0,-4197221.5,11.844047546386719,392.3710632324219,0.00034487148514017463,191408.078125,0.44479525089263916
69200.0,4,0.0,-4197179.5,8.615690231323242,445.42095947265625,-0.0004327216884121299,190964.84375,0.4458276927471161
69300.0,0,0.0,-4197376.5,4.81769323348999,246.438232421875,0.00019362702732905746,191142.265625,0.44541382789611816
69300.0,1,0.0,-4197324.5,5.7659783363342285,300.0872497558594,0.0003572645946405828,192240.640625,0.4428689777851105
69300.0,2,0.0,-4197275.5,8.855998992919922,355.4200134277344,-9.796780068427324e-05,190523.125,0.44686123728752136
69300.0,3,0.0,-4197223.5,10.780559539794922,407.4035949707031,-0.00010364956688135862,191542.90625,0.4444821774959564
69300.0,4,0.0,-4197177.0,10.516766548156738,446.25048828125,-0.0003423715243116021,191115.859375,0.44547539949417114
69400.0,0,0.0,-4197374.0,5.036153793334961,245.60353088378906,0.00026378018083050847,191211.625,0.4452522397041321
69400.0,1,0.0,-4197326.0,5.057345867156982,297.9122009277344,-0.00027734285686165094,192329.140625,0.44266512989997864
69400.0,2,0.0,-4197276.0,9.215289115905762,352.7527770996094,-0.00038885127287358046,190628.75,0.4466136693954468
69400.0,3,0.0,-4197219.5,12.53687572479248,404.5220031738281,-0.0001808662200346589,191657.640625,0.4442160725593567
69400.0,4,0.0,-4197175.0,10.67246150970459,447.57257080078125,0.00018767581786960363,191231.328125,0.4452064037322998
69500.0,0,0.0,-4197372.0,5.023463249206543,247.2216339111328,9.06351488083601e-05,191332.96875,0.44496986269950867
69500.0,1,0.0,-4197328.5,5.285314083099365,296.8311462402344,0.00026802043430507183,192426.875,0.442440390586853
69500.0,2,0.0,-4197275.0,10.666536331176758,350.67669677734375,0.0004650625050999224,190687.84375,0.4464752972126007
69500.0,3,0.0,-4197223.5,10.450592041015625,403.5374755859375,0.00022364058531820774,191759.53125,0.44398000836372375
69500.0,4,0.0,-4197182.5,10.827789306640625,456.27960205078125,6.842880975455046e-05,191310.875,0.44502130150794983
69600.0,0,0.0,-4197369.0,4.752450942993164,247.33250427246094,-0.0002503886935301125,191495.859375,0.44459137320518494
69600.0,1,0.0,-4197330.0,5.787492752075195,296.907470703125,0.00018382322741672397,192550.390625,0.44215646386146545
69600.0,2,0.0,-4197278.5,10.178321838378906,352.9037780761719,-0.00010174547787755728,190739.28125,0.44635483622550964
69600.0,3,0.0,-4197230.0,10.707002639770508,403.4285888671875,0.00014541775453835726,191864.109375,0.44373810291290283
69600.0,4,0.0,-4197177.5,10.695919036865234,450.7597351074219,0.00018363608978688717,191390.078125,0.44483712315559387
69700.0,0,0.0,-4197369.5,5.545711994171143,249.27516174316406,-9.753403719514608e-05,191613.546875,0.4443182647228241
69700.0,1,0.0,-4197331.5,6.310627460479736,298.5224304199219,-0.00016774877440184355,192685.421875,0.44184666872024536
69700.0,2,0.0,-4197277.0,9.751708030700684,350.908935546875,0.00015018752310425043,190817.9375,0.4461708664894104
69700.0,3,0.0,-4197231.0,10.640995979309082,398.5379943847656,-0.0006027624476701021,191981.34375,0.44346708059310913
69700.0,4,0.0,-4197179.5,10.922098159790039,449.873291015625,0.0001957886852324009,191502.71875,0.4445755183696747
69800.0,0,0.0,-4197368.0,6.248828411102295,248.2710418701172,0.0001439198385924101,191704.6875,0.4441071152687073
69800.0,1,0.0,-4197329.5,5.0131025314331055,299.4632873535156,5.2835093811154366e-05,192797.3125,0.44159021973609924
69800.0,2,0.0,-4197275.5,15.576387405395508,352.072998046875,-0.00021477672271430492,190940.84375,0.4458836317062378
69800.0,3,0.0,-4197226.5,10.761833190917969,393.872314453125,1.6953330487012863e-05,192107.390625,0.44317612051963806
69800.0,4,0.0,-4197182.5,12.40455436706543,445.6125793457031,1.2424192391335964e-05,191649.625,0.444234699010849
69900.0,0,0.0,-4197372.0,4.898506164550781,252.18731689453125,0.0002656590659171343,191800.125,0.44388607144355774
69900.0,1,0.0,-4197324.0,5.617334365844727,299.88525390625,-1.685437746345997e-05,192886.84375,0.4413852393627167
69900.0,2,0.0,-4197278.0,11.515093803405762,357.7656555175781,0.0004269556957297027,191069.171875,0.445584237575531
69900.0,3,0.0,-4197220.5,10.940203666687012,394.6376953125,1.0612769983708858e-05,192220.96875,0.44291433691978455
69900.0,4,0.0,-4197186.5,8.863370895385742,445.2379150390625,-0.00047280604485422373,191771.6875,0.44395193457603455
70000.0,0,0.0,-4197371.5,4.999941349029541,250.51080322265625,0.00025708164321258664,191918.359375,0.44361260533332825
70000.0,1,0.0,-4197324.5,5.382692337036133,306.36639404296875,0.00014956726226955652,192978.09375,0.44117653369903564
70000.0,2,0.0,-4197277.5,11.543025970458984,356.4116516113281,-0.00010648660827428102,191178.46875,0.4453294277191162
70000.0,3,0.0,-4197224.5,13.50571346282959,400.5426940917969,0.0003205905668437481,192307.4375,0.4427151083946228
70000.0,4,0.0,-4197189.0,8.721172332763672,447.5590515136719,-0.0001265277387574315,191862.34375,0.44374218583106995
70100.0,0,0.0,-4197371.5,4.92997407913208,248.0814971923828,0.00018783408449962735,192050.671875,0.44330698251724243
70100.0,1,0.0,-4197320.0,5.746133804321289,302.2151184082031,0.00013438431778922677,193104.40625,0.4408879578113556
70100.0,2,0.0,-4197273.0,8.782706260681152,351.8833923339844,-0.0006464089965447783,191274.46875,0.44510596990585327
70100.0,3,0.0,-4197225.5,9.904380798339844,401.90362548828125,-0.00032646534964442253,192380.625,0.44254666566848755
70100.0,4,0.0,-4197176.5,10.046013832092285,439.34149169921875,-0.0002371815498918295,191951.3125,0.4435364902019501
70200.0,0,0.0,-4197374.5,5.236361980438232,248.27197265625,-9.954540291801095e-05,192165.578125,0.44304192066192627
70200.0,1,0.0,-4197324.0,5.429851531982422,301.28460693359375,0.0002740422496572137,193261.71875,0.44052907824516296
70200.0,2,0.0,-4197266.5,10.315458297729492,345.4178161621094,-5.5803218856453896e-05,191375.828125,0.4448701739311218
70200.0,3,0.0,-4197226.0,9.49547004699707,402.0700988769531,0.000108906882815063,192473.8125,0.4423324167728424
70200.0,4,0.0,-4197179.0,10.150837898254395,454.6751403808594,-0.00011309736873954535,192059.5,0.443286657333374
70300.0,0,0.0,-4197376.5,5.74285888671875,247.515625,-0.00023248512297868729,192253.1875,0.44284000992774963
70300.0,1,0.0,-4197330.0,5.543335437774658,299.5107421875,-0.00024675315944477916,193371.609375,0.4402787387371063
70300.0,2,0.0,-4197273.5,9.971637725830078,353.06854248046875,3.543600905686617e-05,191499.25,0.4445834457874298
70300.0,3,0.0,-4197224.0,12.792357444763184,399.0752868652344,0.0003292381879873574,192623.8125,0.44198793172836304
70300.0,4,0.0,-4197179.0,12.872483253479004,464.0827331542969,0.0005992274964228272,192182.84375,0.4430021643638611
70400.0,0,0.0,-4197373.5,4.53826904296875,243.4058837890625,-1.8068414647132158e-05,192330.125,0.4426628649234772
70400.0,1,0.0,-4197330.0,6.716892719268799,297.065673828125,0.00014837353955954313,193440.671875,0.440121591091156
70400.0,2,0.0,-4197272.0,10.388445854187012,350.4961242675781,0.00032281532185152173,191633.6875,0.4442715644836426
70400.0,3,0.0,-4197219.5,9.334467887878418,388.4512023925781,-0.00020031328313052654,192767.640625,0.44165822863578796
70400.0,4,0.0,-4197171.0,10.566367149353027,455.7185363769531,0.0004773644031956792,192302.21875,0.44272714853286743
70500.0,0,0.0,-4197374.5,5.2577643394470215,247.79116821289062,0.0001481620711274445,192436.140625,0.44241899251937866
70500.0,1,0.0,-4197326.0,4.9153056144714355,293.7787170410156,0.00020046619465574622,193511.734375,0.43995994329452515
70500.0,2,0.0,-4197275.0,9.594812393188477,351.9896545410156,0.0001013824949041009,191740.046875,0.4440251290798187
70500.0,3,0.0,-4197236.5,10.940197944641113,395.8487548828125,-0.0001775709679350257,192863.125,0.44143956899642944
70500.0,4,0.0,-4197173.5,9.798945426940918,450.54730224609375,4.4062500819563866e-05,192412.09375,0.442474365234375
70600.0,0,0.0,-4197370.5,4.617380142211914,250.17840576171875,-6.656569894403219e-06,192606.9375,0.44202667474746704
70600.0,1,0.0,-4197328.0,5.482253074645996,298.9316711425781,-0.0002969875931739807,193612.765625,0.43973037600517273
70600.0,2,0.0,-4197273.0,12.441975593566895,348.50653076171875,0.00025766168255358934,191816.828125,0.4438474178314209
70600.0,3,0.0,-4197238.0,9.487635612487793,394.4396057128906,-9.858969133347273e-05,192946.734375,0.44124823808670044
70600.0,4,0.0,-4197181.0,9.929407119750977,454.50299072265625,-0.00016010552644729614,192518.390625,0.4422299861907959
70700.0,0,0.0,-4197371.5,4.970585346221924,255.1790771484375,8.360639913007617e-05,192738.984375,0.44172385334968567
70700.0,1,0.0,-4197326.5,5.414887428283691,300.4145812988281,0.00042782380478456616,193739.46875,0.4394427239894867
70700.0,2,0.0,-4197273.0,9.847166061401367,344.04229736328125,-2.6847003027796745e-05,191891.3125,0.44367516040802
70700.0,3,0.0,-4197235.5,12.682525634765625,398.6196594238281,0.00021164456848055124,193047.640625,0.44101759791374207
70700.0,4,0.0,-4197179.5,12.301844596862793,449.9007873535156,-0.0003371719503775239,192629.578125,0.4419747292995453
70800.0,0,0.0,-4197370.0,5.950439929962158,253.29275512695312,0.00040439702570438385,192824.0625,0.44152894616127014
70800.0,1,0.0,-4197325.5,5.81032657623291,301.2904357910156,-9.730021702125669e-05,193863.859375,0.4391607940196991
70800.0,2,0.0,-4197276.5,14.065242767333984,345.5887451171875,-0.00013757648412138224,192010.203125,0.44340044260025024
70800.0,3,0.0,-4197227.5,9.854284286499023,398.3022155761719,0.0004361815517768264,193176.71875,0.44072291254997253
70800.0,4,0.0,-4197181.5,13.467460632324219,449.5594787597656,-0.00026541599072515965,192748.84375,0.4417012631893158
70900.0,0,0.0,-4197370.0,5.52593994140625,250.69760131835938,0.00016237044474110007,192907.609375,0.4413377344608307
70900.0,1,0.0,-4197329.5,6.153581619262695,305.72760009765625,0.0002897639060392976,193973.515625,0.4389125406742096
70900.0,2,0.0,-4197270.5,10.917303085327148,344.4517517089844,-0.00023679842706769705,192176.75,0.4430161714553833
70900.0,3,0.0,-4197228.5,17.4115047454834,407.6666564941406,6.81083183735609e-05,193306.890625,0.44042617082595825
70900.0,4,0.0,-4197182.5,10.115830421447754,450.1653137207031,0.00047527934657409787,192868.875,0.4414263963699341
71000.0,0,0.0,-4197372.5,4.923952579498291,249.66799926757812,-0.00022287375759333372,193017.59375,0.4410862922668457
71000.0,1,0.0,-4197328.5,5.207804203033447,302.2900390625,0.0001249760389328003,194076.640625,0.4386793076992035
71000.0,2,0.0,-4197273.5,8.845980644226074,351.8861999511719,-0.00041738024447113276,192296.328125,0.44274067878723145
71000.0,3,0.0,-4197221.0,11.158047676086426,400.5404357910156,-0.0003018355928361416,193416.296875,0.44017699360847473
71000.0,4,0.0,-4197183.5,15.08625316619873,452.57427978515625,3.553170245140791e-05,192974.078125,0.44118571281433105
71100.0,0,0.0,-4197372.0,4.833582401275635,246.46839904785156,-0.00039031164487823844,193155.875,0.4407704770565033
71100.0,1,0.0,-4197328.0,5.223379611968994,296.1922302246094,-9.21962782740593e-06,194186.375,0.43843138217926025
71100.0,2,0.0,-4197270.0,11.925578117370605,356.4017028808594,-4.5029446482658386e-07,192386.78125,0.4425325095653534
71100.0,3,0.0,-4197221.5,12.482786178588867,400.341796875,-0.0001568227307870984,193516.890625,0.43994826078414917
71100.0,4,0.0,-4197188.0,9.737686157226562,456.8695068359375,-4.501256626099348e-05,193062.078125,0.44098466634750366
71200.0,0,0.0,-4197373.0,5.406841278076172,247.85813903808594,-8.799252100288868e-07,193281.6875,0.44048357009887695
71200.0,1,0.0,-4197330.0,6.68158483505249,292.996826171875,3.021542215719819e-05,194315.1875,0.4381408393383026
71200.0,2,0.0,-4197272.5,8.71463394165039,364.764404296875,0.00017430598381906748,192481.65625,0.44231438636779785
71200.0,3,0.0,-4197223.5,14.264324188232422,400.84014892578125,-6.0769845731556416e-05,193622.8125,0.43970751762390137
71200.0,4,0.0,-4197180.5,9.689031600952148,453.1769714355469,-0.0003003126475960016,193153.15625,0.4407767057418823
71300.0,0,0.0,-4197372.5,5.808433532714844,249.91046142578125,0.0002922496059909463,193378.59375,0.4402628540992737
71300.0,1,0.0,-4197333.0,5.588428497314453,295.3731994628906,1.784501364454627e-05,194448.890625,0.4378395080566406
71300.0,2,0.0,-4197271.0,9.98843765258789,357.1173095703125,0.000384783954359591,192596.8125,0.44204989075660706
71300.0,3,0.0,-4197220.5,9.89441204071045,394.7520751953125,-0.00028613314498215914,193739.15625,0.439443439245224
71300.0,4,0.0,-4197184.0,11.30085277557373,458.48175048828125,0.0003536565927788615,193278.65625,0.4404905140399933
71400.0,0,0.0,-4197369.0,4.93471622467041,253.6951141357422,6.268353899940848e-05,193467.53125,0.44006046652793884
71400.0,1,0.0,-4197327.5,5.608075141906738,295.444091796875,0.00016365386545658112,194551.390625,0.43760883808135986
71400.0,2,0.0,-4197271.0,10.096854209899902,348.51263427734375,0.0004909348208457232,192725.140625,0.44175559282302856
71400.0,3,0.0,-4197230.0,10.081954956054688,399.4967041015625,-9.796558879315853e-05,193857.390625,0.43917548656463623
71400.0,4,0.0,-4197176.0,11.823134422302246,448.8591613769531,-0.0003023025346919894,193427.59375,0.4401513338088989
71500.0,0,0.0,-4197368.0,5.271503448486328,259.1996765136719,0.00023484317352995276,193581.21875,0.43980199098587036
71500.0,1,0.0,-4197324.0,5.475623607635498,301.4033508300781,-3.2860611099749804e-05,194625.375,0.43744248151779175
71500.0,2,0.0,-4197279.5,9.113616943359375,352.2431640625,-0.0004072070587426424,192841.71875,0.4414885342121124
71500.0,3,0.0,-4197231.0,10.741630554199219,396.9274597167969,5.09417150169611e-05,193972.0625,0.43891584873199463
71500.0,4,0.0,-4197186.5,12.328818321228027,459.4563293457031,7.821654435247183e-05,193539.203125,0.4398975670337677
71600.0,0,0.0,-4197368.5,4.860870838165283,258.6843566894531,0.00020307197701185942,193758.671875,0.43939924240112305
71600.0,1,0.0,-4197326.5,5.769796848297119,306.7361755371094,0.0001401129411533475,194701.515625,0.43727144598960876
71600.0,2,0.0,-4197273.5,10.539042472839355,346.6735534667969,-0.00019940955098718405,192938.671875,0.4412666857242584
71600.0,3,0.0,-4197234.5,10.255884170532227,401.2325439453125,0.00017043703701347113,194082.703125,0.4386656582355499
71600.0,4,0.0,-4197181.0,10.388009071350098,448.6293640136719,3.352132625877857e-05,193619.109375,0.4397159814834595
71700.0,0,0.0,-4197366.0,5.49515962600708,250.59217834472656,6.0895748902112246e-05,193893.171875,0.4390943944454193
71700.0,1,0.0,-4197325.5,5.561870574951172,303.69390869140625,2.1385785657912493e-05,194823.09375,0.43699854612350464
71700.0,2,0.0,-4197274.0,9.410208702087402,348.30426025390625,-0.0002760356292128563,193029.046875,0.44106006622314453
71700.0,3,0.0,-4197233.0,11.410414695739746,408.9706726074219,0.0005048188613727689,194194.453125,0.43841317296028137
71700.0,4,0.0,-4197182.0,9.528745651245117,443.68994140625,0.00035079207736998796,193702.109375,0.4395275413990021
71800.0,0,0.0,-4197368.0,5.540472984313965,248.4261016845703,-0.0002279288019053638,193962.375,0.43893781304359436
71800.0,1,0.0,-4197326.5,5.30900239944458,300.6843566894531,0.00010607711737975478,194983.703125,0.43663856387138367
71800.0,2,0.0,-4197268.5,12.260919570922852,344.9715576171875,-0.0005371829029172659,193145.8125,0.4407934248447418
71800.0,3,0.0,-4197216.0,12.308747291564941,403.81744384765625,-0.0005109279882162809,194310.96875,0.4381502866744995
71800.0,4,0.0,-4197188.0,11.229873657226562,448.2003173828125,-0.00018744508270174265,193822.015625,0.4392556846141815
71900.0,0,0.0,-4197370.5,5.562036037445068,248.1602020263672,-0.0001107986900024116,194031.265625,0.43878188729286194
71900.0,1,0.0,-4197332.0,5.372724533081055,302.4565124511719,5.769758718088269e-05,195104.84375,0.4363675117492676
71900.0,2,0.0,-4197275.0,9.137282371520996,353.41595458984375,0.0005699243047274649,193312.03125,0.4404144287109375
71900.0,3,0.0,-4197216.5,10.232006072998047,409.702392578125,-0.0001607389422133565,194429.28125,0.4378836750984192
71900.0,4,0.0,-4197181.5,8.81174373626709,445.9408264160156,5.4841628298163414e-05,193972.453125,0.4389149844646454
72000.0,0,0.0,-4197375.5,4.9674787521362305,252.0734100341797,0.00025306304451078176,194132.0625,0.4385540783405304
72000.0,1,0.0,-4197330.5,5.327187538146973,298.8934631347656,-0.00012227654224261642,195197.453125,0.43616044521331787
72000.0,2,0.0,-4197273.5,8.960678100585938,347.1437072753906,0.00031089968979358673,193436.484375,0.4401310384273529
72000.0,3,0.0,-4197212.5,10.711523056030273,399.89508056640625,-5.398411303758621e-05,194541.109375,0.4376319646835327
72000.0,4,0.0,-4197177.5,11.569037437438965,450.22100830078125,-6.437336560338736e-05,194093.46875,0.4386413097381592
72100.0,0,0.0,-4197371.5,6.040350914001465,247.4936065673828,0.000214589003007859,194272.921875,0.4382360875606537
72100.0,1,0.0,-4197326.5,6.233597755432129,294.28436279296875,0.00025897903833538294,195293.703125,0.4359455108642578
72100.0,2,0.0,-4197276.5,9.633905410766602,350.7197570800781,7.356179412454367e-05,193514.234375,0.4399542212486267
72100.0,3,0.0,-4197223.5,10.124370574951172,400.5321350097656,-0.00015276367776095867,194643.421875,0.4374019205570221
72100.0,4,0.0,-4197170.0,13.115008354187012,452.06243896484375,3.622227814048529e-05,194190.75,0.4384215772151947
72200.0,0,0.0,-4197374.0,4.940218448638916,250.83045959472656,0.00017651478992775083,194405.59375,0.43793702125549316
72200.0,1,0.0,-4197326.0,6.436590194702148,297.0110168457031,0.00013039755867794156,195410.421875,0.43568509817123413
72200.0,2,0.0,-4197281.0,10.69503402709961,349.91754150390625,1.3776356354355812e-05,193591.234375,0.4397791922092438
72200.0,3,0.0,-4197227.0,13.115862846374512,401.5958251953125,0.00018194399308413267,194747.140625,0.43716901540756226
72200.0,4,0.0,-4197171.5,18.045995712280273,457.04998779296875,6.614788435399532e-05,194290.96875,0.43819543719291687
72300.0,0,0.0,-4197374.5,5.229265213012695,252.96524047851562,3.549701068550348e-05,194505.234375,0.4377126395702362
72300.0,1,0.0,-4197329.0,5.574387550354004,306.39752197265625,7.082015508785844e-05,195540.375,0.4353955388069153
72300.0,2,0.0,-4197280.0,10.522034645080566,345.00921630859375,-0.0004567013820633292,193698.28125,0.43953612446784973
72300.0,3,0.0,-4197229.0,10.635289192199707,400.82177734375,-0.00011292530689388514,194869.296875,0.43689489364624023
72300.0,4,0.0,-4197170.5,12.099419593811035,449.8858642578125,0.0002558219712227583,194403.453125,0.4379419684410095
72400.0,0,0.0,-4197370.5,6.323966979980469,251.69444274902344,-0.0001941276714205742,194593.8125,0.43751344084739685
72400.0,1,0.0,-4197322.0,5.8553786277771,305.2593078613281,-5.0832575652748346e-05,195661.078125,0.435126930475235
72400.0,2,0.0,-4197275.0,10.912532806396484,348.36907958984375,-0.0004268669290468097,193837.25,0.439221054315567
72400.0,3,0.0,-4197223.5,15.75155258178711,395.73065185546875,0.0005196673446334898,195004.546875,0.43659189343452454
72400.0,4,0.0,-4197177.0,8.9942626953125,449.32965087890625,0.00016370147932320833,194525.625,0.43766680359840393
72500.0,0,0.0,-4197371.5,5.547779560089111,255.2342071533203,-0.00018515682313591242,194699.765625,0.43727537989616394
72500.0,1,0.0,-4197320.0,5.825474262237549,305.1142578125,-0.00015868450282141566,195765.15625,0.4348956048488617
72500.0,2,0.0,-4197276.0,9.661596298217773,355.7094421386719,-0.0003503293264657259,193964.296875,0.438933402299881
72500.0,3,0.0,-4197224.5,10.677750587463379,398.9284362792969,0.0004848011885769665,195120.359375,0.4363327622413635
72500.0,4,0.0,-4197185.5,11.415032386779785,453.2881164550781,-6.743962876498699e-05,194644.625,0.4373992681503296
72600.0,0,0.0,-4197367.0,5.56734037399292,250.8909149169922,4.044122761115432e-05,194844.296875,0.43695101141929626
72600.0,1,0.0,-4197330.0,5.630342483520508,307.23480224609375,0.00021924066822975874,195865.25,0.43467339873313904
72600.0,2,0.0,-4197269.5,10.167567253112793,356.5224609375,0.0005334693123586476,194066.171875,0.4387029707431793
72600.0,3,0.0,-4197224.0,12.067414283752441,398.03924560546875,-0.00011142261791974306,195210.765625,0.43613070249557495
72600.0,4,0.0,-4197181.5,10.991272926330566,447.8310852050781,3.9399019442498684e-05,194752.203125,0.4371577203273773
72700.0,0,0.0,-4197371.0,5.445494174957275,251.112060546875,0.0002315265010111034,194982.953125,0.43664026260375977
72700.0,1,0.0,-4197329.5,5.084972858428955,295.9942321777344,8.533650543540716e-05,195989.765625,0.43439728021621704
72700.0,2,0.0,-4197265.5,11.5894193649292,357.7174987792969,0.00016674218932166696,194162.90625,0.43848440051078796
72700.0,3,0.0,-4197226.0,14.925930976867676,398.40338134765625,-0.0006003385642543435,195298.515625,0.43593472242355347
72700.0,4,0.0,-4197185.5,12.959813117980957,455.0962219238281,-8.41580331325531e-05,194853.453125,0.4369305372238159
72800.0,0,0.0,-4197373.0,5.182765483856201,247.05577087402344,-0.0001020861673168838,195062.390625,0.4364624321460724
72800.0,1,0.0,-4197329.0,6.289397239685059,294.0755310058594,4.0244776755571365e-07,196170.578125,0.43399688601493835
72800.0,2,0.0,-4197265.5,10.84831714630127,352.5437927246094,0.00015930761583149433,194271.921875,0.43823832273483276
72800.0,3,0.0,-4197220.0,10.227211952209473,392.4484558105469,-0.00018720782827585936,195419.078125,0.4356657862663269
72800.0,4,0.0,-4197180.5,11.271921157836914,451.7584228515625,-0.0003470173105597496,194965.3125,0.43667981028556824
72900.0,0,0.0,-4197375.0,4.829730987548828,246.08474731445312,0.0003065250348299742,195115.359375,0.4363439381122589
72900.0,1,0.0,-4197329.0,5.211183071136475,296.13677978515625,0.00012694241013377905,196298.875,0.43371325731277466
72900.0,2,0.0,-4197271.0,11.34367847442627,350.72467041015625,-0.000322111533023417,194395.359375,0.43796002864837646
72900.0,3,0.0,-4197220.0,12.566293716430664,392.7502746582031,0.00025315117090940475,195579.234375,0.4353090226650238
72900.0,4,0.0,-4197182.5,11.861684799194336,454.6076965332031,-5.729787517338991e-05,195104.921875,0.43636736273765564
73000.0,0,0.0,-4197377.0,5.157193183898926,249.82833862304688,0.0002629138180054724,195180.578125,0.4361981451511383
73000.0,1,0.0,-4197329.0,5.6459808349609375,300.7790832519531,5.2231072913855314e-05,196374.671875,0.4335457980632782
73000.0,2,0.0,-4197269.0,9.193290710449219,346.6993103027344,-0.0002921882551163435,194517.640625,0.4376847445964813
73000.0,3,0.0,-4197226.5,10.850631713867188,403.0643310546875,1.5468569472432137e-05,195700.09375,0.4350402057170868
73000.0,4,0.0,-4197177.0,17.41653060913086,452.9192199707031,-6.550457328557968e-05,195241.171875,0.43606284260749817
73100.0,0,0.0,-4197370.0,5.035685062408447,246.8958282470703,-0.00020542641868814826,195284.46875,0.4359661340713501
73100.0,1,0.0,-4197325.5,6.130499362945557,301.11907958984375,-0.0002083138097077608,196451.890625,0.43337535858154297
73100.0,2,0.0,-4197273.5,9.994277000427246,351.6980895996094,-0.00036010053008794785,194628.859375,0.4374346435070038
73100.0,3,0.0,-4197226.0,12.902806282043457,401.9429626464844,0.0003009698702953756,195777.546875,0.43486806750297546
73100.0,4,0.0,-4197175.5,11.218159675598145,451.20819091796875,-0.00011174043174833059,195334.828125,0.4358537197113037
73200.0,0,0.0,-4197369.5,4.860424041748047,249.74737548828125,-0.00027856515953317285,195413.3125,0.435678631067276
73200.0,1,0.0,-4197322.0,5.470759868621826,299.11431884765625,0.00022083369549363852,196564.015625,0.4331282079219818
73200.0,2,0.0,-4197269.5,11.33833122253418,347.11480712890625,0.0003724130801856518,194736.234375,0.43719345331192017
73200.0,3,0.0,-4197225.5,12.21512222290039,402.2437744140625,-0.0003464899491518736,195853.9375,0.4346984624862671
73200.0,4,0.0,-4197181.0,11.162262916564941,454.0896911621094,-0.000353572191670537,195409.171875,0.43568798899650574
73300.0,0,0.0,-4197369.0,5.350038051605225,250.42279052734375,3.2152398489415646e-05,195536.78125,0.4354035258293152
73300.0,1,0.0,-4197324.5,6.765460968017578,300.4091796875,0.00043468171497806907,196712.0625,0.4328022301197052
73300.0,2,0.0,-4197276.5,9.568078994750977,351.2705993652344,0.0004648816538974643,194846.734375,0.43694549798965454
73300.0,3,0.0,-4197226.5,11.138166427612305,402.410888671875,0.00036290829302743077,195955.671875,0.43447285890579224
73300.0,4,0.0,-4197179.0,11.102309226989746,448.09356689453125,1.1885538697242737e-05,195498.671875,0.4354885220527649
73400.0,0,0.0,-4197370.5,5.883057117462158,250.97869873046875,0.0004007158277090639,195643.875,0.4351651966571808
73400.0,1,0.0,-4197328.5,6.729650497436523,300.2811584472656,-0.00012796517694368958,196840.09375,0.43252068758010864
73400.0,2,0.0,-4197271.0,10.413839340209961,344.74407958984375,-0.00023611413780599833,194961.65625,0.43668800592422485
73400.0,3,0.0,-4197225.0,10.706698417663574,395.4780578613281,-1.875369343906641e-05,196080.984375,0.4341951608657837
73400.0,4,0.0,-4197188.0,11.007097244262695,450.92657470703125,0.00020846235565841198,195638.6875,0.435176819562912
73500.0,0,0.0,-4197369.5,4.821064472198486,248.55953979492188,-2.4706823751330376e-05,195744.21875,0.4349421262741089
73500.0,1,0.0,-4197333.0,7.066784381866455,299.8953552246094,0.0001910693827085197,196936.0625,0.43230992555618286
73500.0,2,0.0,-4197275.5,13.02286148071289,350.1645812988281,0.0005315238377079368,195078.359375,0.43642669916152954
73500.0,3,0.0,-4197229.0,12.224520683288574,396.4736633300781,3.30162001773715e-05,196206.109375,0.4339183568954468
73500.0,4,0.0,-4197184.5,9.630765914916992,441.7653503417969,0.00028265430592000484,195787.515625,0.4348459541797638
73600.0,0,0.0,-4197375.0,4.670985698699951,252.90768432617188,0.0002597330021671951,195856.421875,0.43469294905662537
73600.0,1,0.0,-4197334.5,6.051955223083496,298.2521667480469,0.00019658042583614588,197026.5625,0.43211135268211365
73600.0,2,0.0,-4197274.5,8.181049346923828,348.066650390625,-0.0005051777698099613,195192.859375,0.43617069721221924
73600.0,3,0.0,-4197223.0,12.755910873413086,392.9653625488281,-8.319667540490627e-05,196318.8125,0.43366914987564087
73600.0,4,0.0,-4197185.5,10.307632446289062,450.0120849609375,-5.180516745895147e-05,195895.921875,0.4346053898334503
73700.0,0,0.0,-4197374.5,5.002926349639893,251.4870147705078,-4.1450897697359324e-05,195990.390625,0.43439581990242004
73700.0,1,0.0,-4197332.0,6.023769855499268,295.8890075683594,-0.000175298482645303,197140.9375,0.43186065554618835
73700.0,2,0.0,-4197273.0,10.21816635131836,350.70367431640625,0.0002267601666972041,195303.78125,0.4359229803085327
73700.0,3,0.0,-4197225.5,10.348244667053223,396.46978759765625,0.00019177410285919905,196424.34375,0.4334361255168915
73700.0,4,0.0,-4197174.5,10.625383377075195,445.703857421875,-0.00010517018381506205,195989.765625,0.43439725041389465
73800.0,0,0.0,-4197373.0,5.272890090942383,249.05870056152344,-0.0002506219898350537,196121.671875,0.4341050386428833
73800.0,1,0.0,-4197330.0,6.159989833831787,301.4074401855469,-0.00014417868806049228,197289.828125,0.4315347373485565
73800.0,2,0.0,-4197269.0,9.788673400878906,340.4540710449219,-0.0004349235678091645,195414.078125,0.4356769323348999
73800.0,3,0.0,-4197221.5,11.322831153869629,398.6474914550781,0.0003639344940893352,196535.640625,0.4331906735897064
73800.0,4,0.0,-4197175.5,9.40184497833252,456.6675109863281,-0.00042857974767684937,196093.40625,0.43416762351989746
73900.0,0,0.0,-4197373.5,4.601109027862549,249.42266845703125,0.00012330495519563556,196218.234375,0.4338914453983307
73900.0,1,0.0,-4197324.0,6.394048690795898,304.20904541015625,-9.81409102678299e-05,197418.0625,0.43125438690185547
73900.0,2,0.0,-4197280.0,10.518438339233398,345.66278076171875,-5.024252459406853e-06,195530.90625,0.4354166090488434
73900.0,3,0.0,-4197218.5,9.944430351257324,402.766357421875,-0.00012463110033422709,196663.53125,0.4329089820384979
73900.0,4,0.0,-4197168.5,10.084270477294922,456.4455261230469,3.80415003746748e-05,196213.609375,0.43390166759490967
74000.0,0,0.0,-4197372.0,6.434606075286865,248.97926330566406,-7.904425729066133e-05,196292.6875,0.4337267577648163
74000.0,1,0.0,-4197326.0,5.763283729553223,307.31329345703125,0.00022012862609699368,197484.875,0.4311085045337677
74000.0,2,0.0,-4197274.0,8.955071449279785,342.0231628417969,-5.514407530426979e-05,195655.671875,0.43513891100883484
74000.0,3,0.0,-4197218.5,10.318534851074219,405.78997802734375,0.00016948883421719074,196797.6875,0.43261390924453735
74000.0,4,0.0,-4197182.0,9.624181747436523,467.3564453125,0.0003761748084798455,196338.03125,0.43362680077552795
74100.0,0,0.0,-4197371.5,5.200022220611572,252.7952880859375,-8.11732024885714e-05,196377.78125,0.43353888392448425
74100.0,1,0.0,-4197325.5,5.485269546508789,302.8021240234375,6.584922084584832e-05,197531.4375,0.43100690841674805
74100.0,2,0.0,-4197280.0,12.819594383239746,349.96856689453125,0.0003144502406939864,195775.75,0.4348720610141754
74100.0,3,0.0,-4197220.5,13.366432189941406,407.4734802246094,-0.0005319747142493725,196903.203125,0.43238210678100586
74100.0,4,0.0,-4197179.0,9.8705415725708,453.0243835449219,-0.0004183681448921561,196452.703125,0.4333736002445221
74200.0,0,0.0,-4197367.5,4.644432067871094,256.0392150878906,0.0002837118227034807,196522.5,0.43321964144706726
74200.0,1,0.0,-4197330.5,6.065313339233398,302.8077697753906,0.0003255553892813623,197590.5625,0.4308778941631317
74200.0,2,0.0,-4197276.0,8.153491020202637,354.8699951171875,0.00017863931134343147,195878.296875,0.4346444010734558
74200.0,3,0.0,-4197226.0,13.741369247436523,404.9366149902344,0.00026057835202664137,196980.359375,0.4322126805782318
74200.0,4,0.0,-4197182.5,10.797554969787598,453.8445739746094,-8.933735080063343e-05,196557.53125,0.43314242362976074
74300.0,0,0.0,-4197365.5,5.153996467590332,255.86415100097656,0.0005676214350387454,196683.078125,0.4328659474849701
74300.0,1,0.0,-4197331.5,5.367534637451172,300.002685546875,0.00013614300405606627,197683.34375,0.4306757152080536
74300.0,2,0.0,-4197268.0,9.872893333435059,361.1842041015625,-0.0004340520827099681,195973.6875,0.43443283438682556
74300.0,3,0.0,-4197231.0,10.550487518310547,401.7734680175781,0.00031496078008785844,197059.359375,0.43203938007354736
74300.0,4,0.0,-4197181.0,15.287657737731934,450.16278076171875,7.997988723218441e-05,196665.375,0.432904988527298
74400.0,0,0.0,-4197370.0,4.796003341674805,256.54595947265625,-6.581773050129414e-06,196790.515625,0.43262967467308044
74400.0,1,0.0,-4197332.0,5.3345770835876465,299.23974609375,-4.0794024243950844e-05,197807.578125,0.4304051697254181
74400.0,2,0.0,-4197267.5,9.955551147460938,360.3818359375,8.645106572657824e-05,196083.015625,0.43419063091278076
74400.0,3,0.0,-4197223.5,10.725125312805176,392.69842529296875,0.00037800747668370605,197182.15625,0.43177032470703125
74400.0,4,0.0,-4197187.0,9.380956649780273,457.5286560058594,0.00011281599290668964,196799.75,0.43260931968688965
74500.0,0,0.0,-4197368.5,5.086680889129639,248.52857971191406,-0.0003173024160787463,196881.484375,0.4324297308921814
74500.0,1,0.0,-4197325.5,5.561305522918701,292.8805847167969,-5.790928844362497e-05,197940.84375,0.43011540174484253
74500.0,2,0.0,-4197269.0,11.571734428405762,356.87530517578125,4.0432089008390903e-05,196223.453125,0.43387988209724426
74500.0,3,0.0,-4197228.5,11.782896041870117,399.95135498046875,-2.8222682885825634e-05,197342.453125,0.43141970038414
74500.0,4,0.0,-4197176.0,11.552806854248047,447.9078369140625,-2.552592195570469e-05,196957.046875,0.4322638213634491
74600.0,0,0.0,-4197372.0,4.740391254425049,248.70233154296875,-0.00019575981423258781,196983.765625,0.4322052001953125
74600.0,1,0.0,-4197329.5,5.81462287902832,300.46697998046875,-0.00020847551058977842,198056.84375,0.42986348271369934
74600.0,2,0.0,-4197271.0,9.054601669311523,353.2122802734375,8.076243102550507e-05,196358.65625,0.4335811138153076
74600.0,3,0.0,-4197224.0,18.34404945373535,399.3322448730469,0.00011436664499342442,197464.234375,0.4311535060405731
74600.0,4,0.0,-4197180.5,10.400642395019531,452.6891784667969,4.758394788950682e-05,197066.84375,0.43202298879623413
74700.0,0,0.0,-4197370.0,4.818382263183594,245.8974151611328,-0.00012682972010225058,197108.515625,0.43193167448043823
74700.0,1,0.0,-4197327.5,5.670798301696777,302.45037841796875,0.00025603827089071274,198155.84375,0.4296487271785736
74700.0,2,0.0,-4197269.0,13.515915870666504,350.3570556640625,-0.00019497366156429052,196451.984375,0.4333750903606415
74700.0,3,0.0,-4197221.5,10.797690391540527,399.2883605957031,-0.00016339612193405628,197555.578125,0.4309541881084442
74700.0,4,0.0,-4197175.5,9.492018699645996,447.3323974609375,9.769771713763475e-05,197141.3125,0.4318598210811615
74800.0,0,0.0,-4197371.5,5.167728424072266,248.52252197265625,0.00018546066712588072,197240.234375,0.43164318799972534
74800.0,1,0.0,-4197325.5,5.774547100067139,303.989501953125,-6.653001764789224e-05,198257.0,0.4294295012950897
74800.0,2,0.0,-4197276.5,9.377090454101562,354.3802795410156,-0.00011855061165988445,196525.484375,0.4332130551338196
74800.0,3,0.0,-4197221.0,13.325695037841797,403.1261901855469,-0.0004940369399264455,197650.5,0.43074730038642883
74800.0,4,0.0,-4197178.0,10.697736740112305,451.87945556640625,9.757163934409618e-05,197220.40625,0.4316866397857666
74900.0,0,0.0,-4197369.5,4.915083885192871,249.00640869140625,0.0002993403177242726,197354.625,0.431393027305603
74900.0,1,0.0,-4197325.5,5.64493465423584,305.8915100097656,0.00026023172540590167,198384.015625,0.4291546046733856
74900.0,2,0.0,-4197269.5,9.961175918579102,342.52056884765625,0.0001957869972102344,196615.640625,0.4330144226551056
74900.0,3,0.0,-4197220.0,10.09471321105957,406.42889404296875,-0.00017105077859014273,197767.3125,0.4304928183555603
74900.0,4,0.0,-4197175.5,9.866057395935059,445.3955383300781,-3.982638008892536e-05,197339.84375,0.4314253628253937
75000.0,0,0.0,-4197370.5,6.06382417678833,252.80426025390625,0.0003203630622010678,197451.46875,0.4311814308166504
75000.0,1,0.0,-4197325.5,6.793117046356201,302.51568603515625,0.0002553777303546667,198531.9375,0.4288348853588104
75000.0,2,0.0,-4197274.5,12.022234916687012,351.9139709472656,6.345356814563274e-05,196765.59375,0.43268442153930664
75000.0,3,0.0,-4197229.0,15.236693382263184,407.04742431640625,-2.841465175151825e-06,197899.3125,0.43020567297935486
75000.0,4,0.0,-4197181.5,11.396029472351074,444.69580078125,-0.00038002291694283485,197491.296875,0.4310944974422455
75100.0,0,0.0,-4197365.5,5.219927787780762,249.59521484375,-3.793393261730671e-05,197549.625,0.43096718192100525
75100.0,1,0.0,-4197332.5,6.563186168670654,300.994384765625,-8.001725655049086e-05,198647.296875,0.4285857677459717
75100.0,2,0.0,-4197265.5,11.025876998901367,339.26092529296875,-0.00041904591489583254,196919.28125,0.4323466718196869
75100.0,3,0.0,-4197230.0,10.545003890991211,399.92279052734375,0.0008993682567961514,198021.5625,0.4299401044845581
75100.0,4,0.0,-4197185.0,10.53073787689209,444.36260986328125,0.0001050122082233429,197614.234375,0.430826336145401
75200.0,0,0.0,-4197371.0,4.755953311920166,255.24598693847656,4.497356712818146e-05,197689.96875,0.43066123127937317
75200.0,1,0.0,-4197331.0,6.4429850578308105,294.24432373046875,-0.00022877327864989638,198723.5625,0.428421288728714
75200.0,2,0.0,-4197280.0,10.442784309387207,356.0623779296875,-0.0001968977740034461,197026.53125,0.43211129307746887
75200.0,3,0.0,-4197231.5,10.698446273803711,397.90252685546875,-5.056406371295452e-05,198130.46875,0.4297037422657013
75200.0,4,0.0,-4197181.5,14.308320999145508,439.0736389160156,-1.3785785995423794e-05,197709.546875,0.43061867356300354
75300.0,0,0.0,-4197370.0,5.180084228515625,249.17498779296875,-0.00013649399625137448,197861.6875,0.43028751015663147
75300.0,1,0.0,-4197332.0,5.172952175140381,295.5451965332031,-7.815880235284567e-05,198794.8125,0.4282677173614502
75300.0,2,0.0,-4197271.0,10.353401184082031,348.6579284667969,0.00012454495299607515,197123.625,0.4318985044956207
75300.0,3,0.0,-4197233.5,11.00915813446045,401.068115234375,0.00011669052764773369,198238.359375,0.42946988344192505
75300.0,4,0.0,-4197187.5,10.950206756591797,451.7333984375,0.00027098762802779675,197805.921875,0.430408775806427
75400.0,0,0.0,-4197373.0,4.988818645477295,245.5709991455078,-0.0005171008524484932,197967.265625,0.43005800247192383
75400.0,1,0.0,-4197329.5,6.142983913421631,297.90704345703125,0.0003734756610356271,198907.375,0.4280254542827606
75400.0,2,0.0,-4197275.5,14.303627014160156,349.26800537109375,0.00013637251686304808,197231.5,0.43166229128837585
75400.0,3,0.0,-4197226.0,10.39651107788086,402.9001770019531,-0.0006671086885035038,198354.609375,0.42921820282936096
75400.0,4,0.0,-4197175.5,9.775120735168457,453.0653991699219,-5.519797559827566e-05,197922.546875,0.4301552176475525
75500.0,0,0.0,-4197376.0,4.989196300506592,247.221435546875,0.00027473969385027885,198042.0,0.4298957586288452
75500.0,1,0.0,-4197325.5,6.398947238922119,299.8668518066406,0.00014674908015877008,199075.78125,0.42766329646110535
75500.0,2,0.0,-4197276.5,10.40832805633545,348.5668029785156,9.404472075402737e-05,197356.171875,0.43138960003852844
75500.0,3,0.0,-4197223.5,11.032379150390625,405.50909423828125,-0.00030743551906198263,198476.765625,0.42895400524139404
75500.0,4,0.0,-4197170.5,11.59202766418457,454.5892639160156,-7.574656046926975e-05,198053.96875,0.42986980080604553
75600.0,0,0.0,-4197374.5,5.3936076164245605,248.14154052734375,0.0005217758007347584,198128.046875,0.4297090470790863
75600.0,1,0.0,-4197326.5,5.275162696838379,304.10400390625,0.00029370689298957586,199211.078125,0.42737293243408203
75600.0,2,0.0,-4197276.5,10.209061622619629,348.56500244140625,-0.0001379554159939289,197483.71875,0.4311109781265259
75600.0,3,0.0,-4197218.0,12.9038724899292,402.2143249511719,-0.0007427452364936471,198596.671875,0.42869508266448975
75600.0,4,0.0,-4197182.5,12.403621673583984,466.1629943847656,0.00020574417430907488,198176.375,0.42960426211357117
75700.0,0,0.0,-4197372.0,4.652699947357178,249.9230194091797,0.0002909504109993577,198253.109375,0.4294379651546478
75700.0,1,0.0,-4197325.0,5.831232070922852,301.8303527832031,4.465185338631272e-05,199315.171875,0.4271496534347534
75700.0,2,0.0,-4197276.0,10.518636703491211,345.2300109863281,9.911530651152134e-05,197594.421875,0.4308694899082184
75700.0,3,0.0,-4197219.5,10.77209758758545,399.64825439453125,0.00015988561790436506,198713.5,0.428443044424057
75700.0,4,0.0,-4197171.5,9.401105880737305,448.9440612792969,-0.00020597793627530336,198286.890625,0.42936477065086365
75800.0,0,0.0,-4197369.5,4.66580057144165,251.34326171875,-7.1190414018929e-05,198398.46875,0.42912331223487854
75800.0,1,0.0,-4197329.0,5.595085620880127,302.7018127441406,-0.00018792366608977318,199417.71875,0.4269300401210785
75800.0,2,0.0,-4197277.0,8.65831184387207,348.6434631347656,0.00021632504649460316,197689.75,0.43066170811653137
75800.0,3,0.0,-4197225.5,9.704634666442871,397.8085632324219,1.3538403436541557e-05,198827.5,0.42819729447364807
75800.0,4,0.0,-4197176.0,9.702984809875488,446.5091552734375,-0.00017622008454054594,198396.21875,0.4291282594203949
75900.0,0,0.0,-4197367.5,4.827782154083252,250.00271606445312,-0.0001364085474051535,198518.015625,0.42886489629745483
75900.0,1,0.0,-4197327.0,5.594249248504639,297.17205810546875,0.00014996674144640565,199535.265625,0.42667853832244873
75900.0,2,0.0,-4197275.0,10.069178581237793,353.18988037109375,8.942675776779652e-05,197789.09375,0.4304453134536743
75900.0,3,0.0,-4197227.0,11.079254150390625,391.65765380859375,0.0006083456100896001,198944.109375,0.4279463589191437
75900.0,4,0.0,-4197183.0,10.667413711547852,450.3394470214844,2.9246322810649872e-05,198511.1875,0.42887964844703674
76000.0,0,0.0,-4197369.0,4.751879692077637,250.91781616210938,-0.0002366906264796853,198615.703125,0.4286539554595947
76000.0,1,0.0,-4197329.5,5.7136759757995605,297.5464782714844,-0.00029104825807735324,199667.921875,0.4263949692249298
76000.0,2,0.0,-4197271.5,9.997763633728027,356.92413330078125,-0.0004258574917912483,197928.015625,0.43014320731163025
76000.0,3,0.0,-4197232.5,10.562111854553223,397.7270812988281,0.0005501102423295379,199063.25,0.4276902675628662
76000.0,4,0.0,-4197177.5,10.98662281036377,445.69091796875,0.00014424987602978945,198630.25,0.42862260341644287
76100.0,0,0.0,-4197369.0,4.848176956176758,249.50997924804688,-0.0002365138498134911,198716.0,0.42843759059906006
76100.0,1,0.0,-4197331.5,5.114978790283203,299.84210205078125,0.0001316558918915689,199792.8125,0.4261285066604614
76100.0,2,0.0,-4197264.5,10.569637298583984,354.1198425292969,-0.0004832862177863717,198088.375,0.4297950565814972
76100.0,3,0.0,-4197223.5,10.119004249572754,393.69122314453125,-0.0002334472956135869,199183.546875,0.4274319112300873
76100.0,4,0.0,-4197183.0,9.660848617553711,452.8121337890625,4.454993177205324e-05,198748.953125,0.42836660146713257
76200.0,0,0.0,-4197371.0,5.547043323516846,250.04733276367188,0.00037656500353477895,198837.03125,0.4281768202781677
76200.0,1,0.0,-4197328.0,6.177645206451416,297.4901428222656,0.0003638805355876684,199893.78125,0.4259132742881775
76200.0,2,0.0,-4197268.5,9.553979873657227,358.9188537597656,0.000205523450858891,198192.15625,0.4295700192451477
76200.0,3,0.0,-4197221.0,12.909608840942383,395.8472595214844,-0.0003105386858806014,199299.96875,0.42718222737312317
76200.0,4,0.0,-4197179.0,9.227932929992676,448.9143981933594,2.8423964977264404e-05,198863.953125,0.42811888456344604
76300.0,0,0.0,-4197372.0,4.956626892089844,249.6647186279297,0.00019224209245294333,198972.875,0.4278844892978668
76300.0,1,0.0,-4197330.5,5.787921905517578,303.2875061035156,0.00020571105415001512,199979.75,0.4257301390171051
76300.0,2,0.0,-4197270.0,15.68172836303711,352.5224609375,6.996362935751677e-05,198265.71875,0.42941057682037354
76300.0,3,0.0,-4197223.5,9.21298599243164,400.84564208984375,-0.00033787323627620935,199409.125,0.4269483685493469
76300.0,4,0.0,-4197183.5,12.451070785522461,455.7714538574219,-0.0003279779339209199,198975.546875,0.427878737449646
76400.0,0,0.0,-4197370.0,5.399315357208252,247.55255126953125,8.545868331566453e-05,199091.921875,0.42762863636016846
76400.0,1,0.0,-4197324.5,5.343586444854736,299.8515930175781,0.0001212776405736804,200081.0625,0.4255146384239197
76400.0,2,0.0,-4197277.5,11.317607879638672,353.3424072265625,-6.908457726240158e-05,198349.265625,0.4292297065258026
76400.0,3,0.0,-4197223.5,11.091950416564941,405.6473693847656,1.0464806109666824e-05,199516.75,0.4267181158065796
76400.0,4,0.0,-4197174.5,9.915461540222168,447.85528564453125,-0.0004268160555511713,199090.34375,0.42763206362724304
76500.0,0,0.0,-4197373.0,5.065814971923828,251.58261108398438,0.00015301571693271399,199169.375,0.4274623394012451
76500.0,1,0.0,-4197323.5,6.687896251678467,303.9637145996094,-0.00015116605209186673,200239.875,0.4251771867275238
76500.0,2,0.0,-4197275.0,11.995450973510742,349.9752197265625,-0.00019183801487088203,198471.125,0.428966224193573
76500.0,3,0.0,-4197221.0,10.999015808105469,400.3700256347656,-0.0003666914999485016,199636.953125,0.4264611601829529
76500.0,4,0.0,-4197181.0,13.392528533935547,453.9998474121094,0.0006320138927549124,199217.65625,0.4273587763309479
76600.0,0,0.0,-4197366.5,5.715440273284912,246.64515686035156,0.00015045463806018233,199211.6875,0.4273715317249298
76600.0,1,0.0,-4197316.0,5.717851638793945,304.5989074707031,5.3211115300655365e-06,200394.453125,0.42484915256500244
76600.0,2,0.0,-4197270.0,9.956915855407715,346.6605224609375,0.0002450107713229954,198613.765625,0.4286581873893738
76600.0,3,0.0,-4197227.5,12.675613403320312,402.34686279296875,0.0006225504912436008,199771.875,0.4261731803417206
76600.0,4,0.0,-4197184.0,12.722314834594727,459.32086181640625,0.00024220591876655817,199348.8125,0.42707762122154236
76700.0,0,0.0,-4197369.0,5.340755462646484,255.7815399169922,-0.0005175519618205726,199248.953125,0.427291601896286
76700.0,1,0.0,-4197318.5,5.2116289138793945,308.8664855957031,-0.00015352736227214336,200489.90625,0.42464685440063477
76700.0,2,0.0,-4197277.0,8.672061920166016,352.4991149902344,0.0004240649286657572,198735.796875,0.4283949136734009
76700.0,3,0.0,-4197228.5,12.089677810668945,396.7389831542969,0.0004574521444737911,199896.25,0.4259079694747925
76700.0,4,0.0,-4197180.5,13.090721130371094,451.6207580566406,0.00023391179274767637,199460.75,0.4268379211425781
76800.0,0,0.0,-4197363.5,5.049434661865234,256.2524108886719,-0.0004429197288118303,199314.625,0.42715081572532654
76800.0,1,0.0,-4197324.5,5.589688301086426,306.8316650390625,0.0002956546959467232,200570.75,0.4244757294654846
76800.0,2,0.0,-4197271.0,11.254659652709961,352.54876708984375,-1.0789255611598492e-05,198839.421875,0.4281715750694275
76800.0,3,0.0,-4197232.0,10.844366073608398,394.7066345214844,0.0002251570113003254,199995.703125,0.4256962239742279
76800.0,4,0.0,-4197174.0,10.452627182006836,437.8969421386719,-8.293881546705961e-05,199555.46875,0.4266352951526642
76900.0,0,0.0,-4197367.5,5.024151802062988,259.2621154785156,0.0007201167172752321,199431.984375,0.4268994629383087
76900.0,1,0.0,-4197327.0,5.601473808288574,300.9107666015625,0.0003142557688988745,200670.28125,0.42426517605781555
76900.0,2,0.0,-4197267.5,10.437335014343262,346.0844421386719,-0.0005588411586359143,198944.09375,0.4279462993144989
76900.0,3,0.0,-4197228.0,10.639022827148438,390.07269287109375,-0.000543436617590487,200087.359375,0.42550116777420044
76900.0,4,0.0,-4197183.5,11.107622146606445,446.7757568359375,0.00029896036721765995,199656.203125,0.42642003297805786
77000.0,0,0.0,-4197369.5,5.300638198852539,254.19747924804688,0.00032637533149681985,199571.1875,0.42660173773765564
77000.0,1,0.0,-4197328.0,5.61562442779541,298.12261962890625,-0.00019513716688379645,200803.125,0.42398446798324585
77000.0,2,0.0,-4197283.0,8.345393180847168,355.73944091796875,0.0001492451410740614,199061.515625,0.4276939034461975
77000.0,3,0.0,-4197232.5,9.894923210144043,403.972412109375,-0.0005063432035967708,200201.875,0.42525777220726013
77000.0,4,0.0,-4197171.5,9.818623542785645,435.3535461425781,-0.0005281874909996986,199788.453125,0.42613786458969116
77100.0,0,0.0,-4197371.0,6.605903148651123,250.16566467285156,4.462129436433315e-05,199692.921875,0.42634162306785583
77100.0,1,0.0,-4197330.0,5.687075138092041,298.3182678222656,0.0002107903128489852,200941.375,0.42369288206100464
77100.0,2,0.0,-4197273.5,11.039750099182129,343.74517822265625,0.0002609302173368633,199188.015625,0.4274223744869232
77100.0,3,0.0,-4197224.0,15.05653190612793,399.5193786621094,-0.000197703018784523,200359.234375,0.4249238073825836
77100.0,4,0.0,-4197179.5,8.50642204284668,451.2002868652344,0.0003130999393761158,199936.921875,0.42582136392593384
77200.0,0,0.0,-4197372.5,5.1944708824157715,248.47035217285156,8.688162779435515e-05,199792.75,0.4261285960674286
77200.0,1,0.0,-4197333.5,5.39008092880249,302.7244873046875,0.0001839218894019723,201057.53125,0.42344799637794495
77200.0,2,0.0,-4197279.5,10.90195369720459,347.52227783203125,6.149010732769966e-05,199308.6875,0.4271635413169861
77200.0,3,0.0,-4197216.0,12.982314109802246,394.42523193359375,0.0005142064765095711,200495.328125,0.4246353507041931
77200.0,4,0.0,-4197177.0,10.776087760925293,457.5224304199219,-0.0007105967961251736,200048.03125,0.4255848228931427
77300.0,0,0.0,-4197368.5,5.033730983734131,244.3628692626953,-0.00018227013060823083,199890.890625,0.42591944336891174
77300.0,1,0.0,-4197329.5,5.193047046661377,301.27313232421875,-2.2617343347519636e-05,201160.890625,0.4232304096221924
77300.0,2,0.0,-4197274.5,11.935539245605469,346.916748046875,-0.0004947249544784427,199413.640625,0.4269386827945709
77300.0,3,0.0,-4197222.5,9.201396942138672,404.1896667480469,0.0005540414713323116,200580.359375,0.42445534467697144
77300.0,4,0.0,-4197179.0,10.873252868652344,464.67852783203125,0.0003083408810198307,200127.28125,0.42541638016700745
77400.0,0,0.0,-4197372.0,5.403267860412598,249.79249572753906,-0.00018499791622161865,200012.40625,0.4256605803966522
77400.0,1,0.0,-4197330.0,5.485785961151123,305.239013671875,-0.0002423707046546042,201270.53125,0.42299988865852356
77400.0,2,0.0,-4197272.5,8.033014297485352,352.0929260253906,-2.229458186775446e-05,199502.796875,0.4267479479312897
77400.0,3,0.0,-4197222.0,10.920559883117676,400.9960632324219,-1.279579009860754e-05,200654.203125,0.4242991805076599
77400.0,4,0.0,-4197181.0,12.018826484680176,464.88897705078125,0.000754751730710268,200208.84375,0.4252431094646454
77500.0,0,0.0,-4197371.0,4.880030155181885,252.4101104736328,3.2124167773872614e-05,200159.578125,0.4253476560115814
77500.0,1,0.0,-4197327.0,6.22981071472168,304.08050537109375,9.750056779012084e-05,201395.9375,0.4227364957332611
77500.0,2,0.0,-4197262.0,12.985507011413574,355.00006103515625,0.0003321690019220114,199590.15625,0.4265611469745636
77500.0,3,0.0,-4197224.5,11.43350601196289,401.21185302734375,0.00033456715755164623,200752.109375,0.42409220337867737
77500.0,4,0.0,-4197179.5,9.9805269241333,452.97161865234375,2.5604385882616043e-05,200337.890625,0.4249690771102905
77600.0,0,0.0,-4197367.5,5.930455684661865,250.80958557128906,6.831821519881487e-05,200284.4375,0.4250825345516205
77600.0,1,0.0,-4197323.0,5.965839862823486,300.4119567871094,0.0002813470200635493,201526.65625,0.42246225476264954
77600.0,2,0.0,-4197267.5,11.899415969848633,361.5890197753906,-0.00022539671044796705,199709.859375,0.42630547285079956
77600.0,3,0.0,-4197225.0,10.470803260803223,396.2359619140625,5.315057933330536e-06,200887.125,0.42380717396736145
77600.0,4,0.0,-4197179.5,13.142152786254883,441.5856628417969,-0.0002298495965078473,200507.09375,0.424610435962677
77700.0,0,0.0,-4197371.5,5.160000801086426,255.8242950439453,7.818016456440091e-05,200370.78125,0.4248993396759033
77700.0,1,0.0,-4197326.5,6.2768449783325195,300.4928894042969,-5.406804848462343e-05,201642.390625,0.42221975326538086
77700.0,2,0.0,-4197267.0,9.626578330993652,353.6438293457031,-0.0002533324295654893,199864.96875,0.425974577665329
77700.0,3,0.0,-4197220.5,8.896221160888672,390.8667907714844,-0.0008111918577924371,201022.890625,0.42352095246315
77700.0,4,0.0,-4197178.0,8.776989936828613,438.0174255371094,-0.00033249473199248314,200630.953125,0.4243483543395996
77800.0,0,0.0,-4197371.0,4.6072211265563965,252.66629028320312,0.0002542737638577819,200447.578125,0.42473652958869934
77800.0,1,0.0,-4197328.0,6.503798484802246,295.0049743652344,0.00020866957493126392,201727.609375,0.4220414161682129
77800.0,2,0.0,-4197272.5,11.328885078430176,356.5644226074219,-0.0004267045296728611,199990.5625,0.4257071316242218
77800.0,3,0.0,-4197228.0,13.222745895385742,397.48846435546875,-0.00043080479372292757,201140.21875,0.4232739508152008
77800.0,4,0.0,-4197178.5,11.960967063903809,443.4919738769531,4.221335984766483e-06,200731.71875,0.42413529753685
77900.0,0,0.0,-4197373.5,5.35576057434082,248.91073608398438,0.0003090525569859892,200556.890625,0.4245050251483917
77900.0,1,0.0,-4197332.0,5.341619968414307,293.909912109375,-3.228540299460292e-05,201781.828125,0.4219280183315277
77900.0,2,0.0,-4197266.5,10.531736373901367,348.8157958984375,8.543499279767275e-05,200078.734375,0.4255194664001465
77900.0,3,0.0,-4197228.0,11.556692123413086,402.2213439941406,-0.00017047254368662834,201248.015625,0.4230472147464752
77900.0,4,0.0,-4197183.0,10.52855396270752,453.7440185546875,0.00010121590457856655,200837.375,0.4239121973514557
78000.0,0,0.0,-4197375.5,4.8961029052734375,245.60011291503906,-0.0001341977040283382,200730.890625,0.42413705587387085
78000.0,1,0.0,-4197329.0,6.007890224456787,291.42132568359375,0.00014356226893141866,201832.984375,0.42182108759880066
78000.0,2,0.0,-4197274.0,9.793288230895996,351.2320861816406,0.0005023419507779181,200163.0,0.4253403842449188
78000.0,3,0.0,-4197223.0,10.272968292236328,408.819091796875,0.0004081751685589552,201360.625,0.4228105843067169
78000.0,4,0.0,-4197174.5,10.52795696258545,449.9466247558594,0.0006681455997750163,200959.59375,0.4236544370651245
78100.0,0,0.0,-4197373.5,5.2473039627075195,243.59666442871094,-0.0003802573191933334,200871.9375,0.4238392114639282
78100.0,1,0.0,-4197328.0,5.5134148597717285,295.3829650878906,0.0002475904766470194,201920.640625,0.42163795232772827
78100.0,2,0.0,-4197273.5,14.21800422668457,348.2348937988281,-1.721433363854885e-05,200278.28125,0.4250955581665039
78100.0,3,0.0,-4197219.0,10.40085220336914,410.6053161621094,0.0004362115287221968,201487.109375,0.42254525423049927
78100.0,4,0.0,-4197173.5,13.3722505569458,453.6606750488281,-0.00015496404375880957,201090.8125,0.4233779311180115
78200.0,0,0.0,-4197375.5,6.455827236175537,249.01808166503906,-0.00018222659127786756,200972.578125,0.42362698912620544
78200.0,1,0.0,-4197328.5,6.178878307342529,301.9892272949219,-0.00011239765444770455,202069.1875,0.42132800817489624
78200.0,2,0.0,-4197270.5,11.238600730895996,345.4603576660156,-0.00032941566314548254,200431.609375,0.4247703552246094
78200.0,3,0.0,-4197214.5,10.12871265411377,405.6105651855469,-0.00086452707182616,201619.34375,0.4222680330276489
78200.0,4,0.0,-4197175.5,13.545111656188965,453.0953063964844,0.00011739693582057953,201209.984375,0.4231272339820862
78300.0,0,0.0,-4197372.5,5.42902135848999,249.826904296875,0.00028491238481365144,201073.296875,0.42341479659080505
78300.0,1,0.0,-4197325.5,5.441159725189209,300.95428466796875,-0.00016016996232792735,202215.515625,0.4210231602191925
78300.0,2,0.0,-4197270.0,11.364203453063965,341.9794006347656,0.00026092969346791506,200561.984375,0.4244942367076874
78300.0,3,0.0,-4197220.0,11.239999771118164,403.13287353515625,3.630341961979866e-05,201731.40625,0.42203351855278015
78300.0,4,0.0,-4197173.5,14.119959831237793,444.2840881347656,8.566828910261393e-05,201311.453125,0.42291390895843506
78400.0,0,0.0,-4197372.0,4.98148250579834,251.31155395507812,0.00028791234944947064,201191.109375,0.42316684126853943
78400.0,1,0.0,-4197329.0,5.871511936187744,304.8709716796875,-8.741539204493165e-05,202320.21875,0.4208051860332489
78400.0,2,0.0,-4197270.0,13.006567001342773,345.28240966796875,0.00014133995864540339,200654.828125,0.4242977797985077
78400.0,3,0.0,-4197225.0,10.834593772888184,397.180419921875,-3.5227276384830475e-06,201816.328125,0.4218558967113495
78400.0,4,0.0,-4197183.0,13.147099494934082,443.65985107421875,-7.819081656634808e-05,201409.796875,0.4227074086666107
78500.0,0,0.0,-4197368.5,5.25678014755249,248.30393981933594,6.389850750565529e-05,201324.4375,0.42288661003112793
78500.0,1,0.0,-4197328.5,5.928897857666016,302.70257568359375,0.000328538182657212,202409.15625,0.4206204414367676
78500.0,2,0.0,-4197274.0,11.006778717041016,348.9883117675781,-1.625914592295885e-05,200741.96875,0.4241136312484741
78500.0,3,0.0,-4197236.5,10.231430053710938,408.22454833984375,0.00030246167443692684,201897.0,0.4216873347759247
78500.0,4,0.0,-4197185.5,10.68547534942627,439.5563049316406,-0.00016872829291969538,201535.9375,0.42244285345077515
78600.0,0,0.0,-4197367.0,5.613693714141846,246.42138671875,0.0001691147335804999,201450.03125,0.422622948884964
78600.0,1,0.0,-4197326.5,6.328115463256836,299.2660217285156,8.067907765507698e-05,202513.359375,0.4204038381576538
78600.0,2,0.0,-4197271.0,10.732759475708008,344.7899169921875,-0.0005434198537841439,200850.828125,0.42388373613357544
78600.0,3,0.0,-4197223.0,13.086007118225098,393.888916015625,-0.00033385935239493847,202015.890625,0.42143914103507996
78600.0,4,0.0,-4197183.0,10.757942199707031,441.3055419921875,2.367061097174883e-05,201700.328125,0.4220985770225525
78700.0,0,0.0,-4197372.5,4.83906364440918,251.7618408203125,-4.035833990201354e-05,201554.515625,0.42240387201309204
78700.0,1,0.0,-4197327.5,6.402590751647949,298.2450256347656,3.269355511292815e-05,202657.203125,0.420105516910553
78700.0,2,0.0,-4197274.0,12.383893966674805,351.98175048828125,0.0001375780557282269,200980.6875,0.4236098825931549
78700.0,3,0.0,-4197225.0,14.570438385009766,398.0441589355469,0.000503192248288542,202183.0,0.4210908114910126
78700.0,4,0.0,-4197181.5,9.761955261230469,447.5132751464844,0.0006600032211281359,201825.109375,0.42183756828308105
78800.0,0,0.0,-4197369.0,5.467391490936279,247.93783569335938,-5.576672265306115e-05,201648.34375,0.4222073256969452
78800.0,1,0.0,-4197327.5,5.708456993103027,297.46197509765625,0.00012137211160734296,202804.65625,0.4198000431060791
78800.0,2,0.0,-4197268.0,10.579582214355469,349.8320617675781,0.00036806799471378326,201107.53125,0.4233427047729492
78800.0,3,0.0,-4197219.5,10.972861289978027,394.637451171875,0.0003638234920799732,202313.53125,0.4208192229270935
78800.0,4,0.0,-4197182.5,11.523611068725586,453.83453369140625,0.0002476113149896264,201904.0625,0.4216725826263428
78900.0,0,0.0,-4197372.0,4.880786895751953,251.44175720214844,-5.569169297814369e-05,201761.859375,0.42196977138519287
78900.0,1,0.0,-4197326.5,5.371374607086182,296.99169921875,-7.214961806312203e-05,202908.59375,0.41958504915237427
78900.0,2,0.0,-4197272.5,15.011283874511719,353.00830078125,-0.000145537662319839,201223.328125,0.4230991005897522
78900.0,3,0.0,-4197220.5,10.708114624023438,399.1769714355469,5.520868580788374e-05,202404.65625,0.42062968015670776
78900.0,4,0.0,-4197173.5,10.538784980773926,447.76214599609375,-6.297498475760221e-05,201981.171875,0.42151159048080444
79000.0,0,0.0,-4197370.0,4.618798732757568,249.735107421875,-8.523010183125734e-05,201926.296875,0.42162618041038513
79000.0,1,0.0,-4197327.5,5.539353847503662,301.8873291015625,0.0001433580182492733,202989.0625,0.41941869258880615
79000.0,2,0.0,-4197269.5,12.435003280639648,344.57965087890625,-0.00043514231219887733,201333.0,0.4228685796260834
79000.0,3,0.0,-4197221.0,17.74106216430664,402.4938049316406,4.298798739910126e-05,202495.546875,0.4204409122467041
79000.0,4,0.0,-4197180.0,9.71332836151123,457.6658935546875,-0.00042783853132277727,202089.828125,0.4212850332260132
79100.0,0,0.0,-4197370.5,5.563937187194824,251.78509521484375,0.00021696131443604827,202070.90625,0.42132440209388733
79100.0,1,0.0,-4197324.5,6.1275482177734375,303.9461975097656,-3.734871279448271e-05,203083.0,0.4192247688770294
79100.0,2,0.0,-4197277.0,9.608877182006836,346.791748046875,-0.00013201823458075523,201446.984375,0.42262929677963257
79100.0,3,0.0,-4197216.0,12.0070219039917,402.386474609375,-0.0003833221271634102,202611.546875,0.4202001690864563
79100.0,4,0.0,-4197178.0,9.486412048339844,452.8833312988281,-0.00043371610809117556,202232.9375,0.4209868311882019
79200.0,0,0.0,-4197368.5,5.562688827514648,251.03257751464844,0.0004068829584866762,202157.265625,0.42114442586898804
79200.0,1,0.0,-4197326.5,5.394054412841797,308.3690490722656,3.5525939892977476e-05,203247.0625,0.4188863933086395
79200.0,2,0.0,-4197271.5,9.256834983825684,340.42254638671875,0.0003783914726227522,201572.015625,0.4223671555519104
79200.0,3,0.0,-4197220.5,10.799578666687012,401.3096923828125,2.691557165235281e-05,202749.71875,0.41991379857063293
79200.0,4,0.0,-4197171.5,9.703248977661133,444.5381164550781,-0.0001627366291359067,202366.5625,0.42070892453193665
79300.0,0,0.0,-4197368.5,5.141737937927246,250.35165405273438,0.0002270034165121615,202233.625,0.4209854006767273
79300.0,1,0.0,-4197321.5,5.72304105758667,300.12518310546875,-1.5388010069727898e-05,203419.765625,0.4185306429862976
79300.0,2,0.0,-4197280.0,10.074247360229492,352.20782470703125,0.00020067772129550576,201701.34375,0.4220963716506958
79300.0,3,0.0,-4197225.5,10.302348136901855,399.6040954589844,-9.800272528082132e-05,202878.8125,0.41964665055274963
79300.0,4,0.0,-4197179.5,9.62402057647705,447.32525634765625,5.1949755288660526e-05,202478.34375,0.42047667503356934
79400.0,0,0.0,-4197370.5,5.589895725250244,251.33799743652344,-0.0003019450814463198,202333.84375,0.42077693343162537
79400.0,1,0.0,-4197328.0,5.538355827331543,299.90704345703125,0.0003082280163653195,203518.0625,0.41832858324050903
79400.0,2,0.0,-4197272.5,10.726269721984863,353.31829833984375,-0.00015663215890526772,201814.828125,0.4218589961528778
79400.0,3,0.0,-4197227.5,10.551033020019531,393.9952697753906,0.00021845148876309395,202990.28125,0.4194161593914032
79400.0,4,0.0,-4197185.0,9.202219009399414,447.905517578125,0.00046198483323678374,202584.375,0.42025652527809143
79500.0,0,0.0,-4197369.5,4.996572971343994,247.24154663085938,-0.0002990093780681491,202470.515625,0.42049285769462585
79500.0,1,0.0,-4197329.0,5.90430212020874,295.5478210449219,0.0002429507439956069,203605.84375,0.4181481897830963
79500.0,2,0.0,-4197274.0,12.887137413024902,361.2207946777344,-0.00040970579721033573,201907.390625,0.42166566848754883
79500.0,3,0.0,-4197231.5,10.86727237701416,396.6084289550781,-0.0005554506788030267,203098.734375,0.41919219493865967
79500.0,4,0.0,-4197183.0,10.686071395874023,444.4919128417969,0.0001667221076786518,202699.796875,0.4200173020362854
79600.0,0,0.0,-4197373.0,5.218216896057129,248.19174194335938,-7.8633485827595e-05,202608.6875,0.42020612955093384
79600.0,1,0.0,-4197331.5,5.639093399047852,297.36151123046875,-0.0004006235976703465,203714.296875,0.41792553663253784
79600.0,2,0.0,-4197269.0,10.334590911865234,356.6485595703125,0.00034161179792135954,201998.703125,0.42147502303123474
79600.0,3,0.0,-4197229.0,10.507100105285645,400.2796630859375,0.00031451229006052017,203215.75,0.4189509153366089
79600.0,4,0.0,-4197183.5,11.349897384643555,448.76080322265625,0.000328421825543046,202828.765625,0.4197501838207245
79700.0,0,0.0,-4197372.5,5.136024475097656,245.9681854248047,0.00025336461840197444,202724.53125,0.4199659824371338
79700.0,1,0.0,-4197331.5,5.349471092224121,300.10791015625,0.0001519733341410756,203853.53125,0.4176401197910309
79700.0,2,0.0,-4197270.5,10.854752540588379,355.4590759277344,0.00019619474187493324,202123.375,0.4212149977684021
79700.0,3,0.0,-4197224.5,13.055452346801758,402.4996337890625,0.0007789187948219478,203339.6875,0.41869547963142395
79700.0,4,0.0,-4197173.5,14.353448867797852,448.4727478027344,0.00014672998804599047,202956.953125,0.4194851219654083
79800.0,0,0.0,-4197374.5,4.801113128662109,249.97181701660156,0.000251463265158236,202829.765625,0.41974809765815735
79800.0,1,0.0,-4197328.5,5.019068241119385,300.5204162597656,0.0002248510136269033,203993.71875,0.4173530638217926
79800.0,2,0.0,-4197272.5,11.694252967834473,345.1031188964844,-0.000387697946280241,202284.6875,0.42087915539741516
79800.0,3,0.0,-4197221.5,12.196144104003906,403.84228515625,-0.00022789090871810913,203462.75,0.4184422194957733
79800.0,4,0.0,-4197168.0,11.638477325439453,457.5995178222656,-0.00018337066285312176,203063.625,0.4192647337913513
79900.0,0,0.0,-4197370.0,4.8454813957214355,250.5234832763672,0.0001120322267524898,202942.5,0.41951486468315125
79900.0,1,0.0,-4197324.5,5.854013442993164,299.0995178222656,0.00014556036330759525,204103.296875,0.41712912917137146
79900.0,2,0.0,-4197277.5,9.930977821350098,345.5393371582031,-0.00025550590362399817,202408.96875,0.42062070965766907
79900.0,3,0.0,-4197219.0,9.798687934875488,403.03167724609375,-0.00018709793221205473,203582.046875,0.41819703578948975
79900.0,4,0.0,-4197167.0,10.668959617614746,456.51806640625,-0.00011385302059352398,203141.078125,0.4191049039363861
80000.0,0,0.0,-4197368.5,5.0417585372924805,254.52346801757812,9.037298150360584e-05,203070.59375,0.41925033926963806
80000.0,1,0.0,-4197327.0,5.257479190826416,302.6591491699219,-0.00013595691416412592,204194.65625,0.41694241762161255
80000.0,2,0.0,-4197279.0,10.2723388671875,350.8240051269531,-0.000125872902572155,202493.765625,0.4204445481300354
80000.0,3,0.0,-4197228.0,9.248000144958496,404.1878967285156,-0.00015152001287788153,203699.28125,0.4179563522338867
80000.0,4,0.0,-4197169.0,8.696518898010254,450.0198669433594,-0.0003994120052084327,203208.125,0.4189666509628296
80100.0,0,0.0,-4197366.5,5.675815582275391,253.6964111328125,1.549412263557315e-05,203201.78125,0.41897961497306824
80100.0,1,0.0,-4197325.5,5.8895978927612305,299.59808349609375,-4.239589907228947e-05,204298.109375,0.41673123836517334
80100.0,2,0.0,-4197274.0,11.045387268066406,350.8152770996094,0.00022993679158389568,202577.796875,0.420270174741745
80100.0,3,0.0,-4197224.0,10.09800910949707,388.3673400878906,-0.00026888365391641855,203817.90625,0.41771307587623596
80100.0,4,0.0,-4197177.0,9.146282196044922,448.8272705078125,0.0005360039067454636,203304.71875,0.418767511844635
80200.0,0,0.0,-4197369.5,4.683332920074463,254.3795623779297,-1.220538979396224e-05,203310.203125,0.4187561869621277
80200.0,1,0.0,-4197326.5,5.953001022338867,299.55023193359375,0.0002763391239568591,204444.546875,0.41643285751342773
80200.0,2,0.0,-4197271.0,9.449942588806152,349.6926574707031,0.0002985041355714202,202692.9375,0.42003142833709717
80200.0,3,0.0,-4197238.5,10.474282264709473,401.00042724609375,0.00018086610361933708,203939.84375,0.4174633324146271
80200.0,4,0.0,-4197182.0,9.252837181091309,454.6993103027344,-1.6446341760456562e-05,203462.828125,0.4184420704841614
80300.0,0,0.0,-4197372.5,5.37791109085083,253.2351837158203,-0.0003153142752125859,203382.0,0.4186083972454071
80300.0,1,0.0,-4197326.0,5.250847339630127,297.5498962402344,-0.00014924723654985428,204601.328125,0.41611364483833313
80300.0,2,0.0,-4197271.5,9.645552635192871,355.4346008300781,0.00038176472298800945,202838.3125,0.41973036527633667
80300.0,3,0.0,-4197227.0,12.645337104797363,393.6158142089844,-9.078066796064377e-07,204064.0,0.41720932722091675
80300.0,4,0.0,-4197188.0,10.567899703979492,457.5404968261719,0.00011393788736313581,203610.046875,0.4181395471096039
80400.0,0,0.0,-4197371.5,5.24724817276001,249.2997589111328,2.3117405362427235e-05,203438.28125,0.41849255561828613
80400.0,1,0.0,-4197330.0,5.166551113128662,301.4092712402344,0.00030240201158449054,204702.953125,0.415907084941864
80400.0,2,0.0,-4197269.0,9.897440910339355,349.9156494140625,-0.00010935182217508554,202970.359375,0.419457346200943
80400.0,3,0.0,-4197221.5,10.815180778503418,394.2872619628906,-2.3611937649548054e-05,204183.203125,0.4169658124446869
80400.0,4,0.0,-4197177.5,9.358501434326172,448.3090515136719,-0.0007237483514472842,203711.53125,0.4179312586784363
80500.0,0,0.0,-4197373.5,5.358831882476807,250.87648010253906,0.00021850853227078915,203516.375,0.41833198070526123
80500.0,1,0.0,-4197326.5,5.596701622009277,297.6612854003906,5.74106234125793e-05,204775.15625,0.41576045751571655
80500.0,2,0.0,-4197272.5,9.56455135345459,347.9544372558594,0.0002202977193519473,203083.453125,0.41922369599342346
80500.0,3,0.0,-4197227.0,9.794099807739258,406.19024658203125,0.0001648657489567995,204288.734375,0.41675037145614624
80500.0,4,0.0,-4197175.5,9.706103324890137,445.8097839355469,-5.0314352847635746e-05,203801.515625,0.4177466928958893
80600.0,0,0.0,-4197371.0,5.116331577301025,247.7279052734375,0.0003727586881723255,203657.296875,0.41804251074790955
80600.0,1,0.0,-4197331.0,5.465723514556885,302.44805908203125,-5.6631164625287056e-05,204857.75,0.4155927896499634
80600.0,2,0.0,-4197278.5,11.95514965057373,348.1319274902344,-0.0003086910583078861,203193.359375,0.41899701952934265
80600.0,3,0.0,-4197227.0,10.72113037109375,409.7660827636719,0.00038178206887096167,204390.734375,0.4165424108505249
80600.0,4,0.0,-4197179.5,12.981894493103027,448.8764343261719,3.578490577638149e-05,203910.5625,0.41752326488494873
80700.0,0,0.0,-4197370.5,5.331849575042725,247.8087921142578,0.00019398500444367528,203812.765625,0.4177236258983612
80700.0,1,0.0,-4197330.5,5.702903747558594,301.7449951171875,0.0002830932498909533,204980.671875,0.415343701839447
80700.0,2,0.0,-4197269.5,11.025771141052246,340.24017333984375,-0.00034601427614688873,203310.5625,0.418755441904068
80700.0,3,0.0,-4197228.5,10.45047664642334,409.1384582519531,-0.0004882401553913951,204510.96875,0.4162975549697876
80700.0,4,0.0,-4197177.0,11.627725601196289,445.6898498535156,7.633969653397799e-05,204052.984375,0.4172319769859314
80800.0,0,0.0,-4197374.5,5.72209358215332,251.9503631591797,-0.00024765904527157545,203926.6875,0.41749027371406555
80800.0,1,0.0,-4197326.5,5.680643081665039,297.63189697265625,-0.0002145540784113109,205122.5,0.41505640745162964
80800.0,2,0.0,-4197274.0,9.277839660644531,345.43255615234375,-0.00033875019289553165,203437.375,0.41849443316459656
80800.0,3,0.0,-4197226.0,10.817150115966797,403.0573425292969,-8.631322998553514e-05,204656.0,0.416002482175827
80800.0,4,0.0,-4197185.0,10.683581352233887,454.59918212890625,3.3159274607896805e-05,204192.84375,0.4169461131095886
80900.0,0,0.0,-4197372.0,5.320358753204346,250.7094268798828,-5.528680048882961e-06,204019.9375,0.41729944944381714
80900.0,1,0.0,-4197327.5,5.716710090637207,300.1089782714844,8.882145630195737e-05,205249.90625,0.414798766374588
80900.0,2,0.0,-4197275.0,9.589455604553223,350.2027282714844,0.00035321281757205725,203562.546875,0.4182370901107788
80900.0,3,0.0,-4197224.5,13.368950843811035,396.79522705078125,-4.1382503695786e-05,204788.375,0.41573357582092285
80900.0,4,0.0,-4197175.0,12.434955596923828,441.5744323730469,0.0003018585266545415,204296.515625,0.4167345464229584
81000.0,0,0.0,-4197370.5,5.5333147048950195,251.0924072265625,-9.130628313869238e-05,204122.0625,0.4170907139778137
81000.0,1,0.0,-4197327.5,5.446542263031006,302.1919860839844,2.4706299882382154e-05,205361.625,0.414573073387146
81000.0,2,0.0,-4197273.5,9.483967781066895,353.12017822265625,0.000515260617248714,203674.171875,0.41800788044929504
81000.0,3,0.0,-4197230.5,12.803956031799316,398.8838806152344,0.0004561113892123103,204888.09375,0.4155312776565552
81000.0,4,0.0,-4197185.5,10.50825309753418,452.78997802734375,0.0005652580293826759,204378.578125,0.41656723618507385
81100.0,0,0.0,-4197367.5,5.106504440307617,250.93704223632812,-0.00011367612751200795,204258.4375,0.4168122410774231
81100.0,1,0.0,-4197328.0,5.389483451843262,305.9491882324219,0.00031838659197092056,205470.96875,0.4143524765968323
81100.0,2,0.0,-4197270.5,11.734681129455566,350.893310546875,0.00026590778725221753,203771.765625,0.4178076684474945
81100.0,3,0.0,-4197232.0,10.244063377380371,400.4052429199219,2.5971676222980022e-05,204976.625,0.4153517782688141
81100.0,4,0.0,-4197187.0,10.110429763793945,458.3960876464844,0.0005170739023014903,204473.9375,0.41637298464775085
81200.0,0,0.0,-4197366.0,5.72559118270874,252.40863037109375,0.0001196857774630189,204408.3125,0.4165065884590149
81200.0,1,0.0,-4197324.0,6.752832889556885,303.6298828125,5.73535799048841e-05,205593.828125,0.4141048789024353
81200.0,2,0.0,-4197271.5,10.914813041687012,352.2892761230469,-0.00035781320184469223,203872.40625,0.41760140657424927
81200.0,3,0.0,-4197224.5,9.06039810180664,396.5708923339844,-0.0002443058183416724,205089.140625,0.41512390971183777
81200.0,4,0.0,-4197179.5,9.659640312194824,450.9180908203125,-0.0007833852432668209,204656.1875,0.41600215435028076
81300.0,0,0.0,-4197370.0,5.198227882385254,256.038818359375,0.00036141675082035363,204518.6875,0.4162818193435669
81300.0,1,0.0,-4197324.5,5.410762786865234,301.15985107421875,-5.927769234403968e-05,205731.890625,0.4138270616531372
81300.0,2,0.0,-4197270.0,10.765535354614258,348.330322265625,-0.0006971053080633283,204007.34375,0.4173251986503601
81300.0,3,0.0,-4197221.0,10.540457725524902,401.7840270996094,-0.0006568469107151031,205252.109375,0.41479429602622986
81300.0,4,0.0,-4197179.0,11.484787940979004,457.15911865234375,-0.0003426792100071907,204820.421875,0.4156686067581177
81400.0,0,0.0,-4197368.0,5.612221717834473,248.46798706054688,0.00037320435512810946,204593.734375,0.41612911224365234
81400.0,1,0.0,-4197328.0,5.5381317138671875,298.26556396484375,3.8406054954975843e-05,205860.578125,0.41356831789016724
81400.0,2,0.0,-4197275.0,12.101338386535645,344.9069519042969,9.971257532015443e-05,204164.125,0.4170047342777252
81400.0,3,0.0,-4197208.0,10.854097366333008,397.7025451660156,-0.0003036551643162966,205396.84375,0.41450202465057373
81400.0,4,0.0,-4197174.0,12.884642601013184,450.25390625,2.1158484742045403e-06,204916.515625,0.41547369956970215
81500.0,0,0.0,-4197371.5,5.2268900871276855,246.35511779785156,1.1814059689640999e-05,204666.5,0.4159812033176422
81500.0,1,0.0,-4197329.5,5.550676345825195,294.7413635253906,-0.0004056100151501596,205959.765625,0.41336917877197266
81500.0,2,0.0,-4197278.5,14.409778594970703,348.46588134765625,0.00014163675950840116,204279.9375,0.41676828265190125
81500.0,3,0.0,-4197218.5,11.874189376831055,412.2307434082031,0.0003238244680687785,205486.203125,0.41432175040245056
81500.0,4,0.0,-4197183.0,10.690767288208008,455.6235656738281,4.155864007771015e-05,205003.953125,0.4152964651584625
81600.0,0,0.0,-4197378.0,4.758763313293457,251.57814025878906,-7.08489678800106e-05,204804.734375,0.41570037603378296
81600.0,1,0.0,-4197333.0,6.511972904205322,297.79248046875,0.00041007294203154743,206043.046875,0.41320210695266724
81600.0,2,0.0,-4197270.5,9.23009204864502,340.1006774902344,-0.00022191018797457218,204363.953125,0.4165969491004944
81600.0,3,0.0,-4197221.0,14.297916412353516,408.4410400390625,0.00038260844303295016,205564.25,0.4141644537448883
81600.0,4,0.0,-4197182.5,9.633610725402832,448.0409240722656,-0.0002562378067523241,205115.375,0.4150708019733429
81700.0,0,0.0,-4197373.0,5.4728803634643555,247.7465057373047,-0.00041106768185272813,204995.25,0.41531407833099365
81700.0,1,0.0,-4197329.0,6.620138168334961,297.1244812011719,0.00014353846199810505,206146.109375,0.41299545764923096
81700.0,2,0.0,-4197274.5,8.763333320617676,347.35943603515625,0.00016014196444302797,204452.015625,0.41641750931739807
81700.0,3,0.0,-4197219.5,9.431145668029785,395.6828308105469,0.0004424918442964554,205661.078125,0.4139694571495056
81700.0,4,0.0,-4197188.5,11.458436012268066,449.49432373046875,-3.95940151065588e-05,205262.609375,0.4147731363773346
81800.0,0,0.0,-4197369.0,5.452337741851807,247.3226318359375,2.7446425519883633e-05,205118.765625,0.4150640368461609
81800.0,1,0.0,-4197329.0,5.5228800773620605,302.8560485839844,-3.055145498365164e-05,206309.328125,0.41266879439353943
81800.0,2,0.0,-4197267.5,10.313361167907715,346.9746398925781,0.00045618851436302066,204581.140625,0.4161547124385834
81800.0,3,0.0,-4197228.0,12.027219772338867,400.9277038574219,0.00045667530503124,205784.28125,0.41372165083885193
81800.0,4,0.0,-4197186.5,9.773826599121094,447.2090759277344,0.000448009988758713,205401.984375,0.4144916534423828
81900.0,0,0.0,-4197370.5,6.478259563446045,252.4345245361328,0.00026246998459100723,205214.515625,0.41487032175064087
81900.0,1,0.0,-4197326.0,5.22272253036499,302.74560546875,7.409410318359733e-05,206465.234375,0.41235703229904175
81900.0,2,0.0,-4197267.0,10.117627143859863,353.0885314941406,9.430100908502936e-05,204741.0,0.4158298373222351
81900.0,3,0.0,-4197233.0,10.330302238464355,404.61785888671875,-0.0001501212827861309,205916.65625,0.41345566511154175
81900.0,4,0.0,-4197187.0,10.543449401855469,456.4803466796875,0.000521328765898943,205504.828125,0.41428425908088684
82000.0,0,0.0,-4197370.5,5.343315601348877,253.1444549560547,8.383009117096663e-05,205317.921875,0.41466134786605835
82000.0,1,0.0,-4197329.5,6.583465576171875,307.02935791015625,-1.1369702406227589e-06,206565.703125,0.4121565818786621
82000.0,2,0.0,-4197267.0,10.251692771911621,355.4479064941406,-0.00031846354249864817,204864.859375,0.41557833552360535
82000.0,3,0.0,-4197227.5,9.34621810913086,397.2377624511719,-4.860688932240009e-05,206040.8125,0.4132065176963806
82000.0,4,0.0,-4197175.5,11.697870254516602,455.05810546875,-3.1930976547300816e-05,205592.96875,0.4141066372394562
82100.0,0,0.0,-4197370.0,4.814295768737793,252.18667602539062,9.963964112102985e-05,205449.5,0.4143957793712616
82100.0,1,0.0,-4197325.0,5.288061618804932,299.9216613769531,0.00024324090918526053,206653.0,0.4119824767112732
82100.0,2,0.0,-4197275.5,9.507095336914062,358.132080078125,-0.00041841669008135796,204960.390625,0.4153846800327301
82100.0,3,0.0,-4197224.0,11.032608985900879,400.39605712890625,-0.0004832035629078746,206153.203125,0.412981241941452
82100.0,4,0.0,-4197166.5,9.524102210998535,455.44677734375,-0.0001510742586106062,205701.75,0.4138876497745514
82200.0,0,0.0,-4197368.5,5.881623268127441,248.12960815429688,1.9676401279866695e-05,205595.03125,0.4141024649143219
82200.0,1,0.0,-4197331.5,5.222169876098633,304.1520080566406,-0.0003545585786923766,206758.984375,0.4117712676525116
82200.0,2,0.0,-4197267.0,11.395902633666992,342.2828063964844,-0.00038779701571911573,205059.484375,0.415183961391449
82200.0,3,0.0,-4197226.5,8.996085166931152,407.321044921875,-0.0006567541277036071,206264.875,0.41275766491889954
82200.0,4,0.0,-4197174.5,10.3698148727417,464.44403076171875,1.764355693012476e-05,205868.90625,0.4135516285896301
82300.0,0,0.0,-4197372.5,6.882410526275635,251.3092803955078,0.0002451082691550255,205714.0625,0.4138628840446472
82300.0,1,0.0,-4197324.0,6.857900142669678,294.58209228515625,0.0001815763534978032,206892.90625,0.41150471568107605
82300.0,2,0.0,-4197277.0,10.835589408874512,349.6026306152344,0.00047118915244936943,205174.640625,0.4149509072303772
82300.0,3,0.0,-4197219.0,10.328644752502441,400.6836853027344,0.0005546652246266603,206391.25,0.41250500082969666
82300.0,4,0.0,-4197172.5,12.225163459777832,452.8587341308594,0.0002628038637340069,206022.625,0.41324302554130554
82400.0,0,0.0,-4197368.5,4.887640476226807,246.2493438720703,-0.0002789634163491428,205804.578125,0.4136808514595032
82400.0,1,0.0,-4197328.5,5.6874518394470215,299.2569580078125,1.2058240827172995e-05,207031.078125,0.41123008728027344
82400.0,2,0.0,-4197279.0,13.364293098449707,350.9709777832031,0.0004401708720251918,205302.796875,0.41469189524650574
82400.0,3,0.0,-4197210.5,13.611051559448242,392.5682373046875,0.00041355995927006006,206537.5625,0.41221269965171814
82400.0,4,0.0,-4197178.5,9.914450645446777,451.35003662109375,3.690854646265507e-05,206102.15625,0.413083553314209
82500.0,0,0.0,-4197372.5,4.443786144256592,250.60711669921875,-0.0002887608134187758,205894.5,0.4135001599788666
82500.0,1,0.0,-4197329.0,6.042194843292236,300.2476501464844,0.00018106040079146624,207151.828125,0.410990446805954
82500.0,2,0.0,-4197272.0,10.03103256225586,348.4910583496094,-0.00011806655675172806,205429.984375,0.41443514823913574
82500.0,3,0.0,-4197229.0,10.004976272583008,405.9985656738281,0.00030673888977617025,206668.109375,0.41195231676101685
82500.0,4,0.0,-4197179.0,10.2574462890625,450.3183898925781,-0.00013081508222967386,206167.953125,0.4129517078399658
82600.0,0,0.0,-4197371.5,5.413209915161133,249.1003875732422,7.433997234329581e-05,206031.359375,0.4132254719734192
82600.0,1,0.0,-4197325.0,6.595814228057861,296.6904296875,0.00025137484772130847,207261.359375,0.4107730984687805
82600.0,2,0.0,-4197276.5,12.15108585357666,359.3070068359375,-0.0004956488264724612,205545.734375,0.4142017662525177
82600.0,3,0.0,-4197229.0,11.047003746032715,397.8307189941406,-0.0004049625713378191,206758.671875,0.41177186369895935
82600.0,4,0.0,-4197173.0,12.752887725830078,444.3971252441406,0.0001122128451243043,206253.921875,0.4127795994281769
82700.0,0,0.0,-4197374.0,4.9297943115234375,252.28567504882812,0.00033906425232999027,206214.90625,0.41285768151283264
82700.0,1,0.0,-4197326.5,5.261544704437256,298.94818115234375,-0.00030821829568594694,207376.03125,0.41054606437683105
82700.0,2,0.0,-4197265.5,11.538519859313965,347.2000732421875,9.165296796709299e-05,205653.96875,0.4139837622642517
82700.0,3,0.0,-4197228.0,9.953322410583496,393.80230712890625,-0.0001420548651367426,206836.09375,0.41161778569221497
82700.0,4,0.0,-4197176.5,9.834972381591797,448.69329833984375,0.0006856583640910685,206376.9375,0.41253358125686646
82800.0,0,0.0,-4197372.0,5.203513145446777,251.0792999267578,0.0003886400954797864,206333.421875,0.41262054443359375
82800.0,1,0.0,-4197326.5,6.479603290557861,299.9844055175781,2.9836897738277912e-05,207506.90625,0.4102870523929596
82800.0,2,0.0,-4197270.5,10.198455810546875,354.1786804199219,9.053701069206e-05,205769.46875,0.41375139355659485
82800.0,3,0.0,-4197225.5,9.455480575561523,395.5799255371094,-0.0001702345907688141,206940.015625,0.4114110469818115
82800.0,4,0.0,-4197173.0,8.978531837463379,443.9438171386719,-0.0003512616967782378,206521.8125,0.41224420070648193
82900.0,0,0.0,-4197369.0,4.7969746589660645,249.81472778320312,6.649253191426396e-05,206417.9375,0.4124516248703003
82900.0,1,0.0,-4197330.0,5.892723560333252,304.50115966796875,-0.00019998278003185987,207648.171875,0.4100080132484436
82900.0,2,0.0,-4197272.0,10.303705215454102,347.3846740722656,0.00020174303790554404,205912.359375,0.4134642779827118
82900.0,3,0.0,-4197217.5,11.711665153503418,393.7994384765625,0.0004031965509057045,207101.625,0.4110899865627289
82900.0,4,0.0,-4197187.5,13.544754028320312,458.23883056640625,1.1580763384699821e-05,206648.8125,0.41199085116386414
83000.0,0,0.0,-4197370.5,5.303485870361328,253.85565185546875,-6.342062260955572e-05,206511.8125,0.4122641384601593
83000.0,1,0.0,-4197324.5,5.65227746963501,298.3713684082031,0.00029361306224018335,207764.015625,0.40977942943573
83000.0,2,0.0,-4197285.0,12.184142112731934,354.1510314941406,-0.0004384865751489997,206062.4375,0.4131631553173065
83000.0,3,0.0,-4197213.5,9.949185371398926,398.8995361328125,-0.0003650406142696738,207252.0625,0.4107916057109833
83000.0,4,0.0,-4197182.5,10.121437072753906,452.23040771484375,-0.0006531827384606004,206751.296875,0.41178664565086365
83100.0,0,0.0,-4197364.0,5.348822116851807,249.80316162109375,-0.00019232253544032574,206634.75,0.4120188355445862
83100.0,1,0.0,-4197329.5,5.594728469848633,303.1973571777344,0.00012221664655953646,207843.4375,0.40962281823158264
83100.0,2,0.0,-4197276.5,10.386259078979492,346.14923095703125,-3.5804579965770245e-05,206168.34375,0.41295090317726135
83100.0,3,0.0,-4197221.0,12.13801383972168,411.62152099609375,2.4365377612411976e-05,207358.0625,0.4105816185474396
83100.0,4,0.0,-4197177.0,11.278382301330566,444.984619140625,-0.00012951961252838373,206850.34375,0.41158947348594666
83200.0,0,0.0,-4197367.5,5.07805871963501,254.64862060546875,0.0002753178123384714,206777.21875,0.411734938621521
83200.0,1,0.0,-4197325.5,6.075862884521484,297.1667175292969,0.0002358223428018391,207919.015625,0.4094739556312561
83200.0,2,0.0,-4197278.5,9.481795310974121,352.67987060546875,0.0002931217895820737,206245.921875,0.4127955436706543
83200.0,3,0.0,-4197224.5,12.200033187866211,415.1819763183594,0.0004673294024541974,207455.0,0.4103897511959076
83200.0,4,0.0,-4197178.5,9.739384651184082,448.712646484375,0.00036309543065726757,206976.765625,0.41133803129196167
83300.0,0,0.0,-4197368.5,5.555252552032471,251.47531127929688,-0.00021952844690531492,206904.953125,0.41148075461387634
83300.0,1,0.0,-4197329.5,5.8977952003479,299.6200256347656,5.617510760203004e-05,208032.15625,0.4092511832714081
83300.0,2,0.0,-4197274.0,9.634042739868164,351.9833679199219,0.0003546969383023679,206333.28125,0.41262078285217285
83300.0,3,0.0,-4197225.0,13.333670616149902,400.61114501953125,-8.630228694528341e-05,207566.890625,0.41016852855682373
83300.0,4,0.0,-4197172.0,9.546955108642578,444.2618713378906,0.0001425143564119935,207142.375,0.41100919246673584
83400.0,0,0.0,-4197373.0,5.084409713745117,249.63323974609375,-0.00016072060680016875,207009.03125,0.41127386689186096
83400.0,1,0.0,-4197328.5,5.042123317718506,297.1942138671875,-0.00019396760035306215,208195.828125,0.4089294970035553
83400.0,2,0.0,-4197270.5,9.651209831237793,350.709228515625,-0.0007275048410519958,206469.96875,0.412347674369812
83400.0,3,0.0,-4197224.5,10.536849975585938,395.64105224609375,-4.09386120736599e-05,207699.125,0.40990740060806274
83400.0,4,0.0,-4197179.0,10.381022453308105,454.04693603515625,0.00020825490355491638,207272.171875,0.4107517898082733
83500.0,0,0.0,-4197373.5,4.5835185050964355,246.52992248535156,0.0004185928264632821,207108.5625,0.41107627749443054
83500.0,1,0.0,-4197329.5,5.585091590881348,298.9901428222656,5.605840124189854e-05,208336.578125,0.40865322947502136
83500.0,2,0.0,-4197273.0,11.63036823272705,351.8950500488281,-0.0004804193740710616,206630.953125,0.4120263457298279
83500.0,3,0.0,-4197226.0,10.157224655151367,395.2904968261719,-0.0005126649048179388,207834.015625,0.4096413552761078
83500.0,4,0.0,-4197175.5,10.308816909790039,451.148681640625,-0.00014100736007094383,207346.359375,0.410604864358902
83600.0,0,0.0,-4197372.5,5.202066421508789,245.6112518310547,0.00016368250362575054,207238.0,0.41081950068473816
83600.0,1,0.0,-4197326.0,5.739046573638916,298.4768371582031,-0.0001736983540467918,208436.046875,0.4084581732749939
83600.0,2,0.0,-4197275.5,10.730596542358398,351.3805236816406,0.0004950627917423844,206752.1875,0.41178470849990845
83600.0,3,0.0,-4197226.5,12.90199089050293,397.2733459472656,-4.783971235156059e-06,207954.734375,0.40940356254577637
83600.0,4,0.0,-4197181.0,9.435779571533203,453.9689025878906,0.00014178093988448381,207412.46875,0.41047394275665283
83700.0,0,0.0,-4197374.0,4.866723537445068,250.77857971191406,7.808388909325004e-05,207418.140625,0.4104626774787903
83700.0,1,0.0,-4197327.5,5.473255157470703,303.9278259277344,0.00018310040468350053,208528.984375,0.40827617049217224
83700.0,2,0.0,-4197276.5,11.629548072814941,352.7764892578125,0.0003097221488133073,206851.53125,0.41158702969551086
83700.0,3,0.0,-4197220.5,11.789929389953613,398.6957702636719,0.00018081406597048044,208066.828125,0.40918299555778503
83700.0,4,0.0,-4197181.5,11.192915916442871,448.9100646972656,7.206143345683813e-05,207506.6875,0.41028761863708496
83800.0,0,0.0,-4197369.0,5.230619430541992,249.76490783691406,-0.0004170592874288559,207548.34375,0.4102051854133606
83800.0,1,0.0,-4197328.0,5.404312610626221,307.69183349609375,0.00027220865013077855,208646.296875,0.4080466330051422
83800.0,2,0.0,-4197274.5,13.590314865112305,349.460205078125,-2.2754189558327198e-05,206956.53125,0.4113782048225403
83800.0,3,0.0,-4197224.5,11.220857620239258,406.0234680175781,0.00025971129070967436,208183.21875,0.4089542329311371
83800.0,4,0.0,-4197186.5,10.22222900390625,450.73736572265625,1.2534670531749725e-05,207640.71875,0.4100227653980255
83900.0,0,0.0,-4197370.0,5.487936973571777,252.80955505371094,-9.280815720558167e-05,207623.453125,0.41005679965019226
83900.0,1,0.0,-4197322.5,5.325659275054932,301.39227294921875,0.00016446365043520927,208798.859375,0.40774843096733093
83900.0,2,0.0,-4197269.5,9.222256660461426,344.00054931640625,-0.0008129085181280971,207079.78125,0.411133348941803
83900.0,3,0.0,-4197224.5,9.199275970458984,410.9437255859375,-0.0001527274725958705,208322.546875,0.4086807072162628
83900.0,4,0.0,-4197181.0,11.744176864624023,444.12158203125,-0.00013460114132612944,207780.0625,0.40974774956703186
84000.0,0,0.0,-4197370.0,4.798521518707275,253.20762634277344,5.0613656640052795e-05,207699.140625,0.40990737080574036
84000.0,1,0.0,-4197326.0,5.29970645904541,300.7411193847656,0.00027100282022729516,208938.203125,0.4074764847755432
84000.0,2,0.0,-4197282.0,11.40771484375,346.1997985839844,0.0004599657841026783,207211.71875,0.41087156534194946
84000.0,3,0.0,-4197222.5,11.1376953125,408.2815856933594,-0.00016157305799424648,208490.09375,0.4083522856235504
84000.0,4,0.0,-4197180.0,11.506614685058594,444.7127380371094,-0.0001882950309664011,207900.484375,0.40951037406921387
84100.0,0,0.0,-4197370.5,5.214845180511475,251.8635711669922,0.00016026984667405486,207807.15625,0.4096943438053131
84100.0,1,0.0,-4197326.5,6.080448150634766,293.0028076171875,8.771952707320452e-06,209035.734375,0.4072864353656769
84100.0,2,0.0,-4197281.0,12.969682693481445,337.21240234375,-8.314696606248617e-05,207335.859375,0.4106255769729614
84100.0,3,0.0,-4197220.5,10.247900009155273,396.49267578125,0.000847895978949964,208616.078125,0.40810567140579224
84100.0,4,0.0,-4197171.0,9.731788635253906,446.8572998046875,0.00031775888055562973,208008.46875,0.4092978537082672
84200.0,0,0.0,-4197369.0,5.551440238952637,248.7711181640625,0.00010184850543737411,207950.65625,0.40941160917282104
84200.0,1,0.0,-4197332.0,5.481795787811279,295.4012756347656,-0.00010320247383788228,209112.765625,0.40713638067245483
84200.0,2,0.0,-4197281.5,16.107219696044922,340.017578125,0.0003954700077883899,207449.890625,0.4103998839855194
84200.0,3,0.0,-4197229.0,12.803839683532715,396.1161804199219,-0.00014980242121964693,208696.703125,0.4079481065273285
84200.0,4,0.0,-4197176.0,10.526419639587402,460.78497314453125,-0.0005648606456816196,208121.625,0.4090752899646759
84300.0,0,0.0,-4197369.5,4.448251724243164,248.26890563964844,-1.518073258921504e-05,208089.640625,0.40913814306259155
84300.0,1,0.0,-4197328.0,5.838356018066406,292.8583679199219,-0.00033015530789270997,209210.59375,0.406946063041687
84300.0,2,0.0,-4197271.5,11.887307167053223,340.69879150390625,-0.00026367197278887033,207563.828125,0.41017457842826843
84300.0,3,0.0,-4197222.0,11.791231155395508,389.09857177734375,-0.0006451708031818271,208775.890625,0.407793253660202
84300.0,4,0.0,-4197176.0,11.911564826965332,463.0294189453125,8.364603854715824e-05,208255.453125,0.40881240367889404
84400.0,0,0.0,-4197370.0,4.706528186798096,248.4971466064453,0.00043613731395453215,208202.765625,0.40891581773757935
84400.0,1,0.0,-4197328.0,5.829972267150879,298.0401306152344,0.00022546970285475254,209402.375,0.40657326579093933
84400.0,2,0.0,-4197270.5,9.699596405029297,346.5563659667969,-0.0002932259812951088,207692.390625,0.4099206030368805
84400.0,3,0.0,-4197227.5,11.543135643005371,400.6529235839844,-0.000718464725650847,208894.015625,0.4075626730918884
84400.0,4,0.0,-4197176.5,10.481367111206055,461.5014343261719,-5.3394236601889133e-05,208400.6875,0.40852755308151245
84500.0,0,0.0,-4197370.5,4.93740701675415,249.31263732910156,-0.0004503797390498221,208305.875,0.4087134301662445
84500.0,1,0.0,-4197327.5,5.690701007843018,301.6090087890625,0.0002244767383672297,209561.4375,0.4062647223472595
84500.0,2,0.0,-4197271.5,9.419084548950195,353.0577087402344,0.0005248216912150383,207847.15625,0.4096154570579529
84500.0,3,0.0,-4197218.0,12.619404792785645,395.9091491699219,0.00017761054914444685,209056.75,0.4072454571723938
84500.0,4,0.0,-4197180.0,10.505908966064453,451.7576599121094,0.00019030412659049034,208515.890625,0.40830180048942566
84600.0,0,0.0,-4197371.5,5.049251079559326,251.11219787597656,3.543304046615958e-05,208422.265625,0.40848520398139954
84600.0,1,0.0,-4197329.5,5.546135902404785,305.4917297363281,0.00023837428307160735,209657.828125,0.40607789158821106
84600.0,2,0.0,-4197270.5,10.467928886413574,355.89923095703125,0.00022212846670299768,207984.65625,0.4093445837497711
84600.0,3,0.0,-4197214.0,11.48789119720459,396.2655334472656,0.0002945270389318466,209194.1875,0.4069778621196747
84600.0,4,0.0,-4197186.5,10.373845100402832,450.8797607421875,0.00016973295714706182,208594.171875,0.4081486165523529
84700.0,0,0.0,-4197369.0,4.8423686027526855,248.6095733642578,7.88898323662579e-05,208569.9375,0.40819597244262695
84700.0,1,0.0,-4197324.0,5.8229756355285645,299.3485412597656,0.0003451707889325917,209747.21875,0.4059048295021057
84700.0,2,0.0,-4197275.0,9.718647956848145,356.0946960449219,-0.00029085343703627586,208076.90625,0.4091631770133972
84700.0,3,0.0,-4197218.0,9.823394775390625,400.3021240234375,0.00035411870339885354,209294.296875,0.40678325295448303
84700.0,4,0.0,-4197182.5,11.24957275390625,448.27227783203125,-0.00020747119560837746,208667.96875,0.4080042541027069
84800.0,0,0.0,-4197371.5,4.915315628051758,252.05006408691406,-0.00016654992941766977,208720.0625,0.4079023599624634
84800.0,1,0.0,-4197326.0,5.811618804931641,300.2126770019531,1.2397009413689375e-05,209864.1875,0.4056786596775055
84800.0,2,0.0,-4197272.5,9.365777969360352,346.7179870605469,-0.0008541712304577231,208156.875,0.40900593996047974
84800.0,3,0.0,-4197224.0,10.05300521850586,401.7201843261719,-0.00018983997870236635,209389.359375,0.4065985381603241
84800.0,4,0.0,-4197177.5,10.978669166564941,446.5463562011719,6.0406397096812725e-05,208784.125,0.40777719020843506
84900.0,0,0.0,-4197368.5,5.2278289794921875,250.154541015625,0.00029660965083166957,208812.4375,0.40772193670272827
84900.0,1,0.0,-4197327.0,5.760219097137451,299.3684387207031,-0.000230599835049361,210018.984375,0.4053795635700226
84900.0,2,0.0,-4197279.0,11.067785263061523,349.2235107421875,-0.00014782347716391087,208262.9375,0.4087976813316345
84900.0,3,0.0,-4197232.0,10.124597549438477,402.6222839355469,-3.2845535315573215e-05,209508.8125,0.4063667058944702
84900.0,4,0.0,-4197171.5,12.957147598266602,443.1980285644531,-0.00025321904104202986,208955.296875,0.40744319558143616
85000.0,0,0.0,-4197370.0,5.215631484985352,252.3217315673828,0.00016931089339777827,208873.46875,0.40760281682014465
85000.0,1,0.0,-4197330.0,6.238220691680908,300.7011413574219,-0.00038565980503335595,210160.34375,0.40510690212249756
85000.0,2,0.0,-4197279.0,10.262358665466309,348.631591796875,0.0005956056993454695,208418.78125,0.40849199891090393
85000.0,3,0.0,-4197231.5,13.606550216674805,394.6519470214844,0.0001827039523050189,209658.34375,0.4060768485069275
85000.0,4,0.0,-4197170.5,9.64228630065918,447.1885681152344,0.00029248406644910574,209094.75,0.40717148780822754
85100.0,0,0.0,-4197366.5,6.18098783493042,248.32041931152344,0.00012924475595355034,208945.671875,0.4074619710445404
85100.0,1,0.0,-4197328.5,5.619479179382324,296.47735595703125,-1.7413636669516563e-05,210262.59375,0.4049099385738373
85100.0,2,0.0,-4197282.5,9.064969062805176,356.956298828125,0.0001849549589678645,208566.4375,0.40820276737213135
85100.0,3,0.0,-4197237.5,9.197108268737793,395.8797302246094,-0.00047194422222673893,209795.859375,0.40581071376800537
85100.0,4,0.0,-4197175.5,11.420120239257812,452.8872375488281,0.00010178098455071449,209198.5,0.4069695472717285
85200.0,0,0.0,-4197369.0,5.291731834411621,248.47984313964844,-0.0004946623812429607,209068.078125,0.4072233736515045
85200.0,1,0.0,-4197332.5,5.22544002532959,298.21380615234375,0.00021544273477047682,210352.9375,0.40473607182502747
85200.0,2,0.0,-4197273.0,11.379095077514648,352.85565185546875,0.00013337982818484306,208671.140625,0.4079979658126831
85200.0,3,0.0,-4197227.5,10.131759643554688,386.8843078613281,-0.0006947439396753907,209898.234375,0.40561285614967346
85200.0,4,0.0,-4197177.0,11.686768531799316,451.3929138183594,0.000154677196405828,209300.46875,0.4067712426185608
85300.0,0,0.0,-4197373.0,4.901774883270264,248.41526794433594,0.00013035564916208386,209223.671875,0.40692052245140076
85300.0,1,0.0,-4197329.5,6.235039234161377,295.03216552734375,0.000301483494695276,210467.4375,0.40451580286026
85300.0,2,0.0,-4197263.5,10.417802810668945,343.363037109375,-0.0006788294995203614,208762.78125,0.40781885385513306
85300.0,3,0.0,-4197226.5,9.792617797851562,393.42578125,0.00011986785102635622,209980.671875,0.40545353293418884
85300.0,4,0.0,-4197175.5,10.615154266357422,445.1456604003906,0.00011263648048043251,209421.625,0.40653592348098755
85400.0,0,0.0,-4197373.5,4.885919570922852,246.22422790527344,0.00026569038163870573,209355.234375,0.4066648781299591
85400.0,1,0.0,-4197331.5,5.665347099304199,301.8610534667969,0.00014299055328592658,210638.640625,0.40418702363967896
85400.0,2,0.0,-4197276.0,10.636781692504883,352.5844421386719,0.0003898463328368962,208872.140625,0.40760537981987
85400.0,3,0.0,-4197223.5,10.305752754211426,403.1080627441406,0.000430293963290751,210075.703125,0.40527015924453735
85400.0,4,0.0,-4197184.0,9.173811912536621,445.00439453125,-0.0004008782561868429,209561.984375,0.40626364946365356
85500.0,0,0.0,-4197372.5,5.632285118103027,246.76715087890625,-0.00017009233124554157,209461.421875,0.40645864605903625
85500.0,1,0.0,-4197323.0,6.755414962768555,299.3065185546875,4.3389853090047836e-05,210789.40625,0.4038979411125183
85500.0,2,0.0,-4197271.5,15.833483695983887,337.96417236328125,-2.826657146215439e-05,209012.3125,0.40733200311660767
85500.0,3,0.0,-4197215.0,9.202006340026855,400.5184020996094,6.263912655413151e-05,210242.0,0.4049495756626129
85500.0,4,0.0,-4197187.0,10.28238296508789,445.9302673339844,0.0005555324023589492,209693.984375,0.40600794553756714
85600.0,0,0.0,-4197373.5,4.8440775871276855,252.68997192382812,8.551037171855569e-05,209566.625,0.4062545895576477
85600.0,1,0.0,-4197325.5,5.273394584655762,305.9482116699219,-4.598416853696108e-05,210870.234375,0.4037431478500366
85600.0,2,0.0,-4197278.0,9.431647300720215,343.166748046875,-0.0002521927235648036,209153.78125,0.40705645084381104
85600.0,3,0.0,-4197225.0,10.788680076599121,410.6968994140625,-9.616278111934662e-05,210410.9375,0.40462446212768555
85600.0,4,0.0,-4197189.0,13.209653854370117,452.32330322265625,-0.0002572279190644622,209802.3125,0.4057982563972473
85700.0,0,0.0,-4197367.5,5.165292263031006,251.35093688964844,0.00018751306924968958,209693.671875,0.40600845217704773
85700.0,1,0.0,-4197321.0,6.152116775512695,301.13568115234375,-0.0003292559995315969,210937.4375,0.4036145508289337
85700.0,2,0.0,-4197277.5,10.951620101928711,345.844970703125,-0.00028779800049960613,209273.71875,0.40682321786880493
85700.0,3,0.0,-4197220.0,11.375008583068848,403.5458068847656,-0.00019251112826168537,210513.34375,0.40442758798599243
85700.0,4,0.0,-4197175.0,11.402196884155273,446.3244323730469,-0.00011850823648273945,209895.359375,0.4056183397769928
85800.0,0,0.0,-4197369.0,4.940823554992676,254.55596923828125,0.00037901350879110396,209844.515625,0.4057166278362274
85800.0,1,0.0,-4197326.5,5.912309169769287,303.52142333984375,7.328193169087172e-05,211023.640625,0.4034496247768402
85800.0,2,0.0,-4197280.0,10.267623901367188,356.5937194824219,-0.0001899841008707881,209386.140625,0.4066047966480255
85800.0,3,0.0,-4197225.5,9.449081420898438,401.2672119140625,-9.016005787998438e-05,210596.578125,0.404267817735672
85800.0,4,0.0,-4197176.5,8.923436164855957,458.1033020019531,0.00011881580576300621,209998.953125,0.4054183065891266
85900.0,0,0.0,-4197369.0,4.895487308502197,252.76791381835938,-0.00019531958969309926,209973.015625,0.40546831488609314
85900.0,1,0.0,-4197329.0,5.328141212463379,300.5008544921875,7.964548422023654e-05,211144.046875,0.4032195508480072
85900.0,2,0.0,-4197273.5,10.150854110717773,355.9642333984375,0.0007382913026958704,209504.125,0.40637582540512085
85900.0,3,0.0,-4197229.0,9.885485649108887,401.02490234375,0.00018471828661859035,210699.28125,0.40407073497772217
85900.0,4,0.0,-4197165.0,13.827616691589355,450.9562072753906,-0.0003788184840232134,210159.3125,0.40510889887809753
86000.0,0,0.0,-4197368.0,5.457419395446777,248.8777313232422,5.948508623987436e-05,210053.109375,0.40531373023986816
86000.0,1,0.0,-4197329.5,5.568017482757568,296.27972412109375,0.00016066082753241062,211291.046875,0.402939110994339
86000.0,2,0.0,-4197278.0,9.373867988586426,362.6134033203125,3.1391391530632973e-06,209629.65625,0.40613237023353577
86000.0,3,0.0,-4197225.5,11.271140098571777,395.73150634765625,0.00015023327432572842,210848.65625,0.40378448367118835
86000.0,4,0.0,-4197178.0,12.602766990661621,460.4560852050781,0.0002461214317008853,210323.859375,0.40479204058647156
86100.0,0,0.0,-4197372.5,5.21053409576416,251.05001831054688,2.6822206564247608e-05,210113.3125,0.4051975905895233
86100.0,1,0.0,-4197326.5,5.293876647949219,292.10223388671875,0.0003509210655465722,211426.703125,0.40268054604530334
86100.0,2,0.0,-4197270.5,9.269146919250488,352.7877502441406,-0.0001248222542926669,209757.234375,0.40588539838790894
86100.0,3,0.0,-4197233.5,9.356800079345703,403.9217834472656,-0.00012135063298046589,211003.421875,0.40348827838897705
86100.0,4,0.0,-4197178.0,10.652322769165039,459.2691345214844,-0.00015277101192623377,210427.28125,0.4045930504798889
86200.0,0,0.0,-4197371.5,4.952694892883301,249.16261291503906,2.2956752218306065e-05,210194.828125,0.405040442943573
86200.0,1,0.0,-4197328.5,6.534258842468262,297.0936584472656,-2.5966903194785118e-05,211535.46875,0.40247347950935364
86200.0,2,0.0,-4197274.0,11.135363578796387,348.6209411621094,-0.0005196138517931104,209879.078125,0.40564975142478943
86200.0,3,0.0,-4197226.5,10.17658805847168,404.25994873046875,0.00019644410349428654,211116.171875,0.4032727777957916
86200.0,4,0.0,-4197173.5,11.352714538574219,449.54534912109375,0.00011808786075562239,210510.734375,0.4044326841831207
86300.0,0,0.0,-4197372.5,5.577699661254883,250.2524871826172,0.0001263889134861529,210346.9375,0.4047475755214691
86300.0,1,0.0,-4197326.0,5.492152214050293,301.888916015625,1.08882668428123e-05,211636.40625,0.4022815227508545
86300.0,2,0.0,-4197272.5,12.426102638244629,341.2156982421875,4.35954425483942e-05,209995.03125,0.4054258167743683
86300.0,3,0.0,-4197221.5,12.596920013427734,406.0265197753906,-3.091699909418821e-05,211208.984375,0.4030956029891968
86300.0,4,0.0,-4197184.0,10.785876274108887,455.9514465332031,-1.4568911865353584e-05,210612.109375,0.4042379856109619
86400.0,0,0.0,-4197371.0,4.833609580993652,249.4880828857422,-0.00022578757489100099,210507.859375,0.4044381380081177
86400.0,1,0.0,-4197319.5,5.938811302185059,301.7814636230469,-0.000187343277502805,211757.890625,0.4020507037639618
86400.0,2,0.0,-4197275.5,8.34424877166748,346.4796447753906,3.131164703518152e-05,210113.5625,0.4051971137523651
86400.0,3,0.0,-4197219.5,10.363171577453613,408.3436584472656,-0.0005021028919145465,211314.859375,0.40289363265037537
86400.0,4,0.0,-4197172.0,10.630204200744629,442.29833984375,0.000496460183057934,210757.359375,0.40395939350128174
86500.0,0,0.0,-4197370.5,4.872218608856201,249.85003662109375,8.894794154912233e-05,210627.03125,0.40420934557914734
86500.0,1,0.0,-4197323.5,5.3960957527160645,306.5885009765625,-7.364380871877074e-05,211921.21875,0.40174081921577454
86500.0,2,0.0,-4197273.5,10.14034652709961,346.7742919921875,-0.0002584169851616025,210246.625,0.404940664768219
86500.0,3,0.0,-4197225.5,12.855717658996582,416.8468933105469,-0.0006476128473877907,211460.625,0.40261587500572205
86500.0,4,0.0,-4197180.0,9.194990158081055,449.7028503417969,-0.00027798174414783716,210910.28125,0.4036664664745331
86600.0,0,0.0,-4197368.5,4.926983833312988,248.1959228515625,0.00012226507533341646,210728.140625,0.40401536226272583
86600.0,1,0.0,-4197324.0,6.565776824951172,304.6485290527344,3.190600546076894e-05,212067.359375,0.40146398544311523
86600.0,2,0.0,-4197279.5,9.651229858398438,355.0072937011719,7.259694393724203e-05,210389.71875,0.4046652317047119
86600.0,3,0.0,-4197217.5,9.827666282653809,397.3742370605469,-8.707703091204166e-05,211617.203125,0.40231797099113464
86600.0,4,0.0,-4197182.5,11.505128860473633,451.4308166503906,4.561408422887325e-05,211027.21875,0.4034428000450134
86700.0,0,0.0,-4197369.5,5.561907768249512,249.76513671875,0.00012829917250201106,210838.953125,0.4038030207157135
86700.0,1,0.0,-4197326.0,5.844837188720703,302.48260498046875,0.00010537856724113226,212153.625,0.40130072832107544
86700.0,2,0.0,-4197271.0,11.281271934509277,348.48846435546875,0.00020661228336393833,210511.265625,0.4044315814971924
86700.0,3,0.0,-4197220.5,8.995648384094238,390.8690185546875,0.0005026341532357037,211720.0625,0.40212252736091614
86700.0,4,0.0,-4197185.0,9.936665534973145,457.0325622558594,-0.00019954785238951445,211125.6875,0.40325474739074707
86800.0,0,0.0,-4197372.5,5.33399772644043,252.32131958007812,8.33385856822133e-05,210978.0,0.4035368859767914
86800.0,1,0.0,-4197329.0,5.636831283569336,300.4879455566406,0.00040090634138323367,212222.359375,0.4011707901954651
86800.0,2,0.0,-4197274.0,9.347745895385742,354.072265625,0.00029655732214450836,210607.078125,0.40424755215644836
86800.0,3,0.0,-4197224.0,10.958560943603516,390.7520751953125,0.00041841017082333565,211775.59375,0.40201708674430847
86800.0,4,0.0,-4197178.5,10.152026176452637,453.78314208984375,-0.00017674872651696205,211234.34375,0.4030471742153168
86900.0,0,0.0,-4197367.0,5.545920372009277,245.89747619628906,-0.00013480946654453874,211127.09375,0.40325191617012024
86900.0,1,0.0,-4197326.5,5.712277412414551,294.6020812988281,-1.2143165804445744e-05,212313.546875,0.4009985327720642
86900.0,2,0.0,-4197271.5,10.986869812011719,349.844482421875,-0.0001925743417814374,210702.421875,0.40406468510627747
86900.0,3,0.0,-4197224.5,10.051907539367676,395.43072509765625,-2.8994050808250904e-05,211822.53125,0.40192800760269165
86900.0,4,0.0,-4197174.5,10.508479118347168,453.2793273925781,0.0005274139111861587,211366.09375,0.4027960002422333
87000.0,2,0.0,-4197272.5,10.115650177001953,347.78887939453125,-0.00012976489961147308,210833.3125,0.40381383895874023
87000.0,3,0.0,-4197231.0,13.104846000671387,409.77508544921875,-0.00025631440803408623,211905.203125,0.4017711877822876
87000.0,4,0.0,-4197172.0,11.254597663879395,455.35797119140625,-0.00016275758389383554,211504.328125,0.402532696723938
87100.0,2,0.0,-4197280.0,10.561569213867188,351.4975280761719,-0.00029563962016254663,210999.4375,0.4034959375858307
87100.0,3,0.0,-4197217.5,10.693011283874512,402.5072937011719,-0.0001841712510213256,212057.5,0.40148264169692993
87100.0,4,0.0,-4197169.0,9.543426513671875,448.70623779296875,0.00014403962995857,211631.890625,0.40229013562202454
87200.0,2,0.0,-4197277.0,13.53553581237793,340.73779296875,-0.00016621151007711887,211127.578125,0.40325096249580383
87200.0,3,0.0,-4197222.5,10.600231170654297,410.6679992675781,-0.0002794073661789298,212203.859375,0.4012056887149811
87200.0,4,0.0,-4197180.5,11.061198234558105,453.4544677734375,5.637656431645155e-05,211752.1875,0.4020615220069885
87300.0,2,0.0,-4197282.5,18.096660614013672,345.6502990722656,0.00014798028860241175,211214.640625,0.40308478474617004
87300.0,3,0.0,-4197222.5,10.924201965332031,406.15484619140625,-0.00016487145330756903,212316.0625,0.4009937644004822
87300.0,4,0.0,-4197179.5,9.571020126342773,446.3880310058594,0.00022968347184360027,211872.1875,0.4018339216709137
87400.0,2,0.0,-4197277.5,9.996747016906738,348.6236572265625,0.00010121689410880208,211300.53125,0.4029209315776825
87400.0,3,0.0,-4197227.0,11.87945556640625,399.6078796386719,-0.0001144201960414648,212414.21875,0.4008084535598755
87400.0,4,0.0,-4197189.5,10.314498901367188,453.2952575683594,0.00016400450840592384,211997.5625,0.40159615874290466
87500.0,2,0.0,-4197273.5,8.833405494689941,348.44171142578125,5.985284224152565e-05,211420.265625,0.4026927351951599
87500.0,3,0.0,-4197230.0,12.204488754272461,395.76739501953125,0.00043313903734087944,212527.109375,0.400595486164093
87500.0,4,0.0,-4197180.0,10.792083740234375,445.3210144042969,-0.00011061760596930981,212128.546875,0.40134817361831665
87600.0,2,0.0,-4197275.0,9.387175559997559,355.2043151855469,-0.00013099494390189648,211573.1875,0.4024016857147217
87600.0,3,0.0,-4197223.5,11.231111526489258,392.6036071777344,0.0003470007795840502,212675.546875,0.40031591057777405
87600.0,4,0.0,-4197177.0,14.717230796813965,449.40802001953125,-0.00034676806535571814,212256.0625,0.4011071026325226
87700.0,2,0.0,-4197271.5,16.94966697692871,353.2024230957031,-3.541354089975357e-06,211712.203125,0.4021374583244324
87700.0,3,0.0,-4197230.5,11.735103607177734,402.78216552734375,0.0002526265452615917,212826.078125,0.40003275871276855
87700.0,4,0.0,-4197178.0,10.500205039978027,457.3171081542969,-3.4073484130203724e-05,212370.796875,0.40089040994644165
87800.0,2,0.0,-4197273.5,9.801606178283691,352.2313232421875,-0.00023380352649837732,211832.34375,0.40190935134887695
87800.0,3,0.0,-4197218.0,9.667021751403809,394.09832763671875,-0.0003579064505174756,212937.828125,0.399822860956192
87800.0,4,0.0,-4197174.0,8.812789916992188,462.0082702636719,4.576880019158125e-05,212475.65625,0.40069255232810974
87900.0,2,0.0,-4197274.5,9.413311958312988,350.6498718261719,-0.00024209904950112104,211946.140625,0.40169358253479004
87900.0,3,0.0,-4197219.0,11.136411666870117,400.6351623535156,-0.0006427060579881072,213027.71875,0.3996541202068329
87900.0,4,0.0,-4197168.0,10.275749206542969,460.3498840332031,-0.00018550839740782976,212591.296875,0.4004746079444885
88000.0,2,0.0,-4197284.5,11.968777656555176,358.6234130859375,0.00018895277753472328,212068.015625,0.40146273374557495
88000.0,3,0.0,-4197221.5,14.106578826904297,402.6058654785156,0.0001548038562759757,213131.046875,0.39946040511131287
88000.0,4,0.0,-4197169.0,8.586938858032227,453.0787048339844,-0.00026577257085591555,212738.421875,0.4001975953578949
88100.0,2,0.0,-4197275.5,13.242409706115723,348.8943176269531,0.00016235775547102094,212200.96875,0.4012112021446228
88100.0,3,0.0,-4197221.0,11.739992141723633,399.0043029785156,0.0003109424142166972,213285.859375,0.3991704285144806
88100.0,4,0.0,-4197183.0,11.57445240020752,451.9491271972656,0.0002704072976484895,212888.203125,0.39991602301597595
88200.0,2,0.0,-4197269.0,12.525335311889648,343.9398498535156,5.591765511780977e-05,212334.421875,0.4009590148925781
88200.0,3,0.0,-4197230.5,10.005396842956543,403.5425720214844,0.0001451187999919057,213452.5625,0.3988586664199829
88200.0,4,0.0,-4197180.5,10.209689140319824,444.1478576660156,0.0003940656315535307,212998.9375,0.39970821142196655
88300.0,2,0.0,-4197269.0,9.467574119567871,348.5273742675781,-0.00032130302861332893,212450.9375,0.4007391333580017
88300.0,3,0.0,-4197225.0,9.839694023132324,388.435302734375,-6.5829255618155e-05,213559.375,0.39865922927856445
88300.0,4,0.0,-4197178.0,12.161993980407715,441.2220458984375,3.3361371606588364e-05,213086.640625,0.3995436429977417
88400.0,2,0.0,-4197279.5,8.73797607421875,363.1185302734375,2.6982510462403297e-05,212549.8125,0.4005527198314667
88400.0,3,0.0,-4197235.0,9.875657081604004,394.0237731933594,0.00013530731666833162,213639.3125,0.39851000905036926
88400.0,4,0.0,-4197181.5,11.167832374572754,448.39349365234375,-0.0001921922666952014,213186.265625,0.3993569314479828
88500.0,2,0.0,-4197265.0,11.035524368286133,348.73797607421875,-0.00025460682809352875,212652.4375,0.4003594219684601
88500.0,3,0.0,-4197228.0,10.200240135192871,391.97161865234375,-6.786314770579338e-05,213730.609375,0.39833977818489075
88500.0,4,0.0,-4197181.5,10.3326416015625,456.54095458984375,0.0001052923034876585,213340.46875,0.39906826615333557
88600.0,2,0.0,-4197272.0,15.714852333068848,358.05474853515625,0.000373456918168813,212794.75,0.40009167790412903
88600.0,3,0.0,-4197228.0,10.387479782104492,398.72021484375,-0.00019806541968137026,213847.859375,0.3981213867664337
88600.0,4,0.0,-4197177.0,11.004568099975586,458.96795654296875,0.00026276789139956236,213509.96875,0.39875149726867676
88700.0,2,0.0,-4197273.5,12.945658683776855,352.33624267578125,4.6676257625222206e-05,212962.296875,0.3997769057750702
88700.0,3,0.0,-4197227.0,9.784661293029785,403.40997314453125,0.00014755583833903074,213982.953125,0.3978700339794159
88700.0,4,0.0,-4197168.5,13.407876968383789,452.65521240234375,-0.0003087619552388787,213621.65625,0.39854300022125244
88800.0,2,0.0,-4197273.0,10.475810050964355,346.908447265625,-0.0003527323715388775,213081.1875,0.3995538353919983
88800.0,3,0.0,-4197225.0,10.721713066101074,404.7890625,-6.392877548933029e-05,214117.625,0.3976198434829712
88800.0,4,0.0,-4197174.0,14.633049964904785,453.8892822265625,-8.546235039830208e-05,213710.28125,0.3983776867389679
88900.0,2,0.0,-4197271.0,9.059954643249512,343.15887451171875,0.0003249218570999801,213165.90625,0.39939507842063904
88900.0,3,0.0,-4197219.5,10.845870971679688,400.142822265625,0.0003638022462837398,214239.015625,0.3973945379257202
88900.0,4,0.0,-4197176.5,15.105470657348633,445.9066162109375,-0.00033444876316934824,213811.25,0.3981895446777344
89000.0,2,0.0,-4197273.5,10.584671974182129,345.17315673828125,1.5068566426634789e-05,213256.375,0.3992256224155426
89000.0,3,0.0,-4197221.5,9.722925186157227,399.5647888183594,2.6342924684286118e-05,214352.25,0.3971845805644989
89000.0,4,0.0,-4197186.0,14.91328239440918,447.1155090332031,0.00024002406280487776,213935.34375,0.39795857667922974
89100.0,2,0.0,-4197270.5,9.92447280883789,343.1153564453125,-0.00017160538118332624,213388.28125,0.3989787995815277
89100.0,3,0.0,-4197225.0,10.872966766357422,398.7823181152344,6.961391773074865e-05,214472.546875,0.3969617784023285
89100.0,4,0.0,-4197182.5,9.496922492980957,445.640625,0.00013620825484395027,214074.890625,0.39769917726516724
89200.0,2,0.0,-4197266.5,10.638992309570312,345.88543701171875,-0.00047459686174988747,213548.46875,0.3986794948577881
89200.0,3,0.0,-4197223.0,11.034218788146973,396.2578430175781,-0.00011404405813664198,214617.359375,0.3966939449310303
89200.0,4,0.0,-4197180.0,12.021695137023926,447.070068359375,0.00013636797666549683,214207.328125,0.3974533975124359
89300.0,2,0.0,-4197274.0,8.770171165466309,357.6310729980469,-2.5798683054745197e-05,213682.5625,0.39842936396598816
89300.0,3,0.0,-4197229.5,11.827432632446289,399.7978210449219,-0.0003165079979225993,214769.484375,0.39641299843788147
89300.0,4,0.0,-4197179.5,12.837278366088867,449.3854064941406,-0.00022734201047569513,214323.671875,0.3972375690937042
89400.0,2,0.0,-4197273.5,11.99760913848877,360.76837158203125,0.0002552669611759484,213796.828125,0.3982164263725281
89400.0,3,0.0,-4197228.0,9.599364280700684,399.68585205078125,0.0002676568692550063,214882.65625,0.3962041735649109
89400.0,4,0.0,-4197178.0,11.778145790100098,452.0977478027344,-0.0006077036960050464,214433.875,0.3970334529876709
89500.0,2,0.0,-4197270.0,11.185672760009766,360.3725891113281,0.00011889031156897545,213912.28125,0.398001492023468
89500.0,3,0.0,-4197224.0,11.893695831298828,395.9549255371094,-0.0003621676005423069,214964.609375,0.39605313539505005
89500.0,4,0.0,-4197175.0,10.222206115722656,450.2021179199219,0.0003576060989871621,214559.75,0.3968004584312439
89600.0,2,0.0,-4197264.5,10.311352729797363,343.0426330566406,-0.0002791553270071745,214037.765625,0.39776819944381714
89600.0,3,0.0,-4197220.5,11.582303047180176,395.05029296875,0.00041197234531864524,215052.0,0.3958921730518341
89600.0,4,0.0,-4197183.0,11.689432144165039,460.2091369628906,-0.00010042567737400532,214722.96875,0.39649882912635803
89700.0,2,0.0,-4197276.0,9.930933952331543,348.1936950683594,-0.00012562202755361795,214170.4375,0.3975217044353485
89700.0,3,0.0,-4197225.5,9.977965354919434,407.8968811035156,0.00026902323588728905,215192.90625,0.3956329822540283
89700.0,4,0.0,-4197173.5,10.077980041503906,447.30682373046875,9.384355507791042e-06,214873.109375,0.396221786737442
89800.0,2,0.0,-4197275.5,11.427136421203613,345.9344787597656,0.0006693807081319392,214300.21875,0.3972809612751007
89800.0,3,0.0,-4197215.0,11.672128677368164,402.6905517578125,0.00013344187755137682,215370.03125,0.3953075706958771
89800.0,4,0.0,-4197182.0,11.134543418884277,450.9227600097656,7.742608431726694e-05,214966.1875,0.3960503041744232
89900.0,2,0.0,-4197271.5,10.34024715423584,344.36224365234375,-0.00039242918137460947,214417.640625,0.3970634341239929
89900.0,3,0.0,-4197214.0,12.485917091369629,403.3366394042969,-0.00020905595738440752,215500.09375,0.3950690031051636
89900.0,4,0.0,-4197184.0,9.775093078613281,441.2148742675781,0.000396780320443213,215041.640625,0.39591124653816223
90000.0,2,0.0,-4197274.0,10.5823335647583,350.3621520996094,-9.872601367533207e-05,214525.0,0.3968646824359894
90000.0,3,0.0,-4197222.5,14.429417610168457,405.0638732910156,-0.0003338602837175131,215602.921875,0.3948805332183838
90000.0,4,0.0,-4197191.5,13.676029205322266,443.9105529785156,-5.7005672715604305e-05,215140.046875,0.395730197429657
90100.0,2,0.0,-4197264.5,13.974050521850586,351.4477233886719,-0.0007382248295471072,214641.953125,0.39664849638938904
90100.0,3,0.0,-4197220.0,10.774395942687988,394.8904724121094,-8.610822260379791e-05,215712.125,0.3946806788444519
90100.0,4,0.0,-4197192.5,9.502716064453125,443.98388671875,-0.00026395940221846104,215292.21875,0.39545050263404846
90200.0,2,0.0,-4197263.5,11.354955673217773,352.4659118652344,-2.36056512221694e-05,214791.828125,0.3963717222213745
90200.0,3,0.0,-4197232.0,11.36336612701416,403.8960876464844,6.0403719544410706e-05,215841.984375,0.39444321393966675
90200.0,4,0.0,-4197183.5,12.825069427490234,447.78680419921875,-0.0002459554234519601,215449.75,0.3951614201068878
90300.0,2,0.0,-4197266.0,11.410686492919922,348.4258728027344,0.0005924084689468145,214945.859375,0.3960877060890198
90300.0,3,0.0,-4197218.0,12.249382019042969,387.95068359375,2.2827531211078167e-05,215984.09375,0.3941836953163147
90300.0,4,0.0,-4197173.0,11.02035903930664,449.1072692871094,-0.000265133217908442,215572.984375,0.3949354290962219
90400.0,2,0.0,-4197269.5,10.562284469604492,346.56121826171875,-8.577480912208557e-06,215056.65625,0.3958835303783417
90400.0,3,0.0,-4197223.0,14.951733589172363,397.258056640625,0.0005205090856179595,216115.875,0.39394330978393555
90400.0,4,0.0,-4197176.5,13.670960426330566,455.5282897949219,0.0003533197450451553,215681.625,0.3947365880012512
90500.0,2,0.0,-4197268.5,10.50432300567627,340.45062255859375,4.0408282075077295e-05,215143.421875,0.39572399854660034
90500.0,3,0.0,-4197221.0,11.432546615600586,399.1919250488281,-7.3390547186136246e-06,216229.65625,0.3937360346317291
90500.0,4,0.0,-4197181.0,10.14350414276123,459.2623596191406,0.0002731312997639179,215798.625,0.39452245831489563
90600.0,2,0.0,-4197278.0,11.036108016967773,349.7044982910156,-7.794564589858055e-05,215243.59375,0.3955397605895996
90600.0,3,0.0,-4197217.0,12.024835586547852,397.6894226074219,-0.0003228764981031418,216338.875,0.3935372531414032
90600.0,4,0.0,-4197172.0,9.693303108215332,446.7668762207031,-0.00011388224083930254,215933.234375,0.39427655935287476
90700.0,2,0.0,-4197272.0,12.478473663330078,349.514892578125,-1.6020378097891808e-05,215394.875,0.3952619433403015
90700.0,3,0.0,-4197217.0,12.097936630249023,403.0703430175781,-0.00043133064173161983,216475.625,0.39328864216804504
90700.0,4,0.0,-4197176.0,10.660527229309082,445.3764343261719,0.00026990287005901337,216073.421875,0.39402076601982117
90800.0,2,0.0,-4197272.0,10.669378280639648,351.74365234375,-0.00012481131125241518,215560.5625,0.39495813846588135
90800.0,3,0.0,-4197221.5,11.779804229736328,403.56158447265625,4.577101208269596e-05,216661.5,0.39295127987861633
90800.0,4,0.0,-4197182.0,11.139493942260742,450.7764587402344,0.00030760536901652813,216197.515625,0.39379459619522095
90900.0,2,0.0,-4197266.5,13.970440864562988,347.624267578125,-0.00027368124574422836,215677.375,0.39474430680274963
90900.0,3,0.0,-4197222.0,9.11821460723877,393.6282043457031,-0.00037676584906876087,216798.890625,0.39270222187042236
90900.0,4,0.0,-4197179.5,10.005012512207031,445.92279052734375,-0.0002942555584013462,216298.546875,0.3936106562614441
91000.0,2,0.0,-4197272.5,11.091302871704102,353.62933349609375,0.0003478042781352997,215771.375,0.39457228779792786
91000.0,3,0.0,-4197226.0,13.973477363586426,391.6302795410156,0.0001313473330810666,216885.03125,0.39254626631736755
91000.0,4,0.0,-4197188.0,12.798107147216797,454.4600830078125,4.5130145736038685e-05,216385.21875,0.3934529721736908
91100.0,2,0.0,-4197274.5,11.428050994873047,349.1361389160156,0.00040993583388626575,215876.0,0.3943810760974884
91100.0,3,0.0,-4197232.5,12.428577423095703,400.078125,0.0003270136658102274,216970.640625,0.3923913538455963
91100.0,4,0.0,-4197186.0,9.361430168151855,456.33062744140625,-0.0007269892375916243,216490.296875,0.39326202869415283
91200.0,2,0.0,-4197277.5,14.598282814025879,344.7124328613281,0.0004241298884153366,216001.25,0.39415237307548523
91200.0,3,0.0,-4197232.0,11.77509880065918,404.49395751953125,0.0003631566069088876,217093.65625,0.3921690285205841
91200.0,4,0.0,-4197179.5,9.898713111877441,459.5481262207031,5.46077499166131e-05,216654.015625,0.39296481013298035
91300.0,2,0.0,-4197277.5,11.460345268249512,345.29736328125,-0.000480427872389555,216137.84375,0.3939032554626465
91300.0,3,0.0,-4197232.0,12.79149055480957,411.8519592285156,4.230358172208071e-05,217256.90625,0.39187437295913696
91300.0,4,0.0,-4197173.0,10.060192108154297,459.05047607421875,-9.420793503522873e-06,216817.828125,0.3926679491996765
91400.0,2,0.0,-4197278.0,12.535372734069824,351.5180358886719,-0.0003617111360654235,216269.0,0.39366447925567627
91400.0,3,0.0,-4197226.0,11.76757526397705,411.42047119140625,-0.00010105862747877836,217399.984375,0.3916164040565491
91400.0,4,0.0,-4197168.0,10.322161674499512,455.6668395996094,8.445954881608486e-05,216925.9375,0.3924722969532013
91500.0,2,0.0,-4197276.0,11.813348770141602,352.5680847167969,-0.00028528389520943165,216390.390625,0.3934435248374939
91500.0,3,0.0,-4197211.0,11.997909545898438,396.0874328613281,-0.00024907721672207117,217510.65625,0.3914172053337097
91500.0,4,0.0,-4197170.5,10.203707695007324,449.1220397949219,0.00019181205425411463,217014.6875,0.3923117518424988
91600.0,2,0.0,-4197269.0,10.022640228271484,350.45855712890625,0.0002001143293455243,216507.6875,0.3932303786277771
91600.0,3,0.0,-4197226.0,10.584455490112305,409.197998046875,8.974934462457895e-05,217617.0625,0.39122581481933594
91600.0,4,0.0,-4197184.0,14.633624076843262,451.9122009277344,0.00022728892508894205,217121.625,0.39211857318878174
91700.0,2,0.0,-4197260.5,10.175501823425293,348.97442626953125,0.0002693628193810582,216635.1875,0.39299893379211426
91700.0,3,0.0,-4197220.5,10.281266212463379,394.39068603515625,-7.568835280835629e-05,217740.71875,0.3910036087036133
91700.0,4,0.0,-4197178.5,10.55630111694336,444.37554931640625,0.0003111177356913686,217272.28125,0.3918467164039612
91800.0,2,0.0,-4197263.0,12.286638259887695,356.9385986328125,-1.9151251763105392e-05,216783.96875,0.392729252576828
91800.0,3,0.0,-4197229.0,12.141683578491211,393.23101806640625,3.573216963559389e-05,217882.375,0.39074939489364624
91800.0,4,0.0,-4197176.0,9.091894149780273,442.4505615234375,-0.00012044853065162897,217429.3125,0.39156365394592285
91900.0,2,0.0,-4197272.5,9.3015775680542,371.0221862792969,0.00082439836114645,216929.6875,0.3924654722213745
91900.0,3,0.0,-4197235.5,16.308916091918945,402.4786071777344,-4.851003177464008e-05,218021.1875,0.39050060510635376
91900.0,4,0.0,-4197179.5,10.3103609085083,450.3197937011719,0.00018439418636262417,217549.140625,0.3913479745388031
92000.0,2,0.0,-4197262.5,9.670517921447754,349.2428283691406,-6.0803722590208054e-05,217036.140625,0.39227285981178284
92000.0,3,0.0,-4197229.0,11.20179271697998,399.013916015625,0.00013831979595124722,218147.890625,0.3902738094329834
92000.0,4,0.0,-4197170.0,10.632874488830566,446.3158874511719,-0.0003458113642409444,217651.0625,0.39116472005844116
92100.0,2,0.0,-4197276.5,9.773536682128906,354.3460998535156,-0.0001656229142099619,217121.109375,0.392119437456131
92100.0,3,0.0,-4197225.0,10.016561508178711,400.4734802246094,-0.00012226705439388752,218271.96875,0.3900519609451294
92100.0,4,0.0,-4197176.5,10.82987117767334,455.4208679199219,0.00035646383184939623,217762.859375,0.3909638822078705
92200.0,2,0.0,-4197269.0,13.508323669433594,341.969482421875,-0.0005870619788765907,217222.734375,0.3919360339641571
92200.0,3,0.0,-4197218.5,10.880997657775879,399.377197265625,1.5061465092003345e-05,218398.4375,0.38982608914375305
92200.0,4,0.0,-4197175.5,9.064777374267578,453.9130554199219,0.00025808438658714294,217894.15625,0.3907283544540405
92300.0,2,0.0,-4197272.0,12.204061508178711,344.7106628417969,-0.0006221188232302666,217378.75,0.39165470004081726
92300.0,3,0.0,-4197215.5,11.674773216247559,399.48583984375,-2.120411954820156e-05,218530.109375,0.38959118723869324
92300.0,4,0.0,-4197180.0,10.699283599853516,454.006103515625,0.0002583997556939721,218031.125,0.3904828429222107
92400.0,2,0.0,-4197275.5,14.748285293579102,348.403076171875,0.00026134809013456106,217543.859375,0.3913573920726776
92400.0,3,0.0,-4197219.5,12.150314331054688,403.316162109375,0.00039342313539236784,218662.046875,0.3893561065196991
92400.0,4,0.0,-4197183.5,10.86829662322998,444.7367248535156,-6.003188900649548e-06,218160.59375,0.39025115966796875
92500.0,2,0.0,-4197278.0,10.621006965637207,354.5923156738281,9.395531378686428e-06,217659.875,0.39114880561828613
92500.0,3,0.0,-4197228.0,11.693961143493652,405.77154541015625,-6.630411371588707e-05,218789.09375,0.3891300559043884
92500.0,4,0.0,-4197191.5,9.824821472167969,448.8992919921875,-0.00022126734256744385,218283.671875,0.3900310695171356
92600.0,2,0.0,-4197269.5,10.251701354980469,349.2568359375,0.0004997117212042212,217755.5,0.39097702503204346
92600.0,3,0.0,-4197226.5,10.46484661102295,396.2104797363281,-0.00017420179210603237,218913.390625,0.38890913128852844
92600.0,4,0.0,-4197185.0,10.00338363647461,445.5246276855469,-0.00027827464509755373,218407.75,0.3898094892501831
92700.0,2,0.0,-4197273.5,13.535192489624023,355.8321533203125,0.0004033777513541281,217864.0625,0.3907822370529175
92700.0,3,0.0,-4197231.0,11.129634857177734,395.8482666015625,-0.0001151947071775794,219040.546875,0.38868334889411926
92700.0,4,0.0,-4197186.0,9.002388000488281,453.726318359375,-0.00025520368944853544,218539.78125,0.38957396149635315
92800.0,2,0.0,-4197269.5,9.894792556762695,348.06292724609375,7.522216765210032e-05,217998.671875,0.3905409276485443
92800.0,3,0.0,-4197225.5,12.827127456665039,393.022216796875,5.6751188822090626e-05,219180.84375,0.3884345591068268
92800.0,4,0.0,-4197172.5,12.278746604919434,448.1085510253906,-1.0185176506638527e-06,218678.421875,0.3893269896507263
92900.0,2,0.0,-4197268.0,11.42824649810791,344.2133483886719,-0.0002523659495636821,218140.671875,0.39028671383857727
92900.0,3,0.0,-4197225.0,9.953097343444824,400.97412109375,-0.00023569667246192694,219325.171875,0.38817891478538513
92900.0,4,0.0,-4197170.0,10.810513496398926,450.81158447265625,-7.887196261435747e-05,218806.703125,0.3890987038612366
93000.0,2,0.0,-4197277.0,10.5640869140625,346.5364990234375,-0.000811214791610837,218270.53125,0.39005452394485474
93000.0,3,0.0,-4197219.5,12.283820152282715,402.32891845703125,0.00010554597247391939,219449.640625,0.38795873522758484
93000.0,4,0.0,-4197176.5,11.16736125946045,456.8805847167969,9.84754879027605e-05,218915.65625,0.3889051079750061
93100.0,2,0.0,-4197276.5,11.608792304992676,342.0810546875,0.00016555516049265862,218391.765625,0.38983798027038574
93100.0,3,0.0,-4197215.0,13.076750755310059,403.4671630859375,8.124159649014473e-05,219556.390625,0.3877701163291931
93100.0,4,0.0,-4197176.5,11.610962867736816,454.5021057128906,0.0004456501337699592,219019.0,0.3887215852737427
93200.0,2,0.0,-4197277.5,9.23774242401123,351.28546142578125,0.00015631120186299086,218514.34375,0.38961923122406006
93200.0,3,0.0,-4197214.5,16.324125289916992,400.8835754394531,0.0003020244184881449,219667.828125,0.3875734806060791
93200.0,4,0.0,-4197173.5,11.493704795837402,449.1828308105469,-0.00018124724738299847,219147.5625,0.38849353790283203
93300.0,2,0.0,-4197274.5,9.423588752746582,350.976318359375,0.0006537269218824804,218645.09375,0.38938629627227783
93300.0,3,0.0,-4197220.5,9.104283332824707,403.2408142089844,-5.930999759584665e-05,219812.796875,0.3873177766799927
93300.0,4,0.0,-4197171.5,11.005401611328125,445.3703308105469,0.000170424347743392,219313.484375,0.38819965720176697
93400.0,2,0.0,-4197267.5,8.947340965270996,351.40093994140625,-0.0002909472677856684,218779.625,0.3891468644142151
93400.0,3,0.0,-4197222.5,14.783256530761719,402.5105285644531,0.00037080864422023296,219978.359375,0.38702628016471863
93400.0,4,0.0,-4197180.0,11.097126960754395,452.7697448730469,-7.853750139474869e-05,219457.640625,0.38794463872909546
93500.0,2,0.0,-4197268.5,11.136399269104004,356.2197265625,-4.633166827261448e-05,218907.625,0.38891932368278503
93500.0,3,0.0,-4197221.5,11.414494514465332,395.22479248046875,-0.00036584248300641775,220102.828125,0.3868074119091034
93500.0,4,0.0,-4197177.5,10.66309928894043,449.0922546386719,0.00040919636376202106,219555.765625,0.38777124881744385
93600.0,2,0.0,-4197268.0,11.187311172485352,353.68682861328125,-0.00014164613094180822,219015.484375,0.3887277841567993
93600.0,3,0.0,-4197220.5,13.779870986938477,390.8670654296875,-9.181699715554714e-05,220189.65625,0.38665488362312317
93600.0,4,0.0,-4197174.5,13.043213844299316,446.19488525390625,-5.1674083806574345e-05,219643.125,0.3876170516014099
93700.0,2,0.0,-4197274.5,9.97972583770752,350.9078063964844,-0.00038623379077762365,219105.8125,0.3885675370693207
93700.0,3,0.0,-4197227.5,10.754682540893555,397.36334228515625,0.0005155398976057768,220277.4375,0.3865008056163788
93700.0,4,0.0,-4197181.5,9.030343055725098,454.9271240234375,-5.602254532277584e-06,219760.8125,0.38740941882133484
93800.0,2,0.0,-4197280.5,10.147759437561035,349.9165954589844,-2.7841771952807903e-05,219209.8125,0.3883831799030304
93800.0,3,0.0,-4197217.0,11.094155311584473,390.8910827636719,0.00027764891274273396,220418.4375,0.38625356554985046
93800.0,4,0.0,-4197172.0,11.915565490722656,447.125,-7.371383253484964e-05,219933.890625,0.3871046006679535
93900.0,2,0.0,-4197280.0,9.419870376586914,350.5232849121094,-0.0006031187949702144,219363.1875,0.3881116509437561
93900.0,3,0.0,-4197218.0,10.330052375793457,399.18145751953125,0.0001694342354312539,220608.28125,0.3859211802482605
93900.0,4,0.0,-4197174.5,12.239584922790527,448.46173095703125,-0.0001608885359019041,220088.578125,0.38683250546455383
94000.0,2,0.0,-4197282.0,12.115496635437012,353.32659912109375,0.0005847831489518285,219530.328125,0.38781610131263733
94000.0,3,0.0,-4197212.0,11.991640090942383,399.8336486816406,-0.00030574738048017025,220747.890625,0.38567715883255005
94000.0,4,0.0,-4197180.0,12.4585599899292,448.77899169921875,0.00015952391549944878,220200.59375,0.3866357207298279
94100.0,2,0.0,-4197274.5,10.206454277038574,350.6833801269531,0.00034542963840067387,219648.0,0.3876083791255951
94100.0,3,0.0,-4197220.0,9.325669288635254,409.94891357421875,-0.00036120146978646517,220859.703125,0.3854818344116211
94100.0,4,0.0,-4197181.5,10.589638710021973,443.1109619140625,-8.523103315383196e-05,220308.078125,0.3864470422267914
94200.0,2,0.0,-4197270.5,11.532048225402832,350.48260498046875,7.482880027964711e-05,219739.109375,0.38744768500328064
94200.0,3,0.0,-4197213.0,14.31511402130127,394.37884521484375,-8.751871064305305e-05,220976.84375,0.38527750968933105
94200.0,4,0.0,-4197182.0,9.238560676574707,440.4302673339844,0.00025163067039102316,220430.3125,0.38623279333114624
94300.0,2,0.0,-4197269.0,12.005767822265625,350.30224609375,3.369757905602455e-05,219842.515625,0.3872654438018799
94300.0,3,0.0,-4197224.5,10.374863624572754,395.10198974609375,-9.291409514844418e-05,221111.296875,0.3850432336330414
94300.0,4,0.0,-4197186.5,12.624619483947754,451.86431884765625,0.0003097555018030107,220570.078125,0.3859880864620209
94400.0,2,0.0,-4197267.5,10.229970932006836,349.7416076660156,-0.000534666352905333,219989.640625,0.3870064318180084
94400.0,3,0.0,-4197222.0,10.288444519042969,390.11187744140625,1.2876815162599087e-05,221256.96875,0.38478970527648926
94400.0,4,0.0,-4197176.0,11.612114906311035,450.16009521484375,-2.1445914171636105e-05,220711.109375,0.3857414126396179
94500.0,2,0.0,-4197268.5,9.730791091918945,347.2643127441406,7.471488788723946e-05,220154.5,0.3867166042327881
94500.0,3,0.0,-4197225.0,11.426533699035645,395.6507568359375,9.697687346488237e-05,221391.296875,0.38455623388290405
94500.0,4,0.0,-4197176.0,11.112964630126953,457.1470947265625,0.00033591053215786815,220835.75,0.3855237364768982
94600.0,2,0.0,-4197276.5,11.598891258239746,346.67449951171875,6.913370452821255e-05,220277.890625,0.3865000009536743
94600.0,3,0.0,-4197221.0,16.997089385986328,396.1190490722656,0.0005427271826192737,221504.171875,0.38436034321784973
94600.0,4,0.0,-4197169.5,10.584385871887207,453.4960632324219,-0.00038156681694090366,220946.09375,0.3853311836719513
94700.0,2,0.0,-4197271.0,10.203042030334473,339.529296875,0.0001980875968001783,220374.015625,0.3863314688205719
94700.0,3,0.0,-4197219.5,13.854382514953613,400.3521728515625,-7.607077714055777e-05,221611.0625,0.3841749429702759
94700.0,4,0.0,-4197177.0,9.130248069763184,458.44647216796875,-0.00029172073118388653,221062.515625,0.3851282298564911
94800.0,2,0.0,-4197277.0,12.917119979858398,345.76171875,-0.00044887291733175516,220477.984375,0.38614922761917114
94800.0,3,0.0,-4197219.5,9.850018501281738,402.9210510253906,-9.446684271097183e-05,221743.21875,0.3839460015296936
94800.0,4,0.0,-4197174.0,11.815375328063965,447.7460632324219,-0.0003098034067079425,221217.578125,0.38485828042030334
94900.0,2,0.0,-4197273.0,8.481245994567871,343.5060729980469,6.0436606872826815e-05,220608.84375,0.3859201967716217
94900.0,3,0.0,-4197216.0,10.81041431427002,402.4098205566406,-0.00040082773193717003,221924.296875,0.38363268971443176
94900.0,4,0.0,-4197179.0,10.153144836425781,448.4279479980469,0.0003252424066886306,221391.578125,0.3845558166503906
95000.0,2,0.0,-4197278.0,9.934647560119629,358.1484069824219,7.423805072903633e-07,220750.03125,0.3856733739376068
95000.0,3,0.0,-4197218.0,12.131101608276367,400.9023742675781,-0.0002311720745638013,222072.234375,0.3833770751953125
95000.0,4,0.0,-4197180.0,9.053938865661621,446.5781555175781,-0.0003517011646181345,221507.4375,0.3843546211719513
95100.0,2,0.0,-4197263.0,9.76803207397461,346.0548095703125,-4.646676825359464e-05,220882.96875,0.38544124364852905
95100.0,3,0.0,-4197232.0,10.466917991638184,404.3778381347656,0.00020944105926901102,222163.609375,0.3832193613052368
95100.0,4,0.0,-4197179.0,9.930206298828125,445.8586730957031,0.000525790499523282,221587.859375,0.3842151165008545
95200.0,2,0.0,-4197272.0,9.849555015563965,355.1001281738281,5.343079101294279e-05,221006.390625,0.38522595167160034
95200.0,3,0.0,-4197229.5,9.82194709777832,392.9341125488281,0.00022722326684743166,222247.765625,0.3830742835998535
95200.0,4,0.0,-4197177.0,11.046971321105957,446.55810546875,6.461411248892546e-05,221678.125,0.38405871391296387
95300.0,2,0.0,-4197269.0,12.25010871887207,348.4658508300781,-3.0297087505459785e-06,221128.59375,0.3850131034851074
95300.0,3,0.0,-4197231.5,10.83823013305664,397.2859191894531,-0.0002610421506687999,222362.8125,0.38287609815597534
95300.0,4,0.0,-4197175.5,12.837577819824219,447.4927978515625,6.722635589540005e-05,221815.625,0.38382062315940857
95400.0,2,0.0,-4197269.5,9.850007057189941,346.51483154296875,-0.00022766529582440853,221259.1875,0.38478586077690125
95400.0,3,0.0,-4197226.5,10.338134765625,399.765625,0.0002780200447887182,222520.203125,0.38260531425476074
95400.0,4,0.0,-4197173.5,13.885028839111328,448.0780944824219,5.555246025323868e-05,221981.84375,0.38353320956230164
95500.0,2,0.0,-4197272.0,9.843045234680176,347.4345703125,-0.0001152962795458734,221401.828125,0.3845379948616028
95500.0,3,0.0,-4197220.0,10.375356674194336,398.1921081542969,0.0002064967411570251,222671.96875,0.3823445737361908
95500.0,4,0.0,-4197174.0,10.1782808303833,452.1309509277344,-0.0002626233035698533,222120.65625,0.3832935392856598
95600.0,2,0.0,-4197273.0,11.253006935119629,349.3917541503906,8.800259092822671e-05,221538.84375,0.3843001425266266
95600.0,3,0.0,-4197213.5,14.344717025756836,397.71771240234375,-0.0001816761214286089,222797.828125,0.3821285665035248
95600.0,4,0.0,-4197177.0,11.964536666870117,452.7666931152344,-0.00015167123638093472,222237.953125,0.3830912411212921
95700.0,2,0.0,-4197271.0,11.77685832977295,350.365478515625,-0.00010541349183768034,221653.953125,0.3841005265712738
95700.0,3,0.0,-4197220.0,10.93797492980957,404.9789733886719,-0.0006478393916040659,222914.890625,0.38192787766456604
95700.0,4,0.0,-4197181.5,13.705665588378906,449.9154357910156,-0.000343777472153306,222356.015625,0.3828878402709961
95800.0,2,0.0,-4197275.5,8.564752578735352,352.55615234375,-0.00017541751731187105,221756.375,0.38392311334609985
95800.0,3,0.0,-4197220.5,11.86948299407959,403.8815002441406,5.716073792427778e-05,223040.828125,0.3817121982574463
95800.0,4,0.0,-4197179.5,10.014656066894531,440.47418212890625,1.1315452866256237e-05,222488.203125,0.3826603591442108
95900.0,2,0.0,-4197275.5,10.676811218261719,350.8504333496094,2.0250794477760792e-05,221874.328125,0.3837190568447113
95900.0,3,0.0,-4197223.5,9.24809455871582,403.33575439453125,-9.113107807934284e-05,223181.671875,0.3814713954925537
95900.0,4,0.0,-4197188.5,11.431450843811035,443.8815002441406,0.00011090969201177359,222631.75,0.3824136257171631
96000.0,2,0.0,-4197270.0,12.410080909729004,343.31866455078125,-0.00017574179219081998,222040.46875,0.38343191146850586
96000.0,3,0.0,-4197226.0,12.794742584228516,398.7056579589844,0.000127292238175869,223324.265625,0.3812277317047119
96000.0,4,0.0,-4197181.0,10.921667098999023,443.6331481933594,0.00022129400167614222,222767.625,0.3821803331375122
96100.0,2,0.0,-4197280.5,10.908973693847656,350.87994384765625,0.00021509744692593813,222203.390625,0.38315072655677795
96100.0,3,0.0,-4197229.0,12.995826721191406,397.8466491699219,0.00010742328595370054,223447.859375,0.38101688027381897
96100.0,4,0.0,-4197180.5,9.21454906463623,454.2398376464844,2.1957559511065483e-05,222881.5625,0.38198503851890564
96200.0,2,0.0,-4197277.5,10.11454963684082,350.0147399902344,-0.00014781299978494644,222308.65625,0.38296937942504883
96200.0,3,0.0,-4197224.5,11.537775993347168,395.48291015625,-0.00010845821816474199,223542.46875,0.38085561990737915
96200.0,4,0.0,-4197175.5,10.874943733215332,460.329833984375,0.000640086829662323,222974.5625,0.38182565569877625
96300.0,2,0.0,-4197270.5,11.463868141174316,346.4032897949219,-7.606478175148368e-05,222393.375,0.38282349705696106
96300.0,3,0.0,-4197218.0,11.706561088562012,392.2278747558594,-1.9530882127583027e-05,223623.78125,0.3807171881198883
96300.0,4,0.0,-4197163.5,14.506967544555664,448.5528869628906,-4.602060653269291e-05,223069.640625,0.38166290521621704
96400.0,2,0.0,-4197271.5,9.894158363342285,351.60406494140625,4.046456888318062e-05,222497.390625,0.38264450430870056
96400.0,3,0.0,-4197218.5,11.401820182800293,395.4265441894531,-0.00013008585665374994,223732.8125,0.3805316388607025
96400.0,4,0.0,-4197171.5,10.5452299118042,456.4448547363281,-2.3435917682945728e-05,223211.890625,0.38141974806785583
96500.0,2,0.0,-4197263.5,10.463153839111328,351.5843505859375,-0.00010362651664763689,222648.21875,0.3823853135108948
96500.0,3,0.0,-4197219.5,11.928206443786621,398.15130615234375,4.363327752798796e-05,223906.6875,0.3802361786365509
96500.0,4,0.0,-4197177.0,12.426305770874023,455.52069091796875,-0.00035053864121437073,223393.40625,0.3811098337173462
96600.0,2,0.0,-4197269.0,9.505685806274414,357.58734130859375,0.0002660797326825559,222807.09375,0.382112592458725
96600.0,3,0.0,-4197218.5,15.283052444458008,399.7660217285156,-0.00013086374383419752,224071.8125,0.37995585799217224
96600.0,4,0.0,-4197172.0,9.433847427368164,447.5565490722656,-0.0003915514098480344,223526.890625,0.38088223338127136
96700.0,2,0.0,-4197266.0,12.237470626831055,347.9689025878906,0.00016230408800765872,222939.0625,0.38188645243644714
96700.0,3,0.0,-4197209.5,12.091341018676758,389.2481689453125,0.0002827694988809526,224183.0625,0.37976735830307007
96700.0,4,0.0,-4197178.5,10.25566577911377,450.6182861328125,0.00032256048871204257,223621.921875,0.3807203769683838
96800.0,2,0.0,-4197273.5,10.910836219787598,349.3069152832031,0.00022989988792687654,223057.40625,0.3816838264465332
96800.0,3,0.0,-4197226.0,14.297904014587402,404.63848876953125,0.00030343933030962944,224279.328125,0.37960436940193176
96800.0,4,0.0,-4197174.0,10.572946548461914,442.9900207519531,4.090392030775547e-05,223720.796875,0.3805520534515381
96900.0,2,0.0,-4197282.5,10.290040016174316,356.40106201171875,-5.564652383327484e-06,223180.875,0.381472647190094
96900.0,3,0.0,-4197225.0,9.959033012390137,403.1863708496094,0.00011285522487014532,224396.609375,0.3794059753417969
96900.0,4,0.0,-4197174.5,9.712130546569824,446.83172607421875,7.699429988861084e-05,223857.53125,0.38031962513923645
97000.0,2,0.0,-4197272.5,9.948936462402344,345.011962890625,-0.0006389465997926891,223317.265625,0.3812396824359894
97000.0,3,0.0,-4197229.0,13.247526168823242,399.252685546875,-0.00039460021071136,224553.09375,0.37914156913757324
97000.0,4,0.0,-4197173.0,11.537378311157227,447.3460388183594,-2.058513928204775e-05,224024.234375,0.3800366222858429
97100.0,2,0.0,-4197273.5,10.676253318786621,347.951171875,-5.9192709159106016e-05,223459.203125,0.38099753856658936
97100.0,3,0.0,-4197233.5,9.3284330368042,401.7523498535156,-0.0002893948694691062,224709.8125,0.3788771331310272
97100.0,4,0.0,-4197177.5,10.851200103759766,456.3981018066406,0.00048158125719055533,224164.03125,0.37979957461357117
97200.0,2,0.0,-4197269.0,9.590899467468262,347.1264953613281,-6.732699694111943e-05,223589.03125,0.3807763159275055
97200.0,3,0.0,-4197225.0,12.306896209716797,393.0207824707031,0.00022552546579390764,224830.984375,0.37867292761802673
97200.0,4,0.0,-4197168.0,10.036921501159668,454.30633544921875,-6.138312164694071e-05,224274.296875,0.37961289286613464
97300.0,2,0.0,-4197278.5,11.962481498718262,359.53240966796875,-5.1696901209652424e-05,223698.15625,0.380590558052063
97300.0,3,0.0,-4197219.0,11.247583389282227,392.8253173828125,0.00027106725610792637,224934.125,0.3784993290901184
97300.0,4,0.0,-4197167.5,9.56227970123291,457.4356384277344,1.7914571799337864e-05,224384.828125,0.37942585349082947
97400.0,2,0.0,-4197269.5,9.356374740600586,354.4324035644531,0.00018658797489479184,223797.171875,0.3804221749305725
97400.0,3,0.0,-4197224.5,11.264972686767578,411.2283020019531,0.00030041130958124995,225054.4375,0.37829694151878357
97400.0,4,0.0,-4197168.0,9.823750495910645,454.62396240234375,-0.00029445206746459007,224511.328125,0.3792121112346649
97500.0,2,0.0,-4197269.0,9.894147872924805,352.95916748046875,0.0002774298773147166,223920.609375,0.3802124559879303
97500.0,3,0.0,-4197209.5,12.731497764587402,402.51727294921875,-0.0003086209762841463,225252.8125,0.3779637813568115
97500.0,4,0.0,-4197174.5,10.565109252929688,450.60858154296875,-0.00013280531857162714,224647.296875,0.3789825737476349
97600.0,2,0.0,-4197268.0,10.340527534484863,343.5107421875,0.00036050978815183043,224094.90625,0.3799166977405548
97600.0,3,0.0,-4197220.0,10.422172546386719,411.0234680175781,1.8592108972370625e-05,225453.59375,0.3776271939277649
97600.0,4,0.0,-4197183.0,9.648244857788086,450.6888427734375,0.0002978030825033784,224782.921875,0.3787539303302765
97700.0,2,0.0,-4197273.5,12.188159942626953,346.59149169921875,-7.403251947835088e-05,224250.71875,0.3796527087688446
97700.0,3,0.0,-4197215.0,8.876591682434082,400.1962585449219,-0.000374061637558043,225544.265625,0.37747541069984436
97700.0,4,0.0,-4197181.5,13.629532814025879,449.8811950683594,0.00027739827055484056,224913.484375,0.3785340487957001
97800.0,2,0.0,-4197275.5,9.993097305297852,345.2835998535156,-0.0004297563573345542,224353.65625,0.3794785141944885
97800.0,3,0.0,-4197221.0,12.282731056213379,402.6055603027344,-3.904674667865038e-05,225624.0,0.37734198570251465
97800.0,4,0.0,-4197172.0,13.300886154174805,442.6448059082031,0.0001204084837809205,225041.015625,0.37831950187683105
97900.0,2,0.0,-4197274.0,10.172083854675293,343.8061218261719,-0.0006487681530416012,224444.1875,0.3793255090713501
97900.0,3,0.0,-4197222.5,10.304424285888672,400.58404541015625,-0.00014092307537794113,225736.875,0.37715333700180054
97900.0,4,0.0,-4197177.5,10.400022506713867,453.3142395019531,-9.621272329241037e-05,225172.015625,0.3780994117259979
98000.0,2,0.0,-4197273.0,11.054096221923828,349.4076232910156,-0.000324997934512794,224561.015625,0.3791281282901764
98000.0,3,0.0,-4197225.0,13.887717247009277,402.8876037597656,7.146282587200403e-05,225904.078125,0.3768741488456726
98000.0,4,0.0,-4197166.0,10.593934059143066,445.1690979003906,-5.935272201895714e-05,225311.375,0.3778655529022217
98100.0,2,0.0,-4197273.5,9.190203666687012,354.5618591308594,0.00021785078570246696,224724.515625,0.37885230779647827
98100.0,3,0.0,-4197224.5,12.263872146606445,401.8898010253906,0.0001258698757737875,226065.265625,0.37660542130470276
98100.0,4,0.0,-4197173.5,12.9202299118042,457.3064270019531,-2.8997426852583885e-05,225453.0,0.3776282072067261
98200.0,2,0.0,-4197271.5,9.549468994140625,358.07806396484375,0.00046026206109672785,224881.40625,0.3785880208015442
98200.0,3,0.0,-4197227.5,10.80026912689209,402.9109191894531,0.0004784463089890778,226180.03125,0.37641435861587524
98200.0,4,0.0,-4197167.0,12.919154167175293,452.1692810058594,-0.0002886778675019741,225580.71875,0.37741443514823914
98300.0,2,0.0,-4197272.0,9.374058723449707,358.5049133300781,0.00021185172954574227,225002.671875,0.37838396430015564
98300.0,3,0.0,-4197224.0,14.694058418273926,399.2680358886719,0.00028005591593682766,226278.25,0.3762509822845459
98300.0,4,0.0,-4197181.0,11.076591491699219,456.1796569824219,-4.1206483729183674e-05,225692.1875,0.3772279620170593
98400.0,2,0.0,-4197267.0,10.248023986816406,343.8310852050781,0.00012200843775644898,225114.359375,0.37819623947143555
98400.0,3,0.0,-4197221.5,9.677576065063477,397.29595947265625,-0.0004193598870187998,226395.53125,0.376056045293808
98400.0,4,0.0,-4197177.5,8.583365440368652,441.40545654296875,-0.00034440960735082626,225807.890625,0.3770347535610199
98500.0,2,0.0,-4197279.0,8.836735725402832,349.5535888671875,-0.0005431108875200152,225236.78125,0.3779906928539276
98500.0,3,0.0,-4197222.5,12.19426441192627,396.8412780761719,-0.00021901365835219622,226560.203125,0.37578269839286804
98500.0,4,0.0,-4197181.5,10.713476181030273,443.3251953125,0.0005083683063276112,225955.46875,0.376788467168808
98600.0,2,0.0,-4197278.0,9.885873794555664,349.5470886230469,7.6718395575881e-05,225373.828125,0.3777608275413513
98600.0,3,0.0,-4197217.0,11.633739471435547,395.312255859375,0.000391423876862973,226725.34375,0.37550899386405945
98600.0,4,0.0,-4197175.5,12.389812469482422,441.8132019042969,0.0003906821948476136,226122.90625,0.3765094578266144
98700.0,2,0.0,-4197275.0,10.171480178833008,348.7937927246094,-0.00037554261507466435,225515.328125,0.3775237798690796
98700.0,3,0.0,-4197226.0,16.72831916809082,404.509521484375,-8.419179357588291e-05,226837.8125,0.37532278895378113
98700.0,4,0.0,-4197178.0,10.264853477478027,452.3706970214844,-0.00022899254690855742,226252.46875,0.376293808221817
98800.0,2,0.0,-4197273.0,9.391560554504395,350.8466491699219,2.5000248569995165e-05,225647.65625,0.3773023784160614
98800.0,3,0.0,-4197223.0,10.64354133605957,402.77154541015625,0.0005917396629229188,226923.859375,0.3751804828643799
98800.0,4,0.0,-4197174.5,10.007283210754395,455.88397216796875,5.25015639141202e-05,226345.90625,0.37613850831985474
98900.0,2,0.0,-4197276.0,10.973366737365723,358.7629089355469,0.0002616685815155506,225769.6875,0.3770984411239624
98900.0,3,0.0,-4197218.5,13.010318756103516,395.81451416015625,-2.1202722564339638e-05,227028.375,0.3750077784061432
98900.0,4,0.0,-4197170.0,10.036327362060547,452.6659240722656,-5.292613059282303e-05,226440.078125,0.37598204612731934
99000.0,2,0.0,-4197270.5,9.70543384552002,353.08380126953125,-7.730408105999231e-05,225892.34375,0.37689369916915894
99000.0,3,0.0,-4197228.0,11.53360652923584,405.8343505859375,-0.00017740472685545683,227222.34375,0.37468767166137695
99000.0,4,0.0,-4197173.0,12.442922592163086,455.5044860839844,0.00011512544006109238,226583.703125,0.3757437765598297
99100.0,2,0.0,-4197269.0,8.600557327270508,346.91815185546875,0.0002699311007745564,226037.140625,0.3766523003578186
99100.0,3,0.0,-4197223.0,10.143067359924316,398.147705078125,-0.00013603887055069208,227416.96875,0.37436699867248535
99100.0,4,0.0,-4197177.0,11.576638221740723,453.4030456542969,-6.726395804435015e-05,226775.0,0.3754267990589142
99200.0,2,0.0,-4197273.5,10.95651626586914,349.1158752441406,-0.0004681856371462345,226206.359375,0.37637051939964294
99200.0,3,0.0,-4197226.5,12.175993919372559,400.9402770996094,-0.0002684806240722537,227536.03125,0.37417110800743103
99200.0,4,0.0,-4197173.5,10.021965980529785,445.481689453125,-0.0002804766409099102,226914.046875,0.37519675493240356
99300.0,2,0.0,-4197275.5,11.082242965698242,344.6361389160156,4.420377081260085e-05,226342.296875,0.3761444687843323
99300.0,3,0.0,-4197221.5,10.972882270812988,393.50439453125,-0.0004172519547864795,227649.28125,0.3739849627017975
99300.0,4,0.0,-4197174.5,11.019803047180176,445.9074401855469,-7.504166569560766e-05,227017.96875,0.3750250041484833
99400.0,2,0.0,-4197276.5,9.438065528869629,345.0379638671875,-0.0004973315517418087,226436.859375,0.3759874105453491
99400.0,3,0.0,-4197224.5,12.141630172729492,396.5861511230469,0.00037815276300534606,227782.0625,0.3737669885158539
99400.0,4,0.0,-4197182.0,10.523995399475098,455.5103454589844,-7.287110202014446e-05,227128.828125,0.37484195828437805
99500.0,2,0.0,-4197275.5,12.05208683013916,348.53564453125,0.0004080615472048521,226527.90625,0.3758363127708435
99500.0,3,0.0,-4197221.5,9.618760108947754,400.66278076171875,0.0006695645861327648,227936.875,0.3735131025314331
99500.0,4,0.0,-4197179.5,11.268036842346191,454.6152648925781,9.316822979599237e-05,227261.75,0.3746227025985718
99600.0,2,0.0,-4197271.5,9.311463356018066,348.0970458984375,-0.00010340090375393629,226659.140625,0.37561866641044617
99600.0,3,0.0,-4197214.5,19.754940032958984,397.50592041015625,0.0002072557108476758,228083.78125,0.37327250838279724
99600.0,4,0.0,-4197177.5,11.552574157714844,452.22369384765625,-0.0001906021498143673,227411.96875,0.37437525391578674
99700.0,2,0.0,-4197273.0,9.912556648254395,352.6980895996094,0.00047405139775946736,226838.8125,0.3753211498260498
99700.0,3,0.0,-4197218.5,12.056035995483398,405.52618408203125,-6.236752960830927e-05,228202.625,0.3730781078338623
99700.0,4,0.0,-4197176.0,11.329222679138184,449.43450927734375,3.434985410422087e-05,227553.46875,0.37414243817329407
99800.0,2,0.0,-4197265.0,10.441465377807617,348.2323303222656,-3.468594513833523e-06,226986.546875,0.37507686018943787
99800.0,3,0.0,-4197222.5,12.2059965133667,407.59033203125,-0.000489118741825223,228311.171875,0.37290075421333313
99800.0,4,0.0,-4197170.0,9.92255973815918,445.43280029296875,7.260602433234453e-05,227673.859375,0.37394464015960693
99900.0,2,0.0,-4197275.0,9.461553573608398,355.9404602050781,-0.0004366622306406498,227094.078125,0.3748992383480072
99900.0,3,0.0,-4197221.5,12.99421501159668,398.439208984375,-2.2625201381742954e-05,228437.796875,0.3726940453052521
99900.0,4,0.0,-4197180.5,9.366155624389648,453.4328918457031,0.0003659534268081188,227785.390625,0.3737615644931793
