
  Memory set to 149.012 GiB by Python driver.
  Threads set to 32 by Python driver.

Scratch directory: /tmp/alchemi-dimer-3085760/water_dimer_b97_3c/psi4_scratch/
   => Libint2 <=

    Primary   basis highest AM E, G, H:  7, 6, 3
    Auxiliary basis highest AM E, G, H:  7, 7, 4
    Onebody   basis highest AM E, G, H:  -, -, -
    Solid Harmonics ordering:            Gaussian

*** tstart() called on s4124-0096
*** at Mon Jul 13 10:28:35 2026

   => Loading Basis Set <=

    Name: DEF2-MTZVP
    Role: ORBITAL
    Keyword: BASIS
    atoms 1, 4     entry O          line   161 file /home/scratch.nfedik_other/alchemi-ir-20260710/envs/alchemi-b973c-ir/share/psi4/basis/def2-mtzvp.gbs 
    atoms 2-3, 5-6 entry H          line     9 file /home/scratch.nfedik_other/alchemi-ir-20260710/envs/alchemi-b973c-ir/share/psi4/basis/def2-mtzvp.gbs 

   => B973C: Empirical Dispersion <=

    Grimme's -D3 (BJ-damping) Dispersion Correction with ATM
    Grimme S.; Ehrlich S.; Goerigk L. (2011), J. Comput. Chem., 32: 1456

        s6 =       1.000000
        s8 =       1.500000
        a1 =       0.370000
        a2 =       4.100000
        s9 =       1.000000


         ---------------------------------------------------------
                                   SCF
               by Justin Turney, Rob Parrish, Andy Simmonett
                          and Daniel G. A. Smith
                              RKS Reference
                       32 Threads, 152587 MiB Core
         ---------------------------------------------------------

  ==> Geometry <==

    Molecular point group: c1
    Full point group: C1

    Geometry (in Angstrom), charge = 0, multiplicity = 1:

       Center              X                  Y                   Z               Mass       
    ------------   -----------------  -----------------  -----------------  -----------------
         O           -1.430996981733     0.000000000000     0.370283971169    15.994914619570
         H           -0.462431963470     0.000000000000     0.370283971169     1.007825032230
         H           -1.665312018267    -0.578596388717    -0.370283971169     1.007825032230
         O            1.069003018267     0.000000000000     0.370283971169    15.994914619570
         H            1.665312018267     0.763239000000     0.370283971169     1.007825032230
         H            1.665312018267    -0.763239000000     0.370283971169     1.007825032230

  Running in c1 symmetry.

  Rotational constants: A =      2.62149  B =      0.27575  C =      0.26095 [cm^-1]
  Rotational constants: A =  78590.37185  B =   8266.83606  C =   7822.95724 [MHz]
  Nuclear repulsion =   39.374474676198275

  Charge       = 0
  Multiplicity = 1
  Electrons    = 20
  Nalpha       = 10
  Nbeta        = 10

  ==> Algorithm <==

  SCF Algorithm Type is PK.
  DIIS enabled.
  MOM disabled.
  Fractional occupation disabled.
  Guess Type is SAD.
  Energy threshold   = 1.00e-10
  Density threshold  = 1.00e-10
  Integral threshold = 1.00e-12

  ==> Primary Basis <==

  Basis Set: DEF2-MTZVP
    Blend: DEF2-MTZVP
    Number of shells: 32
    Number of basis functions: 60
    Number of Cartesian functions: 64
    Spherical Harmonics?: true
    Max angular momentum: 2

  ==> DFT Potential <==

   => LibXC <=

    Version 7.0.0
    S. Lehtola, C. Steigemann, M. J.T. Oliveira, and M. A.L. Marques.,  SoftwareX 7, 1–5 (2018) (10.1016/j.softx.2017.11.002)

   => Composite Functional: B973C <= 

    B97-3c GGA-based 3C composite method with a TZ basis set, D3 and short-range basis set correction.  (10.1063/1.5012601)
     J. G. Brandenburg, C.Bannwarth, A. Hansen, S. Grimme J. Chem. Phys. 148, 064104, 2018


    Deriv               =              1
    GGA                 =           TRUE
    Meta                =          FALSE

    Exchange Hybrid     =          FALSE
    MP2 Hybrid          =          FALSE

   => Exchange-Correlation Functionals <=

    1.0000   Becke 97-3c by Grimme et. al.

   => LibXC Density Thresholds  <==

    XC_GGA_XC_B97_3C:  1.00E-14 

   => Molecular Quadrature <=

    Radial Scheme          =       TREUTLER
    Pruning Scheme         =           NONE
    Nuclear Scheme         =       TREUTLER

    Blocking Scheme        =         OCTREE
    BS radius alpha        =              1
    Pruning alpha          =              1
    Radial Points          =             99
    Spherical Points       =            590
    Total Points           =         337632
    Total Blocks           =           2494
    Max Points             =            256
    Max Functions          =             58
    Weights Tolerance      =       1.00E-15

  ==> Integral Setup <==

  Using in-core PK algorithm.
   Calculation information:
      Number of atoms:                   6
      Number of AO shells:              32
      Number of primitives:             58
      Number of atomic orbitals:        64
      Number of basis functions:        60

      Integral cutoff                 1.00e-12
      Number of threads:                32

  Performing in-core PK
  Using 3350730 doubles for integral storage.
  We computed 297386 shell quartets total.
  Whereas there are 139656 unique shell quartets.
   112.94 percent of shell quartets recomputed by reordering.

  ==> DiskJK: Disk-Based J/K Matrices <==

    J tasked:                  Yes
    K tasked:                   No
    wK tasked:                  No
    Memory [MiB]:           113927
    Schwarz Cutoff:          1E-12

    OpenMP threads:             32

  Cached 100.0% of DFT collocation blocks in 0.502 [GiB].

  Minimum eigenvalue in the overlap matrix is 4.7734236595E-03.
  Reciprocal condition number of the overlap matrix is 8.1689989126E-04.
    Using symmetric orthogonalization.

  ==> Pre-Iterations <==

  SCF Guess: Superposition of Atomic Densities via on-the-fly atomic UHF (no occupation information).

   -------------------------
    Irrep   Nso     Nmo    
   -------------------------
     A         60      60 
   -------------------------
    Total      60      60
   -------------------------

  ==> Iterations <==

                        Total Energy        Delta E     RMS |[F,P]|

   @RKS iter SAD:  -152.26217716759552   -1.52262e+02   0.00000e+00 
   @RKS iter   1:  -152.39823684505259   -1.36060e-01   1.79704e-02 DIIS
   @RKS iter   2:  -149.55764174541463    2.84060e+00   3.63058e-02 DIIS
   @RKS iter   3:  -152.66309441571997   -3.10545e+00   9.38890e-03 DIIS
   @RKS iter   4:  -152.77600909350002   -1.12915e-01   3.40106e-03 DIIS
   @RKS iter   5:  -152.79349244369226   -1.74834e-02   1.03379e-03 DIIS
   @RKS iter   6:  -152.79485586640587   -1.36342e-03   1.71040e-04 DIIS
   @RKS iter   7:  -152.79489705884160   -4.11924e-05   2.74979e-05 DIIS
   @RKS iter   8:  -152.79489825099486   -1.19215e-06   6.07897e-06 DIIS
   @RKS iter   9:  -152.79489830836565   -5.73708e-08   5.32845e-07 DIIS
   @RKS iter  10:  -152.79489830877961   -4.13962e-10   1.10442e-07 DIIS
   @RKS iter  11:  -152.79489830879862   -1.90141e-11   1.46004e-08 DIIS
   @RKS iter  12:  -152.79489830879905   -4.26326e-13   3.41017e-09 DIIS
   @RKS iter  13:  -152.79489830879874    3.12639e-13   2.48813e-10 DIIS
   @RKS iter  14:  -152.79489830879891   -1.70530e-13   6.39161e-11 DIIS
  Energy and wave function converged.


  ==> Post-Iterations <==

   Electrons on quadrature grid:
      Ntotal   =   19.9999999983 ; deviation = -1.694e-09 

    Orbital Energies [Eh]
    ---------------------

    Doubly Occupied:                                                      

       1A    -18.788232     2A    -18.689302     3A     -0.974546  
       4A     -0.878906     5A     -0.520649     6A     -0.465399  
       7A     -0.373297     8A     -0.301100     9A     -0.279158  
      10A     -0.211234  

    Virtual:                                                              

      11A     -0.019851    12A      0.053511    13A      0.058944  
      14A      0.169039    15A      0.216682    16A      0.247765  
      17A      0.281716    18A      0.289470    19A      0.300548  
      20A      0.313131    21A      0.327458    22A      0.356287  
      23A      0.374184    24A      0.415409    25A      0.438066  
      26A      0.446866    27A      0.464168    28A      0.528765  
      29A      0.593530    30A      0.626402    31A      0.635481  
      32A      0.746332    33A      0.772562    34A      0.794307  
      35A      0.839021    36A      0.993718    37A      1.826907  
      38A      1.879300    39A      1.910401    40A      1.966758  
      41A      1.996069    42A      2.022640    43A      2.080610  
      44A      2.089820    45A      2.124462    46A      2.258395  
      47A      2.357001    48A      2.420877    49A      2.442009  
      50A      2.476475    51A      2.542078    52A      2.695898  
      53A      2.741324    54A      3.028930    55A      3.226765  
      56A      3.348099    57A      3.486319    58A      3.554841  
      59A     43.015695    60A     43.129104  

    Final Occupation by Irrep:
              A 
    DOCC [    10 ]
    NA   [    10 ]
    NB   [    10 ]

  @RKS Final Energy:  -152.79489830879891

   => Energetics <=

    Nuclear Repulsion Energy =             39.3744746761982753
    One-Electron Energy =                -288.2189204459229472
    Two-Electron Energy =                 114.6364826782354953
    DFT Exchange-Correlation Energy =     -18.5727143203171146
    Empirical Dispersion Energy =          -0.0142208969926224
    VV10 Nonlocal Energy =                  0.0000000000000000
    Total Energy =                       -152.7948983087989063

Computation Completed


Properties will be evaluated at   0.000000,   0.000000,   0.000000 [a0]

Properties computed using the SCF density matrix


 Multipole Moments:

 ------------------------------------------------------------------------------------
     Multipole            Electronic (a.u.)      Nuclear  (a.u.)        Total (a.u.)
 ------------------------------------------------------------------------------------

 L = 1.  Multiply by 2.5417464519 to convert [e a0] to [Debye]
 Dipole X            :          4.7920718           -3.1994417            1.5926301
 Dipole Y            :          0.7670180           -1.0933887           -0.3263707
 Dipole Z            :        -13.0154444           12.5952353           -0.4202091
 Magnitude           :                                                    1.6791558

 ------------------------------------------------------------------------------------

*** tstop() called on s4124-0096 at Mon Jul 13 10:28:40 2026
Module time:
	user time   =      46.22 seconds =       0.77 minutes
	system time =       5.11 seconds =       0.09 minutes
	total time  =          5 seconds =       0.08 minutes
Total time:
	user time   =      46.22 seconds =       0.77 minutes
	system time =       5.11 seconds =       0.09 minutes
	total time  =          5 seconds =       0.08 minutes

Scratch directory: /tmp/alchemi-dimer-3085760/water_dimer_b97_3c/psi4_scratch/
   => Libint2 <=

    Primary   basis highest AM E, G, H:  7, 6, 3
    Auxiliary basis highest AM E, G, H:  7, 7, 4
    Onebody   basis highest AM E, G, H:  -, -, -
    Solid Harmonics ordering:            Gaussian

*** tstart() called on s4124-0096
*** at Mon Jul 13 10:28:40 2026

   => Loading Basis Set <=

    Name: DEF2-MTZVP
    Role: ORBITAL
    Keyword: BASIS
    atoms 1   entry O          line   161 file /home/scratch.nfedik_other/alchemi-ir-20260710/envs/alchemi-b973c-ir/share/psi4/basis/def2-mtzvp.gbs 
    atoms 2-3 entry H          line     9 file /home/scratch.nfedik_other/alchemi-ir-20260710/envs/alchemi-b973c-ir/share/psi4/basis/def2-mtzvp.gbs 

   => B973C: Empirical Dispersion <=

    Grimme's -D3 (BJ-damping) Dispersion Correction with ATM
    Grimme S.; Ehrlich S.; Goerigk L. (2011), J. Comput. Chem., 32: 1456

        s6 =       1.000000
        s8 =       1.500000
        a1 =       0.370000
        a2 =       4.100000
        s9 =       1.000000


         ---------------------------------------------------------
                                   SCF
               by Justin Turney, Rob Parrish, Andy Simmonett
                          and Daniel G. A. Smith
                              RKS Reference
                       32 Threads, 152587 MiB Core
         ---------------------------------------------------------

  ==> Geometry <==

    Molecular point group: c1
    Full point group: C1

    Geometry (in Angstrom), charge = 0, multiplicity = 1:

       Center              X                  Y                   Z               Mass       
    ------------   -----------------  -----------------  -----------------  -----------------
         O           -1.430996981733     0.000000000000     0.370283971169    15.994914619570
         H           -0.462431963470     0.000000000000     0.370283971169     1.007825032230
         H           -1.665312018267    -0.578596388717    -0.370283971169     1.007825032230

  Running in c1 symmetry.

  Rotational constants: A =     17.72182  B =      0.44787  C =      0.43728 [cm^-1]
  Rotational constants: A = 531286.79486  B =  13426.76719  C =  13109.37430 [MHz]
  Nuclear repulsion =    9.088293764845689

  Charge       = 0
  Multiplicity = 1
  Electrons    = 10
  Nalpha       = 5
  Nbeta        = 5

  ==> Algorithm <==

  SCF Algorithm Type is PK.
  DIIS enabled.
  MOM disabled.
  Fractional occupation disabled.
  Guess Type is SAD.
  Energy threshold   = 1.00e-10
  Density threshold  = 1.00e-10
  Integral threshold = 1.00e-12

  ==> Primary Basis <==

  Basis Set: DEF2-MTZVP
    Blend: DEF2-MTZVP
    Number of shells: 16
    Number of basis functions: 30
    Number of Cartesian functions: 32
    Spherical Harmonics?: true
    Max angular momentum: 2

  ==> DFT Potential <==

   => LibXC <=

    Version 7.0.0
    S. Lehtola, C. Steigemann, M. J.T. Oliveira, and M. A.L. Marques.,  SoftwareX 7, 1–5 (2018) (10.1016/j.softx.2017.11.002)

   => Composite Functional: B973C <= 

    B97-3c GGA-based 3C composite method with a TZ basis set, D3 and short-range basis set correction.  (10.1063/1.5012601)
     J. G. Brandenburg, C.Bannwarth, A. Hansen, S. Grimme J. Chem. Phys. 148, 064104, 2018


    Deriv               =              1
    GGA                 =           TRUE
    Meta                =          FALSE

    Exchange Hybrid     =          FALSE
    MP2 Hybrid          =          FALSE

   => Exchange-Correlation Functionals <=

    1.0000   Becke 97-3c by Grimme et. al.

   => LibXC Density Thresholds  <==

    XC_GGA_XC_B97_3C:  1.00E-14 

   => Molecular Quadrature <=

    Radial Scheme          =       TREUTLER
    Pruning Scheme         =           NONE
    Nuclear Scheme         =       TREUTLER

    Blocking Scheme        =         OCTREE
    BS radius alpha        =              1
    Pruning alpha          =              1
    Radial Points          =             99
    Spherical Points       =            590
    Total Points           =         170344
    Total Blocks           =           1303
    Max Points             =            256
    Max Functions          =             30
    Weights Tolerance      =       1.00E-15

  ==> Integral Setup <==

  Using in-core PK algorithm.
   Calculation information:
      Number of atoms:                   3
      Number of AO shells:              16
      Number of primitives:             29
      Number of atomic orbitals:        32
      Number of basis functions:        30

      Integral cutoff                 1.00e-12
      Number of threads:                32

  Performing in-core PK
  Using 216690 doubles for integral storage.
  We computed 23902 shell quartets total.
  Whereas there are 9316 unique shell quartets.
   156.57 percent of shell quartets recomputed by reordering.

  ==> DiskJK: Disk-Based J/K Matrices <==

    J tasked:                  Yes
    K tasked:                   No
    wK tasked:                  No
    Memory [MiB]:           114295
    Schwarz Cutoff:          1E-12

    OpenMP threads:             32

  Cached 100.0% of DFT collocation blocks in 0.142 [GiB].

  Minimum eigenvalue in the overlap matrix is 8.8216274170E-03.
  Reciprocal condition number of the overlap matrix is 1.7767523151E-03.
    Using symmetric orthogonalization.

  ==> Pre-Iterations <==

  SCF Guess: Superposition of Atomic Densities via on-the-fly atomic UHF (no occupation information).

   -------------------------
    Irrep   Nso     Nmo    
   -------------------------
     A         30      30 
   -------------------------
    Total      30      30
   -------------------------

  ==> Iterations <==

                        Total Energy        Delta E     RMS |[F,P]|

   @RKS iter SAD:   -76.07876988718758   -7.60788e+01   0.00000e+00 
   @RKS iter   1:   -76.18700255365388   -1.08233e-01   2.60889e-02 DIIS
   @RKS iter   2:   -75.53311713983786    6.53885e-01   4.86452e-02 DIIS
   @RKS iter   3:   -76.39483469908774   -8.61718e-01   2.47244e-03 DIIS
   @RKS iter   4:   -76.39752215170913   -2.68745e-03   4.11841e-04 DIIS
   @RKS iter   5:   -76.39757863430881   -5.64826e-05   7.90565e-05 DIIS
   @RKS iter   6:   -76.39758055219288   -1.91788e-06   3.95107e-06 DIIS
   @RKS iter   7:   -76.39758055654062   -4.34774e-09   4.86619e-07 DIIS
   @RKS iter   8:   -76.39758055663859   -9.79696e-11   4.18270e-08 DIIS
   @RKS iter   9:   -76.39758055663918   -5.96856e-13   2.53536e-09 DIIS
   @RKS iter  10:   -76.39758055663903    1.56319e-13   1.22491e-11 DIIS
  Energy and wave function converged.


  ==> Post-Iterations <==

   Electrons on quadrature grid:
      Ntotal   =    9.9999999849 ; deviation = -1.514e-08 

    Orbital Energies [Eh]
    ---------------------

    Doubly Occupied:                                                      

       1A    -18.745124     2A     -0.928570     3A     -0.479665  
       4A     -0.337520     5A     -0.255767  

    Virtual:                                                              

       6A      0.004345     7A      0.077836     8A      0.258486  
       9A      0.277116    10A      0.321301    11A      0.331835  
      12A      0.332640    13A      0.421354    14A      0.421503  
      15A      0.473959    16A      0.518608    17A      0.724947  
      18A      0.750245    19A      1.889043    20A      1.916436  
      21A      2.011283    22A      2.031966    23A      2.058361  
      24A      2.319011    25A      2.442090    26A      2.456245  
      27A      2.593946    28A      3.227110    29A      3.485530  
      30A     42.924547  

    Final Occupation by Irrep:
              A 
    DOCC [     5 ]
    NA   [     5 ]
    NB   [     5 ]

  @RKS Final Energy:   -76.39758055663903

   => Energetics <=

    Nuclear Repulsion Energy =              9.0882937648456892
    One-Electron Energy =                -122.9103663734967995
    Two-Electron Energy =                  46.7009951657680347
    DFT Exchange-Correlation Energy =      -9.2702948106744092
    Empirical Dispersion Energy =          -0.0062083030815348
    VV10 Nonlocal Energy =                  0.0000000000000000
    Total Energy =                        -76.3975805566390278

Computation Completed


Properties will be evaluated at   0.000000,   0.000000,   0.000000 [a0]

Properties computed using the SCF density matrix


 Multipole Moments:

 ------------------------------------------------------------------------------------
     Multipole            Electronic (a.u.)      Nuclear  (a.u.)        Total (a.u.)
 ------------------------------------------------------------------------------------

 L = 1.  Multiply by 2.5417464519 to convert [e a0] to [Debye]
 Dipole X            :         26.0974284          -25.6543924            0.4430360
 Dipole Y            :          0.7442719           -1.0933887           -0.3491168
 Dipole Z            :         -6.0447305            5.5978824           -0.4468482
 Magnitude           :                                                    0.7196088

 ------------------------------------------------------------------------------------

*** tstop() called on s4124-0096 at Mon Jul 13 10:28:41 2026
Module time:
	user time   =      15.94 seconds =       0.27 minutes
	system time =       1.60 seconds =       0.03 minutes
	total time  =          1 seconds =       0.02 minutes
Total time:
	user time   =      63.30 seconds =       1.05 minutes
	system time =       6.85 seconds =       0.11 minutes
	total time  =          6 seconds =       0.10 minutes

Scratch directory: /tmp/alchemi-dimer-3085760/water_dimer_b97_3c/psi4_scratch/
   => Libint2 <=

    Primary   basis highest AM E, G, H:  7, 6, 3
    Auxiliary basis highest AM E, G, H:  7, 7, 4
    Onebody   basis highest AM E, G, H:  -, -, -
    Solid Harmonics ordering:            Gaussian

*** tstart() called on s4124-0096
*** at Mon Jul 13 10:28:41 2026

   => Loading Basis Set <=

    Name: DEF2-MTZVP
    Role: ORBITAL
    Keyword: BASIS
    atoms 1   entry O          line   161 file /home/scratch.nfedik_other/alchemi-ir-20260710/envs/alchemi-b973c-ir/share/psi4/basis/def2-mtzvp.gbs 
    atoms 2-3 entry H          line     9 file /home/scratch.nfedik_other/alchemi-ir-20260710/envs/alchemi-b973c-ir/share/psi4/basis/def2-mtzvp.gbs 

   => B973C: Empirical Dispersion <=

    Grimme's -D3 (BJ-damping) Dispersion Correction with ATM
    Grimme S.; Ehrlich S.; Goerigk L. (2011), J. Comput. Chem., 32: 1456

        s6 =       1.000000
        s8 =       1.500000
        a1 =       0.370000
        a2 =       4.100000
        s9 =       1.000000


         ---------------------------------------------------------
                                   SCF
               by Justin Turney, Rob Parrish, Andy Simmonett
                          and Daniel G. A. Smith
                              RKS Reference
                       32 Threads, 152587 MiB Core
         ---------------------------------------------------------

  ==> Geometry <==

    Molecular point group: c1
    Full point group: Cs

    Geometry (in Angstrom), charge = 0, multiplicity = 1:

       Center              X                  Y                   Z               Mass       
    ------------   -----------------  -----------------  -----------------  -----------------
         O            1.069003018267     0.000000000000     0.370283971169    15.994914619570
         H            1.665312018267     0.763239000000     0.370283971169     1.007825032230
         H            1.665312018267    -0.763239000000     0.370283971169     1.007825032230

  Running in c1 symmetry.

  Rotational constants: A =     13.66096  B =      0.64005  C =      0.61407 [cm^-1]
  Rotational constants: A = 409545.32417  B =  19188.33111  C =  18409.41836 [MHz]
  Nuclear repulsion =    9.088293764845691

  Charge       = 0
  Multiplicity = 1
  Electrons    = 10
  Nalpha       = 5
  Nbeta        = 5

  ==> Algorithm <==

  SCF Algorithm Type is PK.
  DIIS enabled.
  MOM disabled.
  Fractional occupation disabled.
  Guess Type is SAD.
  Energy threshold   = 1.00e-10
  Density threshold  = 1.00e-10
  Integral threshold = 1.00e-12

  ==> Primary Basis <==

  Basis Set: DEF2-MTZVP
    Blend: DEF2-MTZVP
    Number of shells: 16
    Number of basis functions: 30
    Number of Cartesian functions: 32
    Spherical Harmonics?: true
    Max angular momentum: 2

  ==> DFT Potential <==

   => LibXC <=

    Version 7.0.0
    S. Lehtola, C. Steigemann, M. J.T. Oliveira, and M. A.L. Marques.,  SoftwareX 7, 1–5 (2018) (10.1016/j.softx.2017.11.002)

   => Composite Functional: B973C <= 

    B97-3c GGA-based 3C composite method with a TZ basis set, D3 and short-range basis set correction.  (10.1063/1.5012601)
     J. G. Brandenburg, C.Bannwarth, A. Hansen, S. Grimme J. Chem. Phys. 148, 064104, 2018


    Deriv               =              1
    GGA                 =           TRUE
    Meta                =          FALSE

    Exchange Hybrid     =          FALSE
    MP2 Hybrid          =          FALSE

   => Exchange-Correlation Functionals <=

    1.0000   Becke 97-3c by Grimme et. al.

   => LibXC Density Thresholds  <==

    XC_GGA_XC_B97_3C:  1.00E-14 

   => Molecular Quadrature <=

    Radial Scheme          =       TREUTLER
    Pruning Scheme         =           NONE
    Nuclear Scheme         =       TREUTLER

    Blocking Scheme        =         OCTREE
    BS radius alpha        =              1
    Pruning alpha          =              1
    Radial Points          =             99
    Spherical Points       =            590
    Total Points           =         170344
    Total Blocks           =           1325
    Max Points             =            256
    Max Functions          =             30
    Weights Tolerance      =       1.00E-15

  ==> Integral Setup <==

  Using in-core PK algorithm.
   Calculation information:
      Number of atoms:                   3
      Number of AO shells:              16
      Number of primitives:             29
      Number of atomic orbitals:        32
      Number of basis functions:        30

      Integral cutoff                 1.00e-12
      Number of threads:                32

  Performing in-core PK
  Using 216690 doubles for integral storage.
  We computed 23902 shell quartets total.
  Whereas there are 9316 unique shell quartets.
   156.57 percent of shell quartets recomputed by reordering.

  ==> DiskJK: Disk-Based J/K Matrices <==

    J tasked:                  Yes
    K tasked:                   No
    wK tasked:                  No
    Memory [MiB]:           114295
    Schwarz Cutoff:          1E-12

    OpenMP threads:             32

  Cached 100.0% of DFT collocation blocks in 0.142 [GiB].

  Minimum eigenvalue in the overlap matrix is 8.8216274170E-03.
  Reciprocal condition number of the overlap matrix is 1.7767523151E-03.
    Using symmetric orthogonalization.

  ==> Pre-Iterations <==

  SCF Guess: Superposition of Atomic Densities via on-the-fly atomic UHF (no occupation information).

   -------------------------
    Irrep   Nso     Nmo    
   -------------------------
     A         30      30 
   -------------------------
    Total      30      30
   -------------------------

  ==> Iterations <==

                        Total Energy        Delta E     RMS |[F,P]|

   @RKS iter SAD:   -76.07876988718745   -7.60788e+01   0.00000e+00 
   @RKS iter   1:   -76.18700255365390   -1.08233e-01   2.60889e-02 DIIS
   @RKS iter   2:   -75.53311713983754    6.53885e-01   4.86452e-02 DIIS
   @RKS iter   3:   -76.39483469908765   -8.61718e-01   2.47244e-03 DIIS
   @RKS iter   4:   -76.39752215170913   -2.68745e-03   4.11841e-04 DIIS
   @RKS iter   5:   -76.39757863430872   -5.64826e-05   7.90565e-05 DIIS
   @RKS iter   6:   -76.39758055219286   -1.91788e-06   3.95107e-06 DIIS
   @RKS iter   7:   -76.39758055654063   -4.34777e-09   4.86619e-07 DIIS
   @RKS iter   8:   -76.39758055663850   -9.78702e-11   4.18270e-08 DIIS
   @RKS iter   9:   -76.39758055663908   -5.82645e-13   2.53536e-09 DIIS
   @RKS iter  10:   -76.39758055663911   -2.84217e-14   1.22495e-11 DIIS
  Energy and wave function converged.


  ==> Post-Iterations <==

   Electrons on quadrature grid:
      Ntotal   =    9.9999999849 ; deviation = -1.514e-08 

    Orbital Energies [Eh]
    ---------------------

    Doubly Occupied:                                                      

       1A    -18.745124     2A     -0.928570     3A     -0.479665  
       4A     -0.337520     5A     -0.255767  

    Virtual:                                                              

       6A      0.004345     7A      0.077836     8A      0.258486  
       9A      0.277116    10A      0.321301    11A      0.331835  
      12A      0.332640    13A      0.421354    14A      0.421503  
      15A      0.473959    16A      0.518608    17A      0.724947  
      18A      0.750245    19A      1.889043    20A      1.916436  
      21A      2.011283    22A      2.031966    23A      2.058361  
      24A      2.319011    25A      2.442090    26A      2.456245  
      27A      2.593946    28A      3.227110    29A      3.485530  
      30A     42.924547  

    Final Occupation by Irrep:
              A 
    DOCC [     5 ]
    NA   [     5 ]
    NB   [     5 ]

  @RKS Final Energy:   -76.39758055663911

   => Energetics <=

    Nuclear Repulsion Energy =              9.0882937648456910
    One-Electron Energy =                -122.9103663734967995
    Two-Electron Energy =                  46.7009951657679352
    DFT Exchange-Correlation Energy =      -9.2702948106743968
    Empirical Dispersion Energy =          -0.0062083030815348
    VV10 Nonlocal Energy =                  0.0000000000000000
    Total Energy =                        -76.3975805566391131

Computation Completed


Properties will be evaluated at   0.000000,   0.000000,   0.000000 [a0]

Properties computed using the SCF density matrix


 Multipole Moments:

 ------------------------------------------------------------------------------------
     Multipole            Electronic (a.u.)      Nuclear  (a.u.)        Total (a.u.)
 ------------------------------------------------------------------------------------

 L = 1.  Multiply by 2.5417464519 to convert [e a0] to [Debye]
 Dipole X            :        -21.7353420           22.4549507            0.7196088
 Dipole Y            :         -0.0000000            0.0000000           -0.0000000
 Dipole Z            :         -6.9973529            6.9973529            0.0000000
 Magnitude           :                                                    0.7196088

 ------------------------------------------------------------------------------------

*** tstop() called on s4124-0096 at Mon Jul 13 10:28:41 2026
Module time:
	user time   =      15.59 seconds =       0.26 minutes
	system time =       1.37 seconds =       0.02 minutes
	total time  =          0 seconds =       0.00 minutes
Total time:
	user time   =      80.03 seconds =       1.33 minutes
	system time =       8.33 seconds =       0.14 minutes
	total time  =          6 seconds =       0.10 minutes

Scratch directory: /tmp/alchemi-dimer-3085760/water_dimer_b97_3c/psi4_scratch/
   => Libint2 <=

    Primary   basis highest AM E, G, H:  7, 6, 3
    Auxiliary basis highest AM E, G, H:  7, 7, 4
    Onebody   basis highest AM E, G, H:  -, -, -
    Solid Harmonics ordering:            Gaussian

*** tstart() called on s4124-0096
*** at Mon Jul 13 10:28:42 2026

   => Loading Basis Set <=

    Name: DEF2-MTZVP
    Role: ORBITAL
    Keyword: BASIS
    atoms 1, 4     entry O          line   161 file /home/scratch.nfedik_other/alchemi-ir-20260710/envs/alchemi-b973c-ir/share/psi4/basis/def2-mtzvp.gbs 
    atoms 2-3, 5-6 entry H          line     9 file /home/scratch.nfedik_other/alchemi-ir-20260710/envs/alchemi-b973c-ir/share/psi4/basis/def2-mtzvp.gbs 

   => B973C: Empirical Dispersion <=

    Grimme's -D3 (BJ-damping) Dispersion Correction with ATM
    Grimme S.; Ehrlich S.; Goerigk L. (2011), J. Comput. Chem., 32: 1456

        s6 =       1.000000
        s8 =       1.500000
        a1 =       0.370000
        a2 =       4.100000
        s9 =       1.000000


         ---------------------------------------------------------
                                   SCF
               by Justin Turney, Rob Parrish, Andy Simmonett
                          and Daniel G. A. Smith
                              RKS Reference
                       32 Threads, 152587 MiB Core
         ---------------------------------------------------------

  ==> Geometry <==

    Molecular point group: c1
    Full point group: C1

    Geometry (in Angstrom), charge = 0, multiplicity = 1:

       Center              X                  Y                   Z               Mass       
    ------------   -----------------  -----------------  -----------------  -----------------
         O           -1.530996981733     0.000000000000     0.370283971169    15.994914619570
         H           -0.562431963470     0.000000000000     0.370283971169     1.007825032230
         H           -1.765312018267    -0.578596388717    -0.370283971169     1.007825032230
         O            1.169003018267     0.000000000000     0.370283971169    15.994914619570
         H            1.765312018267     0.763239000000     0.370283971169     1.007825032230
         H            1.765312018267    -0.763239000000     0.370283971169     1.007825032230

  Running in c1 symmetry.

  Rotational constants: A =      2.62066  B =      0.23881  C =      0.22762 [cm^-1]
  Rotational constants: A =  78565.47356  B =   7159.36414  C =   6823.99164 [MHz]
  Nuclear repulsion =   37.757459554271136

  Charge       = 0
  Multiplicity = 1
  Electrons    = 20
  Nalpha       = 10
  Nbeta        = 10

  ==> Algorithm <==

  SCF Algorithm Type is PK.
  DIIS enabled.
  MOM disabled.
  Fractional occupation disabled.
  Guess Type is SAD.
  Energy threshold   = 1.00e-10
  Density threshold  = 1.00e-10
  Integral threshold = 1.00e-12

  ==> Primary Basis <==

  Basis Set: DEF2-MTZVP
    Blend: DEF2-MTZVP
    Number of shells: 32
    Number of basis functions: 60
    Number of Cartesian functions: 64
    Spherical Harmonics?: true
    Max angular momentum: 2

  ==> DFT Potential <==

   => LibXC <=

    Version 7.0.0
    S. Lehtola, C. Steigemann, M. J.T. Oliveira, and M. A.L. Marques.,  SoftwareX 7, 1–5 (2018) (10.1016/j.softx.2017.11.002)

   => Composite Functional: B973C <= 

    B97-3c GGA-based 3C composite method with a TZ basis set, D3 and short-range basis set correction.  (10.1063/1.5012601)
     J. G. Brandenburg, C.Bannwarth, A. Hansen, S. Grimme J. Chem. Phys. 148, 064104, 2018


    Deriv               =              1
    GGA                 =           TRUE
    Meta                =          FALSE

    Exchange Hybrid     =          FALSE
    MP2 Hybrid          =          FALSE

   => Exchange-Correlation Functionals <=

    1.0000   Becke 97-3c by Grimme et. al.

   => LibXC Density Thresholds  <==

    XC_GGA_XC_B97_3C:  1.00E-14 

   => Molecular Quadrature <=

    Radial Scheme          =       TREUTLER
    Pruning Scheme         =           NONE
    Nuclear Scheme         =       TREUTLER

    Blocking Scheme        =         OCTREE
    BS radius alpha        =              1
    Pruning alpha          =              1
    Radial Points          =             99
    Spherical Points       =            590
    Total Points           =         338045
    Total Blocks           =           2494
    Max Points             =            256
    Max Functions          =             58
    Weights Tolerance      =       1.00E-15

  ==> Integral Setup <==

  Using in-core PK algorithm.
   Calculation information:
      Number of atoms:                   6
      Number of AO shells:              32
      Number of primitives:             58
      Number of atomic orbitals:        64
      Number of basis functions:        60

      Integral cutoff                 1.00e-12
      Number of threads:                32

  Performing in-core PK
  Using 3350730 doubles for integral storage.
  We computed 292018 shell quartets total.
  Whereas there are 139656 unique shell quartets.
   109.10 percent of shell quartets recomputed by reordering.

  ==> DiskJK: Disk-Based J/K Matrices <==

    J tasked:                  Yes
    K tasked:                   No
    wK tasked:                  No
    Memory [MiB]:           113934
    Schwarz Cutoff:          1E-12

    OpenMP threads:             32

  Cached 100.0% of DFT collocation blocks in 0.495 [GiB].

  Minimum eigenvalue in the overlap matrix is 5.1115612500E-03.
  Reciprocal condition number of the overlap matrix is 9.1045023353E-04.
    Using symmetric orthogonalization.

  ==> Pre-Iterations <==

  SCF Guess: Superposition of Atomic Densities via on-the-fly atomic UHF (no occupation information).

   -------------------------
    Irrep   Nso     Nmo    
   -------------------------
     A         60      60 
   -------------------------
    Total      60      60
   -------------------------

  ==> Iterations <==

                        Total Energy        Delta E     RMS |[F,P]|

   @RKS iter SAD:  -152.22232932143405   -1.52222e+02   0.00000e+00 
   @RKS iter   1:  -152.40337275545960   -1.81043e-01   1.80117e-02 DIIS
   @RKS iter   2:  -150.79008952995943    1.61328e+00   3.54406e-02 DIIS
   @RKS iter   3:  -152.78021415142553   -1.99012e+00   3.58754e-03 DIIS
   @RKS iter   4:  -152.78516719329915   -4.95304e-03   3.62900e-03 DIIS
   @RKS iter   5:  -152.80045818864818   -1.52910e-02   4.26965e-04 DIIS
   @RKS iter   6:  -152.80070608577347   -2.47897e-04   9.26844e-05 DIIS
   @RKS iter   7:  -152.80071770956712   -1.16238e-05   1.18083e-05 DIIS
   @RKS iter   8:  -152.80071792564291   -2.16076e-07   2.38382e-06 DIIS
   @RKS iter   9:  -152.80071793425782   -8.61490e-09   1.87747e-07 DIIS
   @RKS iter  10:  -152.80071793430997   -5.21538e-11   3.78119e-08 DIIS
   @RKS iter  11:  -152.80071793431193   -1.96110e-12   4.45850e-09 DIIS
   @RKS iter  12:  -152.80071793431162    3.12639e-13   6.97726e-10 DIIS
   @RKS iter  13:  -152.80071793431202   -3.97904e-13   7.75546e-11 DIIS
  Energy and wave function converged.


  ==> Post-Iterations <==

   Electrons on quadrature grid:
      Ntotal   =   19.9999999984 ; deviation = -1.644e-09 

    Orbital Energies [Eh]
    ---------------------

    Doubly Occupied:                                                      

       1A    -18.781087     2A    -18.701839     3A     -0.964624  
       4A     -0.888343     5A     -0.512893     6A     -0.454295  
       7A     -0.376431     8A     -0.295594     9A     -0.289420  
      10A     -0.219605  

    Virtual:                                                              

      11A     -0.017540    12A      0.051771    13A      0.059232  
      14A      0.164120    15A      0.214606    16A      0.248366  
      17A      0.270908    18A      0.280719    19A      0.296804  
      20A      0.314330    21A      0.321951    22A      0.348821  
      23A      0.363740    24A      0.410765    25A      0.432199  
      26A      0.440529    27A      0.462169    28A      0.520182  
      29A      0.571210    30A      0.595679    31A      0.622814  
      32A      0.737380    33A      0.767350    34A      0.797233  
      35A      0.848286    36A      0.939470    37A      1.832544  
      38A      1.898459    39A      1.911995    40A      1.954187  
      41A      2.001713    42A      2.037174    43A      2.068637  
      44A      2.080483    45A      2.114811    46A      2.251967  
      47A      2.343343    48A      2.424924    49A      2.437749  
      50A      2.450315    51A      2.524991    52A      2.615846  
      53A      2.699795    54A      2.913380    55A      3.219637  
      56A      3.348211    57A      3.492327    58A      3.564084  
      59A     42.996647    60A     43.090929  

    Final Occupation by Irrep:
              A 
    DOCC [    10 ]
    NA   [    10 ]
    NB   [    10 ]

  @RKS Final Energy:  -152.80071793431202

   => Energetics <=

    Nuclear Repulsion Energy =             37.7574595542711364
    One-Electron Energy =                -285.0014966432754591
    Two-Electron Energy =                 113.0140452214763371
    DFT Exchange-Correlation Energy =     -18.5568456166708771
    Empirical Dispersion Energy =          -0.0138804501131698
    VV10 Nonlocal Energy =                  0.0000000000000000
    Total Energy =                       -152.8007179343120185

Computation Completed


Properties will be evaluated at   0.000000,   0.000000,   0.000000 [a0]

Properties computed using the SCF density matrix


 Multipole Moments:

 ------------------------------------------------------------------------------------
     Multipole            Electronic (a.u.)      Nuclear  (a.u.)        Total (a.u.)
 ------------------------------------------------------------------------------------

 L = 1.  Multiply by 2.5417464519 to convert [e a0] to [Debye]
 Dipole X            :          4.6979476           -3.1994417            1.4985059
 Dipole Y            :          0.7617292           -1.0933887           -0.3316595
 Dipole Z            :        -13.0216518           12.5952353           -0.4264165
 Magnitude           :                                                    1.5929058

 ------------------------------------------------------------------------------------

*** tstop() called on s4124-0096 at Mon Jul 13 10:28:43 2026
Module time:
	user time   =      35.38 seconds =       0.59 minutes
	system time =       2.37 seconds =       0.04 minutes
	total time  =          1 seconds =       0.02 minutes
Total time:
	user time   =     116.55 seconds =       1.94 minutes
	system time =      10.82 seconds =       0.18 minutes
	total time  =          8 seconds =       0.13 minutes

Scratch directory: /tmp/alchemi-dimer-3085760/water_dimer_b97_3c/psi4_scratch/
   => Libint2 <=

    Primary   basis highest AM E, G, H:  7, 6, 3
    Auxiliary basis highest AM E, G, H:  7, 7, 4
    Onebody   basis highest AM E, G, H:  -, -, -
    Solid Harmonics ordering:            Gaussian

*** tstart() called on s4124-0096
*** at Mon Jul 13 10:28:43 2026

   => Loading Basis Set <=

    Name: DEF2-MTZVP
    Role: ORBITAL
    Keyword: BASIS
    atoms 1   entry O          line   161 file /home/scratch.nfedik_other/alchemi-ir-20260710/envs/alchemi-b973c-ir/share/psi4/basis/def2-mtzvp.gbs 
    atoms 2-3 entry H          line     9 file /home/scratch.nfedik_other/alchemi-ir-20260710/envs/alchemi-b973c-ir/share/psi4/basis/def2-mtzvp.gbs 

   => B973C: Empirical Dispersion <=

    Grimme's -D3 (BJ-damping) Dispersion Correction with ATM
    Grimme S.; Ehrlich S.; Goerigk L. (2011), J. Comput. Chem., 32: 1456

        s6 =       1.000000
        s8 =       1.500000
        a1 =       0.370000
        a2 =       4.100000
        s9 =       1.000000


         ---------------------------------------------------------
                                   SCF
               by Justin Turney, Rob Parrish, Andy Simmonett
                          and Daniel G. A. Smith
                              RKS Reference
                       32 Threads, 152587 MiB Core
         ---------------------------------------------------------

  ==> Geometry <==

    Molecular point group: c1
    Full point group: C1

    Geometry (in Angstrom), charge = 0, multiplicity = 1:

       Center              X                  Y                   Z               Mass       
    ------------   -----------------  -----------------  -----------------  -----------------
         O           -1.530996981733     0.000000000000     0.370283971169    15.994914619570
         H           -0.562431963470     0.000000000000     0.370283971169     1.007825032230
         H           -1.765312018267    -0.578596388717    -0.370283971169     1.007825032230

  Running in c1 symmetry.

  Rotational constants: A =     17.87819  B =      0.39357  C =      0.38541 [cm^-1]
  Rotational constants: A = 535974.63236  B =  11798.99035  C =  11554.16337 [MHz]
  Nuclear repulsion =    9.088293764845691

  Charge       = 0
  Multiplicity = 1
  Electrons    = 10
  Nalpha       = 5
  Nbeta        = 5

  ==> Algorithm <==

  SCF Algorithm Type is PK.
  DIIS enabled.
  MOM disabled.
  Fractional occupation disabled.
  Guess Type is SAD.
  Energy threshold   = 1.00e-10
  Density threshold  = 1.00e-10
  Integral threshold = 1.00e-12

  ==> Primary Basis <==

  Basis Set: DEF2-MTZVP
    Blend: DEF2-MTZVP
    Number of shells: 16
    Number of basis functions: 30
    Number of Cartesian functions: 32
    Spherical Harmonics?: true
    Max angular momentum: 2

  ==> DFT Potential <==

   => LibXC <=

    Version 7.0.0
    S. Lehtola, C. Steigemann, M. J.T. Oliveira, and M. A.L. Marques.,  SoftwareX 7, 1–5 (2018) (10.1016/j.softx.2017.11.002)

   => Composite Functional: B973C <= 

    B97-3c GGA-based 3C composite method with a TZ basis set, D3 and short-range basis set correction.  (10.1063/1.5012601)
     J. G. Brandenburg, C.Bannwarth, A. Hansen, S. Grimme J. Chem. Phys. 148, 064104, 2018


    Deriv               =              1
    GGA                 =           TRUE
    Meta                =          FALSE

    Exchange Hybrid     =          FALSE
    MP2 Hybrid          =          FALSE

   => Exchange-Correlation Functionals <=

    1.0000   Becke 97-3c by Grimme et. al.

   => LibXC Density Thresholds  <==

    XC_GGA_XC_B97_3C:  1.00E-14 

   => Molecular Quadrature <=

    Radial Scheme          =       TREUTLER
    Pruning Scheme         =           NONE
    Nuclear Scheme         =       TREUTLER

    Blocking Scheme        =         OCTREE
    BS radius alpha        =              1
    Pruning alpha          =              1
    Radial Points          =             99
    Spherical Points       =            590
    Total Points           =         170344
    Total Blocks           =           1303
    Max Points             =            256
    Max Functions          =             30
    Weights Tolerance      =       1.00E-15

  ==> Integral Setup <==

  Using in-core PK algorithm.
   Calculation information:
      Number of atoms:                   3
      Number of AO shells:              16
      Number of primitives:             29
      Number of atomic orbitals:        32
      Number of basis functions:        30

      Integral cutoff                 1.00e-12
      Number of threads:                32

  Performing in-core PK
  Using 216690 doubles for integral storage.
  We computed 23902 shell quartets total.
  Whereas there are 9316 unique shell quartets.
   156.57 percent of shell quartets recomputed by reordering.

  ==> DiskJK: Disk-Based J/K Matrices <==

    J tasked:                  Yes
    K tasked:                   No
    wK tasked:                  No
    Memory [MiB]:           114295
    Schwarz Cutoff:          1E-12

    OpenMP threads:             32

  Cached 100.0% of DFT collocation blocks in 0.142 [GiB].

  Minimum eigenvalue in the overlap matrix is 8.8216274170E-03.
  Reciprocal condition number of the overlap matrix is 1.7767523151E-03.
    Using symmetric orthogonalization.

  ==> Pre-Iterations <==

  SCF Guess: Superposition of Atomic Densities via on-the-fly atomic UHF (no occupation information).

   -------------------------
    Irrep   Nso     Nmo    
   -------------------------
     A         30      30 
   -------------------------
    Total      30      30
   -------------------------

  ==> Iterations <==

                        Total Energy        Delta E     RMS |[F,P]|

   @RKS iter SAD:   -76.07876988718755   -7.60788e+01   0.00000e+00 
   @RKS iter   1:   -76.18700255365385   -1.08233e-01   2.60889e-02 DIIS
   @RKS iter   2:   -75.53311713983778    6.53885e-01   4.86452e-02 DIIS
   @RKS iter   3:   -76.39483469908777   -8.61718e-01   2.47244e-03 DIIS
   @RKS iter   4:   -76.39752215170920   -2.68745e-03   4.11841e-04 DIIS
   @RKS iter   5:   -76.39757863430881   -5.64826e-05   7.90565e-05 DIIS
   @RKS iter   6:   -76.39758055219298   -1.91788e-06   3.95107e-06 DIIS
   @RKS iter   7:   -76.39758055654059   -4.34761e-09   4.86619e-07 DIIS
   @RKS iter   8:   -76.39758055663859   -9.79981e-11   4.18270e-08 DIIS
   @RKS iter   9:   -76.39758055663923   -6.39488e-13   2.53536e-09 DIIS
   @RKS iter  10:   -76.39758055663908    1.42109e-13   1.22488e-11 DIIS
  Energy and wave function converged.


  ==> Post-Iterations <==

   Electrons on quadrature grid:
      Ntotal   =    9.9999999849 ; deviation = -1.514e-08 

    Orbital Energies [Eh]
    ---------------------

    Doubly Occupied:                                                      

       1A    -18.745124     2A     -0.928570     3A     -0.479665  
       4A     -0.337520     5A     -0.255767  

    Virtual:                                                              

       6A      0.004345     7A      0.077836     8A      0.258486  
       9A      0.277116    10A      0.321301    11A      0.331835  
      12A      0.332640    13A      0.421354    14A      0.421503  
      15A      0.473959    16A      0.518608    17A      0.724947  
      18A      0.750245    19A      1.889043    20A      1.916436  
      21A      2.011283    22A      2.031966    23A      2.058361  
      24A      2.319011    25A      2.442090    26A      2.456245  
      27A      2.593946    28A      3.227110    29A      3.485530  
      30A     42.924547  

    Final Occupation by Irrep:
              A 
    DOCC [     5 ]
    NA   [     5 ]
    NB   [     5 ]

  @RKS Final Energy:   -76.39758055663908

   => Energetics <=

    Nuclear Repulsion Energy =              9.0882937648456910
    One-Electron Energy =                -122.9103663734968279
    Two-Electron Energy =                  46.7009951657679920
    DFT Exchange-Correlation Energy =      -9.2702948106744039
    Empirical Dispersion Energy =          -0.0062083030815348
    VV10 Nonlocal Energy =                  0.0000000000000000
    Total Energy =                        -76.3975805566390846

Computation Completed


Properties will be evaluated at   0.000000,   0.000000,   0.000000 [a0]

Properties computed using the SCF density matrix


 Multipole Moments:

 ------------------------------------------------------------------------------------
     Multipole            Electronic (a.u.)      Nuclear  (a.u.)        Total (a.u.)
 ------------------------------------------------------------------------------------

 L = 1.  Multiply by 2.5417464519 to convert [e a0] to [Debye]
 Dipole X            :         27.9871546          -27.5441186            0.4430360
 Dipole Y            :          0.7442719           -1.0933887           -0.3491168
 Dipole Z            :         -6.0447305            5.5978824           -0.4468482
 Magnitude           :                                                    0.7196088

 ------------------------------------------------------------------------------------

*** tstop() called on s4124-0096 at Mon Jul 13 10:28:43 2026
Module time:
	user time   =      16.46 seconds =       0.27 minutes
	system time =       1.55 seconds =       0.03 minutes
	total time  =          0 seconds =       0.00 minutes
Total time:
	user time   =     134.14 seconds =       2.24 minutes
	system time =      12.49 seconds =       0.21 minutes
	total time  =          8 seconds =       0.13 minutes

Scratch directory: /tmp/alchemi-dimer-3085760/water_dimer_b97_3c/psi4_scratch/
   => Libint2 <=

    Primary   basis highest AM E, G, H:  7, 6, 3
    Auxiliary basis highest AM E, G, H:  7, 7, 4
    Onebody   basis highest AM E, G, H:  -, -, -
    Solid Harmonics ordering:            Gaussian

*** tstart() called on s4124-0096
*** at Mon Jul 13 10:28:43 2026

   => Loading Basis Set <=

    Name: DEF2-MTZVP
    Role: ORBITAL
    Keyword: BASIS
    atoms 1   entry O          line   161 file /home/scratch.nfedik_other/alchemi-ir-20260710/envs/alchemi-b973c-ir/share/psi4/basis/def2-mtzvp.gbs 
    atoms 2-3 entry H          line     9 file /home/scratch.nfedik_other/alchemi-ir-20260710/envs/alchemi-b973c-ir/share/psi4/basis/def2-mtzvp.gbs 

   => B973C: Empirical Dispersion <=

    Grimme's -D3 (BJ-damping) Dispersion Correction with ATM
    Grimme S.; Ehrlich S.; Goerigk L. (2011), J. Comput. Chem., 32: 1456

        s6 =       1.000000
        s8 =       1.500000
        a1 =       0.370000
        a2 =       4.100000
        s9 =       1.000000


         ---------------------------------------------------------
                                   SCF
               by Justin Turney, Rob Parrish, Andy Simmonett
                          and Daniel G. A. Smith
                              RKS Reference
                       32 Threads, 152587 MiB Core
         ---------------------------------------------------------

  ==> Geometry <==

    Molecular point group: c1
    Full point group: Cs

    Geometry (in Angstrom), charge = 0, multiplicity = 1:

       Center              X                  Y                   Z               Mass       
    ------------   -----------------  -----------------  -----------------  -----------------
         O            1.169003018267     0.000000000000     0.370283971169    15.994914619570
         H            1.765312018267     0.763239000000     0.370283971169     1.007825032230
         H            1.765312018267    -0.763239000000     0.370283971169     1.007825032230

  Running in c1 symmetry.

  Rotational constants: A =     13.75433  B =      0.55074  C =      0.53125 [cm^-1]
  Rotational constants: A = 412344.56866  B =  16510.80013  C =  15926.60826 [MHz]
  Nuclear repulsion =    9.088293764845689

  Charge       = 0
  Multiplicity = 1
  Electrons    = 10
  Nalpha       = 5
  Nbeta        = 5

  ==> Algorithm <==

  SCF Algorithm Type is PK.
  DIIS enabled.
  MOM disabled.
  Fractional occupation disabled.
  Guess Type is SAD.
  Energy threshold   = 1.00e-10
  Density threshold  = 1.00e-10
  Integral threshold = 1.00e-12

  ==> Primary Basis <==

  Basis Set: DEF2-MTZVP
    Blend: DEF2-MTZVP
    Number of shells: 16
    Number of basis functions: 30
    Number of Cartesian functions: 32
    Spherical Harmonics?: true
    Max angular momentum: 2

  ==> DFT Potential <==

   => LibXC <=

    Version 7.0.0
    S. Lehtola, C. Steigemann, M. J.T. Oliveira, and M. A.L. Marques.,  SoftwareX 7, 1–5 (2018) (10.1016/j.softx.2017.11.002)

   => Composite Functional: B973C <= 

    B97-3c GGA-based 3C composite method with a TZ basis set, D3 and short-range basis set correction.  (10.1063/1.5012601)
     J. G. Brandenburg, C.Bannwarth, A. Hansen, S. Grimme J. Chem. Phys. 148, 064104, 2018


    Deriv               =              1
    GGA                 =           TRUE
    Meta                =          FALSE

    Exchange Hybrid     =          FALSE
    MP2 Hybrid          =          FALSE

   => Exchange-Correlation Functionals <=

    1.0000   Becke 97-3c by Grimme et. al.

   => LibXC Density Thresholds  <==

    XC_GGA_XC_B97_3C:  1.00E-14 

   => Molecular Quadrature <=

    Radial Scheme          =       TREUTLER
    Pruning Scheme         =           NONE
    Nuclear Scheme         =       TREUTLER

    Blocking Scheme        =         OCTREE
    BS radius alpha        =              1
    Pruning alpha          =              1
    Radial Points          =             99
    Spherical Points       =            590
    Total Points           =         170344
    Total Blocks           =           1325
    Max Points             =            256
    Max Functions          =             30
    Weights Tolerance      =       1.00E-15

  ==> Integral Setup <==

  Using in-core PK algorithm.
   Calculation information:
      Number of atoms:                   3
      Number of AO shells:              16
      Number of primitives:             29
      Number of atomic orbitals:        32
      Number of basis functions:        30

      Integral cutoff                 1.00e-12
      Number of threads:                32

  Performing in-core PK
  Using 216690 doubles for integral storage.
  We computed 23902 shell quartets total.
  Whereas there are 9316 unique shell quartets.
   156.57 percent of shell quartets recomputed by reordering.

  ==> DiskJK: Disk-Based J/K Matrices <==

    J tasked:                  Yes
    K tasked:                   No
    wK tasked:                  No
    Memory [MiB]:           114295
    Schwarz Cutoff:          1E-12

    OpenMP threads:             32

  Cached 100.0% of DFT collocation blocks in 0.142 [GiB].

  Minimum eigenvalue in the overlap matrix is 8.8216274170E-03.
  Reciprocal condition number of the overlap matrix is 1.7767523151E-03.
    Using symmetric orthogonalization.

  ==> Pre-Iterations <==

  SCF Guess: Superposition of Atomic Densities via on-the-fly atomic UHF (no occupation information).

   -------------------------
    Irrep   Nso     Nmo    
   -------------------------
     A         30      30 
   -------------------------
    Total      30      30
   -------------------------

  ==> Iterations <==

                        Total Energy        Delta E     RMS |[F,P]|

   @RKS iter SAD:   -76.07876988718759   -7.60788e+01   0.00000e+00 
   @RKS iter   1:   -76.18700255365403   -1.08233e-01   2.60889e-02 DIIS
   @RKS iter   2:   -75.53311713983776    6.53885e-01   4.86452e-02 DIIS
   @RKS iter   3:   -76.39483469908778   -8.61718e-01   2.47244e-03 DIIS
   @RKS iter   4:   -76.39752215170932   -2.68745e-03   4.11841e-04 DIIS
   @RKS iter   5:   -76.39757863430907   -5.64826e-05   7.90565e-05 DIIS
   @RKS iter   6:   -76.39758055219306   -1.91788e-06   3.95107e-06 DIIS
   @RKS iter   7:   -76.39758055654086   -4.34780e-09   4.86619e-07 DIIS
   @RKS iter   8:   -76.39758055663876   -9.78986e-11   4.18270e-08 DIIS
   @RKS iter   9:   -76.39758055663923   -4.68958e-13   2.53536e-09 DIIS
   @RKS iter  10:   -76.39758055663923    0.00000e+00   1.22493e-11 DIIS
  Energy and wave function converged.


  ==> Post-Iterations <==

   Electrons on quadrature grid:
      Ntotal   =    9.9999999849 ; deviation = -1.514e-08 

    Orbital Energies [Eh]
    ---------------------

    Doubly Occupied:                                                      

       1A    -18.745124     2A     -0.928570     3A     -0.479665  
       4A     -0.337520     5A     -0.255767  

    Virtual:                                                              

       6A      0.004345     7A      0.077836     8A      0.258486  
       9A      0.277116    10A      0.321301    11A      0.331835  
      12A      0.332640    13A      0.421354    14A      0.421503  
      15A      0.473959    16A      0.518608    17A      0.724947  
      18A      0.750245    19A      1.889043    20A      1.916436  
      21A      2.011283    22A      2.031966    23A      2.058361  
      24A      2.319011    25A      2.442090    26A      2.456245  
      27A      2.593946    28A      3.227110    29A      3.485530  
      30A     42.924547  

    Final Occupation by Irrep:
              A 
    DOCC [     5 ]
    NA   [     5 ]
    NB   [     5 ]

  @RKS Final Energy:   -76.39758055663923

   => Energetics <=

    Nuclear Repulsion Energy =              9.0882937648456892
    One-Electron Energy =                -122.9103663734971263
    Two-Electron Energy =                  46.7009951657681768
    DFT Exchange-Correlation Energy =      -9.2702948106744270
    Empirical Dispersion Energy =          -0.0062083030815348
    VV10 Nonlocal Energy =                  0.0000000000000000
    Total Energy =                        -76.3975805566392268

Computation Completed


Properties will be evaluated at   0.000000,   0.000000,   0.000000 [a0]

Properties computed using the SCF density matrix


 Multipole Moments:

 ------------------------------------------------------------------------------------
     Multipole            Electronic (a.u.)      Nuclear  (a.u.)        Total (a.u.)
 ------------------------------------------------------------------------------------

 L = 1.  Multiply by 2.5417464519 to convert [e a0] to [Debye]
 Dipole X            :        -23.6250681           24.3446768            0.7196088
 Dipole Y            :         -0.0000000            0.0000000           -0.0000000
 Dipole Z            :         -6.9973529            6.9973529           -0.0000000
 Magnitude           :                                                    0.7196088

 ------------------------------------------------------------------------------------

*** tstop() called on s4124-0096 at Mon Jul 13 10:28:44 2026
Module time:
	user time   =      15.29 seconds =       0.25 minutes
	system time =       1.49 seconds =       0.02 minutes
	total time  =          1 seconds =       0.02 minutes
Total time:
	user time   =     150.55 seconds =       2.51 minutes
	system time =      14.11 seconds =       0.24 minutes
	total time  =          9 seconds =       0.15 minutes

Scratch directory: /tmp/alchemi-dimer-3085760/water_dimer_b97_3c/psi4_scratch/
   => Libint2 <=

    Primary   basis highest AM E, G, H:  7, 6, 3
    Auxiliary basis highest AM E, G, H:  7, 7, 4
    Onebody   basis highest AM E, G, H:  -, -, -
    Solid Harmonics ordering:            Gaussian

*** tstart() called on s4124-0096
*** at Mon Jul 13 10:28:44 2026

   => Loading Basis Set <=

    Name: DEF2-MTZVP
    Role: ORBITAL
    Keyword: BASIS
    atoms 1, 4     entry O          line   161 file /home/scratch.nfedik_other/alchemi-ir-20260710/envs/alchemi-b973c-ir/share/psi4/basis/def2-mtzvp.gbs 
    atoms 2-3, 5-6 entry H          line     9 file /home/scratch.nfedik_other/alchemi-ir-20260710/envs/alchemi-b973c-ir/share/psi4/basis/def2-mtzvp.gbs 

   => B973C: Empirical Dispersion <=

    Grimme's -D3 (BJ-damping) Dispersion Correction with ATM
    Grimme S.; Ehrlich S.; Goerigk L. (2011), J. Comput. Chem., 32: 1456

        s6 =       1.000000
        s8 =       1.500000
        a1 =       0.370000
        a2 =       4.100000
        s9 =       1.000000


         ---------------------------------------------------------
                                   SCF
               by Justin Turney, Rob Parrish, Andy Simmonett
                          and Daniel G. A. Smith
                              RKS Reference
                       32 Threads, 152587 MiB Core
         ---------------------------------------------------------

  ==> Geometry <==

    Molecular point group: c1
    Full point group: C1

    Geometry (in Angstrom), charge = 0, multiplicity = 1:

       Center              X                  Y                   Z               Mass       
    ------------   -----------------  -----------------  -----------------  -----------------
         O           -1.630996981733     0.000000000000     0.370283971169    15.994914619570
         H           -0.662431963470     0.000000000000     0.370283971169     1.007825032230
         H           -1.865312018267    -0.578596388717    -0.370283971169     1.007825032230
         O            1.269003018267     0.000000000000     0.370283971169    15.994914619570
         H            1.865312018267     0.763239000000     0.370283971169     1.007825032230
         H            1.865312018267    -0.763239000000     0.370283971169     1.007825032230

  Running in c1 symmetry.

  Rotational constants: A =      2.62008  B =      0.20872  C =      0.20012 [cm^-1]
  Rotational constants: A =  78547.92709  B =   6257.21080  C =   5999.50407 [MHz]
  Nuclear repulsion =   36.377522619633488

  Charge       = 0
  Multiplicity = 1
  Electrons    = 20
  Nalpha       = 10
  Nbeta        = 10

  ==> Algorithm <==

  SCF Algorithm Type is PK.
  DIIS enabled.
  MOM disabled.
  Fractional occupation disabled.
  Guess Type is SAD.
  Energy threshold   = 1.00e-10
  Density threshold  = 1.00e-10
  Integral threshold = 1.00e-12

  ==> Primary Basis <==

  Basis Set: DEF2-MTZVP
    Blend: DEF2-MTZVP
    Number of shells: 32
    Number of basis functions: 60
    Number of Cartesian functions: 64
    Spherical Harmonics?: true
    Max angular momentum: 2

  ==> DFT Potential <==

   => LibXC <=

    Version 7.0.0
    S. Lehtola, C. Steigemann, M. J.T. Oliveira, and M. A.L. Marques.,  SoftwareX 7, 1–5 (2018) (10.1016/j.softx.2017.11.002)

   => Composite Functional: B973C <= 

    B97-3c GGA-based 3C composite method with a TZ basis set, D3 and short-range basis set correction.  (10.1063/1.5012601)
     J. G. Brandenburg, C.Bannwarth, A. Hansen, S. Grimme J. Chem. Phys. 148, 064104, 2018


    Deriv               =              1
    GGA                 =           TRUE
    Meta                =          FALSE

    Exchange Hybrid     =          FALSE
    MP2 Hybrid          =          FALSE

   => Exchange-Correlation Functionals <=

    1.0000   Becke 97-3c by Grimme et. al.

   => LibXC Density Thresholds  <==

    XC_GGA_XC_B97_3C:  1.00E-14 

   => Molecular Quadrature <=

    Radial Scheme          =       TREUTLER
    Pruning Scheme         =           NONE
    Nuclear Scheme         =       TREUTLER

    Blocking Scheme        =         OCTREE
    BS radius alpha        =              1
    Pruning alpha          =              1
    Radial Points          =             99
    Spherical Points       =            590
    Total Points           =         338390
    Total Blocks           =           2509
    Max Points             =            256
    Max Functions          =             58
    Weights Tolerance      =       1.00E-15

  ==> Integral Setup <==

  Using in-core PK algorithm.
   Calculation information:
      Number of atoms:                   6
      Number of AO shells:              32
      Number of primitives:             58
      Number of atomic orbitals:        64
      Number of basis functions:        60

      Integral cutoff                 1.00e-12
      Number of threads:                32

  Performing in-core PK
  Using 3350730 doubles for integral storage.
  We computed 287578 shell quartets total.
  Whereas there are 139656 unique shell quartets.
   105.92 percent of shell quartets recomputed by reordering.

  ==> DiskJK: Disk-Based J/K Matrices <==

    J tasked:                  Yes
    K tasked:                   No
    wK tasked:                  No
    Memory [MiB]:           113944
    Schwarz Cutoff:          1E-12

    OpenMP threads:             32

  Cached 100.0% of DFT collocation blocks in 0.484 [GiB].

  Minimum eigenvalue in the overlap matrix is 5.4319031559E-03.
  Reciprocal condition number of the overlap matrix is 1.0000244322E-03.
    Using symmetric orthogonalization.

  ==> Pre-Iterations <==

  SCF Guess: Superposition of Atomic Densities via on-the-fly atomic UHF (no occupation information).

   -------------------------
    Irrep   Nso     Nmo    
   -------------------------
     A         60      60 
   -------------------------
    Total      60      60
   -------------------------

  ==> Iterations <==

                        Total Energy        Delta E     RMS |[F,P]|

   @RKS iter SAD:  -152.19691454996254   -1.52197e+02   0.00000e+00 
   @RKS iter   1:  -152.40109388893100   -2.04179e-01   1.81018e-02 DIIS
   @RKS iter   2:  -151.18231525569354    1.21878e+00   3.33991e-02 DIIS
   @RKS iter   3:  -152.79692956108457   -1.61461e+00   1.73999e-03 DIIS
   @RKS iter   4:  -152.80204182618954   -5.11227e-03   4.99608e-04 DIIS
   @RKS iter   5:  -152.80226734777222   -2.25522e-04   3.02079e-04 DIIS
   @RKS iter   6:  -152.80237242084735   -1.05073e-04   6.63469e-05 DIIS
   @RKS iter   7:  -152.80237812642957   -5.70558e-06   6.53088e-06 DIIS
   @RKS iter   8:  -152.80237819132469   -6.48951e-08   1.11492e-06 DIIS
   @RKS iter   9:  -152.80237819309008   -1.76539e-09   8.50095e-08 DIIS
   @RKS iter  10:  -152.80237819310190   -1.18234e-11   1.55352e-08 DIIS
   @RKS iter  11:  -152.80237819310224   -3.41061e-13   3.05208e-09 DIIS
   @RKS iter  12:  -152.80237819310256   -3.12639e-13   2.56407e-10 DIIS
   @RKS iter  13:  -152.80237819310219    3.69482e-13   4.53969e-11 DIIS
  Energy and wave function converged.


  ==> Post-Iterations <==

   Electrons on quadrature grid:
      Ntotal   =   19.9999999994 ; deviation = -5.530e-10 

    Orbital Energies [Eh]
    ---------------------

    Doubly Occupied:                                                      

       1A    -18.775300     2A    -18.710773     3A     -0.957723  
       4A     -0.895682     5A     -0.507070     6A     -0.452356  
       7A     -0.373459     8A     -0.303007     9A     -0.284980  
      10A     -0.226017  

    Virtual:                                                              

      11A     -0.015781    12A      0.047036    13A      0.061888  
      14A      0.154622    15A      0.213057    16A      0.244469  
      17A      0.264278    18A      0.275005    19A      0.297436  
      20A      0.311019    21A      0.326444    22A      0.344030  
      23A      0.357972    24A      0.404340    25A      0.429560  
      26A      0.435887    27A      0.461610    28A      0.512484  
      29A      0.549192    30A      0.569372    31A      0.615550  
      32A      0.728720    33A      0.760134    34A      0.793348  
      35A      0.847226    36A      0.871088    37A      1.856810  
      38A      1.910637    39A      1.944100    40A      1.952509  
      41A      2.006430    42A      2.037311    43A      2.064941  
      44A      2.073125    45A      2.107129    46A      2.208925  
      47A      2.336152    48A      2.397376    49A      2.426318  
      50A      2.442017    51A      2.510796    52A      2.551355  
      53A      2.660517    54A      2.899055    55A      3.215463  
      56A      3.334867    57A      3.494544    58A      3.551788  
      59A     42.975390    60A     43.068947  

    Final Occupation by Irrep:
              A 
    DOCC [    10 ]
    NA   [    10 ]
    NB   [    10 ]

  @RKS Final Energy:  -152.80237819310219

   => Energetics <=

    Nuclear Repulsion Energy =             36.3775226196334884
    One-Electron Energy =                -282.2456128964494155
    Two-Electron Energy =                 111.6273712809518770
    DFT Exchange-Correlation Energy =     -18.5480388991289900
    Empirical Dispersion Energy =          -0.0136202981091536
    VV10 Nonlocal Energy =                  0.0000000000000000
    Total Energy =                       -152.8023781931021858

Computation Completed


Properties will be evaluated at   0.000000,   0.000000,   0.000000 [a0]

Properties computed using the SCF density matrix


 Multipole Moments:

 ------------------------------------------------------------------------------------
     Multipole            Electronic (a.u.)      Nuclear  (a.u.)        Total (a.u.)
 ------------------------------------------------------------------------------------

 L = 1.  Multiply by 2.5417464519 to convert [e a0] to [Debye]
 Dipole X            :          4.6252797           -3.1994417            1.4258379
 Dipole Y            :          0.7579667           -1.0933887           -0.3354220
 Dipole Z            :        -13.0260517           12.5952353           -0.4308165
 Magnitude           :                                                    1.5268021

 ------------------------------------------------------------------------------------

*** tstop() called on s4124-0096 at Mon Jul 13 10:28:45 2026
Module time:
	user time   =      35.00 seconds =       0.58 minutes
	system time =       2.24 seconds =       0.04 minutes
	total time  =          1 seconds =       0.02 minutes
Total time:
	user time   =     186.71 seconds =       3.11 minutes
	system time =      16.45 seconds =       0.27 minutes
	total time  =         10 seconds =       0.17 minutes

Scratch directory: /tmp/alchemi-dimer-3085760/water_dimer_b97_3c/psi4_scratch/
   => Libint2 <=

    Primary   basis highest AM E, G, H:  7, 6, 3
    Auxiliary basis highest AM E, G, H:  7, 7, 4
    Onebody   basis highest AM E, G, H:  -, -, -
    Solid Harmonics ordering:            Gaussian

*** tstart() called on s4124-0096
*** at Mon Jul 13 10:28:45 2026

   => Loading Basis Set <=

    Name: DEF2-MTZVP
    Role: ORBITAL
    Keyword: BASIS
    atoms 1   entry O          line   161 file /home/scratch.nfedik_other/alchemi-ir-20260710/envs/alchemi-b973c-ir/share/psi4/basis/def2-mtzvp.gbs 
    atoms 2-3 entry H          line     9 file /home/scratch.nfedik_other/alchemi-ir-20260710/envs/alchemi-b973c-ir/share/psi4/basis/def2-mtzvp.gbs 

   => B973C: Empirical Dispersion <=

    Grimme's -D3 (BJ-damping) Dispersion Correction with ATM
    Grimme S.; Ehrlich S.; Goerigk L. (2011), J. Comput. Chem., 32: 1456

        s6 =       1.000000
        s8 =       1.500000
        a1 =       0.370000
        a2 =       4.100000
        s9 =       1.000000


         ---------------------------------------------------------
                                   SCF
               by Justin Turney, Rob Parrish, Andy Simmonett
                          and Daniel G. A. Smith
                              RKS Reference
                       32 Threads, 152587 MiB Core
         ---------------------------------------------------------

  ==> Geometry <==

    Molecular point group: c1
    Full point group: C1

    Geometry (in Angstrom), charge = 0, multiplicity = 1:

       Center              X                  Y                   Z               Mass       
    ------------   -----------------  -----------------  -----------------  -----------------
         O           -1.630996981733     0.000000000000     0.370283971169    15.994914619570
         H           -0.662431963470     0.000000000000     0.370283971169     1.007825032230
         H           -1.865312018267    -0.578596388717    -0.370283971169     1.007825032230

  Running in c1 symmetry.

  Rotational constants: A =     18.01617  B =      0.34841  C =      0.34202 [cm^-1]
  Rotational constants: A = 540111.13818  B =  10445.03666  C =  10253.41236 [MHz]
  Nuclear repulsion =    9.088293764845689

  Charge       = 0
  Multiplicity = 1
  Electrons    = 10
  Nalpha       = 5
  Nbeta        = 5

  ==> Algorithm <==

  SCF Algorithm Type is PK.
  DIIS enabled.
  MOM disabled.
  Fractional occupation disabled.
  Guess Type is SAD.
  Energy threshold   = 1.00e-10
  Density threshold  = 1.00e-10
  Integral threshold = 1.00e-12

  ==> Primary Basis <==

  Basis Set: DEF2-MTZVP
    Blend: DEF2-MTZVP
    Number of shells: 16
    Number of basis functions: 30
    Number of Cartesian functions: 32
    Spherical Harmonics?: true
    Max angular momentum: 2

  ==> DFT Potential <==

   => LibXC <=

    Version 7.0.0
    S. Lehtola, C. Steigemann, M. J.T. Oliveira, and M. A.L. Marques.,  SoftwareX 7, 1–5 (2018) (10.1016/j.softx.2017.11.002)

   => Composite Functional: B973C <= 

    B97-3c GGA-based 3C composite method with a TZ basis set, D3 and short-range basis set correction.  (10.1063/1.5012601)
     J. G. Brandenburg, C.Bannwarth, A. Hansen, S. Grimme J. Chem. Phys. 148, 064104, 2018


    Deriv               =              1
    GGA                 =           TRUE
    Meta                =          FALSE

    Exchange Hybrid     =          FALSE
    MP2 Hybrid          =          FALSE

   => Exchange-Correlation Functionals <=

    1.0000   Becke 97-3c by Grimme et. al.

   => LibXC Density Thresholds  <==

    XC_GGA_XC_B97_3C:  1.00E-14 

   => Molecular Quadrature <=

    Radial Scheme          =       TREUTLER
    Pruning Scheme         =           NONE
    Nuclear Scheme         =       TREUTLER

    Blocking Scheme        =         OCTREE
    BS radius alpha        =              1
    Pruning alpha          =              1
    Radial Points          =             99
    Spherical Points       =            590
    Total Points           =         170344
    Total Blocks           =           1303
    Max Points             =            256
    Max Functions          =             30
    Weights Tolerance      =       1.00E-15

  ==> Integral Setup <==

  Using in-core PK algorithm.
   Calculation information:
      Number of atoms:                   3
      Number of AO shells:              16
      Number of primitives:             29
      Number of atomic orbitals:        32
      Number of basis functions:        30

      Integral cutoff                 1.00e-12
      Number of threads:                32

  Performing in-core PK
  Using 216690 doubles for integral storage.
  We computed 23902 shell quartets total.
  Whereas there are 9316 unique shell quartets.
   156.57 percent of shell quartets recomputed by reordering.

  ==> DiskJK: Disk-Based J/K Matrices <==

    J tasked:                  Yes
    K tasked:                   No
    wK tasked:                  No
    Memory [MiB]:           114295
    Schwarz Cutoff:          1E-12

    OpenMP threads:             32

  Cached 100.0% of DFT collocation blocks in 0.142 [GiB].

  Minimum eigenvalue in the overlap matrix is 8.8216274170E-03.
  Reciprocal condition number of the overlap matrix is 1.7767523151E-03.
    Using symmetric orthogonalization.

  ==> Pre-Iterations <==

  SCF Guess: Superposition of Atomic Densities via on-the-fly atomic UHF (no occupation information).

   -------------------------
    Irrep   Nso     Nmo    
   -------------------------
     A         30      30 
   -------------------------
    Total      30      30
   -------------------------

  ==> Iterations <==

                        Total Energy        Delta E     RMS |[F,P]|

   @RKS iter SAD:   -76.07876988718753   -7.60788e+01   0.00000e+00 
   @RKS iter   1:   -76.18700255365404   -1.08233e-01   2.60889e-02 DIIS
   @RKS iter   2:   -75.53311713983797    6.53885e-01   4.86452e-02 DIIS
   @RKS iter   3:   -76.39483469908792   -8.61718e-01   2.47244e-03 DIIS
   @RKS iter   4:   -76.39752215170932   -2.68745e-03   4.11841e-04 DIIS
   @RKS iter   5:   -76.39757863430901   -5.64826e-05   7.90565e-05 DIIS
   @RKS iter   6:   -76.39758055219315   -1.91788e-06   3.95107e-06 DIIS
   @RKS iter   7:   -76.39758055654076   -4.34761e-09   4.86619e-07 DIIS
   @RKS iter   8:   -76.39758055663862   -9.78559e-11   4.18270e-08 DIIS
   @RKS iter   9:   -76.39758055663926   -6.39488e-13   2.53536e-09 DIIS
   @RKS iter  10:   -76.39758055663928   -2.84217e-14   1.22490e-11 DIIS
  Energy and wave function converged.


  ==> Post-Iterations <==

   Electrons on quadrature grid:
      Ntotal   =    9.9999999849 ; deviation = -1.514e-08 

    Orbital Energies [Eh]
    ---------------------

    Doubly Occupied:                                                      

       1A    -18.745124     2A     -0.928570     3A     -0.479665  
       4A     -0.337520     5A     -0.255767  

    Virtual:                                                              

       6A      0.004345     7A      0.077836     8A      0.258486  
       9A      0.277116    10A      0.321301    11A      0.331835  
      12A      0.332640    13A      0.421354    14A      0.421503  
      15A      0.473959    16A      0.518608    17A      0.724947  
      18A      0.750245    19A      1.889043    20A      1.916436  
      21A      2.011283    22A      2.031966    23A      2.058361  
      24A      2.319011    25A      2.442090    26A      2.456245  
      27A      2.593946    28A      3.227110    29A      3.485530  
      30A     42.924547  

    Final Occupation by Irrep:
              A 
    DOCC [     5 ]
    NA   [     5 ]
    NB   [     5 ]

  @RKS Final Energy:   -76.39758055663928

   => Energetics <=

    Nuclear Repulsion Energy =              9.0882937648456892
    One-Electron Energy =                -122.9103663734971974
    Two-Electron Energy =                  46.7009951657681981
    DFT Exchange-Correlation Energy =      -9.2702948106744341
    Empirical Dispersion Energy =          -0.0062083030815348
    VV10 Nonlocal Energy =                  0.0000000000000000
    Total Energy =                        -76.3975805566392836

Computation Completed


Properties will be evaluated at   0.000000,   0.000000,   0.000000 [a0]

Properties computed using the SCF density matrix


 Multipole Moments:

 ------------------------------------------------------------------------------------
     Multipole            Electronic (a.u.)      Nuclear  (a.u.)        Total (a.u.)
 ------------------------------------------------------------------------------------

 L = 1.  Multiply by 2.5417464519 to convert [e a0] to [Debye]
 Dipole X            :         29.8768807          -29.4338447            0.4430360
 Dipole Y            :          0.7442719           -1.0933887           -0.3491168
 Dipole Z            :         -6.0447305            5.5978824           -0.4468482
 Magnitude           :                                                    0.7196088

 ------------------------------------------------------------------------------------

*** tstop() called on s4124-0096 at Mon Jul 13 10:28:46 2026
Module time:
	user time   =      16.43 seconds =       0.27 minutes
	system time =       1.58 seconds =       0.03 minutes
	total time  =          1 seconds =       0.02 minutes
Total time:
	user time   =     204.27 seconds =       3.40 minutes
	system time =      18.15 seconds =       0.30 minutes
	total time  =         11 seconds =       0.18 minutes

Scratch directory: /tmp/alchemi-dimer-3085760/water_dimer_b97_3c/psi4_scratch/
   => Libint2 <=

    Primary   basis highest AM E, G, H:  7, 6, 3
    Auxiliary basis highest AM E, G, H:  7, 7, 4
    Onebody   basis highest AM E, G, H:  -, -, -
    Solid Harmonics ordering:            Gaussian

*** tstart() called on s4124-0096
*** at Mon Jul 13 10:28:46 2026

   => Loading Basis Set <=

    Name: DEF2-MTZVP
    Role: ORBITAL
    Keyword: BASIS
    atoms 1   entry O          line   161 file /home/scratch.nfedik_other/alchemi-ir-20260710/envs/alchemi-b973c-ir/share/psi4/basis/def2-mtzvp.gbs 
    atoms 2-3 entry H          line     9 file /home/scratch.nfedik_other/alchemi-ir-20260710/envs/alchemi-b973c-ir/share/psi4/basis/def2-mtzvp.gbs 

   => B973C: Empirical Dispersion <=

    Grimme's -D3 (BJ-damping) Dispersion Correction with ATM
    Grimme S.; Ehrlich S.; Goerigk L. (2011), J. Comput. Chem., 32: 1456

        s6 =       1.000000
        s8 =       1.500000
        a1 =       0.370000
        a2 =       4.100000
        s9 =       1.000000


         ---------------------------------------------------------
                                   SCF
               by Justin Turney, Rob Parrish, Andy Simmonett
                          and Daniel G. A. Smith
                              RKS Reference
                       32 Threads, 152587 MiB Core
         ---------------------------------------------------------

  ==> Geometry <==

    Molecular point group: c1
    Full point group: Cs

    Geometry (in Angstrom), charge = 0, multiplicity = 1:

       Center              X                  Y                   Z               Mass       
    ------------   -----------------  -----------------  -----------------  -----------------
         O            1.269003018267     0.000000000000     0.370283971169    15.994914619570
         H            1.865312018267     0.763239000000     0.370283971169     1.007825032230
         H            1.865312018267    -0.763239000000     0.370283971169     1.007825032230

  Running in c1 symmetry.

  Rotational constants: A =     13.83083  B =      0.47836  C =      0.46351 [cm^-1]
  Rotational constants: A = 414637.85639  B =  14340.91007  C =  13895.53064 [MHz]
  Nuclear repulsion =    9.088293764845687

  Charge       = 0
  Multiplicity = 1
  Electrons    = 10
  Nalpha       = 5
  Nbeta        = 5

  ==> Algorithm <==

  SCF Algorithm Type is PK.
  DIIS enabled.
  MOM disabled.
  Fractional occupation disabled.
  Guess Type is SAD.
  Energy threshold   = 1.00e-10
  Density threshold  = 1.00e-10
  Integral threshold = 1.00e-12

  ==> Primary Basis <==

  Basis Set: DEF2-MTZVP
    Blend: DEF2-MTZVP
    Number of shells: 16
    Number of basis functions: 30
    Number of Cartesian functions: 32
    Spherical Harmonics?: true
    Max angular momentum: 2

  ==> DFT Potential <==

   => LibXC <=

    Version 7.0.0
    S. Lehtola, C. Steigemann, M. J.T. Oliveira, and M. A.L. Marques.,  SoftwareX 7, 1–5 (2018) (10.1016/j.softx.2017.11.002)

   => Composite Functional: B973C <= 

    B97-3c GGA-based 3C composite method with a TZ basis set, D3 and short-range basis set correction.  (10.1063/1.5012601)
     J. G. Brandenburg, C.Bannwarth, A. Hansen, S. Grimme J. Chem. Phys. 148, 064104, 2018


    Deriv               =              1
    GGA                 =           TRUE
    Meta                =          FALSE

    Exchange Hybrid     =          FALSE
    MP2 Hybrid          =          FALSE

   => Exchange-Correlation Functionals <=

    1.0000   Becke 97-3c by Grimme et. al.

   => LibXC Density Thresholds  <==

    XC_GGA_XC_B97_3C:  1.00E-14 

   => Molecular Quadrature <=

    Radial Scheme          =       TREUTLER
    Pruning Scheme         =           NONE
    Nuclear Scheme         =       TREUTLER

    Blocking Scheme        =         OCTREE
    BS radius alpha        =              1
    Pruning alpha          =              1
    Radial Points          =             99
    Spherical Points       =            590
    Total Points           =         170344
    Total Blocks           =           1325
    Max Points             =            256
    Max Functions          =             30
    Weights Tolerance      =       1.00E-15

  ==> Integral Setup <==

  Using in-core PK algorithm.
   Calculation information:
      Number of atoms:                   3
      Number of AO shells:              16
      Number of primitives:             29
      Number of atomic orbitals:        32
      Number of basis functions:        30

      Integral cutoff                 1.00e-12
      Number of threads:                32

  Performing in-core PK
  Using 216690 doubles for integral storage.
  We computed 23902 shell quartets total.
  Whereas there are 9316 unique shell quartets.
   156.57 percent of shell quartets recomputed by reordering.

  ==> DiskJK: Disk-Based J/K Matrices <==

    J tasked:                  Yes
    K tasked:                   No
    wK tasked:                  No
    Memory [MiB]:           114295
    Schwarz Cutoff:          1E-12

    OpenMP threads:             32

  Cached 100.0% of DFT collocation blocks in 0.142 [GiB].

  Minimum eigenvalue in the overlap matrix is 8.8216274170E-03.
  Reciprocal condition number of the overlap matrix is 1.7767523151E-03.
    Using symmetric orthogonalization.

  ==> Pre-Iterations <==

  SCF Guess: Superposition of Atomic Densities via on-the-fly atomic UHF (no occupation information).

   -------------------------
    Irrep   Nso     Nmo    
   -------------------------
     A         30      30 
   -------------------------
    Total      30      30
   -------------------------

  ==> Iterations <==

                        Total Energy        Delta E     RMS |[F,P]|

   @RKS iter SAD:   -76.07876988718739   -7.60788e+01   0.00000e+00 
   @RKS iter   1:   -76.18700255365400   -1.08233e-01   2.60889e-02 DIIS
   @RKS iter   2:   -75.53311713983769    6.53885e-01   4.86452e-02 DIIS
   @RKS iter   3:   -76.39483469908778   -8.61718e-01   2.47244e-03 DIIS
   @RKS iter   4:   -76.39752215170938   -2.68745e-03   4.11841e-04 DIIS
   @RKS iter   5:   -76.39757863430883   -5.64826e-05   7.90565e-05 DIIS
   @RKS iter   6:   -76.39758055219292   -1.91788e-06   3.95107e-06 DIIS
   @RKS iter   7:   -76.39758055654072   -4.34780e-09   4.86619e-07 DIIS
   @RKS iter   8:   -76.39758055663862   -9.78986e-11   4.18270e-08 DIIS
   @RKS iter   9:   -76.39758055663927   -6.53699e-13   2.53536e-09 DIIS
   @RKS iter  10:   -76.39758055663933   -5.68434e-14   1.22491e-11 DIIS
  Energy and wave function converged.


  ==> Post-Iterations <==

   Electrons on quadrature grid:
      Ntotal   =    9.9999999849 ; deviation = -1.514e-08 

    Orbital Energies [Eh]
    ---------------------

    Doubly Occupied:                                                      

       1A    -18.745124     2A     -0.928570     3A     -0.479665  
       4A     -0.337520     5A     -0.255767  

    Virtual:                                                              

       6A      0.004345     7A      0.077836     8A      0.258486  
       9A      0.277116    10A      0.321301    11A      0.331835  
      12A      0.332640    13A      0.421354    14A      0.421503  
      15A      0.473959    16A      0.518608    17A      0.724947  
      18A      0.750245    19A      1.889043    20A      1.916436  
      21A      2.011283    22A      2.031966    23A      2.058361  
      24A      2.319011    25A      2.442090    26A      2.456245  
      27A      2.593946    28A      3.227110    29A      3.485530  
      30A     42.924547  

    Final Occupation by Irrep:
              A 
    DOCC [     5 ]
    NA   [     5 ]
    NB   [     5 ]

  @RKS Final Energy:   -76.39758055663933

   => Energetics <=

    Nuclear Repulsion Energy =              9.0882937648456874
    One-Electron Energy =                -122.9103663734972969
    Two-Electron Energy =                  46.7009951657682763
    DFT Exchange-Correlation Energy =      -9.2702948106744500
    Empirical Dispersion Energy =          -0.0062083030815348
    VV10 Nonlocal Energy =                  0.0000000000000000
    Total Energy =                        -76.3975805566393262

Computation Completed


Properties will be evaluated at   0.000000,   0.000000,   0.000000 [a0]

Properties computed using the SCF density matrix


 Multipole Moments:

 ------------------------------------------------------------------------------------
     Multipole            Electronic (a.u.)      Nuclear  (a.u.)        Total (a.u.)
 ------------------------------------------------------------------------------------

 L = 1.  Multiply by 2.5417464519 to convert [e a0] to [Debye]
 Dipole X            :        -25.5147942           26.2344030            0.7196088
 Dipole Y            :          0.0000000            0.0000000            0.0000000
 Dipole Z            :         -6.9973529            6.9973529           -0.0000000
 Magnitude           :                                                    0.7196088

 ------------------------------------------------------------------------------------

*** tstop() called on s4124-0096 at Mon Jul 13 10:28:46 2026
Module time:
	user time   =      15.22 seconds =       0.25 minutes
	system time =       1.32 seconds =       0.02 minutes
	total time  =          0 seconds =       0.00 minutes
Total time:
	user time   =     220.60 seconds =       3.68 minutes
	system time =      19.60 seconds =       0.33 minutes
	total time  =         11 seconds =       0.18 minutes

Scratch directory: /tmp/alchemi-dimer-3085760/water_dimer_b97_3c/psi4_scratch/
   => Libint2 <=

    Primary   basis highest AM E, G, H:  7, 6, 3
    Auxiliary basis highest AM E, G, H:  7, 7, 4
    Onebody   basis highest AM E, G, H:  -, -, -
    Solid Harmonics ordering:            Gaussian

*** tstart() called on s4124-0096
*** at Mon Jul 13 10:28:46 2026

   => Loading Basis Set <=

    Name: DEF2-MTZVP
    Role: ORBITAL
    Keyword: BASIS
    atoms 1, 4     entry O          line   161 file /home/scratch.nfedik_other/alchemi-ir-20260710/envs/alchemi-b973c-ir/share/psi4/basis/def2-mtzvp.gbs 
    atoms 2-3, 5-6 entry H          line     9 file /home/scratch.nfedik_other/alchemi-ir-20260710/envs/alchemi-b973c-ir/share/psi4/basis/def2-mtzvp.gbs 

   => B973C: Empirical Dispersion <=

    Grimme's -D3 (BJ-damping) Dispersion Correction with ATM
    Grimme S.; Ehrlich S.; Goerigk L. (2011), J. Comput. Chem., 32: 1456

        s6 =       1.000000
        s8 =       1.500000
        a1 =       0.370000
        a2 =       4.100000
        s9 =       1.000000


         ---------------------------------------------------------
                                   SCF
               by Justin Turney, Rob Parrish, Andy Simmonett
                          and Daniel G. A. Smith
                              RKS Reference
                       32 Threads, 152587 MiB Core
         ---------------------------------------------------------

  ==> Geometry <==

    Molecular point group: c1
    Full point group: C1

    Geometry (in Angstrom), charge = 0, multiplicity = 1:

       Center              X                  Y                   Z               Mass       
    ------------   -----------------  -----------------  -----------------  -----------------
         O           -1.780996981733     0.000000000000     0.370283971169    15.994914619570
         H           -0.812431963470     0.000000000000     0.370283971169     1.007825032230
         H           -2.015312018267    -0.578596388717    -0.370283971169     1.007825032230
         O            1.419003018267     0.000000000000     0.370283971169    15.994914619570
         H            2.015312018267     0.763239000000     0.370283971169     1.007825032230
         H            2.015312018267    -0.763239000000     0.370283971169     1.007825032230

  Running in c1 symmetry.

  Rotational constants: A =      2.61951  B =      0.17310  C =      0.16715 [cm^-1]
  Rotational constants: A =  78530.82766  B =   5189.48866  C =   5010.98455 [MHz]
  Nuclear repulsion =   34.645859481034314

  Charge       = 0
  Multiplicity = 1
  Electrons    = 20
  Nalpha       = 10
  Nbeta        = 10

  ==> Algorithm <==

  SCF Algorithm Type is PK.
  DIIS enabled.
  MOM disabled.
  Fractional occupation disabled.
  Guess Type is SAD.
  Energy threshold   = 1.00e-10
  Density threshold  = 1.00e-10
  Integral threshold = 1.00e-12

  ==> Primary Basis <==

  Basis Set: DEF2-MTZVP
    Blend: DEF2-MTZVP
    Number of shells: 32
    Number of basis functions: 60
    Number of Cartesian functions: 64
    Spherical Harmonics?: true
    Max angular momentum: 2

  ==> DFT Potential <==

   => LibXC <=

    Version 7.0.0
    S. Lehtola, C. Steigemann, M. J.T. Oliveira, and M. A.L. Marques.,  SoftwareX 7, 1–5 (2018) (10.1016/j.softx.2017.11.002)

   => Composite Functional: B973C <= 

    B97-3c GGA-based 3C composite method with a TZ basis set, D3 and short-range basis set correction.  (10.1063/1.5012601)
     J. G. Brandenburg, C.Bannwarth, A. Hansen, S. Grimme J. Chem. Phys. 148, 064104, 2018


    Deriv               =              1
    GGA                 =           TRUE
    Meta                =          FALSE

    Exchange Hybrid     =          FALSE
    MP2 Hybrid          =          FALSE

   => Exchange-Correlation Functionals <=

    1.0000   Becke 97-3c by Grimme et. al.

   => LibXC Density Thresholds  <==

    XC_GGA_XC_B97_3C:  1.00E-14 

   => Molecular Quadrature <=

    Radial Scheme          =       TREUTLER
    Pruning Scheme         =           NONE
    Nuclear Scheme         =       TREUTLER

    Blocking Scheme        =         OCTREE
    BS radius alpha        =              1
    Pruning alpha          =              1
    Radial Points          =             99
    Spherical Points       =            590
    Total Points           =         338852
    Total Blocks           =           2513
    Max Points             =            256
    Max Functions          =             58
    Weights Tolerance      =       1.00E-15

  ==> Integral Setup <==

  Using in-core PK algorithm.
   Calculation information:
      Number of atoms:                   6
      Number of AO shells:              32
      Number of primitives:             58
      Number of atomic orbitals:        64
      Number of basis functions:        60

      Integral cutoff                 1.00e-12
      Number of threads:                32

  Performing in-core PK
  Using 3350730 doubles for integral storage.
  We computed 278681 shell quartets total.
  Whereas there are 139656 unique shell quartets.
    99.55 percent of shell quartets recomputed by reordering.

  ==> DiskJK: Disk-Based J/K Matrices <==

    J tasked:                  Yes
    K tasked:                   No
    wK tasked:                  No
    Memory [MiB]:           113959
    Schwarz Cutoff:          1E-12

    OpenMP threads:             32

  Cached 100.0% of DFT collocation blocks in 0.471 [GiB].

  Minimum eigenvalue in the overlap matrix is 5.9984272140E-03.
  Reciprocal condition number of the overlap matrix is 1.1454403529E-03.
    Using symmetric orthogonalization.

  ==> Pre-Iterations <==

  SCF Guess: Superposition of Atomic Densities via on-the-fly atomic UHF (no occupation information).

   -------------------------
    Irrep   Nso     Nmo    
   -------------------------
     A         60      60 
   -------------------------
    Total      60      60
   -------------------------

  ==> Iterations <==

                        Total Energy        Delta E     RMS |[F,P]|

   @RKS iter SAD:  -152.17562587297482   -1.52176e+02   0.00000e+00 
   @RKS iter   1:  -152.39425076933253   -2.18625e-01   1.82296e-02 DIIS
   @RKS iter   2:  -151.16602114032762    1.22823e+00   3.36144e-02 DIIS
   @RKS iter   3:  -152.79691988175600   -1.63090e+00   1.70367e-03 DIIS
   @RKS iter   4:  -152.80190845883899   -4.98858e-03   3.08070e-04 DIIS
   @RKS iter   5:  -152.80203999746726   -1.31539e-04   8.71527e-05 DIIS
   @RKS iter   6:  -152.80204554679622   -5.54933e-06   6.07915e-05 DIIS
   @RKS iter   7:  -152.80204993839905   -4.39160e-06   8.90576e-06 DIIS
   @RKS iter   8:  -152.80205004221472   -1.03816e-07   1.16081e-06 DIIS
   @RKS iter   9:  -152.80205004419435   -1.97963e-09   7.59562e-08 DIIS
   @RKS iter  10:  -152.80205004420381   -9.46443e-12   1.13302e-08 DIIS
   @RKS iter  11:  -152.80205004420401   -1.98952e-13   2.51270e-09 DIIS
   @RKS iter  12:  -152.80205004420415   -1.42109e-13   2.25777e-10 DIIS
   @RKS iter  13:  -152.80205004420409    5.68434e-14   4.25558e-11 DIIS
  Energy and wave function converged.


  ==> Post-Iterations <==

   Electrons on quadrature grid:
      Ntotal   =   20.0000000015 ; deviation = 1.536e-09 

    Orbital Energies [Eh]
    ---------------------

    Doubly Occupied:                                                      

       1A    -18.768608     2A    -18.719658     3A     -0.950636  
       4A     -0.903544     5A     -0.500755     6A     -0.455638  
       7A     -0.365938     8A     -0.312152     9A     -0.278227  
      10A     -0.232864  

    Virtual:                                                              

      11A     -0.013704    12A      0.040374    13A      0.064993  
      14A      0.137057    15A      0.212708    16A      0.240906  
      17A      0.265052    18A      0.270975    19A      0.299427  
      20A      0.310364    21A      0.329568    22A      0.342996  
      23A      0.352057    24A      0.391025    25A      0.428004  
      26A      0.432233    27A      0.461553    28A      0.496820  
      29A      0.519674    30A      0.543331    31A      0.607146  
      32A      0.695777    33A      0.749947    34A      0.771605  
      35A      0.782271    36A      0.864555    37A      1.867135  
      38A      1.905966    39A      1.935178    40A      2.009041  
      41A      2.012070    42A      2.023863    43A      2.056454  
      44A      2.066649    45A      2.083573    46A      2.098679  
      47A      2.338844    48A      2.363726    49A      2.427721  
      50A      2.439461    51A      2.491639    52A      2.518232  
      53A      2.643387    54A      2.890423    55A      3.218852  
      56A      3.312412    57A      3.492563    58A      3.527139  
      59A     42.937648    60A     43.060480  

    Final Occupation by Irrep:
              A 
    DOCC [    10 ]
    NA   [    10 ]
    NB   [    10 ]

  @RKS Final Energy:  -152.80205004420409

   => Energetics <=

    Nuclear Repulsion Energy =             34.6458594810343143
    One-Electron Energy =                -278.7817325016910104
    Two-Electron Energy =                 109.8891872101008431
    DFT Exchange-Correlation Energy =     -18.5420586100166354
    Empirical Dispersion Energy =          -0.0133056236316160
    VV10 Nonlocal Energy =                  0.0000000000000000
    Total Energy =                       -152.8020500442040941

Computation Completed


Properties will be evaluated at   0.000000,   0.000000,   0.000000 [a0]

Properties computed using the SCF density matrix


 Multipole Moments:

 ------------------------------------------------------------------------------------
     Multipole            Electronic (a.u.)      Nuclear  (a.u.)        Total (a.u.)
 ------------------------------------------------------------------------------------

 L = 1.  Multiply by 2.5417464519 to convert [e a0] to [Debye]
 Dipole X            :          4.5475201           -3.1994417            1.3480784
 Dipole Y            :          0.7541627           -1.0933887           -0.3392260
 Dipole Z            :        -13.0304956           12.5952353           -0.4352603
 Magnitude           :                                                    1.4566541

 ------------------------------------------------------------------------------------

*** tstop() called on s4124-0096 at Mon Jul 13 10:28:48 2026
Module time:
	user time   =      33.97 seconds =       0.57 minutes
	system time =       2.38 seconds =       0.04 minutes
	total time  =          2 seconds =       0.03 minutes
Total time:
	user time   =     255.72 seconds =       4.26 minutes
	system time =      22.09 seconds =       0.37 minutes
	total time  =         13 seconds =       0.22 minutes

Scratch directory: /tmp/alchemi-dimer-3085760/water_dimer_b97_3c/psi4_scratch/
   => Libint2 <=

    Primary   basis highest AM E, G, H:  7, 6, 3
    Auxiliary basis highest AM E, G, H:  7, 7, 4
    Onebody   basis highest AM E, G, H:  -, -, -
    Solid Harmonics ordering:            Gaussian

*** tstart() called on s4124-0096
*** at Mon Jul 13 10:28:48 2026

   => Loading Basis Set <=

    Name: DEF2-MTZVP
    Role: ORBITAL
    Keyword: BASIS
    atoms 1   entry O          line   161 file /home/scratch.nfedik_other/alchemi-ir-20260710/envs/alchemi-b973c-ir/share/psi4/basis/def2-mtzvp.gbs 
    atoms 2-3 entry H          line     9 file /home/scratch.nfedik_other/alchemi-ir-20260710/envs/alchemi-b973c-ir/share/psi4/basis/def2-mtzvp.gbs 

   => B973C: Empirical Dispersion <=

    Grimme's -D3 (BJ-damping) Dispersion Correction with ATM
    Grimme S.; Ehrlich S.; Goerigk L. (2011), J. Comput. Chem., 32: 1456

        s6 =       1.000000
        s8 =       1.500000
        a1 =       0.370000
        a2 =       4.100000
        s9 =       1.000000


         ---------------------------------------------------------
                                   SCF
               by Justin Turney, Rob Parrish, Andy Simmonett
                          and Daniel G. A. Smith
                              RKS Reference
                       32 Threads, 152587 MiB Core
         ---------------------------------------------------------

  ==> Geometry <==

    Molecular point group: c1
    Full point group: C1

    Geometry (in Angstrom), charge = 0, multiplicity = 1:

       Center              X                  Y                   Z               Mass       
    ------------   -----------------  -----------------  -----------------  -----------------
         O           -1.780996981733     0.000000000000     0.370283971169    15.994914619570
         H           -0.812431963470     0.000000000000     0.370283971169     1.007825032230
         H           -2.015312018267    -0.578596388717    -0.370283971169     1.007825032230

  Running in c1 symmetry.

  Rotational constants: A =     18.19485  B =      0.29375  C =      0.28922 [cm^-1]
  Rotational constants: A = 545467.82817  B =   8806.47297  C =   8670.52394 [MHz]
  Nuclear repulsion =    9.088293764845689

  Charge       = 0
  Multiplicity = 1
  Electrons    = 10
  Nalpha       = 5
  Nbeta        = 5

  ==> Algorithm <==

  SCF Algorithm Type is PK.
  DIIS enabled.
  MOM disabled.
  Fractional occupation disabled.
  Guess Type is SAD.
  Energy threshold   = 1.00e-10
  Density threshold  = 1.00e-10
  Integral threshold = 1.00e-12

  ==> Primary Basis <==

  Basis Set: DEF2-MTZVP
    Blend: DEF2-MTZVP
    Number of shells: 16
    Number of basis functions: 30
    Number of Cartesian functions: 32
    Spherical Harmonics?: true
    Max angular momentum: 2

  ==> DFT Potential <==

   => LibXC <=

    Version 7.0.0
    S. Lehtola, C. Steigemann, M. J.T. Oliveira, and M. A.L. Marques.,  SoftwareX 7, 1–5 (2018) (10.1016/j.softx.2017.11.002)

   => Composite Functional: B973C <= 

    B97-3c GGA-based 3C composite method with a TZ basis set, D3 and short-range basis set correction.  (10.1063/1.5012601)
     J. G. Brandenburg, C.Bannwarth, A. Hansen, S. Grimme J. Chem. Phys. 148, 064104, 2018


    Deriv               =              1
    GGA                 =           TRUE
    Meta                =          FALSE

    Exchange Hybrid     =          FALSE
    MP2 Hybrid          =          FALSE

   => Exchange-Correlation Functionals <=

    1.0000   Becke 97-3c by Grimme et. al.

   => LibXC Density Thresholds  <==

    XC_GGA_XC_B97_3C:  1.00E-14 

   => Molecular Quadrature <=

    Radial Scheme          =       TREUTLER
    Pruning Scheme         =           NONE
    Nuclear Scheme         =       TREUTLER

    Blocking Scheme        =         OCTREE
    BS radius alpha        =              1
    Pruning alpha          =              1
    Radial Points          =             99
    Spherical Points       =            590
    Total Points           =         170344
    Total Blocks           =           1303
    Max Points             =            256
    Max Functions          =             30
    Weights Tolerance      =       1.00E-15

  ==> Integral Setup <==

  Using in-core PK algorithm.
   Calculation information:
      Number of atoms:                   3
      Number of AO shells:              16
      Number of primitives:             29
      Number of atomic orbitals:        32
      Number of basis functions:        30

      Integral cutoff                 1.00e-12
      Number of threads:                32

  Performing in-core PK
  Using 216690 doubles for integral storage.
  We computed 23902 shell quartets total.
  Whereas there are 9316 unique shell quartets.
   156.57 percent of shell quartets recomputed by reordering.

  ==> DiskJK: Disk-Based J/K Matrices <==

    J tasked:                  Yes
    K tasked:                   No
    wK tasked:                  No
    Memory [MiB]:           114295
    Schwarz Cutoff:          1E-12

    OpenMP threads:             32

  Cached 100.0% of DFT collocation blocks in 0.142 [GiB].

  Minimum eigenvalue in the overlap matrix is 8.8216274170E-03.
  Reciprocal condition number of the overlap matrix is 1.7767523151E-03.
    Using symmetric orthogonalization.

  ==> Pre-Iterations <==

  SCF Guess: Superposition of Atomic Densities via on-the-fly atomic UHF (no occupation information).

   -------------------------
    Irrep   Nso     Nmo    
   -------------------------
     A         30      30 
   -------------------------
    Total      30      30
   -------------------------

  ==> Iterations <==

                        Total Energy        Delta E     RMS |[F,P]|

   @RKS iter SAD:   -76.07876988718748   -7.60788e+01   0.00000e+00 
   @RKS iter   1:   -76.18700255365388   -1.08233e-01   2.60889e-02 DIIS
   @RKS iter   2:   -75.53311713983776    6.53885e-01   4.86452e-02 DIIS
   @RKS iter   3:   -76.39483469908780   -8.61718e-01   2.47244e-03 DIIS
   @RKS iter   4:   -76.39752215170924   -2.68745e-03   4.11841e-04 DIIS
   @RKS iter   5:   -76.39757863430876   -5.64826e-05   7.90565e-05 DIIS
   @RKS iter   6:   -76.39758055219296   -1.91788e-06   3.95107e-06 DIIS
   @RKS iter   7:   -76.39758055654066   -4.34770e-09   4.86619e-07 DIIS
   @RKS iter   8:   -76.39758055663854   -9.78844e-11   4.18270e-08 DIIS
   @RKS iter   9:   -76.39758055663917   -6.25278e-13   2.53536e-09 DIIS
   @RKS iter  10:   -76.39758055663917    0.00000e+00   1.22494e-11 DIIS
  Energy and wave function converged.


  ==> Post-Iterations <==

   Electrons on quadrature grid:
      Ntotal   =    9.9999999849 ; deviation = -1.514e-08 

    Orbital Energies [Eh]
    ---------------------

    Doubly Occupied:                                                      

       1A    -18.745124     2A     -0.928570     3A     -0.479665  
       4A     -0.337520     5A     -0.255767  

    Virtual:                                                              

       6A      0.004345     7A      0.077836     8A      0.258486  
       9A      0.277116    10A      0.321301    11A      0.331835  
      12A      0.332640    13A      0.421354    14A      0.421503  
      15A      0.473959    16A      0.518608    17A      0.724947  
      18A      0.750245    19A      1.889043    20A      1.916436  
      21A      2.011283    22A      2.031966    23A      2.058361  
      24A      2.319011    25A      2.442090    26A      2.456245  
      27A      2.593946    28A      3.227110    29A      3.485530  
      30A     42.924547  

    Final Occupation by Irrep:
              A 
    DOCC [     5 ]
    NA   [     5 ]
    NB   [     5 ]

  @RKS Final Energy:   -76.39758055663917

   => Energetics <=

    Nuclear Repulsion Energy =              9.0882937648456892
    One-Electron Energy =                -122.9103663734968848
    Two-Electron Energy =                  46.7009951657679636
    DFT Exchange-Correlation Energy =      -9.2702948106744039
    Empirical Dispersion Energy =          -0.0062083030815348
    VV10 Nonlocal Energy =                  0.0000000000000000
    Total Energy =                        -76.3975805566391699

Computation Completed


Properties will be evaluated at   0.000000,   0.000000,   0.000000 [a0]

Properties computed using the SCF density matrix


 Multipole Moments:

 ------------------------------------------------------------------------------------
     Multipole            Electronic (a.u.)      Nuclear  (a.u.)        Total (a.u.)
 ------------------------------------------------------------------------------------

 L = 1.  Multiply by 2.5417464519 to convert [e a0] to [Debye]
 Dipole X            :         32.7114699          -32.2684339            0.4430360
 Dipole Y            :          0.7442719           -1.0933887           -0.3491168
 Dipole Z            :         -6.0447305            5.5978824           -0.4468482
 Magnitude           :                                                    0.7196088

 ------------------------------------------------------------------------------------

*** tstop() called on s4124-0096 at Mon Jul 13 10:28:48 2026
Module time:
	user time   =      13.26 seconds =       0.22 minutes
	system time =       1.04 seconds =       0.02 minutes
	total time  =          0 seconds =       0.00 minutes
Total time:
	user time   =     270.10 seconds =       4.50 minutes
	system time =      23.24 seconds =       0.39 minutes
	total time  =         13 seconds =       0.22 minutes

Scratch directory: /tmp/alchemi-dimer-3085760/water_dimer_b97_3c/psi4_scratch/
   => Libint2 <=

    Primary   basis highest AM E, G, H:  7, 6, 3
    Auxiliary basis highest AM E, G, H:  7, 7, 4
    Onebody   basis highest AM E, G, H:  -, -, -
    Solid Harmonics ordering:            Gaussian

*** tstart() called on s4124-0096
*** at Mon Jul 13 10:28:48 2026

   => Loading Basis Set <=

    Name: DEF2-MTZVP
    Role: ORBITAL
    Keyword: BASIS
    atoms 1   entry O          line   161 file /home/scratch.nfedik_other/alchemi-ir-20260710/envs/alchemi-b973c-ir/share/psi4/basis/def2-mtzvp.gbs 
    atoms 2-3 entry H          line     9 file /home/scratch.nfedik_other/alchemi-ir-20260710/envs/alchemi-b973c-ir/share/psi4/basis/def2-mtzvp.gbs 

   => B973C: Empirical Dispersion <=

    Grimme's -D3 (BJ-damping) Dispersion Correction with ATM
    Grimme S.; Ehrlich S.; Goerigk L. (2011), J. Comput. Chem., 32: 1456

        s6 =       1.000000
        s8 =       1.500000
        a1 =       0.370000
        a2 =       4.100000
        s9 =       1.000000


         ---------------------------------------------------------
                                   SCF
               by Justin Turney, Rob Parrish, Andy Simmonett
                          and Daniel G. A. Smith
                              RKS Reference
                       32 Threads, 152587 MiB Core
         ---------------------------------------------------------

  ==> Geometry <==

    Molecular point group: c1
    Full point group: Cs

    Geometry (in Angstrom), charge = 0, multiplicity = 1:

       Center              X                  Y                   Z               Mass       
    ------------   -----------------  -----------------  -----------------  -----------------
         O            1.419003018267     0.000000000000     0.370283971169    15.994914619570
         H            2.015312018267     0.763239000000     0.370283971169     1.007825032230
         H            2.015312018267    -0.763239000000     0.370283971169     1.007825032230

  Running in c1 symmetry.

  Rotational constants: A =     13.92172  B =      0.39329  C =      0.38313 [cm^-1]
  Rotational constants: A = 417362.59373  B =  11790.61136  C =  11485.80445 [MHz]
  Nuclear repulsion =    9.088293764845691

  Charge       = 0
  Multiplicity = 1
  Electrons    = 10
  Nalpha       = 5
  Nbeta        = 5

  ==> Algorithm <==

  SCF Algorithm Type is PK.
  DIIS enabled.
  MOM disabled.
  Fractional occupation disabled.
  Guess Type is SAD.
  Energy threshold   = 1.00e-10
  Density threshold  = 1.00e-10
  Integral threshold = 1.00e-12

  ==> Primary Basis <==

  Basis Set: DEF2-MTZVP
    Blend: DEF2-MTZVP
    Number of shells: 16
    Number of basis functions: 30
    Number of Cartesian functions: 32
    Spherical Harmonics?: true
    Max angular momentum: 2

  ==> DFT Potential <==

   => LibXC <=

    Version 7.0.0
    S. Lehtola, C. Steigemann, M. J.T. Oliveira, and M. A.L. Marques.,  SoftwareX 7, 1–5 (2018) (10.1016/j.softx.2017.11.002)

   => Composite Functional: B973C <= 

    B97-3c GGA-based 3C composite method with a TZ basis set, D3 and short-range basis set correction.  (10.1063/1.5012601)
     J. G. Brandenburg, C.Bannwarth, A. Hansen, S. Grimme J. Chem. Phys. 148, 064104, 2018


    Deriv               =              1
    GGA                 =           TRUE
    Meta                =          FALSE

    Exchange Hybrid     =          FALSE
    MP2 Hybrid          =          FALSE

   => Exchange-Correlation Functionals <=

    1.0000   Becke 97-3c by Grimme et. al.

   => LibXC Density Thresholds  <==

    XC_GGA_XC_B97_3C:  1.00E-14 

   => Molecular Quadrature <=

    Radial Scheme          =       TREUTLER
    Pruning Scheme         =           NONE
    Nuclear Scheme         =       TREUTLER

    Blocking Scheme        =         OCTREE
    BS radius alpha        =              1
    Pruning alpha          =              1
    Radial Points          =             99
    Spherical Points       =            590
    Total Points           =         170344
    Total Blocks           =           1325
    Max Points             =            256
    Max Functions          =             30
    Weights Tolerance      =       1.00E-15

  ==> Integral Setup <==

  Using in-core PK algorithm.
   Calculation information:
      Number of atoms:                   3
      Number of AO shells:              16
      Number of primitives:             29
      Number of atomic orbitals:        32
      Number of basis functions:        30

      Integral cutoff                 1.00e-12
      Number of threads:                32

  Performing in-core PK
  Using 216690 doubles for integral storage.
  We computed 23902 shell quartets total.
  Whereas there are 9316 unique shell quartets.
   156.57 percent of shell quartets recomputed by reordering.

  ==> DiskJK: Disk-Based J/K Matrices <==

    J tasked:                  Yes
    K tasked:                   No
    wK tasked:                  No
    Memory [MiB]:           114295
    Schwarz Cutoff:          1E-12

    OpenMP threads:             32

  Cached 100.0% of DFT collocation blocks in 0.142 [GiB].

  Minimum eigenvalue in the overlap matrix is 8.8216274170E-03.
  Reciprocal condition number of the overlap matrix is 1.7767523151E-03.
    Using symmetric orthogonalization.

  ==> Pre-Iterations <==

  SCF Guess: Superposition of Atomic Densities via on-the-fly atomic UHF (no occupation information).

   -------------------------
    Irrep   Nso     Nmo    
   -------------------------
     A         30      30 
   -------------------------
    Total      30      30
   -------------------------

  ==> Iterations <==

                        Total Energy        Delta E     RMS |[F,P]|

   @RKS iter SAD:   -76.07876988718743   -7.60788e+01   0.00000e+00 
   @RKS iter   1:   -76.18700255365390   -1.08233e-01   2.60889e-02 DIIS
   @RKS iter   2:   -75.53311713983791    6.53885e-01   4.86452e-02 DIIS
   @RKS iter   3:   -76.39483469908774   -8.61718e-01   2.47244e-03 DIIS
   @RKS iter   4:   -76.39752215170931   -2.68745e-03   4.11841e-04 DIIS
   @RKS iter   5:   -76.39757863430886   -5.64826e-05   7.90565e-05 DIIS
   @RKS iter   6:   -76.39758055219301   -1.91788e-06   3.95107e-06 DIIS
   @RKS iter   7:   -76.39758055654069   -4.34768e-09   4.86619e-07 DIIS
   @RKS iter   8:   -76.39758055663869   -9.79981e-11   4.18270e-08 DIIS
   @RKS iter   9:   -76.39758055663918   -4.97380e-13   2.53536e-09 DIIS
   @RKS iter  10:   -76.39758055663920   -1.42109e-14   1.22485e-11 DIIS
  Energy and wave function converged.


  ==> Post-Iterations <==

   Electrons on quadrature grid:
      Ntotal   =    9.9999999849 ; deviation = -1.514e-08 

    Orbital Energies [Eh]
    ---------------------

    Doubly Occupied:                                                      

       1A    -18.745124     2A     -0.928570     3A     -0.479665  
       4A     -0.337520     5A     -0.255767  

    Virtual:                                                              

       6A      0.004345     7A      0.077836     8A      0.258486  
       9A      0.277116    10A      0.321301    11A      0.331835  
      12A      0.332640    13A      0.421354    14A      0.421503  
      15A      0.473959    16A      0.518608    17A      0.724947  
      18A      0.750245    19A      1.889043    20A      1.916436  
      21A      2.011283    22A      2.031966    23A      2.058361  
      24A      2.319011    25A      2.442090    26A      2.456245  
      27A      2.593946    28A      3.227110    29A      3.485530  
      30A     42.924547  

    Final Occupation by Irrep:
              A 
    DOCC [     5 ]
    NA   [     5 ]
    NB   [     5 ]

  @RKS Final Energy:   -76.39758055663920

   => Energetics <=

    Nuclear Repulsion Energy =              9.0882937648456910
    One-Electron Energy =                -122.9103663734970695
    Two-Electron Energy =                  46.7009951657681484
    DFT Exchange-Correlation Energy =      -9.2702948106744341
    Empirical Dispersion Energy =          -0.0062083030815348
    VV10 Nonlocal Energy =                  0.0000000000000000
    Total Energy =                        -76.3975805566391983

Computation Completed


Properties will be evaluated at   0.000000,   0.000000,   0.000000 [a0]

Properties computed using the SCF density matrix


 Multipole Moments:

 ------------------------------------------------------------------------------------
     Multipole            Electronic (a.u.)      Nuclear  (a.u.)        Total (a.u.)
 ------------------------------------------------------------------------------------

 L = 1.  Multiply by 2.5417464519 to convert [e a0] to [Debye]
 Dipole X            :        -28.3493834           29.0689921            0.7196088
 Dipole Y            :          0.0000000            0.0000000            0.0000000
 Dipole Z            :         -6.9973529            6.9973529            0.0000000
 Magnitude           :                                                    0.7196088

 ------------------------------------------------------------------------------------

*** tstop() called on s4124-0096 at Mon Jul 13 10:28:49 2026
Module time:
	user time   =      13.32 seconds =       0.22 minutes
	system time =       1.15 seconds =       0.02 minutes
	total time  =          1 seconds =       0.02 minutes
Total time:
	user time   =     285.77 seconds =       4.76 minutes
	system time =      24.64 seconds =       0.41 minutes
	total time  =         14 seconds =       0.23 minutes

Scratch directory: /tmp/alchemi-dimer-3085760/water_dimer_b97_3c/psi4_scratch/
   => Libint2 <=

    Primary   basis highest AM E, G, H:  7, 6, 3
    Auxiliary basis highest AM E, G, H:  7, 7, 4
    Onebody   basis highest AM E, G, H:  -, -, -
    Solid Harmonics ordering:            Gaussian

*** tstart() called on s4124-0096
*** at Mon Jul 13 10:28:49 2026

   => Loading Basis Set <=

    Name: DEF2-MTZVP
    Role: ORBITAL
    Keyword: BASIS
    atoms 1, 4     entry O          line   161 file /home/scratch.nfedik_other/alchemi-ir-20260710/envs/alchemi-b973c-ir/share/psi4/basis/def2-mtzvp.gbs 
    atoms 2-3, 5-6 entry H          line     9 file /home/scratch.nfedik_other/alchemi-ir-20260710/envs/alchemi-b973c-ir/share/psi4/basis/def2-mtzvp.gbs 

   => B973C: Empirical Dispersion <=

    Grimme's -D3 (BJ-damping) Dispersion Correction with ATM
    Grimme S.; Ehrlich S.; Goerigk L. (2011), J. Comput. Chem., 32: 1456

        s6 =       1.000000
        s8 =       1.500000
        a1 =       0.370000
        a2 =       4.100000
        s9 =       1.000000


         ---------------------------------------------------------
                                   SCF
               by Justin Turney, Rob Parrish, Andy Simmonett
                          and Daniel G. A. Smith
                              RKS Reference
                       32 Threads, 152587 MiB Core
         ---------------------------------------------------------

  ==> Geometry <==

    Molecular point group: c1
    Full point group: C1

    Geometry (in Angstrom), charge = 0, multiplicity = 1:

       Center              X                  Y                   Z               Mass       
    ------------   -----------------  -----------------  -----------------  -----------------
         O           -1.930996981733     0.000000000000     0.370283971169    15.994914619570
         H           -0.962431963470     0.000000000000     0.370283971169     1.007825032230
         H           -2.165312018267    -0.578596388717    -0.370283971169     1.007825032230
         O            1.569003018267     0.000000000000     0.370283971169    15.994914619570
         H            2.165312018267     0.763239000000     0.370283971169     1.007825032230
         H            2.165312018267    -0.763239000000     0.370283971169     1.007825032230

  Running in c1 symmetry.

  Rotational constants: A =      2.61918  B =      0.14580  C =      0.14155 [cm^-1]
  Rotational constants: A =  78520.92136  B =   4370.87646  C =   4243.57401 [MHz]
  Nuclear repulsion =   33.220917983349466

  Charge       = 0
  Multiplicity = 1
  Electrons    = 20
  Nalpha       = 10
  Nbeta        = 10

  ==> Algorithm <==

  SCF Algorithm Type is PK.
  DIIS enabled.
  MOM disabled.
  Fractional occupation disabled.
  Guess Type is SAD.
  Energy threshold   = 1.00e-10
  Density threshold  = 1.00e-10
  Integral threshold = 1.00e-12

  ==> Primary Basis <==

  Basis Set: DEF2-MTZVP
    Blend: DEF2-MTZVP
    Number of shells: 32
    Number of basis functions: 60
    Number of Cartesian functions: 64
    Spherical Harmonics?: true
    Max angular momentum: 2

  ==> DFT Potential <==

   => LibXC <=

    Version 7.0.0
    S. Lehtola, C. Steigemann, M. J.T. Oliveira, and M. A.L. Marques.,  SoftwareX 7, 1–5 (2018) (10.1016/j.softx.2017.11.002)

   => Composite Functional: B973C <= 

    B97-3c GGA-based 3C composite method with a TZ basis set, D3 and short-range basis set correction.  (10.1063/1.5012601)
     J. G. Brandenburg, C.Bannwarth, A. Hansen, S. Grimme J. Chem. Phys. 148, 064104, 2018


    Deriv               =              1
    GGA                 =           TRUE
    Meta                =          FALSE

    Exchange Hybrid     =          FALSE
    MP2 Hybrid          =          FALSE

   => Exchange-Correlation Functionals <=

    1.0000   Becke 97-3c by Grimme et. al.

   => LibXC Density Thresholds  <==

    XC_GGA_XC_B97_3C:  1.00E-14 

   => Molecular Quadrature <=

    Radial Scheme          =       TREUTLER
    Pruning Scheme         =           NONE
    Nuclear Scheme         =       TREUTLER

    Blocking Scheme        =         OCTREE
    BS radius alpha        =              1
    Pruning alpha          =              1
    Radial Points          =             99
    Spherical Points       =            590
    Total Points           =         339226
    Total Blocks           =           2511
    Max Points             =            256
    Max Functions          =             58
    Weights Tolerance      =       1.00E-15

  ==> Integral Setup <==

  Using in-core PK algorithm.
   Calculation information:
      Number of atoms:                   6
      Number of AO shells:              32
      Number of primitives:             58
      Number of atomic orbitals:        64
      Number of basis functions:        60

      Integral cutoff                 1.00e-12
      Number of threads:                32

  Performing in-core PK
  Using 3350730 doubles for integral storage.
  We computed 267496 shell quartets total.
  Whereas there are 139656 unique shell quartets.
    91.54 percent of shell quartets recomputed by reordering.

  ==> DiskJK: Disk-Based J/K Matrices <==

    J tasked:                  Yes
    K tasked:                   No
    wK tasked:                  No
    Memory [MiB]:           113974
    Schwarz Cutoff:          1E-12

    OpenMP threads:             32

  Cached 100.0% of DFT collocation blocks in 0.455 [GiB].

  Minimum eigenvalue in the overlap matrix is 6.6611265544E-03.
  Reciprocal condition number of the overlap matrix is 1.3017517316E-03.
    Using symmetric orthogonalization.

  ==> Pre-Iterations <==

  SCF Guess: Superposition of Atomic Densities via on-the-fly atomic UHF (no occupation information).

   -------------------------
    Irrep   Nso     Nmo    
   -------------------------
     A         60      60 
   -------------------------
    Total      60      60
   -------------------------

  ==> Iterations <==

                        Total Energy        Delta E     RMS |[F,P]|

   @RKS iter SAD:  -152.16556443605032   -1.52166e+02   0.00000e+00 
   @RKS iter   1:  -152.38818534400031   -2.22621e-01   1.83152e-02 DIIS
   @RKS iter   2:  -151.13847622861724    1.24971e+00   3.38651e-02 DIIS
   @RKS iter   3:  -152.79576113019746   -1.65728e+00   1.70436e-03 DIIS
   @RKS iter   4:  -152.80070852990548   -4.94740e-03   3.27404e-04 DIIS
   @RKS iter   5:  -152.80081485931257   -1.06329e-04   1.88190e-04 DIIS
   @RKS iter   6:  -152.80085327382989   -3.84145e-05   6.34565e-05 DIIS
   @RKS iter   7:  -152.80085819229117   -4.91846e-06   5.35130e-06 DIIS
   @RKS iter   8:  -152.80085823588044   -4.35893e-08   1.18959e-06 DIIS
   @RKS iter   9:  -152.80085823807352   -2.19308e-09   7.19095e-08 DIIS
   @RKS iter  10:  -152.80085823808210   -8.58336e-12   8.67228e-09 DIIS
   @RKS iter  11:  -152.80085823808244   -3.41061e-13   2.11994e-09 DIIS
   @RKS iter  12:  -152.80085823808213    3.12639e-13   1.94823e-10 DIIS
   @RKS iter  13:  -152.80085823808230   -1.70530e-13   3.86789e-11 DIIS
  Energy and wave function converged.


  ==> Post-Iterations <==

   Electrons on quadrature grid:
      Ntotal   =   20.0000000027 ; deviation = 2.678e-09 

    Orbital Energies [Eh]
    ---------------------

    Doubly Occupied:                                                      

       1A    -18.763705     2A    -18.725267     3A     -0.945851  
       4A     -0.908810     5A     -0.496339     6A     -0.459836  
       7A     -0.359484     8A     -0.317960     9A     -0.273442  
      10A     -0.237479  

    Virtual:                                                              

      11A     -0.011926    12A      0.034558    13A      0.067221  
      14A      0.121868    15A      0.215532    16A      0.243616  
      17A      0.267459    18A      0.272356    19A      0.301371  
      20A      0.313131    21A      0.327920    22A      0.346047  
      23A      0.347985    24A      0.376161    25A      0.427454  
      26A      0.430719    27A      0.461787    28A      0.470175  
      29A      0.505251    30A      0.528007    31A      0.570967  
      32A      0.660835    33A      0.742534    34A      0.755550  
      35A      0.763006    36A      0.861110    37A      1.869585  
      38A      1.902161    39A      1.929798    40A      1.938908  
      41A      2.015161    42A      2.020276    43A      2.047492  
      44A      2.062120    45A      2.065612    46A      2.090553  
      47A      2.337730    48A      2.358881    49A      2.428977  
      50A      2.439329    51A      2.475663    52A      2.509040  
      53A      2.624680    54A      2.811596    55A      3.226489  
      56A      3.306850    57A      3.488187    58A      3.521926  
      59A     42.912359    60A     43.053518  

    Final Occupation by Irrep:
              A 
    DOCC [    10 ]
    NA   [    10 ]
    NB   [    10 ]

  @RKS Final Energy:  -152.80085823808230

   => Energetics <=

    Nuclear Repulsion Energy =             33.2209179833494659
    One-Electron Energy =                -275.9303684903304088
    Two-Electron Energy =                 108.4617462328988893
    DFT Exchange-Correlation Energy =     -18.5400986695491667
    Empirical Dispersion Energy =          -0.0130552944510689
    VV10 Nonlocal Energy =                  0.0000000000000000
    Total Energy =                       -152.8008582380822986

Computation Completed


Properties will be evaluated at   0.000000,   0.000000,   0.000000 [a0]

Properties computed using the SCF density matrix


 Multipole Moments:

 ------------------------------------------------------------------------------------
     Multipole            Electronic (a.u.)      Nuclear  (a.u.)        Total (a.u.)
 ------------------------------------------------------------------------------------

 L = 1.  Multiply by 2.5417464519 to convert [e a0] to [Debye]
 Dipole X            :          4.4958490           -3.1994417            1.2964073
 Dipole Y            :          0.7517218           -1.0933887           -0.3416669
 Dipole Z            :        -13.0333596           12.5952353           -0.4381243
 Magnitude           :                                                    1.4104471

 ------------------------------------------------------------------------------------

*** tstop() called on s4124-0096 at Mon Jul 13 10:28:50 2026
Module time:
	user time   =      30.93 seconds =       0.52 minutes
	system time =       1.96 seconds =       0.03 minutes
	total time  =          1 seconds =       0.02 minutes
Total time:
	user time   =     317.84 seconds =       5.30 minutes
	system time =      26.68 seconds =       0.44 minutes
	total time  =         15 seconds =       0.25 minutes

Scratch directory: /tmp/alchemi-dimer-3085760/water_dimer_b97_3c/psi4_scratch/
   => Libint2 <=

    Primary   basis highest AM E, G, H:  7, 6, 3
    Auxiliary basis highest AM E, G, H:  7, 7, 4
    Onebody   basis highest AM E, G, H:  -, -, -
    Solid Harmonics ordering:            Gaussian

*** tstart() called on s4124-0096
*** at Mon Jul 13 10:28:50 2026

   => Loading Basis Set <=

    Name: DEF2-MTZVP
    Role: ORBITAL
    Keyword: BASIS
    atoms 1   entry O          line   161 file /home/scratch.nfedik_other/alchemi-ir-20260710/envs/alchemi-b973c-ir/share/psi4/basis/def2-mtzvp.gbs 
    atoms 2-3 entry H          line     9 file /home/scratch.nfedik_other/alchemi-ir-20260710/envs/alchemi-b973c-ir/share/psi4/basis/def2-mtzvp.gbs 

   => B973C: Empirical Dispersion <=

    Grimme's -D3 (BJ-damping) Dispersion Correction with ATM
    Grimme S.; Ehrlich S.; Goerigk L. (2011), J. Comput. Chem., 32: 1456

        s6 =       1.000000
        s8 =       1.500000
        a1 =       0.370000
        a2 =       4.100000
        s9 =       1.000000


         ---------------------------------------------------------
                                   SCF
               by Justin Turney, Rob Parrish, Andy Simmonett
                          and Daniel G. A. Smith
                              RKS Reference
                       32 Threads, 152587 MiB Core
         ---------------------------------------------------------

  ==> Geometry <==

    Molecular point group: c1
    Full point group: C1

    Geometry (in Angstrom), charge = 0, multiplicity = 1:

       Center              X                  Y                   Z               Mass       
    ------------   -----------------  -----------------  -----------------  -----------------
         O           -1.930996981733     0.000000000000     0.370283971169    15.994914619570
         H           -0.962431963470     0.000000000000     0.370283971169     1.007825032230
         H           -2.165312018267    -0.578596388717    -0.370283971169     1.007825032230

  Running in c1 symmetry.

  Rotational constants: A =     18.34615  B =      0.25086  C =      0.24756 [cm^-1]
  Rotational constants: A = 550003.60975  B =   7520.60479  C =   7421.65761 [MHz]
  Nuclear repulsion =    9.088293764845689

  Charge       = 0
  Multiplicity = 1
  Electrons    = 10
  Nalpha       = 5
  Nbeta        = 5

  ==> Algorithm <==

  SCF Algorithm Type is PK.
  DIIS enabled.
  MOM disabled.
  Fractional occupation disabled.
  Guess Type is SAD.
  Energy threshold   = 1.00e-10
  Density threshold  = 1.00e-10
  Integral threshold = 1.00e-12

  ==> Primary Basis <==

  Basis Set: DEF2-MTZVP
    Blend: DEF2-MTZVP
    Number of shells: 16
    Number of basis functions: 30
    Number of Cartesian functions: 32
    Spherical Harmonics?: true
    Max angular momentum: 2

  ==> DFT Potential <==

   => LibXC <=

    Version 7.0.0
    S. Lehtola, C. Steigemann, M. J.T. Oliveira, and M. A.L. Marques.,  SoftwareX 7, 1–5 (2018) (10.1016/j.softx.2017.11.002)

   => Composite Functional: B973C <= 

    B97-3c GGA-based 3C composite method with a TZ basis set, D3 and short-range basis set correction.  (10.1063/1.5012601)
     J. G. Brandenburg, C.Bannwarth, A. Hansen, S. Grimme J. Chem. Phys. 148, 064104, 2018


    Deriv               =              1
    GGA                 =           TRUE
    Meta                =          FALSE

    Exchange Hybrid     =          FALSE
    MP2 Hybrid          =          FALSE

   => Exchange-Correlation Functionals <=

    1.0000   Becke 97-3c by Grimme et. al.

   => LibXC Density Thresholds  <==

    XC_GGA_XC_B97_3C:  1.00E-14 

   => Molecular Quadrature <=

    Radial Scheme          =       TREUTLER
    Pruning Scheme         =           NONE
    Nuclear Scheme         =       TREUTLER

    Blocking Scheme        =         OCTREE
    BS radius alpha        =              1
    Pruning alpha          =              1
    Radial Points          =             99
    Spherical Points       =            590
    Total Points           =         170344
    Total Blocks           =           1303
    Max Points             =            256
    Max Functions          =             30
    Weights Tolerance      =       1.00E-15

  ==> Integral Setup <==

  Using in-core PK algorithm.
   Calculation information:
      Number of atoms:                   3
      Number of AO shells:              16
      Number of primitives:             29
      Number of atomic orbitals:        32
      Number of basis functions:        30

      Integral cutoff                 1.00e-12
      Number of threads:                32

  Performing in-core PK
  Using 216690 doubles for integral storage.
  We computed 23902 shell quartets total.
  Whereas there are 9316 unique shell quartets.
   156.57 percent of shell quartets recomputed by reordering.

  ==> DiskJK: Disk-Based J/K Matrices <==

    J tasked:                  Yes
    K tasked:                   No
    wK tasked:                  No
    Memory [MiB]:           114295
    Schwarz Cutoff:          1E-12

    OpenMP threads:             32

  Cached 100.0% of DFT collocation blocks in 0.142 [GiB].

  Minimum eigenvalue in the overlap matrix is 8.8216274170E-03.
  Reciprocal condition number of the overlap matrix is 1.7767523151E-03.
    Using symmetric orthogonalization.

  ==> Pre-Iterations <==

  SCF Guess: Superposition of Atomic Densities via on-the-fly atomic UHF (no occupation information).

   -------------------------
    Irrep   Nso     Nmo    
   -------------------------
     A         30      30 
   -------------------------
    Total      30      30
   -------------------------

  ==> Iterations <==

                        Total Energy        Delta E     RMS |[F,P]|

   @RKS iter SAD:   -76.07876988718741   -7.60788e+01   0.00000e+00 
   @RKS iter   1:   -76.18700255365400   -1.08233e-01   2.60889e-02 DIIS
   @RKS iter   2:   -75.53311713983780    6.53885e-01   4.86452e-02 DIIS
   @RKS iter   3:   -76.39483469908787   -8.61718e-01   2.47244e-03 DIIS
   @RKS iter   4:   -76.39752215170930   -2.68745e-03   4.11841e-04 DIIS
   @RKS iter   5:   -76.39757863430896   -5.64826e-05   7.90565e-05 DIIS
   @RKS iter   6:   -76.39758055219308   -1.91788e-06   3.95107e-06 DIIS
   @RKS iter   7:   -76.39758055654079   -4.34771e-09   4.86619e-07 DIIS
   @RKS iter   8:   -76.39758055663872   -9.79270e-11   4.18270e-08 DIIS
   @RKS iter   9:   -76.39758055663926   -5.40012e-13   2.53536e-09 DIIS
   @RKS iter  10:   -76.39758055663930   -4.26326e-14   1.22485e-11 DIIS
  Energy and wave function converged.


  ==> Post-Iterations <==

   Electrons on quadrature grid:
      Ntotal   =    9.9999999849 ; deviation = -1.514e-08 

    Orbital Energies [Eh]
    ---------------------

    Doubly Occupied:                                                      

       1A    -18.745124     2A     -0.928570     3A     -0.479665  
       4A     -0.337520     5A     -0.255767  

    Virtual:                                                              

       6A      0.004345     7A      0.077836     8A      0.258486  
       9A      0.277116    10A      0.321301    11A      0.331835  
      12A      0.332640    13A      0.421354    14A      0.421503  
      15A      0.473959    16A      0.518608    17A      0.724947  
      18A      0.750245    19A      1.889043    20A      1.916436  
      21A      2.011283    22A      2.031966    23A      2.058361  
      24A      2.319011    25A      2.442090    26A      2.456245  
      27A      2.593946    28A      3.227110    29A      3.485530  
      30A     42.924547  

    Final Occupation by Irrep:
              A 
    DOCC [     5 ]
    NA   [     5 ]
    NB   [     5 ]

  @RKS Final Energy:   -76.39758055663930

   => Energetics <=

    Nuclear Repulsion Energy =              9.0882937648456892
    One-Electron Energy =                -122.9103663734972969
    Two-Electron Energy =                  46.7009951657683047
    DFT Exchange-Correlation Energy =      -9.2702948106744518
    Empirical Dispersion Energy =          -0.0062083030815348
    VV10 Nonlocal Energy =                  0.0000000000000000
    Total Energy =                        -76.3975805566392978

Computation Completed


Properties will be evaluated at   0.000000,   0.000000,   0.000000 [a0]

Properties computed using the SCF density matrix


 Multipole Moments:

 ------------------------------------------------------------------------------------
     Multipole            Electronic (a.u.)      Nuclear  (a.u.)        Total (a.u.)
 ------------------------------------------------------------------------------------

 L = 1.  Multiply by 2.5417464519 to convert [e a0] to [Debye]
 Dipole X            :         35.5460591          -35.1030231            0.4430360
 Dipole Y            :          0.7442719           -1.0933887           -0.3491168
 Dipole Z            :         -6.0447305            5.5978824           -0.4468482
 Magnitude           :                                                    0.7196088

 ------------------------------------------------------------------------------------

*** tstop() called on s4124-0096 at Mon Jul 13 10:28:50 2026
Module time:
	user time   =      13.28 seconds =       0.22 minutes
	system time =       1.06 seconds =       0.02 minutes
	total time  =          0 seconds =       0.00 minutes
Total time:
	user time   =     332.23 seconds =       5.54 minutes
	system time =      27.87 seconds =       0.46 minutes
	total time  =         15 seconds =       0.25 minutes

Scratch directory: /tmp/alchemi-dimer-3085760/water_dimer_b97_3c/psi4_scratch/
   => Libint2 <=

    Primary   basis highest AM E, G, H:  7, 6, 3
    Auxiliary basis highest AM E, G, H:  7, 7, 4
    Onebody   basis highest AM E, G, H:  -, -, -
    Solid Harmonics ordering:            Gaussian

*** tstart() called on s4124-0096
*** at Mon Jul 13 10:28:50 2026

   => Loading Basis Set <=

    Name: DEF2-MTZVP
    Role: ORBITAL
    Keyword: BASIS
    atoms 1   entry O          line   161 file /home/scratch.nfedik_other/alchemi-ir-20260710/envs/alchemi-b973c-ir/share/psi4/basis/def2-mtzvp.gbs 
    atoms 2-3 entry H          line     9 file /home/scratch.nfedik_other/alchemi-ir-20260710/envs/alchemi-b973c-ir/share/psi4/basis/def2-mtzvp.gbs 

   => B973C: Empirical Dispersion <=

    Grimme's -D3 (BJ-damping) Dispersion Correction with ATM
    Grimme S.; Ehrlich S.; Goerigk L. (2011), J. Comput. Chem., 32: 1456

        s6 =       1.000000
        s8 =       1.500000
        a1 =       0.370000
        a2 =       4.100000
        s9 =       1.000000


         ---------------------------------------------------------
                                   SCF
               by Justin Turney, Rob Parrish, Andy Simmonett
                          and Daniel G. A. Smith
                              RKS Reference
                       32 Threads, 152587 MiB Core
         ---------------------------------------------------------

  ==> Geometry <==

    Molecular point group: c1
    Full point group: Cs

    Geometry (in Angstrom), charge = 0, multiplicity = 1:

       Center              X                  Y                   Z               Mass       
    ------------   -----------------  -----------------  -----------------  -----------------
         O            1.569003018267     0.000000000000     0.370283971169    15.994914619570
         H            2.165312018267     0.763239000000     0.370283971169     1.007825032230
         H            2.165312018267    -0.763239000000     0.370283971169     1.007825032230

  Running in c1 symmetry.

  Rotational constants: A =     13.99153  B =      0.32864  C =      0.32147 [cm^-1]
  Rotational constants: A = 419455.50586  B =   9852.25509  C =   9637.41082 [MHz]
  Nuclear repulsion =    9.088293764845689

  Charge       = 0
  Multiplicity = 1
  Electrons    = 10
  Nalpha       = 5
  Nbeta        = 5

  ==> Algorithm <==

  SCF Algorithm Type is PK.
  DIIS enabled.
  MOM disabled.
  Fractional occupation disabled.
  Guess Type is SAD.
  Energy threshold   = 1.00e-10
  Density threshold  = 1.00e-10
  Integral threshold = 1.00e-12

  ==> Primary Basis <==

  Basis Set: DEF2-MTZVP
    Blend: DEF2-MTZVP
    Number of shells: 16
    Number of basis functions: 30
    Number of Cartesian functions: 32
    Spherical Harmonics?: true
    Max angular momentum: 2

  ==> DFT Potential <==

   => LibXC <=

    Version 7.0.0
    S. Lehtola, C. Steigemann, M. J.T. Oliveira, and M. A.L. Marques.,  SoftwareX 7, 1–5 (2018) (10.1016/j.softx.2017.11.002)

   => Composite Functional: B973C <= 

    B97-3c GGA-based 3C composite method with a TZ basis set, D3 and short-range basis set correction.  (10.1063/1.5012601)
     J. G. Brandenburg, C.Bannwarth, A. Hansen, S. Grimme J. Chem. Phys. 148, 064104, 2018


    Deriv               =              1
    GGA                 =           TRUE
    Meta                =          FALSE

    Exchange Hybrid     =          FALSE
    MP2 Hybrid          =          FALSE

   => Exchange-Correlation Functionals <=

    1.0000   Becke 97-3c by Grimme et. al.

   => LibXC Density Thresholds  <==

    XC_GGA_XC_B97_3C:  1.00E-14 

   => Molecular Quadrature <=

    Radial Scheme          =       TREUTLER
    Pruning Scheme         =           NONE
    Nuclear Scheme         =       TREUTLER

    Blocking Scheme        =         OCTREE
    BS radius alpha        =              1
    Pruning alpha          =              1
    Radial Points          =             99
    Spherical Points       =            590
    Total Points           =         170344
    Total Blocks           =           1325
    Max Points             =            256
    Max Functions          =             30
    Weights Tolerance      =       1.00E-15

  ==> Integral Setup <==

  Using in-core PK algorithm.
   Calculation information:
      Number of atoms:                   3
      Number of AO shells:              16
      Number of primitives:             29
      Number of atomic orbitals:        32
      Number of basis functions:        30

      Integral cutoff                 1.00e-12
      Number of threads:                32

  Performing in-core PK
  Using 216690 doubles for integral storage.
  We computed 23902 shell quartets total.
  Whereas there are 9316 unique shell quartets.
   156.57 percent of shell quartets recomputed by reordering.

  ==> DiskJK: Disk-Based J/K Matrices <==

    J tasked:                  Yes
    K tasked:                   No
    wK tasked:                  No
    Memory [MiB]:           114295
    Schwarz Cutoff:          1E-12

    OpenMP threads:             32

  Cached 100.0% of DFT collocation blocks in 0.142 [GiB].

  Minimum eigenvalue in the overlap matrix is 8.8216274170E-03.
  Reciprocal condition number of the overlap matrix is 1.7767523151E-03.
    Using symmetric orthogonalization.

  ==> Pre-Iterations <==

  SCF Guess: Superposition of Atomic Densities via on-the-fly atomic UHF (no occupation information).

   -------------------------
    Irrep   Nso     Nmo    
   -------------------------
     A         30      30 
   -------------------------
    Total      30      30
   -------------------------

  ==> Iterations <==

                        Total Energy        Delta E     RMS |[F,P]|

   @RKS iter SAD:   -76.07876988718749   -7.60788e+01   0.00000e+00 
   @RKS iter   1:   -76.18700255365397   -1.08233e-01   2.60889e-02 DIIS
   @RKS iter   2:   -75.53311713983763    6.53885e-01   4.86452e-02 DIIS
   @RKS iter   3:   -76.39483469908774   -8.61718e-01   2.47244e-03 DIIS
   @RKS iter   4:   -76.39752215170924   -2.68745e-03   4.11841e-04 DIIS
   @RKS iter   5:   -76.39757863430890   -5.64826e-05   7.90565e-05 DIIS
   @RKS iter   6:   -76.39758055219298   -1.91788e-06   3.95107e-06 DIIS
   @RKS iter   7:   -76.39758055654072   -4.34774e-09   4.86619e-07 DIIS
   @RKS iter   8:   -76.39758055663864   -9.79270e-11   4.18270e-08 DIIS
   @RKS iter   9:   -76.39758055663914   -4.97380e-13   2.53536e-09 DIIS
   @RKS iter  10:   -76.39758055663923   -8.52651e-14   1.22500e-11 DIIS
  Energy and wave function converged.


  ==> Post-Iterations <==

   Electrons on quadrature grid:
      Ntotal   =    9.9999999849 ; deviation = -1.514e-08 

    Orbital Energies [Eh]
    ---------------------

    Doubly Occupied:                                                      

       1A    -18.745124     2A     -0.928570     3A     -0.479665  
       4A     -0.337520     5A     -0.255767  

    Virtual:                                                              

       6A      0.004345     7A      0.077836     8A      0.258486  
       9A      0.277116    10A      0.321301    11A      0.331835  
      12A      0.332640    13A      0.421354    14A      0.421503  
      15A      0.473959    16A      0.518608    17A      0.724947  
      18A      0.750245    19A      1.889043    20A      1.916436  
      21A      2.011283    22A      2.031966    23A      2.058361  
      24A      2.319011    25A      2.442090    26A      2.456245  
      27A      2.593946    28A      3.227110    29A      3.485530  
      30A     42.924547  

    Final Occupation by Irrep:
              A 
    DOCC [     5 ]
    NA   [     5 ]
    NB   [     5 ]

  @RKS Final Energy:   -76.39758055663923

   => Energetics <=

    Nuclear Repulsion Energy =              9.0882937648456892
    One-Electron Energy =                -122.9103663734969416
    Two-Electron Energy =                  46.7009951657679636
    DFT Exchange-Correlation Energy =      -9.2702948106744021
    Empirical Dispersion Energy =          -0.0062083030815348
    VV10 Nonlocal Energy =                  0.0000000000000000
    Total Energy =                        -76.3975805566392268

Computation Completed


Properties will be evaluated at   0.000000,   0.000000,   0.000000 [a0]

Properties computed using the SCF density matrix


 Multipole Moments:

 ------------------------------------------------------------------------------------
     Multipole            Electronic (a.u.)      Nuclear  (a.u.)        Total (a.u.)
 ------------------------------------------------------------------------------------

 L = 1.  Multiply by 2.5417464519 to convert [e a0] to [Debye]
 Dipole X            :        -31.1839726           31.9035813            0.7196088
 Dipole Y            :         -0.0000000            0.0000000           -0.0000000
 Dipole Z            :         -6.9973529            6.9973529           -0.0000000
 Magnitude           :                                                    0.7196088

 ------------------------------------------------------------------------------------

*** tstop() called on s4124-0096 at Mon Jul 13 10:28:51 2026
Module time:
	user time   =      13.17 seconds =       0.22 minutes
	system time =       1.09 seconds =       0.02 minutes
	total time  =          1 seconds =       0.02 minutes
Total time:
	user time   =     346.52 seconds =       5.78 minutes
	system time =      29.07 seconds =       0.48 minutes
	total time  =         16 seconds =       0.27 minutes

Scratch directory: /tmp/alchemi-dimer-3085760/water_dimer_b97_3c/psi4_scratch/
   => Libint2 <=

    Primary   basis highest AM E, G, H:  7, 6, 3
    Auxiliary basis highest AM E, G, H:  7, 7, 4
    Onebody   basis highest AM E, G, H:  -, -, -
    Solid Harmonics ordering:            Gaussian

*** tstart() called on s4124-0096
*** at Mon Jul 13 10:28:51 2026

   => Loading Basis Set <=

    Name: DEF2-MTZVP
    Role: ORBITAL
    Keyword: BASIS
    atoms 1, 4     entry O          line   161 file /home/scratch.nfedik_other/alchemi-ir-20260710/envs/alchemi-b973c-ir/share/psi4/basis/def2-mtzvp.gbs 
    atoms 2-3, 5-6 entry H          line     9 file /home/scratch.nfedik_other/alchemi-ir-20260710/envs/alchemi-b973c-ir/share/psi4/basis/def2-mtzvp.gbs 

   => B973C: Empirical Dispersion <=

    Grimme's -D3 (BJ-damping) Dispersion Correction with ATM
    Grimme S.; Ehrlich S.; Goerigk L. (2011), J. Comput. Chem., 32: 1456

        s6 =       1.000000
        s8 =       1.500000
        a1 =       0.370000
        a2 =       4.100000
        s9 =       1.000000


         ---------------------------------------------------------
                                   SCF
               by Justin Turney, Rob Parrish, Andy Simmonett
                          and Daniel G. A. Smith
                              RKS Reference
                       32 Threads, 152587 MiB Core
         ---------------------------------------------------------

  ==> Geometry <==

    Molecular point group: c1
    Full point group: C1

    Geometry (in Angstrom), charge = 0, multiplicity = 1:

       Center              X                  Y                   Z               Mass       
    ------------   -----------------  -----------------  -----------------  -----------------
         O           -2.130996981733     0.000000000000     0.370283971169    15.994914619570
         H           -1.162431963470     0.000000000000     0.370283971169     1.007825032230
         H           -2.365312018267    -0.578596388717    -0.370283971169     1.007825032230
         O            1.769003018267     0.000000000000     0.370283971169    15.994914619570
         H            2.365312018267     0.763239000000     0.370283971169     1.007825032230
         H            2.365312018267    -0.763239000000     0.370283971169     1.007825032230

  Running in c1 symmetry.

  Rotational constants: A =      2.61896  B =      0.11833  C =      0.11552 [cm^-1]
  Rotational constants: A =  78514.45654  B =   3547.39619  C =   3463.10153 [MHz]
  Nuclear repulsion =   31.669746052553723

  Charge       = 0
  Multiplicity = 1
  Electrons    = 20
  Nalpha       = 10
  Nbeta        = 10

  ==> Algorithm <==

  SCF Algorithm Type is PK.
  DIIS enabled.
  MOM disabled.
  Fractional occupation disabled.
  Guess Type is SAD.
  Energy threshold   = 1.00e-10
  Density threshold  = 1.00e-10
  Integral threshold = 1.00e-12

  ==> Primary Basis <==

  Basis Set: DEF2-MTZVP
    Blend: DEF2-MTZVP
    Number of shells: 32
    Number of basis functions: 60
    Number of Cartesian functions: 64
    Spherical Harmonics?: true
    Max angular momentum: 2

  ==> DFT Potential <==

   => LibXC <=

    Version 7.0.0
    S. Lehtola, C. Steigemann, M. J.T. Oliveira, and M. A.L. Marques.,  SoftwareX 7, 1–5 (2018) (10.1016/j.softx.2017.11.002)

   => Composite Functional: B973C <= 

    B97-3c GGA-based 3C composite method with a TZ basis set, D3 and short-range basis set correction.  (10.1063/1.5012601)
     J. G. Brandenburg, C.Bannwarth, A. Hansen, S. Grimme J. Chem. Phys. 148, 064104, 2018


    Deriv               =              1
    GGA                 =           TRUE
    Meta                =          FALSE

    Exchange Hybrid     =          FALSE
    MP2 Hybrid          =          FALSE

   => Exchange-Correlation Functionals <=

    1.0000   Becke 97-3c by Grimme et. al.

   => LibXC Density Thresholds  <==

    XC_GGA_XC_B97_3C:  1.00E-14 

   => Molecular Quadrature <=

    Radial Scheme          =       TREUTLER
    Pruning Scheme         =           NONE
    Nuclear Scheme         =       TREUTLER

    Blocking Scheme        =         OCTREE
    BS radius alpha        =              1
    Pruning alpha          =              1
    Radial Points          =             99
    Spherical Points       =            590
    Total Points           =         339642
    Total Blocks           =           2513
    Max Points             =            256
    Max Functions          =             57
    Weights Tolerance      =       1.00E-15

  ==> Integral Setup <==

  Using in-core PK algorithm.
   Calculation information:
      Number of atoms:                   6
      Number of AO shells:              32
      Number of primitives:             58
      Number of atomic orbitals:        64
      Number of basis functions:        60

      Integral cutoff                 1.00e-12
      Number of threads:                32

  Performing in-core PK
  Using 3350730 doubles for integral storage.
  We computed 249430 shell quartets total.
  Whereas there are 139656 unique shell quartets.
    78.60 percent of shell quartets recomputed by reordering.

  ==> DiskJK: Disk-Based J/K Matrices <==

    J tasked:                  Yes
    K tasked:                   No
    wK tasked:                  No
    Memory [MiB]:           113991
    Schwarz Cutoff:          1E-12

    OpenMP threads:             32

  Cached 100.0% of DFT collocation blocks in 0.439 [GiB].

  Minimum eigenvalue in the overlap matrix is 7.4780534136E-03.
  Reciprocal condition number of the overlap matrix is 1.4859058728E-03.
    Using symmetric orthogonalization.

  ==> Pre-Iterations <==

  SCF Guess: Superposition of Atomic Densities via on-the-fly atomic UHF (no occupation information).

   -------------------------
    Irrep   Nso     Nmo    
   -------------------------
     A         60      60 
   -------------------------
    Total      60      60
   -------------------------

  ==> Iterations <==

                        Total Energy        Delta E     RMS |[F,P]|

   @RKS iter SAD:  -152.16015058549428   -1.52160e+02   0.00000e+00 
   @RKS iter   1:  -152.38287658639129   -2.22726e-01   1.83754e-02 DIIS
   @RKS iter   2:  -151.11294218933361    1.26993e+00   3.40735e-02 DIIS
   @RKS iter   3:  -152.79419768153122   -1.68126e+00   1.70833e-03 DIIS
   @RKS iter   4:  -152.79917868949201   -4.98101e-03   3.21168e-04 DIIS
   @RKS iter   5:  -152.79927353056661   -9.48411e-05   1.92219e-04 DIIS
   @RKS iter   6:  -152.79931427503359   -4.07445e-05   5.86790e-05 DIIS
   @RKS iter   7:  -152.79931848756740   -4.21253e-06   4.38170e-06 DIIS
   @RKS iter   8:  -152.79931851605363   -2.84862e-08   1.20561e-06 DIIS
   @RKS iter   9:  -152.79931851840234   -2.34871e-09   7.15224e-08 DIIS
   @RKS iter  10:  -152.79931851841047   -8.12861e-12   7.12107e-09 DIIS
   @RKS iter  11:  -152.79931851841081   -3.41061e-13   1.66119e-09 DIIS
   @RKS iter  12:  -152.79931851841056    2.55795e-13   1.56404e-10 DIIS
   @RKS iter  13:  -152.79931851841042    1.42109e-13   3.74904e-11 DIIS
  Energy and wave function converged.


  ==> Post-Iterations <==

   Electrons on quadrature grid:
      Ntotal   =   20.0000000041 ; deviation = 4.055e-09 

    Orbital Energies [Eh]
    ---------------------

    Doubly Occupied:                                                      

       1A    -18.759068     2A    -18.730005     3A     -0.941527  
       4A     -0.913431     5A     -0.492269     6A     -0.464256  
       7A     -0.353509     8A     -0.322788     9A     -0.269051  
      10A     -0.241579  

    Virtual:                                                              

      11A     -0.009784    12A      0.027976    13A      0.069373  
      14A      0.107132    15A      0.223798    16A      0.251345  
      17A      0.271563    18A      0.277800    19A      0.305120  
      20A      0.317552    21A      0.325270    22A      0.344294  
      23A      0.346299    24A      0.360908    25A      0.425856  
      26A      0.428299    27A      0.439725    28A      0.462212  
      29A      0.474853    30A      0.513940    31A      0.518997  
      32A      0.660721    33A      0.736985    34A      0.738816  
      35A      0.754469    36A      0.840688    37A      1.873927  
      38A      1.897004    39A      1.909072    40A      1.926905  
      41A      2.017396    42A      2.019021    43A      2.038243  
      44A      2.049938    45A      2.057592    46A      2.080202  
      47A      2.339427    48A      2.342235    49A      2.430285  
      50A      2.442310    51A      2.461700    52A      2.496114  
      53A      2.593655    54A      2.736348    55A      3.224716  
      56A      3.292703    57A      3.482554    58A      3.512977  
      59A     42.904257    60A     43.025035  

    Final Occupation by Irrep:
              A 
    DOCC [    10 ]
    NA   [    10 ]
    NB   [    10 ]

  @RKS Final Energy:  -152.79931851841042

   => Energetics <=

    Nuclear Repulsion Energy =             31.6697460525537231
    One-Electron Energy =                -272.8268859357092992
    Two-Electron Energy =                 106.9102512360567232
    DFT Exchange-Correlation Energy =     -18.5396237342795871
    Empirical Dispersion Energy =          -0.0128061370319736
    VV10 Nonlocal Energy =                  0.0000000000000000
    Total Energy =                       -152.7993185184104163

Computation Completed


Properties will be evaluated at   0.000000,   0.000000,   0.000000 [a0]

Properties computed using the SCF density matrix


 Multipole Moments:

 ------------------------------------------------------------------------------------
     Multipole            Electronic (a.u.)      Nuclear  (a.u.)        Total (a.u.)
 ------------------------------------------------------------------------------------

 L = 1.  Multiply by 2.5417464519 to convert [e a0] to [Debye]
 Dipole X            :          4.4522796           -3.1994417            1.2528379
 Dipole Y            :          0.7497350           -1.0933887           -0.3436537
 Dipole Z            :        -13.0356947           12.5952353           -0.4404595
 Magnitude           :                                                    1.3717526

 ------------------------------------------------------------------------------------

*** tstop() called on s4124-0096 at Mon Jul 13 10:28:52 2026
Module time:
	user time   =      30.05 seconds =       0.50 minutes
	system time =       1.87 seconds =       0.03 minutes
	total time  =          1 seconds =       0.02 minutes
Total time:
	user time   =     377.71 seconds =       6.30 minutes
	system time =      31.05 seconds =       0.52 minutes
	total time  =         17 seconds =       0.28 minutes

Scratch directory: /tmp/alchemi-dimer-3085760/water_dimer_b97_3c/psi4_scratch/
   => Libint2 <=

    Primary   basis highest AM E, G, H:  7, 6, 3
    Auxiliary basis highest AM E, G, H:  7, 7, 4
    Onebody   basis highest AM E, G, H:  -, -, -
    Solid Harmonics ordering:            Gaussian

*** tstart() called on s4124-0096
*** at Mon Jul 13 10:28:52 2026

   => Loading Basis Set <=

    Name: DEF2-MTZVP
    Role: ORBITAL
    Keyword: BASIS
    atoms 1   entry O          line   161 file /home/scratch.nfedik_other/alchemi-ir-20260710/envs/alchemi-b973c-ir/share/psi4/basis/def2-mtzvp.gbs 
    atoms 2-3 entry H          line     9 file /home/scratch.nfedik_other/alchemi-ir-20260710/envs/alchemi-b973c-ir/share/psi4/basis/def2-mtzvp.gbs 

   => B973C: Empirical Dispersion <=

    Grimme's -D3 (BJ-damping) Dispersion Correction with ATM
    Grimme S.; Ehrlich S.; Goerigk L. (2011), J. Comput. Chem., 32: 1456

        s6 =       1.000000
        s8 =       1.500000
        a1 =       0.370000
        a2 =       4.100000
        s9 =       1.000000


         ---------------------------------------------------------
                                   SCF
               by Justin Turney, Rob Parrish, Andy Simmonett
                          and Daniel G. A. Smith
                              RKS Reference
                       32 Threads, 152587 MiB Core
         ---------------------------------------------------------

  ==> Geometry <==

    Molecular point group: c1
    Full point group: C1

    Geometry (in Angstrom), charge = 0, multiplicity = 1:

       Center              X                  Y                   Z               Mass       
    ------------   -----------------  -----------------  -----------------  -----------------
         O           -2.130996981733     0.000000000000     0.370283971169    15.994914619570
         H           -1.162431963470     0.000000000000     0.370283971169     1.007825032230
         H           -2.365312018267    -0.578596388717    -0.370283971169     1.007825032230

  Running in c1 symmetry.

  Rotational constants: A =     18.51479  B =      0.20674  C =      0.20450 [cm^-1]
  Rotational constants: A = 555059.55964  B =   6197.81865  C =   6130.79400 [MHz]
  Nuclear repulsion =    9.088293764845691

  Charge       = 0
  Multiplicity = 1
  Electrons    = 10
  Nalpha       = 5
  Nbeta        = 5

  ==> Algorithm <==

  SCF Algorithm Type is PK.
  DIIS enabled.
  MOM disabled.
  Fractional occupation disabled.
  Guess Type is SAD.
  Energy threshold   = 1.00e-10
  Density threshold  = 1.00e-10
  Integral threshold = 1.00e-12

  ==> Primary Basis <==

  Basis Set: DEF2-MTZVP
    Blend: DEF2-MTZVP
    Number of shells: 16
    Number of basis functions: 30
    Number of Cartesian functions: 32
    Spherical Harmonics?: true
    Max angular momentum: 2

  ==> DFT Potential <==

   => LibXC <=

    Version 7.0.0
    S. Lehtola, C. Steigemann, M. J.T. Oliveira, and M. A.L. Marques.,  SoftwareX 7, 1–5 (2018) (10.1016/j.softx.2017.11.002)

   => Composite Functional: B973C <= 

    B97-3c GGA-based 3C composite method with a TZ basis set, D3 and short-range basis set correction.  (10.1063/1.5012601)
     J. G. Brandenburg, C.Bannwarth, A. Hansen, S. Grimme J. Chem. Phys. 148, 064104, 2018


    Deriv               =              1
    GGA                 =           TRUE
    Meta                =          FALSE

    Exchange Hybrid     =          FALSE
    MP2 Hybrid          =          FALSE

   => Exchange-Correlation Functionals <=

    1.0000   Becke 97-3c by Grimme et. al.

   => LibXC Density Thresholds  <==

    XC_GGA_XC_B97_3C:  1.00E-14 

   => Molecular Quadrature <=

    Radial Scheme          =       TREUTLER
    Pruning Scheme         =           NONE
    Nuclear Scheme         =       TREUTLER

    Blocking Scheme        =         OCTREE
    BS radius alpha        =              1
    Pruning alpha          =              1
    Radial Points          =             99
    Spherical Points       =            590
    Total Points           =         170344
    Total Blocks           =           1303
    Max Points             =            256
    Max Functions          =             30
    Weights Tolerance      =       1.00E-15

  ==> Integral Setup <==

  Using in-core PK algorithm.
   Calculation information:
      Number of atoms:                   3
      Number of AO shells:              16
      Number of primitives:             29
      Number of atomic orbitals:        32
      Number of basis functions:        30

      Integral cutoff                 1.00e-12
      Number of threads:                32

  Performing in-core PK
  Using 216690 doubles for integral storage.
  We computed 23902 shell quartets total.
  Whereas there are 9316 unique shell quartets.
   156.57 percent of shell quartets recomputed by reordering.

  ==> DiskJK: Disk-Based J/K Matrices <==

    J tasked:                  Yes
    K tasked:                   No
    wK tasked:                  No
    Memory [MiB]:           114295
    Schwarz Cutoff:          1E-12

    OpenMP threads:             32

  Cached 100.0% of DFT collocation blocks in 0.142 [GiB].

  Minimum eigenvalue in the overlap matrix is 8.8216274170E-03.
  Reciprocal condition number of the overlap matrix is 1.7767523151E-03.
    Using symmetric orthogonalization.

  ==> Pre-Iterations <==

  SCF Guess: Superposition of Atomic Densities via on-the-fly atomic UHF (no occupation information).

   -------------------------
    Irrep   Nso     Nmo    
   -------------------------
     A         30      30 
   -------------------------
    Total      30      30
   -------------------------

  ==> Iterations <==

                        Total Energy        Delta E     RMS |[F,P]|

   @RKS iter SAD:   -76.07876988718751   -7.60788e+01   0.00000e+00 
   @RKS iter   1:   -76.18700255365388   -1.08233e-01   2.60889e-02 DIIS
   @RKS iter   2:   -75.53311713983757    6.53885e-01   4.86452e-02 DIIS
   @RKS iter   3:   -76.39483469908772   -8.61718e-01   2.47244e-03 DIIS
   @RKS iter   4:   -76.39752215170915   -2.68745e-03   4.11841e-04 DIIS
   @RKS iter   5:   -76.39757863430880   -5.64826e-05   7.90565e-05 DIIS
   @RKS iter   6:   -76.39758055219296   -1.91788e-06   3.95107e-06 DIIS
   @RKS iter   7:   -76.39758055654072   -4.34775e-09   4.86619e-07 DIIS
   @RKS iter   8:   -76.39758055663863   -9.79128e-11   4.18270e-08 DIIS
   @RKS iter   9:   -76.39758055663911   -4.83169e-13   2.53536e-09 DIIS
   @RKS iter  10:   -76.39758055663920   -8.52651e-14   1.22490e-11 DIIS
  Energy and wave function converged.


  ==> Post-Iterations <==

   Electrons on quadrature grid:
      Ntotal   =    9.9999999849 ; deviation = -1.514e-08 

    Orbital Energies [Eh]
    ---------------------

    Doubly Occupied:                                                      

       1A    -18.745124     2A     -0.928570     3A     -0.479665  
       4A     -0.337520     5A     -0.255767  

    Virtual:                                                              

       6A      0.004345     7A      0.077836     8A      0.258486  
       9A      0.277116    10A      0.321301    11A      0.331835  
      12A      0.332640    13A      0.421354    14A      0.421503  
      15A      0.473959    16A      0.518608    17A      0.724947  
      18A      0.750245    19A      1.889043    20A      1.916436  
      21A      2.011283    22A      2.031966    23A      2.058361  
      24A      2.319011    25A      2.442090    26A      2.456245  
      27A      2.593946    28A      3.227110    29A      3.485530  
      30A     42.924547  

    Final Occupation by Irrep:
              A 
    DOCC [     5 ]
    NA   [     5 ]
    NB   [     5 ]

  @RKS Final Energy:   -76.39758055663920

   => Energetics <=

    Nuclear Repulsion Energy =              9.0882937648456910
    One-Electron Energy =                -122.9103663734970979
    Two-Electron Energy =                  46.7009951657681768
    DFT Exchange-Correlation Energy =      -9.2702948106744252
    Empirical Dispersion Energy =          -0.0062083030815348
    VV10 Nonlocal Energy =                  0.0000000000000000
    Total Energy =                        -76.3975805566391983

Computation Completed


Properties will be evaluated at   0.000000,   0.000000,   0.000000 [a0]

Properties computed using the SCF density matrix


 Multipole Moments:

 ------------------------------------------------------------------------------------
     Multipole            Electronic (a.u.)      Nuclear  (a.u.)        Total (a.u.)
 ------------------------------------------------------------------------------------

 L = 1.  Multiply by 2.5417464519 to convert [e a0] to [Debye]
 Dipole X            :         39.3255113          -38.8824753            0.4430360
 Dipole Y            :          0.7442719           -1.0933887           -0.3491168
 Dipole Z            :         -6.0447305            5.5978824           -0.4468482
 Magnitude           :                                                    0.7196088

 ------------------------------------------------------------------------------------

*** tstop() called on s4124-0096 at Mon Jul 13 10:28:52 2026
Module time:
	user time   =      13.18 seconds =       0.22 minutes
	system time =       1.10 seconds =       0.02 minutes
	total time  =          0 seconds =       0.00 minutes
Total time:
	user time   =     392.06 seconds =       6.53 minutes
	system time =      32.28 seconds =       0.54 minutes
	total time  =         17 seconds =       0.28 minutes

Scratch directory: /tmp/alchemi-dimer-3085760/water_dimer_b97_3c/psi4_scratch/
   => Libint2 <=

    Primary   basis highest AM E, G, H:  7, 6, 3
    Auxiliary basis highest AM E, G, H:  7, 7, 4
    Onebody   basis highest AM E, G, H:  -, -, -
    Solid Harmonics ordering:            Gaussian

*** tstart() called on s4124-0096
*** at Mon Jul 13 10:28:52 2026

   => Loading Basis Set <=

    Name: DEF2-MTZVP
    Role: ORBITAL
    Keyword: BASIS
    atoms 1   entry O          line   161 file /home/scratch.nfedik_other/alchemi-ir-20260710/envs/alchemi-b973c-ir/share/psi4/basis/def2-mtzvp.gbs 
    atoms 2-3 entry H          line     9 file /home/scratch.nfedik_other/alchemi-ir-20260710/envs/alchemi-b973c-ir/share/psi4/basis/def2-mtzvp.gbs 

   => B973C: Empirical Dispersion <=

    Grimme's -D3 (BJ-damping) Dispersion Correction with ATM
    Grimme S.; Ehrlich S.; Goerigk L. (2011), J. Comput. Chem., 32: 1456

        s6 =       1.000000
        s8 =       1.500000
        a1 =       0.370000
        a2 =       4.100000
        s9 =       1.000000


         ---------------------------------------------------------
                                   SCF
               by Justin Turney, Rob Parrish, Andy Simmonett
                          and Daniel G. A. Smith
                              RKS Reference
                       32 Threads, 152587 MiB Core
         ---------------------------------------------------------

  ==> Geometry <==

    Molecular point group: c1
    Full point group: Cs

    Geometry (in Angstrom), charge = 0, multiplicity = 1:

       Center              X                  Y                   Z               Mass       
    ------------   -----------------  -----------------  -----------------  -----------------
         O            1.769003018267     0.000000000000     0.370283971169    15.994914619570
         H            2.365312018267     0.763239000000     0.370283971169     1.007825032230
         H            2.365312018267    -0.763239000000     0.370283971169     1.007825032230

  Running in c1 symmetry.

  Rotational constants: A =     14.06173  B =      0.26422  C =      0.25955 [cm^-1]
  Rotational constants: A = 421559.96540  B =   7921.24836  C =   7781.05160 [MHz]
  Nuclear repulsion =    9.088293764845689

  Charge       = 0
  Multiplicity = 1
  Electrons    = 10
  Nalpha       = 5
  Nbeta        = 5

  ==> Algorithm <==

  SCF Algorithm Type is PK.
  DIIS enabled.
  MOM disabled.
  Fractional occupation disabled.
  Guess Type is SAD.
  Energy threshold   = 1.00e-10
  Density threshold  = 1.00e-10
  Integral threshold = 1.00e-12

  ==> Primary Basis <==

  Basis Set: DEF2-MTZVP
    Blend: DEF2-MTZVP
    Number of shells: 16
    Number of basis functions: 30
    Number of Cartesian functions: 32
    Spherical Harmonics?: true
    Max angular momentum: 2

  ==> DFT Potential <==

   => LibXC <=

    Version 7.0.0
    S. Lehtola, C. Steigemann, M. J.T. Oliveira, and M. A.L. Marques.,  SoftwareX 7, 1–5 (2018) (10.1016/j.softx.2017.11.002)

   => Composite Functional: B973C <= 

    B97-3c GGA-based 3C composite method with a TZ basis set, D3 and short-range basis set correction.  (10.1063/1.5012601)
     J. G. Brandenburg, C.Bannwarth, A. Hansen, S. Grimme J. Chem. Phys. 148, 064104, 2018


    Deriv               =              1
    GGA                 =           TRUE
    Meta                =          FALSE

    Exchange Hybrid     =          FALSE
    MP2 Hybrid          =          FALSE

   => Exchange-Correlation Functionals <=

    1.0000   Becke 97-3c by Grimme et. al.

   => LibXC Density Thresholds  <==

    XC_GGA_XC_B97_3C:  1.00E-14 

   => Molecular Quadrature <=

    Radial Scheme          =       TREUTLER
    Pruning Scheme         =           NONE
    Nuclear Scheme         =       TREUTLER

    Blocking Scheme        =         OCTREE
    BS radius alpha        =              1
    Pruning alpha          =              1
    Radial Points          =             99
    Spherical Points       =            590
    Total Points           =         170344
    Total Blocks           =           1325
    Max Points             =            256
    Max Functions          =             30
    Weights Tolerance      =       1.00E-15

  ==> Integral Setup <==

  Using in-core PK algorithm.
   Calculation information:
      Number of atoms:                   3
      Number of AO shells:              16
      Number of primitives:             29
      Number of atomic orbitals:        32
      Number of basis functions:        30

      Integral cutoff                 1.00e-12
      Number of threads:                32

  Performing in-core PK
  Using 216690 doubles for integral storage.
  We computed 23902 shell quartets total.
  Whereas there are 9316 unique shell quartets.
   156.57 percent of shell quartets recomputed by reordering.

  ==> DiskJK: Disk-Based J/K Matrices <==

    J tasked:                  Yes
    K tasked:                   No
    wK tasked:                  No
    Memory [MiB]:           114295
    Schwarz Cutoff:          1E-12

    OpenMP threads:             32

  Cached 100.0% of DFT collocation blocks in 0.142 [GiB].

  Minimum eigenvalue in the overlap matrix is 8.8216274170E-03.
  Reciprocal condition number of the overlap matrix is 1.7767523151E-03.
    Using symmetric orthogonalization.

  ==> Pre-Iterations <==

  SCF Guess: Superposition of Atomic Densities via on-the-fly atomic UHF (no occupation information).

   -------------------------
    Irrep   Nso     Nmo    
   -------------------------
     A         30      30 
   -------------------------
    Total      30      30
   -------------------------

  ==> Iterations <==

                        Total Energy        Delta E     RMS |[F,P]|

   @RKS iter SAD:   -76.07876988718746   -7.60788e+01   0.00000e+00 
   @RKS iter   1:   -76.18700255365394   -1.08233e-01   2.60889e-02 DIIS
   @RKS iter   2:   -75.53311713983760    6.53885e-01   4.86452e-02 DIIS
   @RKS iter   3:   -76.39483469908781   -8.61718e-01   2.47244e-03 DIIS
   @RKS iter   4:   -76.39752215170927   -2.68745e-03   4.11841e-04 DIIS
   @RKS iter   5:   -76.39757863430891   -5.64826e-05   7.90565e-05 DIIS
   @RKS iter   6:   -76.39758055219292   -1.91788e-06   3.95107e-06 DIIS
   @RKS iter   7:   -76.39758055654073   -4.34781e-09   4.86619e-07 DIIS
   @RKS iter   8:   -76.39758055663874   -9.80123e-11   4.18270e-08 DIIS
   @RKS iter   9:   -76.39758055663924   -4.97380e-13   2.53536e-09 DIIS
   @RKS iter  10:   -76.39758055663918    5.68434e-14   1.22497e-11 DIIS
  Energy and wave function converged.


  ==> Post-Iterations <==

   Electrons on quadrature grid:
      Ntotal   =    9.9999999849 ; deviation = -1.514e-08 

    Orbital Energies [Eh]
    ---------------------

    Doubly Occupied:                                                      

       1A    -18.745124     2A     -0.928570     3A     -0.479665  
       4A     -0.337520     5A     -0.255767  

    Virtual:                                                              

       6A      0.004345     7A      0.077836     8A      0.258486  
       9A      0.277116    10A      0.321301    11A      0.331835  
      12A      0.332640    13A      0.421354    14A      0.421503  
      15A      0.473959    16A      0.518608    17A      0.724947  
      18A      0.750245    19A      1.889043    20A      1.916436  
      21A      2.011283    22A      2.031966    23A      2.058361  
      24A      2.319011    25A      2.442090    26A      2.456245  
      27A      2.593946    28A      3.227110    29A      3.485530  
      30A     42.924547  

    Final Occupation by Irrep:
              A 
    DOCC [     5 ]
    NA   [     5 ]
    NB   [     5 ]

  @RKS Final Energy:   -76.39758055663918

   => Energetics <=

    Nuclear Repulsion Energy =              9.0882937648456892
    One-Electron Energy =                -122.9103663734970269
    Two-Electron Energy =                  46.7009951657680986
    DFT Exchange-Correlation Energy =      -9.2702948106744163
    Empirical Dispersion Energy =          -0.0062083030815348
    VV10 Nonlocal Energy =                  0.0000000000000000
    Total Energy =                        -76.3975805566391841

Computation Completed


Properties will be evaluated at   0.000000,   0.000000,   0.000000 [a0]

Properties computed using the SCF density matrix


 Multipole Moments:

 ------------------------------------------------------------------------------------
     Multipole            Electronic (a.u.)      Nuclear  (a.u.)        Total (a.u.)
 ------------------------------------------------------------------------------------

 L = 1.  Multiply by 2.5417464519 to convert [e a0] to [Debye]
 Dipole X            :        -34.9634248           35.6830336            0.7196088
 Dipole Y            :          0.0000000            0.0000000            0.0000000
 Dipole Z            :         -6.9973529            6.9973529           -0.0000000
 Magnitude           :                                                    0.7196088

 ------------------------------------------------------------------------------------

*** tstop() called on s4124-0096 at Mon Jul 13 10:28:53 2026
Module time:
	user time   =      13.37 seconds =       0.22 minutes
	system time =       1.09 seconds =       0.02 minutes
	total time  =          1 seconds =       0.02 minutes
Total time:
	user time   =     406.58 seconds =       6.78 minutes
	system time =      33.48 seconds =       0.56 minutes
	total time  =         18 seconds =       0.30 minutes

Scratch directory: /tmp/alchemi-dimer-3085760/water_dimer_b97_3c/psi4_scratch/
   => Libint2 <=

    Primary   basis highest AM E, G, H:  7, 6, 3
    Auxiliary basis highest AM E, G, H:  7, 7, 4
    Onebody   basis highest AM E, G, H:  -, -, -
    Solid Harmonics ordering:            Gaussian

*** tstart() called on s4124-0096
*** at Mon Jul 13 10:28:53 2026

   => Loading Basis Set <=

    Name: DEF2-MTZVP
    Role: ORBITAL
    Keyword: BASIS
    atoms 1, 4     entry O          line   161 file /home/scratch.nfedik_other/alchemi-ir-20260710/envs/alchemi-b973c-ir/share/psi4/basis/def2-mtzvp.gbs 
    atoms 2-3, 5-6 entry H          line     9 file /home/scratch.nfedik_other/alchemi-ir-20260710/envs/alchemi-b973c-ir/share/psi4/basis/def2-mtzvp.gbs 

   => B973C: Empirical Dispersion <=

    Grimme's -D3 (BJ-damping) Dispersion Correction with ATM
    Grimme S.; Ehrlich S.; Goerigk L. (2011), J. Comput. Chem., 32: 1456

        s6 =       1.000000
        s8 =       1.500000
        a1 =       0.370000
        a2 =       4.100000
        s9 =       1.000000


         ---------------------------------------------------------
                                   SCF
               by Justin Turney, Rob Parrish, Andy Simmonett
                          and Daniel G. A. Smith
                              RKS Reference
                       32 Threads, 152587 MiB Core
         ---------------------------------------------------------

  ==> Geometry <==

    Molecular point group: c1
    Full point group: C1

    Geometry (in Angstrom), charge = 0, multiplicity = 1:

       Center              X                  Y                   Z               Mass       
    ------------   -----------------  -----------------  -----------------  -----------------
         O           -2.380996981733     0.000000000000     0.370283971169    15.994914619570
         H           -1.412431963470     0.000000000000     0.370283971169     1.007825032230
         H           -2.615312018267    -0.578596388717    -0.370283971169     1.007825032230
         O            2.019003018267     0.000000000000     0.370283971169    15.994914619570
         H            2.615312018267     0.763239000000     0.370283971169     1.007825032230
         H            2.615312018267    -0.763239000000     0.370283971169     1.007825032230

  Running in c1 symmetry.

  Rotational constants: A =      2.61890  B =      0.09362  C =      0.09185 [cm^-1]
  Rotational constants: A =  78512.52298  B =   2806.59765  C =   2753.58843 [MHz]
  Nuclear repulsion =   30.133250200365698

  Charge       = 0
  Multiplicity = 1
  Electrons    = 20
  Nalpha       = 10
  Nbeta        = 10

  ==> Algorithm <==

  SCF Algorithm Type is PK.
  DIIS enabled.
  MOM disabled.
  Fractional occupation disabled.
  Guess Type is SAD.
  Energy threshold   = 1.00e-10
  Density threshold  = 1.00e-10
  Integral threshold = 1.00e-12

  ==> Primary Basis <==

  Basis Set: DEF2-MTZVP
    Blend: DEF2-MTZVP
    Number of shells: 32
    Number of basis functions: 60
    Number of Cartesian functions: 64
    Spherical Harmonics?: true
    Max angular momentum: 2

  ==> DFT Potential <==

   => LibXC <=

    Version 7.0.0
    S. Lehtola, C. Steigemann, M. J.T. Oliveira, and M. A.L. Marques.,  SoftwareX 7, 1–5 (2018) (10.1016/j.softx.2017.11.002)

   => Composite Functional: B973C <= 

    B97-3c GGA-based 3C composite method with a TZ basis set, D3 and short-range basis set correction.  (10.1063/1.5012601)
     J. G. Brandenburg, C.Bannwarth, A. Hansen, S. Grimme J. Chem. Phys. 148, 064104, 2018


    Deriv               =              1
    GGA                 =           TRUE
    Meta                =          FALSE

    Exchange Hybrid     =          FALSE
    MP2 Hybrid          =          FALSE

   => Exchange-Correlation Functionals <=

    1.0000   Becke 97-3c by Grimme et. al.

   => LibXC Density Thresholds  <==

    XC_GGA_XC_B97_3C:  1.00E-14 

   => Molecular Quadrature <=

    Radial Scheme          =       TREUTLER
    Pruning Scheme         =           NONE
    Nuclear Scheme         =       TREUTLER

    Blocking Scheme        =         OCTREE
    BS radius alpha        =              1
    Pruning alpha          =              1
    Radial Points          =             99
    Spherical Points       =            590
    Total Points           =         340008
    Total Blocks           =           2521
    Max Points             =            256
    Max Functions          =             56
    Weights Tolerance      =       1.00E-15

  ==> Integral Setup <==

  Using in-core PK algorithm.
   Calculation information:
      Number of atoms:                   6
      Number of AO shells:              32
      Number of primitives:             58
      Number of atomic orbitals:        64
      Number of basis functions:        60

      Integral cutoff                 1.00e-12
      Number of threads:                32

  Performing in-core PK
  Using 3350730 doubles for integral storage.
  We computed 229618 shell quartets total.
  Whereas there are 139656 unique shell quartets.
    64.42 percent of shell quartets recomputed by reordering.

  ==> DiskJK: Disk-Based J/K Matrices <==

    J tasked:                  Yes
    K tasked:                   No
    wK tasked:                  No
    Memory [MiB]:           114011
    Schwarz Cutoff:          1E-12

    OpenMP threads:             32

  Cached 100.0% of DFT collocation blocks in 0.419 [GiB].

  Minimum eigenvalue in the overlap matrix is 8.1408075458E-03.
  Reciprocal condition number of the overlap matrix is 1.6317882092E-03.
    Using symmetric orthogonalization.

  ==> Pre-Iterations <==

  SCF Guess: Superposition of Atomic Densities via on-the-fly atomic UHF (no occupation information).

   -------------------------
    Irrep   Nso     Nmo    
   -------------------------
     A         60      60 
   -------------------------
    Total      60      60
   -------------------------

  ==> Iterations <==

                        Total Energy        Delta E     RMS |[F,P]|

   @RKS iter SAD:  -152.15819722797039   -1.52158e+02   0.00000e+00 
   @RKS iter   1:  -152.37933871507343   -2.21141e-01   1.84071e-02 DIIS
   @RKS iter   2:  -151.09985496678775    1.27948e+00   3.41664e-02 DIIS
   @RKS iter   3:  -152.79268685710485   -1.69283e+00   1.71140e-03 DIIS
   @RKS iter   4:  -152.79774049440618   -5.05364e-03   2.87481e-04 DIIS
   @RKS iter   5:  -152.79783548433761   -9.49899e-05   1.20431e-04 DIIS
   @RKS iter   6:  -152.79784737810823   -1.18938e-05   6.93668e-05 DIIS
   @RKS iter   7:  -152.79785320416084   -5.82605e-06   3.81365e-06 DIIS
   @RKS iter   8:  -152.79785322375204   -1.95912e-08   1.10472e-06 DIIS
   @RKS iter   9:  -152.79785322577160   -2.01956e-09   7.65918e-08 DIIS
   @RKS iter  10:  -152.79785322578113   -9.52127e-12   7.08067e-09 DIIS
   @RKS iter  11:  -152.79785322578107    5.68434e-14   1.25744e-09 DIIS
   @RKS iter  12:  -152.79785322578098    8.52651e-14   1.31956e-10 DIIS
   @RKS iter  13:  -152.79785322578098    0.00000e+00   3.35924e-11 DIIS
  Energy and wave function converged.


  ==> Post-Iterations <==

   Electrons on quadrature grid:
      Ntotal   =   20.0000000053 ; deviation = 5.254e-09 

    Orbital Energies [Eh]
    ---------------------

    Doubly Occupied:                                                      

       1A    -18.755135     2A    -18.733680     3A     -0.937987  
       4A     -0.917100     5A     -0.488893     6A     -0.467998  
       7A     -0.348762     8A     -0.326435     9A     -0.265425  
      10A     -0.244887  

    Virtual:                                                              

      11A     -0.007284    12A      0.021385    13A      0.071310  
      14A      0.094946    15A      0.236863    16A      0.260607  
      17A      0.273519    18A      0.284539    19A      0.311131  
      20A      0.320680    21A      0.324569    22A      0.338531  
      23A      0.341575    24A      0.351617    25A      0.406368  
      26A      0.417329    27A      0.430541    28A      0.432145  
      29A      0.466560    30A      0.504011    31A      0.512475  
      32A      0.635367    33A      0.722068    34A      0.740193  
      35A      0.749018    36A      0.804237    37A      1.880982  
      38A      1.898104    39A      1.910264    40A      1.929463  
      41A      2.013157    42A      2.022216    43A      2.023165  
      44A      2.042509    45A      2.052449    46A      2.071552  
      47A      2.316431    48A      2.342808    49A      2.432535  
      50A      2.446132    51A      2.453817    52A      2.479757  
      53A      2.584706    54A      2.687350    55A      3.219369  
      56A      3.267728    57A      3.479176    58A      3.503000  
      59A     42.910145    60A     42.978730  

    Final Occupation by Irrep:
              A 
    DOCC [    10 ]
    NA   [    10 ]
    NB   [    10 ]

  @RKS Final Energy:  -152.79785322578098

   => Energetics <=

    Nuclear Repulsion Energy =             30.1332502003656977
    One-Electron Energy =                -269.7535074597740277
    Two-Electron Energy =                 105.3749481637729275
    DFT Exchange-Correlation Energy =     -18.5399302905889876
    Empirical Dispersion Energy =          -0.0126138395565866
    VV10 Nonlocal Energy =                  0.0000000000000000
    Total Energy =                       -152.7978532257809832

Computation Completed


Properties will be evaluated at   0.000000,   0.000000,   0.000000 [a0]

Properties computed using the SCF density matrix


 Multipole Moments:

 ------------------------------------------------------------------------------------
     Multipole            Electronic (a.u.)      Nuclear  (a.u.)        Total (a.u.)
 ------------------------------------------------------------------------------------

 L = 1.  Multiply by 2.5417464519 to convert [e a0] to [Debye]
 Dipole X            :          4.4210786           -3.1994417            1.2216369
 Dipole Y            :          0.7483222           -1.0933887           -0.3450665
 Dipole Z            :        -13.0373206           12.5952353           -0.4420853
 Magnitude           :                                                    1.3442124

 ------------------------------------------------------------------------------------

*** tstop() called on s4124-0096 at Mon Jul 13 10:28:54 2026
Module time:
	user time   =      29.55 seconds =       0.49 minutes
	system time =       1.89 seconds =       0.03 minutes
	total time  =          1 seconds =       0.02 minutes
Total time:
	user time   =     437.28 seconds =       7.29 minutes
	system time =      35.48 seconds =       0.59 minutes
	total time  =         19 seconds =       0.32 minutes

Scratch directory: /tmp/alchemi-dimer-3085760/water_dimer_b97_3c/psi4_scratch/
   => Libint2 <=

    Primary   basis highest AM E, G, H:  7, 6, 3
    Auxiliary basis highest AM E, G, H:  7, 7, 4
    Onebody   basis highest AM E, G, H:  -, -, -
    Solid Harmonics ordering:            Gaussian

*** tstart() called on s4124-0096
*** at Mon Jul 13 10:28:54 2026

   => Loading Basis Set <=

    Name: DEF2-MTZVP
    Role: ORBITAL
    Keyword: BASIS
    atoms 1   entry O          line   161 file /home/scratch.nfedik_other/alchemi-ir-20260710/envs/alchemi-b973c-ir/share/psi4/basis/def2-mtzvp.gbs 
    atoms 2-3 entry H          line     9 file /home/scratch.nfedik_other/alchemi-ir-20260710/envs/alchemi-b973c-ir/share/psi4/basis/def2-mtzvp.gbs 

   => B973C: Empirical Dispersion <=

    Grimme's -D3 (BJ-damping) Dispersion Correction with ATM
    Grimme S.; Ehrlich S.; Goerigk L. (2011), J. Comput. Chem., 32: 1456

        s6 =       1.000000
        s8 =       1.500000
        a1 =       0.370000
        a2 =       4.100000
        s9 =       1.000000


         ---------------------------------------------------------
                                   SCF
               by Justin Turney, Rob Parrish, Andy Simmonett
                          and Daniel G. A. Smith
                              RKS Reference
                       32 Threads, 152587 MiB Core
         ---------------------------------------------------------

  ==> Geometry <==

    Molecular point group: c1
    Full point group: C1

    Geometry (in Angstrom), charge = 0, multiplicity = 1:

       Center              X                  Y                   Z               Mass       
    ------------   -----------------  -----------------  -----------------  -----------------
         O           -2.380996981733     0.000000000000     0.370283971169    15.994914619570
         H           -1.412431963470     0.000000000000     0.370283971169     1.007825032230
         H           -2.615312018267    -0.578596388717    -0.370283971169     1.007825032230

  Running in c1 symmetry.

  Rotational constants: A =     18.68542  B =      0.16610  C =      0.16466 [cm^-1]
  Rotational constants: A = 560174.80888  B =   4979.40664  C =   4936.27759 [MHz]
  Nuclear repulsion =    9.088293764845689

  Charge       = 0
  Multiplicity = 1
  Electrons    = 10
  Nalpha       = 5
  Nbeta        = 5

  ==> Algorithm <==

  SCF Algorithm Type is PK.
  DIIS enabled.
  MOM disabled.
  Fractional occupation disabled.
  Guess Type is SAD.
  Energy threshold   = 1.00e-10
  Density threshold  = 1.00e-10
  Integral threshold = 1.00e-12

  ==> Primary Basis <==

  Basis Set: DEF2-MTZVP
    Blend: DEF2-MTZVP
    Number of shells: 16
    Number of basis functions: 30
    Number of Cartesian functions: 32
    Spherical Harmonics?: true
    Max angular momentum: 2

  ==> DFT Potential <==

   => LibXC <=

    Version 7.0.0
    S. Lehtola, C. Steigemann, M. J.T. Oliveira, and M. A.L. Marques.,  SoftwareX 7, 1–5 (2018) (10.1016/j.softx.2017.11.002)

   => Composite Functional: B973C <= 

    B97-3c GGA-based 3C composite method with a TZ basis set, D3 and short-range basis set correction.  (10.1063/1.5012601)
     J. G. Brandenburg, C.Bannwarth, A. Hansen, S. Grimme J. Chem. Phys. 148, 064104, 2018


    Deriv               =              1
    GGA                 =           TRUE
    Meta                =          FALSE

    Exchange Hybrid     =          FALSE
    MP2 Hybrid          =          FALSE

   => Exchange-Correlation Functionals <=

    1.0000   Becke 97-3c by Grimme et. al.

   => LibXC Density Thresholds  <==

    XC_GGA_XC_B97_3C:  1.00E-14 

   => Molecular Quadrature <=

    Radial Scheme          =       TREUTLER
    Pruning Scheme         =           NONE
    Nuclear Scheme         =       TREUTLER

    Blocking Scheme        =         OCTREE
    BS radius alpha        =              1
    Pruning alpha          =              1
    Radial Points          =             99
    Spherical Points       =            590
    Total Points           =         170344
    Total Blocks           =           1303
    Max Points             =            256
    Max Functions          =             30
    Weights Tolerance      =       1.00E-15

  ==> Integral Setup <==

  Using in-core PK algorithm.
   Calculation information:
      Number of atoms:                   3
      Number of AO shells:              16
      Number of primitives:             29
      Number of atomic orbitals:        32
      Number of basis functions:        30

      Integral cutoff                 1.00e-12
      Number of threads:                32

  Performing in-core PK
  Using 216690 doubles for integral storage.
  We computed 23902 shell quartets total.
  Whereas there are 9316 unique shell quartets.
   156.57 percent of shell quartets recomputed by reordering.

  ==> DiskJK: Disk-Based J/K Matrices <==

    J tasked:                  Yes
    K tasked:                   No
    wK tasked:                  No
    Memory [MiB]:           114295
    Schwarz Cutoff:          1E-12

    OpenMP threads:             32

  Cached 100.0% of DFT collocation blocks in 0.142 [GiB].

  Minimum eigenvalue in the overlap matrix is 8.8216274170E-03.
  Reciprocal condition number of the overlap matrix is 1.7767523151E-03.
    Using symmetric orthogonalization.

  ==> Pre-Iterations <==

  SCF Guess: Superposition of Atomic Densities via on-the-fly atomic UHF (no occupation information).

   -------------------------
    Irrep   Nso     Nmo    
   -------------------------
     A         30      30 
   -------------------------
    Total      30      30
   -------------------------

  ==> Iterations <==

                        Total Energy        Delta E     RMS |[F,P]|

   @RKS iter SAD:   -76.07876988718749   -7.60788e+01   0.00000e+00 
   @RKS iter   1:   -76.18700255365381   -1.08233e-01   2.60889e-02 DIIS
   @RKS iter   2:   -75.53311713983777    6.53885e-01   4.86452e-02 DIIS
   @RKS iter   3:   -76.39483469908760   -8.61718e-01   2.47244e-03 DIIS
   @RKS iter   4:   -76.39752215170898   -2.68745e-03   4.11841e-04 DIIS
   @RKS iter   5:   -76.39757863430869   -5.64826e-05   7.90565e-05 DIIS
   @RKS iter   6:   -76.39758055219286   -1.91788e-06   3.95107e-06 DIIS
   @RKS iter   7:   -76.39758055654059   -4.34773e-09   4.86619e-07 DIIS
   @RKS iter   8:   -76.39758055663849   -9.78986e-11   4.18270e-08 DIIS
   @RKS iter   9:   -76.39758055663906   -5.68434e-13   2.53536e-09 DIIS
   @RKS iter  10:   -76.39758055663903    2.84217e-14   1.22493e-11 DIIS
  Energy and wave function converged.


  ==> Post-Iterations <==

   Electrons on quadrature grid:
      Ntotal   =    9.9999999849 ; deviation = -1.514e-08 

    Orbital Energies [Eh]
    ---------------------

    Doubly Occupied:                                                      

       1A    -18.745124     2A     -0.928570     3A     -0.479665  
       4A     -0.337520     5A     -0.255767  

    Virtual:                                                              

       6A      0.004345     7A      0.077836     8A      0.258486  
       9A      0.277116    10A      0.321301    11A      0.331835  
      12A      0.332640    13A      0.421354    14A      0.421503  
      15A      0.473959    16A      0.518608    17A      0.724947  
      18A      0.750245    19A      1.889043    20A      1.916436  
      21A      2.011283    22A      2.031966    23A      2.058361  
      24A      2.319011    25A      2.442090    26A      2.456245  
      27A      2.593946    28A      3.227110    29A      3.485530  
      30A     42.924547  

    Final Occupation by Irrep:
              A 
    DOCC [     5 ]
    NA   [     5 ]
    NB   [     5 ]

  @RKS Final Energy:   -76.39758055663903

   => Energetics <=

    Nuclear Repulsion Energy =              9.0882937648456892
    One-Electron Energy =                -122.9103663734967995
    Two-Electron Energy =                  46.7009951657680134
    DFT Exchange-Correlation Energy =      -9.2702948106744056
    Empirical Dispersion Energy =          -0.0062083030815348
    VV10 Nonlocal Energy =                  0.0000000000000000
    Total Energy =                        -76.3975805566390278

Computation Completed


Properties will be evaluated at   0.000000,   0.000000,   0.000000 [a0]

Properties computed using the SCF density matrix


 Multipole Moments:

 ------------------------------------------------------------------------------------
     Multipole            Electronic (a.u.)      Nuclear  (a.u.)        Total (a.u.)
 ------------------------------------------------------------------------------------

 L = 1.  Multiply by 2.5417464519 to convert [e a0] to [Debye]
 Dipole X            :         44.0498266          -43.6067906            0.4430360
 Dipole Y            :          0.7442719           -1.0933887           -0.3491168
 Dipole Z            :         -6.0447305            5.5978824           -0.4468482
 Magnitude           :                                                    0.7196088

 ------------------------------------------------------------------------------------

*** tstop() called on s4124-0096 at Mon Jul 13 10:28:54 2026
Module time:
	user time   =      13.00 seconds =       0.22 minutes
	system time =       1.05 seconds =       0.02 minutes
	total time  =          0 seconds =       0.00 minutes
Total time:
	user time   =     451.40 seconds =       7.52 minutes
	system time =      36.65 seconds =       0.61 minutes
	total time  =         19 seconds =       0.32 minutes

Scratch directory: /tmp/alchemi-dimer-3085760/water_dimer_b97_3c/psi4_scratch/
   => Libint2 <=

    Primary   basis highest AM E, G, H:  7, 6, 3
    Auxiliary basis highest AM E, G, H:  7, 7, 4
    Onebody   basis highest AM E, G, H:  -, -, -
    Solid Harmonics ordering:            Gaussian

*** tstart() called on s4124-0096
*** at Mon Jul 13 10:28:55 2026

   => Loading Basis Set <=

    Name: DEF2-MTZVP
    Role: ORBITAL
    Keyword: BASIS
    atoms 1   entry O          line   161 file /home/scratch.nfedik_other/alchemi-ir-20260710/envs/alchemi-b973c-ir/share/psi4/basis/def2-mtzvp.gbs 
    atoms 2-3 entry H          line     9 file /home/scratch.nfedik_other/alchemi-ir-20260710/envs/alchemi-b973c-ir/share/psi4/basis/def2-mtzvp.gbs 

   => B973C: Empirical Dispersion <=

    Grimme's -D3 (BJ-damping) Dispersion Correction with ATM
    Grimme S.; Ehrlich S.; Goerigk L. (2011), J. Comput. Chem., 32: 1456

        s6 =       1.000000
        s8 =       1.500000
        a1 =       0.370000
        a2 =       4.100000
        s9 =       1.000000


         ---------------------------------------------------------
                                   SCF
               by Justin Turney, Rob Parrish, Andy Simmonett
                          and Daniel G. A. Smith
                              RKS Reference
                       32 Threads, 152587 MiB Core
         ---------------------------------------------------------

  ==> Geometry <==

    Molecular point group: c1
    Full point group: Cs

    Geometry (in Angstrom), charge = 0, multiplicity = 1:

       Center              X                  Y                   Z               Mass       
    ------------   -----------------  -----------------  -----------------  -----------------
         O            2.019003018267     0.000000000000     0.370283971169    15.994914619570
         H            2.615312018267     0.763239000000     0.370283971169     1.007825032230
         H            2.615312018267    -0.763239000000     0.370283971169     1.007825032230

  Running in c1 symmetry.

  Rotational constants: A =     14.12471  B =      0.20695  C =      0.20406 [cm^-1]
  Rotational constants: A = 423448.03012  B =   6204.20996  C =   6117.47788 [MHz]
  Nuclear repulsion =    9.088293764845689

  Charge       = 0
  Multiplicity = 1
  Electrons    = 10
  Nalpha       = 5
  Nbeta        = 5

  ==> Algorithm <==

  SCF Algorithm Type is PK.
  DIIS enabled.
  MOM disabled.
  Fractional occupation disabled.
  Guess Type is SAD.
  Energy threshold   = 1.00e-10
  Density threshold  = 1.00e-10
  Integral threshold = 1.00e-12

  ==> Primary Basis <==

  Basis Set: DEF2-MTZVP
    Blend: DEF2-MTZVP
    Number of shells: 16
    Number of basis functions: 30
    Number of Cartesian functions: 32
    Spherical Harmonics?: true
    Max angular momentum: 2

  ==> DFT Potential <==

   => LibXC <=

    Version 7.0.0
    S. Lehtola, C. Steigemann, M. J.T. Oliveira, and M. A.L. Marques.,  SoftwareX 7, 1–5 (2018) (10.1016/j.softx.2017.11.002)

   => Composite Functional: B973C <= 

    B97-3c GGA-based 3C composite method with a TZ basis set, D3 and short-range basis set correction.  (10.1063/1.5012601)
     J. G. Brandenburg, C.Bannwarth, A. Hansen, S. Grimme J. Chem. Phys. 148, 064104, 2018


    Deriv               =              1
    GGA                 =           TRUE
    Meta                =          FALSE

    Exchange Hybrid     =          FALSE
    MP2 Hybrid          =          FALSE

   => Exchange-Correlation Functionals <=

    1.0000   Becke 97-3c by Grimme et. al.

   => LibXC Density Thresholds  <==

    XC_GGA_XC_B97_3C:  1.00E-14 

   => Molecular Quadrature <=

    Radial Scheme          =       TREUTLER
    Pruning Scheme         =           NONE
    Nuclear Scheme         =       TREUTLER

    Blocking Scheme        =         OCTREE
    BS radius alpha        =              1
    Pruning alpha          =              1
    Radial Points          =             99
    Spherical Points       =            590
    Total Points           =         170344
    Total Blocks           =           1325
    Max Points             =            256
    Max Functions          =             30
    Weights Tolerance      =       1.00E-15

  ==> Integral Setup <==

  Using in-core PK algorithm.
   Calculation information:
      Number of atoms:                   3
      Number of AO shells:              16
      Number of primitives:             29
      Number of atomic orbitals:        32
      Number of basis functions:        30

      Integral cutoff                 1.00e-12
      Number of threads:                32

  Performing in-core PK
  Using 216690 doubles for integral storage.
  We computed 23902 shell quartets total.
  Whereas there are 9316 unique shell quartets.
   156.57 percent of shell quartets recomputed by reordering.

  ==> DiskJK: Disk-Based J/K Matrices <==

    J tasked:                  Yes
    K tasked:                   No
    wK tasked:                  No
    Memory [MiB]:           114295
    Schwarz Cutoff:          1E-12

    OpenMP threads:             32

  Cached 100.0% of DFT collocation blocks in 0.142 [GiB].

  Minimum eigenvalue in the overlap matrix is 8.8216274170E-03.
  Reciprocal condition number of the overlap matrix is 1.7767523151E-03.
    Using symmetric orthogonalization.

  ==> Pre-Iterations <==

  SCF Guess: Superposition of Atomic Densities via on-the-fly atomic UHF (no occupation information).

   -------------------------
    Irrep   Nso     Nmo    
   -------------------------
     A         30      30 
   -------------------------
    Total      30      30
   -------------------------

  ==> Iterations <==

                        Total Energy        Delta E     RMS |[F,P]|

   @RKS iter SAD:   -76.07876988718748   -7.60788e+01   0.00000e+00 
   @RKS iter   1:   -76.18700255365400   -1.08233e-01   2.60889e-02 DIIS
   @RKS iter   2:   -75.53311713983749    6.53885e-01   4.86452e-02 DIIS
   @RKS iter   3:   -76.39483469908782   -8.61718e-01   2.47244e-03 DIIS
   @RKS iter   4:   -76.39752215170923   -2.68745e-03   4.11841e-04 DIIS
   @RKS iter   5:   -76.39757863430887   -5.64826e-05   7.90565e-05 DIIS
   @RKS iter   6:   -76.39758055219306   -1.91788e-06   3.95107e-06 DIIS
   @RKS iter   7:   -76.39758055654080   -4.34774e-09   4.86619e-07 DIIS
   @RKS iter   8:   -76.39758055663870   -9.78986e-11   4.18270e-08 DIIS
   @RKS iter   9:   -76.39758055663917   -4.68958e-13   2.53536e-09 DIIS
   @RKS iter  10:   -76.39758055663927   -9.94760e-14   1.22494e-11 DIIS
  Energy and wave function converged.


  ==> Post-Iterations <==

   Electrons on quadrature grid:
      Ntotal   =    9.9999999849 ; deviation = -1.514e-08 

    Orbital Energies [Eh]
    ---------------------

    Doubly Occupied:                                                      

       1A    -18.745124     2A     -0.928570     3A     -0.479665  
       4A     -0.337520     5A     -0.255767  

    Virtual:                                                              

       6A      0.004345     7A      0.077836     8A      0.258486  
       9A      0.277116    10A      0.321301    11A      0.331835  
      12A      0.332640    13A      0.421354    14A      0.421503  
      15A      0.473959    16A      0.518608    17A      0.724947  
      18A      0.750245    19A      1.889043    20A      1.916436  
      21A      2.011283    22A      2.031966    23A      2.058361  
      24A      2.319011    25A      2.442090    26A      2.456245  
      27A      2.593946    28A      3.227110    29A      3.485530  
      30A     42.924547  

    Final Occupation by Irrep:
              A 
    DOCC [     5 ]
    NA   [     5 ]
    NB   [     5 ]

  @RKS Final Energy:   -76.39758055663927

   => Energetics <=

    Nuclear Repulsion Energy =              9.0882937648456892
    One-Electron Energy =                -122.9103663734970837
    Two-Electron Energy =                  46.7009951657680915
    DFT Exchange-Correlation Energy =      -9.2702948106744252
    Empirical Dispersion Energy =          -0.0062083030815348
    VV10 Nonlocal Energy =                  0.0000000000000000
    Total Energy =                        -76.3975805566392694

Computation Completed


Properties will be evaluated at   0.000000,   0.000000,   0.000000 [a0]

Properties computed using the SCF density matrix


 Multipole Moments:

 ------------------------------------------------------------------------------------
     Multipole            Electronic (a.u.)      Nuclear  (a.u.)        Total (a.u.)
 ------------------------------------------------------------------------------------

 L = 1.  Multiply by 2.5417464519 to convert [e a0] to [Debye]
 Dipole X            :        -39.6877402           40.4073489            0.7196088
 Dipole Y            :          0.0000000            0.0000000            0.0000000
 Dipole Z            :         -6.9973529            6.9973529            0.0000000
 Magnitude           :                                                    0.7196088

 ------------------------------------------------------------------------------------

*** tstop() called on s4124-0096 at Mon Jul 13 10:28:55 2026
Module time:
	user time   =      13.30 seconds =       0.22 minutes
	system time =       1.04 seconds =       0.02 minutes
	total time  =          0 seconds =       0.00 minutes
Total time:
	user time   =     465.81 seconds =       7.76 minutes
	system time =      37.81 seconds =       0.63 minutes
	total time  =         20 seconds =       0.33 minutes

Scratch directory: /tmp/alchemi-dimer-3085760/water_dimer_b97_3c/psi4_scratch/
   => Libint2 <=

    Primary   basis highest AM E, G, H:  7, 6, 3
    Auxiliary basis highest AM E, G, H:  7, 7, 4
    Onebody   basis highest AM E, G, H:  -, -, -
    Solid Harmonics ordering:            Gaussian

*** tstart() called on s4124-0096
*** at Mon Jul 13 10:28:55 2026

   => Loading Basis Set <=

    Name: DEF2-MTZVP
    Role: ORBITAL
    Keyword: BASIS
    atoms 1, 4     entry O          line   161 file /home/scratch.nfedik_other/alchemi-ir-20260710/envs/alchemi-b973c-ir/share/psi4/basis/def2-mtzvp.gbs 
    atoms 2-3, 5-6 entry H          line     9 file /home/scratch.nfedik_other/alchemi-ir-20260710/envs/alchemi-b973c-ir/share/psi4/basis/def2-mtzvp.gbs 

   => B973C: Empirical Dispersion <=

    Grimme's -D3 (BJ-damping) Dispersion Correction with ATM
    Grimme S.; Ehrlich S.; Goerigk L. (2011), J. Comput. Chem., 32: 1456

        s6 =       1.000000
        s8 =       1.500000
        a1 =       0.370000
        a2 =       4.100000
        s9 =       1.000000


         ---------------------------------------------------------
                                   SCF
               by Justin Turney, Rob Parrish, Andy Simmonett
                          and Daniel G. A. Smith
                              RKS Reference
                       32 Threads, 152587 MiB Core
         ---------------------------------------------------------

  ==> Geometry <==

    Molecular point group: c1
    Full point group: C1

    Geometry (in Angstrom), charge = 0, multiplicity = 1:

       Center              X                  Y                   Z               Mass       
    ------------   -----------------  -----------------  -----------------  -----------------
         O           -2.680996981733     0.000000000000     0.370283971169    15.994914619570
         H           -1.712431963470     0.000000000000     0.370283971169     1.007825032230
         H           -2.915312018267    -0.578596388717    -0.370283971169     1.007825032230
         O            2.319003018267     0.000000000000     0.370283971169    15.994914619570
         H            2.915312018267     0.763239000000     0.370283971169     1.007825032230
         H            2.915312018267    -0.763239000000     0.370283971169     1.007825032230

  Running in c1 symmetry.

  Rotational constants: A =      2.61897  B =      0.07293  C =      0.07186 [cm^-1]
  Rotational constants: A =  78514.75430  B =   2186.50075  C =   2154.20629 [MHz]
  Nuclear repulsion =   28.698681462343767

  Charge       = 0
  Multiplicity = 1
  Electrons    = 20
  Nalpha       = 10
  Nbeta        = 10

  ==> Algorithm <==

  SCF Algorithm Type is PK.
  DIIS enabled.
  MOM disabled.
  Fractional occupation disabled.
  Guess Type is SAD.
  Energy threshold   = 1.00e-10
  Density threshold  = 1.00e-10
  Integral threshold = 1.00e-12

  ==> Primary Basis <==

  Basis Set: DEF2-MTZVP
    Blend: DEF2-MTZVP
    Number of shells: 32
    Number of basis functions: 60
    Number of Cartesian functions: 64
    Spherical Harmonics?: true
    Max angular momentum: 2

  ==> DFT Potential <==

   => LibXC <=

    Version 7.0.0
    S. Lehtola, C. Steigemann, M. J.T. Oliveira, and M. A.L. Marques.,  SoftwareX 7, 1–5 (2018) (10.1016/j.softx.2017.11.002)

   => Composite Functional: B973C <= 

    B97-3c GGA-based 3C composite method with a TZ basis set, D3 and short-range basis set correction.  (10.1063/1.5012601)
     J. G. Brandenburg, C.Bannwarth, A. Hansen, S. Grimme J. Chem. Phys. 148, 064104, 2018


    Deriv               =              1
    GGA                 =           TRUE
    Meta                =          FALSE

    Exchange Hybrid     =          FALSE
    MP2 Hybrid          =          FALSE

   => Exchange-Correlation Functionals <=

    1.0000   Becke 97-3c by Grimme et. al.

   => LibXC Density Thresholds  <==

    XC_GGA_XC_B97_3C:  1.00E-14 

   => Molecular Quadrature <=

    Radial Scheme          =       TREUTLER
    Pruning Scheme         =           NONE
    Nuclear Scheme         =       TREUTLER

    Blocking Scheme        =         OCTREE
    BS radius alpha        =              1
    Pruning alpha          =              1
    Radial Points          =             99
    Spherical Points       =            590
    Total Points           =         340344
    Total Blocks           =           2533
    Max Points             =            256
    Max Functions          =             55
    Weights Tolerance      =       1.00E-15

  ==> Integral Setup <==

  Using in-core PK algorithm.
   Calculation information:
      Number of atoms:                   6
      Number of AO shells:              32
      Number of primitives:             58
      Number of atomic orbitals:        64
      Number of basis functions:        60

      Integral cutoff                 1.00e-12
      Number of threads:                32

  Performing in-core PK
  Using 3350730 doubles for integral storage.
  We computed 209307 shell quartets total.
  Whereas there are 139656 unique shell quartets.
    49.87 percent of shell quartets recomputed by reordering.

  ==> DiskJK: Disk-Based J/K Matrices <==

    J tasked:                  Yes
    K tasked:                   No
    wK tasked:                  No
    Memory [MiB]:           114023
    Schwarz Cutoff:          1E-12

    OpenMP threads:             32

  Cached 100.0% of DFT collocation blocks in 0.407 [GiB].

  Minimum eigenvalue in the overlap matrix is 8.5276339183E-03.
  Reciprocal condition number of the overlap matrix is 1.7152578938E-03.
    Using symmetric orthogonalization.

  ==> Pre-Iterations <==

  SCF Guess: Superposition of Atomic Densities via on-the-fly atomic UHF (no occupation information).

   -------------------------
    Irrep   Nso     Nmo    
   -------------------------
     A         60      60 
   -------------------------
    Total      60      60
   -------------------------

  ==> Iterations <==

                        Total Energy        Delta E     RMS |[F,P]|

   @RKS iter SAD:  -152.15772205545201   -1.52158e+02   0.00000e+00 
   @RKS iter   1:  -152.37721294264981   -2.19491e-01   1.84232e-02 DIIS
   @RKS iter   2:  -151.09548973809277    1.28172e+00   3.41858e-02 DIIS
   @RKS iter   3:  -152.79147383486571   -1.69598e+00   1.71604e-03 DIIS
   @RKS iter   4:  -152.79659274648796   -5.11891e-03   2.75351e-04 DIIS
   @RKS iter   5:  -152.79669309039153   -1.00344e-04   5.44921e-05 DIIS
   @RKS iter   6:  -152.79669669157207   -3.60118e-06   1.00783e-05 DIIS
   @RKS iter   7:  -152.79669671976947   -2.81974e-08   9.33021e-06 DIIS
   @RKS iter   8:  -152.79669682358860   -1.03819e-07   1.08865e-06 DIIS
   @RKS iter   9:  -152.79669682535945   -1.77084e-09   8.01300e-08 DIIS
   @RKS iter  10:  -152.79669682536982   -1.03739e-11   6.87070e-09 DIIS
   @RKS iter  11:  -152.79669682536968    1.42109e-13   9.33840e-10 DIIS
   @RKS iter  12:  -152.79669682536996   -2.84217e-13   1.17169e-10 DIIS
   @RKS iter  13:  -152.79669682536976    1.98952e-13   2.54701e-11 DIIS
  Energy and wave function converged.


  ==> Post-Iterations <==

   Electrons on quadrature grid:
      Ntotal   =   20.0000000061 ; deviation = 6.139e-09 

    Orbital Energies [Eh]
    ---------------------

    Doubly Occupied:                                                      

       1A    -18.751995     2A    -18.736481     3A     -0.935212  
       4A     -0.919919     5A     -0.486218     6A     -0.470900  
       7A     -0.345144     8A     -0.329151     9A     -0.262571  
      10A     -0.247478  

    Virtual:                                                              

      11A     -0.003979    12A      0.015786    13A      0.072957  
      14A      0.087224    15A      0.247703    16A      0.265080  
      17A      0.272013    18A      0.285505    19A      0.315408  
      20A      0.323185    21A      0.326399    22A      0.331233  
      23A      0.339467    24A      0.343360    25A      0.392228  
      26A      0.414207    27A      0.428121    28A      0.428507  
      29A      0.468338    30A      0.497639    31A      0.512392  
      32A      0.577501    33A      0.717666    34A      0.738701  
      35A      0.745857    36A      0.775901    37A      1.882924  
      38A      1.898515    39A      1.910402    40A      1.925952  
      41A      2.009347    42A      2.020258    43A      2.025130  
      44A      2.040269    45A      2.051669    46A      2.066988  
      47A      2.307540    48A      2.338345    49A      2.435158  
      50A      2.449191    51A      2.450332    52A      2.472313  
      53A      2.586000    54A      2.631432    55A      3.219324  
      56A      3.247294    57A      3.479301    58A      3.496941  
      59A     42.917007    60A     42.944778  

    Final Occupation by Irrep:
              A 
    DOCC [    10 ]
    NA   [    10 ]
    NB   [    10 ]

  @RKS Final Energy:  -152.79669682536976

   => Energetics <=

    Nuclear Repulsion Energy =             28.6986814623437674
    One-Electron Energy =                -266.8843803907146821
    Two-Electron Energy =                 103.9420093169520669
    DFT Exchange-Correlation Energy =     -18.5405021376075219
    Empirical Dispersion Energy =          -0.0125050763433806
    VV10 Nonlocal Energy =                  0.0000000000000000
    Total Energy =                       -152.7966968253697644

Computation Completed


Properties will be evaluated at   0.000000,   0.000000,   0.000000 [a0]

Properties computed using the SCF density matrix


 Multipole Moments:

 ------------------------------------------------------------------------------------
     Multipole            Electronic (a.u.)      Nuclear  (a.u.)        Total (a.u.)
 ------------------------------------------------------------------------------------

 L = 1.  Multiply by 2.5417464519 to convert [e a0] to [Debye]
 Dipole X            :          4.3993483           -3.1994417            1.1999065
 Dipole Y            :          0.7472501           -1.0933887           -0.3461386
 Dipole Z            :        -13.0385260           12.5952353           -0.4432907
 Magnitude           :                                                    1.3251771

 ------------------------------------------------------------------------------------

*** tstop() called on s4124-0096 at Mon Jul 13 10:28:56 2026
Module time:
	user time   =      29.22 seconds =       0.49 minutes
	system time =       1.83 seconds =       0.03 minutes
	total time  =          1 seconds =       0.02 minutes
Total time:
	user time   =     496.16 seconds =       8.27 minutes
	system time =      39.77 seconds =       0.66 minutes
	total time  =         21 seconds =       0.35 minutes

Scratch directory: /tmp/alchemi-dimer-3085760/water_dimer_b97_3c/psi4_scratch/
   => Libint2 <=

    Primary   basis highest AM E, G, H:  7, 6, 3
    Auxiliary basis highest AM E, G, H:  7, 7, 4
    Onebody   basis highest AM E, G, H:  -, -, -
    Solid Harmonics ordering:            Gaussian

*** tstart() called on s4124-0096
*** at Mon Jul 13 10:28:56 2026

   => Loading Basis Set <=

    Name: DEF2-MTZVP
    Role: ORBITAL
    Keyword: BASIS
    atoms 1   entry O          line   161 file /home/scratch.nfedik_other/alchemi-ir-20260710/envs/alchemi-b973c-ir/share/psi4/basis/def2-mtzvp.gbs 
    atoms 2-3 entry H          line     9 file /home/scratch.nfedik_other/alchemi-ir-20260710/envs/alchemi-b973c-ir/share/psi4/basis/def2-mtzvp.gbs 

   => B973C: Empirical Dispersion <=

    Grimme's -D3 (BJ-damping) Dispersion Correction with ATM
    Grimme S.; Ehrlich S.; Goerigk L. (2011), J. Comput. Chem., 32: 1456

        s6 =       1.000000
        s8 =       1.500000
        a1 =       0.370000
        a2 =       4.100000
        s9 =       1.000000


         ---------------------------------------------------------
                                   SCF
               by Justin Turney, Rob Parrish, Andy Simmonett
                          and Daniel G. A. Smith
                              RKS Reference
                       32 Threads, 152587 MiB Core
         ---------------------------------------------------------

  ==> Geometry <==

    Molecular point group: c1
    Full point group: C1

    Geometry (in Angstrom), charge = 0, multiplicity = 1:

       Center              X                  Y                   Z               Mass       
    ------------   -----------------  -----------------  -----------------  -----------------
         O           -2.680996981733     0.000000000000     0.370283971169    15.994914619570
         H           -1.712431963470     0.000000000000     0.370283971169     1.007825032230
         H           -2.915312018267    -0.578596388717    -0.370283971169     1.007825032230

  Running in c1 symmetry.

  Rotational constants: A =     18.84745  B =      0.13128  C =      0.13039 [cm^-1]
  Rotational constants: A = 565032.32372  B =   3935.76460  C =   3908.91029 [MHz]
  Nuclear repulsion =    9.088293764845689

  Charge       = 0
  Multiplicity = 1
  Electrons    = 10
  Nalpha       = 5
  Nbeta        = 5

  ==> Algorithm <==

  SCF Algorithm Type is PK.
  DIIS enabled.
  MOM disabled.
  Fractional occupation disabled.
  Guess Type is SAD.
  Energy threshold   = 1.00e-10
  Density threshold  = 1.00e-10
  Integral threshold = 1.00e-12

  ==> Primary Basis <==

  Basis Set: DEF2-MTZVP
    Blend: DEF2-MTZVP
    Number of shells: 16
    Number of basis functions: 30
    Number of Cartesian functions: 32
    Spherical Harmonics?: true
    Max angular momentum: 2

  ==> DFT Potential <==

   => LibXC <=

    Version 7.0.0
    S. Lehtola, C. Steigemann, M. J.T. Oliveira, and M. A.L. Marques.,  SoftwareX 7, 1–5 (2018) (10.1016/j.softx.2017.11.002)

   => Composite Functional: B973C <= 

    B97-3c GGA-based 3C composite method with a TZ basis set, D3 and short-range basis set correction.  (10.1063/1.5012601)
     J. G. Brandenburg, C.Bannwarth, A. Hansen, S. Grimme J. Chem. Phys. 148, 064104, 2018


    Deriv               =              1
    GGA                 =           TRUE
    Meta                =          FALSE

    Exchange Hybrid     =          FALSE
    MP2 Hybrid          =          FALSE

   => Exchange-Correlation Functionals <=

    1.0000   Becke 97-3c by Grimme et. al.

   => LibXC Density Thresholds  <==

    XC_GGA_XC_B97_3C:  1.00E-14 

   => Molecular Quadrature <=

    Radial Scheme          =       TREUTLER
    Pruning Scheme         =           NONE
    Nuclear Scheme         =       TREUTLER

    Blocking Scheme        =         OCTREE
    BS radius alpha        =              1
    Pruning alpha          =              1
    Radial Points          =             99
    Spherical Points       =            590
    Total Points           =         170344
    Total Blocks           =           1303
    Max Points             =            256
    Max Functions          =             30
    Weights Tolerance      =       1.00E-15

  ==> Integral Setup <==

  Using in-core PK algorithm.
   Calculation information:
      Number of atoms:                   3
      Number of AO shells:              16
      Number of primitives:             29
      Number of atomic orbitals:        32
      Number of basis functions:        30

      Integral cutoff                 1.00e-12
      Number of threads:                32

  Performing in-core PK
  Using 216690 doubles for integral storage.
  We computed 23902 shell quartets total.
  Whereas there are 9316 unique shell quartets.
   156.57 percent of shell quartets recomputed by reordering.

  ==> DiskJK: Disk-Based J/K Matrices <==

    J tasked:                  Yes
    K tasked:                   No
    wK tasked:                  No
    Memory [MiB]:           114295
    Schwarz Cutoff:          1E-12

    OpenMP threads:             32

  Cached 100.0% of DFT collocation blocks in 0.142 [GiB].

  Minimum eigenvalue in the overlap matrix is 8.8216274170E-03.
  Reciprocal condition number of the overlap matrix is 1.7767523151E-03.
    Using symmetric orthogonalization.

  ==> Pre-Iterations <==

  SCF Guess: Superposition of Atomic Densities via on-the-fly atomic UHF (no occupation information).

   -------------------------
    Irrep   Nso     Nmo    
   -------------------------
     A         30      30 
   -------------------------
    Total      30      30
   -------------------------

  ==> Iterations <==

                        Total Energy        Delta E     RMS |[F,P]|

   @RKS iter SAD:   -76.07876988718749   -7.60788e+01   0.00000e+00 
   @RKS iter   1:   -76.18700255365380   -1.08233e-01   2.60889e-02 DIIS
   @RKS iter   2:   -75.53311713983727    6.53885e-01   4.86452e-02 DIIS
   @RKS iter   3:   -76.39483469908767   -8.61718e-01   2.47244e-03 DIIS
   @RKS iter   4:   -76.39752215170908   -2.68745e-03   4.11841e-04 DIIS
   @RKS iter   5:   -76.39757863430864   -5.64826e-05   7.90565e-05 DIIS
   @RKS iter   6:   -76.39758055219288   -1.91788e-06   3.95107e-06 DIIS
   @RKS iter   7:   -76.39758055654065   -4.34777e-09   4.86619e-07 DIIS
   @RKS iter   8:   -76.39758055663853   -9.78844e-11   4.18270e-08 DIIS
   @RKS iter   9:   -76.39758055663907   -5.40012e-13   2.53536e-09 DIIS
   @RKS iter  10:   -76.39758055663901    5.68434e-14   1.22480e-11 DIIS
  Energy and wave function converged.


  ==> Post-Iterations <==

   Electrons on quadrature grid:
      Ntotal   =    9.9999999849 ; deviation = -1.514e-08 

    Orbital Energies [Eh]
    ---------------------

    Doubly Occupied:                                                      

       1A    -18.745124     2A     -0.928570     3A     -0.479665  
       4A     -0.337520     5A     -0.255767  

    Virtual:                                                              

       6A      0.004345     7A      0.077836     8A      0.258486  
       9A      0.277116    10A      0.321301    11A      0.331835  
      12A      0.332640    13A      0.421354    14A      0.421503  
      15A      0.473959    16A      0.518608    17A      0.724947  
      18A      0.750245    19A      1.889043    20A      1.916436  
      21A      2.011283    22A      2.031966    23A      2.058361  
      24A      2.319011    25A      2.442090    26A      2.456245  
      27A      2.593946    28A      3.227110    29A      3.485530  
      30A     42.924547  

    Final Occupation by Irrep:
              A 
    DOCC [     5 ]
    NA   [     5 ]
    NB   [     5 ]

  @RKS Final Energy:   -76.39758055663901

   => Energetics <=

    Nuclear Repulsion Energy =              9.0882937648456892
    One-Electron Energy =                -122.9103663734968848
    Two-Electron Energy =                  46.7009951657681484
    DFT Exchange-Correlation Energy =      -9.2702948106744216
    Empirical Dispersion Energy =          -0.0062083030815348
    VV10 Nonlocal Energy =                  0.0000000000000000
    Total Energy =                        -76.3975805566390136

Computation Completed


Properties will be evaluated at   0.000000,   0.000000,   0.000000 [a0]

Properties computed using the SCF density matrix


 Multipole Moments:

 ------------------------------------------------------------------------------------
     Multipole            Electronic (a.u.)      Nuclear  (a.u.)        Total (a.u.)
 ------------------------------------------------------------------------------------

 L = 1.  Multiply by 2.5417464519 to convert [e a0] to [Debye]
 Dipole X            :         49.7190050          -49.2759690            0.4430360
 Dipole Y            :          0.7442719           -1.0933887           -0.3491168
 Dipole Z            :         -6.0447305            5.5978824           -0.4468482
 Magnitude           :                                                    0.7196088

 ------------------------------------------------------------------------------------

*** tstop() called on s4124-0096 at Mon Jul 13 10:28:57 2026
Module time:
	user time   =      13.24 seconds =       0.22 minutes
	system time =       1.10 seconds =       0.02 minutes
	total time  =          1 seconds =       0.02 minutes
Total time:
	user time   =     510.52 seconds =       8.51 minutes
	system time =      41.00 seconds =       0.68 minutes
	total time  =         22 seconds =       0.37 minutes

Scratch directory: /tmp/alchemi-dimer-3085760/water_dimer_b97_3c/psi4_scratch/
   => Libint2 <=

    Primary   basis highest AM E, G, H:  7, 6, 3
    Auxiliary basis highest AM E, G, H:  7, 7, 4
    Onebody   basis highest AM E, G, H:  -, -, -
    Solid Harmonics ordering:            Gaussian

*** tstart() called on s4124-0096
*** at Mon Jul 13 10:28:57 2026

   => Loading Basis Set <=

    Name: DEF2-MTZVP
    Role: ORBITAL
    Keyword: BASIS
    atoms 1   entry O          line   161 file /home/scratch.nfedik_other/alchemi-ir-20260710/envs/alchemi-b973c-ir/share/psi4/basis/def2-mtzvp.gbs 
    atoms 2-3 entry H          line     9 file /home/scratch.nfedik_other/alchemi-ir-20260710/envs/alchemi-b973c-ir/share/psi4/basis/def2-mtzvp.gbs 

   => B973C: Empirical Dispersion <=

    Grimme's -D3 (BJ-damping) Dispersion Correction with ATM
    Grimme S.; Ehrlich S.; Goerigk L. (2011), J. Comput. Chem., 32: 1456

        s6 =       1.000000
        s8 =       1.500000
        a1 =       0.370000
        a2 =       4.100000
        s9 =       1.000000


         ---------------------------------------------------------
                                   SCF
               by Justin Turney, Rob Parrish, Andy Simmonett
                          and Daniel G. A. Smith
                              RKS Reference
                       32 Threads, 152587 MiB Core
         ---------------------------------------------------------

  ==> Geometry <==

    Molecular point group: c1
    Full point group: Cs

    Geometry (in Angstrom), charge = 0, multiplicity = 1:

       Center              X                  Y                   Z               Mass       
    ------------   -----------------  -----------------  -----------------  -----------------
         O            2.319003018267     0.000000000000     0.370283971169    15.994914619570
         H            2.915312018267     0.763239000000     0.370283971169     1.007825032230
         H            2.915312018267    -0.763239000000     0.370283971169     1.007825032230

  Running in c1 symmetry.

  Rotational constants: A =     14.17717  B =      0.15961  C =      0.15788 [cm^-1]
  Rotational constants: A = 425020.85002  B =   4784.98933  C =   4733.03766 [MHz]
  Nuclear repulsion =    9.088293764845691

  Charge       = 0
  Multiplicity = 1
  Electrons    = 10
  Nalpha       = 5
  Nbeta        = 5

  ==> Algorithm <==

  SCF Algorithm Type is PK.
  DIIS enabled.
  MOM disabled.
  Fractional occupation disabled.
  Guess Type is SAD.
  Energy threshold   = 1.00e-10
  Density threshold  = 1.00e-10
  Integral threshold = 1.00e-12

  ==> Primary Basis <==

  Basis Set: DEF2-MTZVP
    Blend: DEF2-MTZVP
    Number of shells: 16
    Number of basis functions: 30
    Number of Cartesian functions: 32
    Spherical Harmonics?: true
    Max angular momentum: 2

  ==> DFT Potential <==

   => LibXC <=

    Version 7.0.0
    S. Lehtola, C. Steigemann, M. J.T. Oliveira, and M. A.L. Marques.,  SoftwareX 7, 1–5 (2018) (10.1016/j.softx.2017.11.002)

   => Composite Functional: B973C <= 

    B97-3c GGA-based 3C composite method with a TZ basis set, D3 and short-range basis set correction.  (10.1063/1.5012601)
     J. G. Brandenburg, C.Bannwarth, A. Hansen, S. Grimme J. Chem. Phys. 148, 064104, 2018


    Deriv               =              1
    GGA                 =           TRUE
    Meta                =          FALSE

    Exchange Hybrid     =          FALSE
    MP2 Hybrid          =          FALSE

   => Exchange-Correlation Functionals <=

    1.0000   Becke 97-3c by Grimme et. al.

   => LibXC Density Thresholds  <==

    XC_GGA_XC_B97_3C:  1.00E-14 

   => Molecular Quadrature <=

    Radial Scheme          =       TREUTLER
    Pruning Scheme         =           NONE
    Nuclear Scheme         =       TREUTLER

    Blocking Scheme        =         OCTREE
    BS radius alpha        =              1
    Pruning alpha          =              1
    Radial Points          =             99
    Spherical Points       =            590
    Total Points           =         170344
    Total Blocks           =           1325
    Max Points             =            256
    Max Functions          =             30
    Weights Tolerance      =       1.00E-15

  ==> Integral Setup <==

  Using in-core PK algorithm.
   Calculation information:
      Number of atoms:                   3
      Number of AO shells:              16
      Number of primitives:             29
      Number of atomic orbitals:        32
      Number of basis functions:        30

      Integral cutoff                 1.00e-12
      Number of threads:                32

  Performing in-core PK
  Using 216690 doubles for integral storage.
  We computed 23902 shell quartets total.
  Whereas there are 9316 unique shell quartets.
   156.57 percent of shell quartets recomputed by reordering.

  ==> DiskJK: Disk-Based J/K Matrices <==

    J tasked:                  Yes
    K tasked:                   No
    wK tasked:                  No
    Memory [MiB]:           114295
    Schwarz Cutoff:          1E-12

    OpenMP threads:             32

  Cached 100.0% of DFT collocation blocks in 0.142 [GiB].

  Minimum eigenvalue in the overlap matrix is 8.8216274170E-03.
  Reciprocal condition number of the overlap matrix is 1.7767523151E-03.
    Using symmetric orthogonalization.

  ==> Pre-Iterations <==

  SCF Guess: Superposition of Atomic Densities via on-the-fly atomic UHF (no occupation information).

   -------------------------
    Irrep   Nso     Nmo    
   -------------------------
     A         30      30 
   -------------------------
    Total      30      30
   -------------------------

  ==> Iterations <==

                        Total Energy        Delta E     RMS |[F,P]|

   @RKS iter SAD:   -76.07876988718766   -7.60788e+01   0.00000e+00 
   @RKS iter   1:   -76.18700255365390   -1.08233e-01   2.60889e-02 DIIS
   @RKS iter   2:   -75.53311713983754    6.53885e-01   4.86452e-02 DIIS
   @RKS iter   3:   -76.39483469908774   -8.61718e-01   2.47244e-03 DIIS
   @RKS iter   4:   -76.39752215170925   -2.68745e-03   4.11841e-04 DIIS
   @RKS iter   5:   -76.39757863430887   -5.64826e-05   7.90565e-05 DIIS
   @RKS iter   6:   -76.39758055219299   -1.91788e-06   3.95107e-06 DIIS
   @RKS iter   7:   -76.39758055654066   -4.34767e-09   4.86619e-07 DIIS
   @RKS iter   8:   -76.39758055663864   -9.79838e-11   4.18270e-08 DIIS
   @RKS iter   9:   -76.39758055663924   -5.96856e-13   2.53536e-09 DIIS
   @RKS iter  10:   -76.39758055663924    0.00000e+00   1.22493e-11 DIIS
  Energy and wave function converged.


  ==> Post-Iterations <==

   Electrons on quadrature grid:
      Ntotal   =    9.9999999849 ; deviation = -1.514e-08 

    Orbital Energies [Eh]
    ---------------------

    Doubly Occupied:                                                      

       1A    -18.745124     2A     -0.928570     3A     -0.479665  
       4A     -0.337520     5A     -0.255767  

    Virtual:                                                              

       6A      0.004345     7A      0.077836     8A      0.258486  
       9A      0.277116    10A      0.321301    11A      0.331835  
      12A      0.332640    13A      0.421354    14A      0.421503  
      15A      0.473959    16A      0.518608    17A      0.724947  
      18A      0.750245    19A      1.889043    20A      1.916436  
      21A      2.011283    22A      2.031966    23A      2.058361  
      24A      2.319011    25A      2.442090    26A      2.456245  
      27A      2.593946    28A      3.227110    29A      3.485530  
      30A     42.924547  

    Final Occupation by Irrep:
              A 
    DOCC [     5 ]
    NA   [     5 ]
    NB   [     5 ]

  @RKS Final Energy:   -76.39758055663924

   => Energetics <=

    Nuclear Repulsion Energy =              9.0882937648456910
    One-Electron Energy =                -122.9103663734972116
    Two-Electron Energy =                  46.7009951657682478
    DFT Exchange-Correlation Energy =      -9.2702948106744323
    Empirical Dispersion Energy =          -0.0062083030815348
    VV10 Nonlocal Energy =                  0.0000000000000000
    Total Energy =                        -76.3975805566392410

Computation Completed


Properties will be evaluated at   0.000000,   0.000000,   0.000000 [a0]

Properties computed using the SCF density matrix


 Multipole Moments:

 ------------------------------------------------------------------------------------
     Multipole            Electronic (a.u.)      Nuclear  (a.u.)        Total (a.u.)
 ------------------------------------------------------------------------------------

 L = 1.  Multiply by 2.5417464519 to convert [e a0] to [Debye]
 Dipole X            :        -45.3569185           46.0765273            0.7196088
 Dipole Y            :          0.0000000            0.0000000            0.0000000
 Dipole Z            :         -6.9973529            6.9973529           -0.0000000
 Magnitude           :                                                    0.7196088

 ------------------------------------------------------------------------------------

*** tstop() called on s4124-0096 at Mon Jul 13 10:28:57 2026
Module time:
	user time   =      13.15 seconds =       0.22 minutes
	system time =       1.12 seconds =       0.02 minutes
	total time  =          0 seconds =       0.00 minutes
Total time:
	user time   =     524.79 seconds =       8.75 minutes
	system time =      42.25 seconds =       0.70 minutes
	total time  =         22 seconds =       0.37 minutes
