step,graph_idx,status,energy,fmax,temperature,pressure_eV_A3,volume_A3,density_g_cm3
0.0,0.0,0.0,-2098652.5,3.1272411346435547,97.32250213623047,0.0146695077419281,35528.2421875,1.198142647743225
100.0,0.0,0.0,-2098652.75,3.4099788665771484,99.02176666259766,0.013452005572617054,35531.28125,1.1980406045913696
200.0,0.0,0.0,-2098652.5,3.061185836791992,101.0212173461914,0.014364969916641712,35544.875,1.1975820064544678
300.0,0.0,0.0,-2098652.5,2.957456350326538,102.32592010498047,0.01360649336129427,35574.8125,1.196574330329895
400.0,0.0,0.0,-2098653.75,2.462360382080078,104.1325454711914,0.014518006704747677,35614.890625,1.195228099822998
500.0,0.0,0.0,-2098654.25,3.0013904571533203,102.26431274414062,0.013519417494535446,35648.36328125,1.1941057443618774
600.0,0.0,0.0,-2098655.75,2.681732654571533,100.01885223388672,0.015376800671219826,35674.3046875,1.193237543106079
700.0,0.0,0.0,-2098656.75,2.620830774307251,101.29814910888672,0.014214523136615753,35700.7265625,1.1923539638519287
800.0,0.0,0.0,-2098655.25,2.6335151195526123,98.49614715576172,0.014111348427832127,35732.453125,1.1912953853607178
900.0,0.0,0.0,-2098654.5,2.8193373680114746,98.18912506103516,0.012830994091928005,35767.5078125,1.190128207206726
1000.0,0.0,0.0,-2098654.5,3.209052801132202,98.32754516601562,0.01323870662599802,35798.18359375,1.1891083717346191
1100.0,0.0,0.0,-2098655.0,2.841552972793579,99.4360122680664,0.012009542435407639,35824.1328125,1.1882466077804565
1200.0,0.0,0.0,-2098655.75,2.805677652359009,100.50921630859375,0.0110702533274889,35850.73046875,1.1873652935028076
1300.0,0.0,0.0,-2098656.75,3.1615328788757324,99.43009185791016,0.012468949891626835,35882.1328125,1.186326265335083
1400.0,0.0,0.0,-2098657.5,2.753873109817505,97.69401550292969,0.013134478591382504,35916.609375,1.185187578201294
1500.0,0.0,0.0,-2098658.25,2.888831853866577,98.713623046875,0.012393847107887268,35944.703125,1.1842608451843262
1600.0,0.0,0.0,-2098659.0,2.982283592224121,100.67054748535156,0.014894656836986542,35966.08984375,1.1835570335388184
1700.0,0.0,0.0,-2098658.75,3.427824020385742,100.53759765625,0.01563115604221821,35989.55078125,1.1827856302261353
1800.0,0.0,0.0,-2098658.75,2.7015364170074463,101.03182983398438,0.015824103727936745,36022.59375,1.1817001104354858
1900.0,0.0,0.0,-2098658.0,3.381108283996582,99.9936294555664,0.012894248589873314,36062.6484375,1.1803877353668213
2000.0,0.0,0.0,-2098659.0,3.740265369415283,100.97299194335938,0.013099596835672855,36092.26171875,1.1794190406799316
2100.0,0.0,0.0,-2098661.25,2.943160057067871,100.58714294433594,0.012794389389455318,36114.03515625,1.1787080764770508
2200.0,0.0,0.0,-2098661.0,2.767392873764038,97.11713409423828,0.011179955676198006,36139.5390625,1.177876591682434
2300.0,0.0,0.0,-2098661.25,3.1109817028045654,95.97964477539062,0.010764685459434986,36173.48828125,1.1767710447311401
2400.0,0.0,0.0,-2098661.5,3.0922534465789795,97.50011444091797,0.012728541158139706,36210.55859375,1.1755664348602295
2500.0,0.0,0.0,-2098662.75,2.9360640048980713,101.23448181152344,0.012604198418557644,36243.5546875,1.174495816230774
2600.0,0.0,0.0,-2098662.5,3.0147995948791504,103.3031234741211,0.012912861071527004,36274.2890625,1.173500657081604
2700.0,0.0,0.0,-2098662.0,4.090127944946289,103.6822280883789,0.013435710221529007,36306.10546875,1.172472357749939
2800.0,0.0,0.0,-2098662.75,3.1467227935791016,101.82992553710938,0.014171259477734566,36339.3125,1.1714012622833252
2900.0,0.0,0.0,-2098662.5,3.49356746673584,97.75338745117188,0.0133738461881876,36372.14453125,1.1703435182571411
3000.0,0.0,0.0,-2098663.75,3.009831666946411,98.58621978759766,0.014102136716246605,36403.77734375,1.169326663017273
3100.0,0.0,0.0,-2098664.0,3.4482922554016113,99.01390075683594,0.014661522582173347,36435.17578125,1.168318748474121
3200.0,0.0,0.0,-2098664.25,3.2806296348571777,99.85343933105469,0.013621251098811626,36466.9296875,1.167301893234253
3300.0,0.0,0.0,-2098664.0,3.1644034385681152,98.94474792480469,0.012551343068480492,36499.3984375,1.1662631034851074
3400.0,0.0,0.0,-2098665.0,3.4507434368133545,102.54105377197266,0.012238318100571632,36532.01171875,1.1652218103408813
3500.0,0.0,0.0,-2098664.5,3.2655324935913086,99.58412170410156,0.010856651701033115,36565.1328125,1.1641664505004883
3600.0,0.0,0.0,-2098666.25,2.8007965087890625,98.62476348876953,0.009389150887727737,36599.3515625,1.1630780696868896
3700.0,0.0,0.0,-2098667.75,3.3518102169036865,97.06918334960938,0.012655473314225674,36633.390625,1.1619974374771118
3800.0,0.0,0.0,-2098668.0,3.1590685844421387,97.83589172363281,0.012663967907428741,36665.51953125,1.1609796285629272
3900.0,0.0,0.0,-2098667.5,3.761406898498535,97.4596176147461,0.013763904571533203,36695.80859375,1.1600209474563599
4000.0,0.0,0.0,-2098667.5,3.858522891998291,99.71549987792969,0.013327332213521004,36725.8359375,1.159072756767273
4100.0,0.0,0.0,-2098668.5,3.868236541748047,102.04496002197266,0.014145259745419025,36756.5234375,1.1581053733825684
4200.0,0.0,0.0,-2098668.25,3.1069350242614746,101.35595703125,0.012437831610441208,36787.3515625,1.1571345329284668
4300.0,0.0,0.0,-2098669.5,2.7994344234466553,103.27970886230469,0.011860823258757591,36816.09375,1.1562309265136719
4400.0,0.0,0.0,-2098668.5,3.0613622665405273,98.94660186767578,0.011798964813351631,36841.890625,1.1554216146469116
4500.0,0.0,0.0,-2098670.0,3.376518487930298,100.59957122802734,0.011385103687644005,36867.51171875,1.154618740081787
4600.0,0.0,0.0,-2098668.75,3.337388277053833,97.71751403808594,0.009752705693244934,36897.5,1.1536803245544434
4700.0,0.0,0.0,-2098670.0,3.5692410469055176,100.294189453125,0.011389924213290215,36934.13671875,1.1525359153747559
4800.0,0.0,0.0,-2098671.25,3.7438509464263916,102.0372085571289,0.011387198232114315,36969.05078125,1.1514474153518677
4900.0,0.0,0.0,-2098670.75,3.038813591003418,99.32337188720703,0.01179584302008152,36995.80078125,1.150614857673645
5000.0,0.0,0.0,-2098672.25,3.1039528846740723,100.53831481933594,0.01242218166589737,37020.6484375,1.149842619895935
5100.0,0.0,0.0,-2098672.25,3.334292411804199,99.8938217163086,0.014764411374926567,37050.71484375,1.1489094495773315
5200.0,0.0,0.0,-2098673.0,2.9261929988861084,102.34320068359375,0.014204203151166439,37088.3515625,1.147743582725525
5300.0,0.0,0.0,-2098671.75,4.2902445793151855,99.39205932617188,0.01377999596297741,37123.0078125,1.1466721296310425
5400.0,0.0,0.0,-2098672.5,3.544613838195801,100.19354248046875,0.013499818742275238,37146.6640625,1.1459417343139648
5500.0,0.0,0.0,-2098674.5,3.0604043006896973,100.0541763305664,0.013142972253262997,37168.46875,1.1452692747116089
5600.0,0.0,0.0,-2098675.5,3.6477861404418945,97.32572937011719,0.008601089008152485,37197.57421875,1.1443735361099243
5700.0,0.0,0.0,-2098676.0,3.7062108516693115,99.23637390136719,0.011186760850250721,37237.078125,1.1431591510772705
5800.0,0.0,0.0,-2098673.5,3.845719814300537,97.17557525634766,0.01084986887872219,37274.12890625,1.1420230865478516
5900.0,0.0,0.0,-2098673.25,3.6793618202209473,100.34257507324219,0.009909958578646183,37301.02734375,1.1411993503570557
6000.0,0.0,0.0,-2098674.75,4.270476341247559,104.25233459472656,0.009661806747317314,37326.765625,1.14041268825531
6100.0,0.0,0.0,-2098674.5,3.184964895248413,100.63921356201172,0.013821740634739399,37358.19921875,1.139453411102295
6200.0,0.0,0.0,-2098676.75,4.462553977966309,102.29106903076172,0.01311913225799799,37394.3359375,1.138351559638977
6300.0,0.0,0.0,-2098677.25,3.826577663421631,100.56188201904297,0.013119927607476711,37429.28515625,1.1372888088226318
6400.0,0.0,0.0,-2098676.75,3.902275800704956,98.80582427978516,0.014427002519369125,37460.12890625,1.1363524198532104
6500.0,0.0,0.0,-2098676.25,3.8179829120635986,100.05978393554688,0.014775415882468224,37489.34375,1.1354666948318481
6600.0,0.0,0.0,-2098677.25,3.2211668491363525,101.73506927490234,0.010706000030040741,37520.21875,1.1345324516296387
6700.0,0.0,0.0,-2098678.5,3.152369737625122,103.92813110351562,0.0097114322707057,37553.2421875,1.1335349082946777
6800.0,0.0,0.0,-2098678.0,5.013604164123535,99.08588409423828,0.010184320621192455,37585.0390625,1.1325756311416626
6900.0,0.0,0.0,-2098678.5,3.5097734928131104,98.15592193603516,0.008149106055498123,37612.04296875,1.131762981414795
7000.0,0.0,0.0,-2098678.75,3.1208081245422363,98.48597717285156,0.008290429599583149,37636.22265625,1.1310359239578247
7100.0,0.0,0.0,-2098678.75,3.5409178733825684,99.80335235595703,0.011013752780854702,37663.55078125,1.1302152872085571
7200.0,0.0,0.0,-2098680.5,3.105360507965088,104.21749877929688,0.011597604490816593,37700.265625,1.1291142702102661
7300.0,0.0,0.0,-2098679.75,3.5840041637420654,101.77507781982422,0.01074621919542551,37740.8671875,1.1278996467590332
7400.0,0.0,0.0,-2098679.75,3.464449405670166,99.35481262207031,0.015706093981862068,37769.9140625,1.1270323991775513
7500.0,0.0,0.0,-2098681.25,5.349514484405518,100.79861450195312,0.015154258348047733,37793.48828125,1.1263290643692017
7600.0,0.0,0.0,-2098679.75,4.2409586906433105,96.96530151367188,0.01381752174347639,37821.56640625,1.1254932880401611
7700.0,0.0,0.0,-2098681.75,3.9707183837890625,102.26776885986328,0.01287597231566906,37858.94140625,1.1243817806243896
7800.0,0.0,0.0,-2098680.75,3.4490597248077393,100.26549530029297,0.014347714371979237,37897.44140625,1.1232398748397827
7900.0,0.0,0.0,-2098681.0,3.870455741882324,99.60052490234375,0.008556145243346691,37925.71875,1.1224024295806885
8000.0,0.0,0.0,-2098682.75,3.650820732116699,102.6693344116211,0.008337926119565964,37948.59765625,1.1217256784439087
8100.0,0.0,0.0,-2098681.0,3.362015724182129,95.99299621582031,0.009176756255328655,37975.59375,1.1209285259246826
8200.0,0.0,0.0,-2098682.75,3.540910243988037,97.87934875488281,0.00914897583425045,38012.49609375,1.119840145111084
8300.0,0.0,0.0,-2098683.0,3.221745491027832,97.69969940185547,0.007087794132530689,38052.19140625,1.1186716556549072
8400.0,0.0,0.0,-2098685.25,3.7287018299102783,102.80184173583984,0.011682054959237576,38082.34375,1.117786169052124
8500.0,0.0,0.0,-2098685.5,3.6275875568389893,105.07901763916016,0.014219243079423904,38104.8984375,1.1171244382858276
8600.0,0.0,0.0,-2098683.5,3.2050516605377197,100.00182342529297,0.01324794813990593,38125.82421875,1.116511344909668
8700.0,0.0,0.0,-2098684.75,3.6268327236175537,100.40101623535156,0.013923733495175838,38146.21484375,1.1159143447875977
8800.0,0.0,0.0,-2098682.5,3.6678965091705322,96.32894134521484,0.016644906252622604,38170.78515625,1.1151963472366333
8900.0,0.0,0.0,-2098687.25,3.4051566123962402,103.4450454711914,0.011872334405779839,38208.14453125,1.1141055822372437
9000.0,0.0,0.0,-2098686.75,2.895110845565796,101.54608917236328,0.008810823783278465,38251.390625,1.1128463745117188
9100.0,0.0,0.0,-2098684.5,4.260731220245361,96.5467529296875,0.01082486193627119,38283.546875,1.1119111776351929
9200.0,0.0,0.0,-2098687.25,3.7837395668029785,101.97500610351562,0.008281226269900799,38309.83203125,1.111148715019226
9300.0,0.0,0.0,-2098685.5,3.5406031608581543,95.86835479736328,0.00546194426715374,38338.703125,1.1103116273880005
9400.0,0.0,0.0,-2098687.25,3.4126040935516357,100.57376098632812,0.00979477446526289,38374.61328125,1.109272837638855
9500.0,0.0,0.0,-2098687.5,4.089154243469238,100.15874481201172,0.010771854780614376,38412.828125,1.1081693172454834
9600.0,0.0,0.0,-2098685.75,4.248485565185547,99.03631591796875,0.00895178597420454,38444.046875,1.1072694063186646
9700.0,0.0,0.0,-2098690.75,4.323199272155762,105.32521057128906,0.011189000681042671,38470.16796875,1.1065170764923096
9800.0,0.0,0.0,-2098689.0,3.9490842819213867,96.00059509277344,0.015794213861227036,38498.54296875,1.1057016849517822
9900.0,0.0,0.0,-2098690.0,3.794299364089966,97.68572235107422,0.01341276615858078,38534.96484375,1.1046570539474487
10000.0,0.0,0.0,-2098690.0,4.108285427093506,98.2872085571289,0.012714061886072159,38574.96875,1.1035114526748657
10100.0,0.0,0.0,-2098688.5,3.4615237712860107,98.4751968383789,0.013263579457998276,38603.24609375,1.1027027368545532
10200.0,0.0,0.0,-2098690.0,3.8667943477630615,104.86360168457031,0.012841089628636837,38624.71875,1.1020900011062622
10300.0,0.0,0.0,-2098688.25,3.2405238151550293,98.85179901123047,0.007243033032864332,38650.84765625,1.1013447046279907
10400.0,0.0,0.0,-2098690.75,3.945056200027466,100.38555145263672,0.008236697874963284,38688.49609375,1.1002730131149292
10500.0,0.0,0.0,-2098690.5,4.044812202453613,98.0461196899414,0.008523601107299328,38730.41796875,1.0990818738937378
10600.0,0.0,0.0,-2098691.25,3.2693724632263184,97.8333511352539,0.00708402507007122,38762.01953125,1.0981863737106323
10700.0,0.0,0.0,-2098692.0,3.8710243701934814,99.19373321533203,0.007947252131998539,38788.24609375,1.0974433422088623
10800.0,0.0,0.0,-2098691.5,4.230271816253662,98.35227966308594,0.011229652911424637,38818.47265625,1.0965888500213623
10900.0,0.0,0.0,-2098693.5,5.121009826660156,105.1544418334961,0.012411032803356647,38854.9453125,1.0955595970153809
11000.0,0.0,0.0,-2098692.0,3.5622799396514893,100.95343780517578,0.012479348108172417,38892.69921875,1.094496250152588
11100.0,0.0,0.0,-2098692.75,3.528329372406006,101.42754364013672,0.014524578116834164,38927.3359375,1.093522548675537
11200.0,0.0,0.0,-2098693.25,4.365373134613037,100.51351928710938,0.01399201899766922,38959.4375,1.0926213264465332
11300.0,0.0,0.0,-2098692.75,3.5272154808044434,97.23128509521484,0.010163648054003716,38991.78515625,1.0917147397994995
11400.0,0.0,0.0,-2098695.0,3.4206013679504395,99.3235092163086,0.010053086094558239,39025.26171875,1.0907784700393677
11500.0,0.0,0.0,-2098694.75,3.8207507133483887,96.2402114868164,0.010097265243530273,39058.703125,1.0898443460464478
11600.0,0.0,0.0,-2098695.25,3.9283528327941895,98.86263275146484,0.008312443271279335,39088.16015625,1.0890233516693115
11700.0,0.0,0.0,-2098695.25,4.22548246383667,99.92559814453125,0.007753496989607811,39112.10546875,1.0883562564849854
11800.0,0.0,0.0,-2098695.0,3.289491891860962,100.24240112304688,0.00915468018501997,39135.65234375,1.0877013206481934
11900.0,0.0,0.0,-2098695.25,4.399400234222412,101.42676544189453,0.010851869359612465,39167.25,1.0868242979049683
12000.0,0.0,0.0,-2098695.75,5.350294589996338,101.49027252197266,0.010026877745985985,39212.40234375,1.0855728387832642
12100.0,0.0,0.0,-2098696.25,4.530087471008301,101.64309692382812,0.011938214302062988,39251.421875,1.084493637084961
12200.0,0.0,0.0,-2098697.5,5.235360145568848,102.51516723632812,0.012318173423409462,39277.3359375,1.0837781429290771
12300.0,0.0,0.0,-2098697.5,4.075528144836426,100.3870620727539,0.011733513325452805,39303.70703125,1.0830508470535278
12400.0,0.0,0.0,-2098698.75,4.627410888671875,102.25298309326172,0.010534500703215599,39338.05078125,1.0821055173873901
12500.0,0.0,0.0,-2098699.0,4.1873016357421875,103.7390365600586,0.011031328700482845,39378.390625,1.0809966325759888
12600.0,0.0,0.0,-2098698.5,4.7249298095703125,100.80469512939453,0.009805222973227501,39414.2734375,1.0800127983093262
12700.0,0.0,0.0,-2098700.0,4.2297492027282715,103.68292236328125,0.008252806030213833,39443.99609375,1.0791984796524048
12800.0,0.0,0.0,-2098700.0,3.7686450481414795,102.57081604003906,0.009741130284965038,39473.890625,1.0783816576004028
12900.0,0.0,0.0,-2098699.25,4.168119430541992,100.65426635742188,0.007812775671482086,39508.59765625,1.0774343013763428
13000.0,0.0,0.0,-2098700.0,4.737383842468262,102.4234619140625,0.009672695770859718,39546.4375,1.076403021812439
13100.0,0.0,0.0,-2098699.5,4.014617919921875,100.98748779296875,0.008665981702506542,39579.7421875,1.0754972696304321
13200.0,0.0,0.0,-2098700.0,4.574481964111328,100.50726318359375,0.01290444191545248,39600.16015625,1.0749430656433105
13300.0,0.0,0.0,-2098700.25,3.4350497722625732,99.96331024169922,0.010965712368488312,39613.9609375,1.0745683908462524
13400.0,0.0,0.0,-2098699.25,3.6741466522216797,97.9298324584961,0.012966061942279339,39633.11328125,1.0740488767623901
13500.0,0.0,0.0,-2098700.0,3.8646364212036133,98.28988647460938,0.011159379035234451,39665.81640625,1.0731635093688965
13600.0,0.0,0.0,-2098700.0,4.703171730041504,98.80168914794922,0.010906997136771679,39709.2109375,1.0719910860061646
13700.0,0.0,0.0,-2098700.0,3.6038753986358643,97.0409927368164,0.006863917224109173,39747.34765625,1.0709625482559204
13800.0,0.0,0.0,-2098701.5,6.396827220916748,99.6346664428711,0.010956995189189911,39778.12109375,1.0701340436935425
13900.0,0.0,0.0,-2098700.5,3.36598539352417,95.691650390625,0.006604479625821114,39808.87890625,1.0693073272705078
14000.0,0.0,0.0,-2098701.25,3.9719316959381104,94.87823486328125,0.011188996024429798,39843.82421875,1.0683692693710327
14100.0,0.0,0.0,-2098701.5,5.265336990356445,94.78462982177734,0.008670245297253132,39881.515625,1.067359209060669
14200.0,0.0,0.0,-2098701.75,4.80427360534668,96.02352142333984,0.011386699043214321,39914.58984375,1.0664749145507812
14300.0,0.0,0.0,-2098702.0,3.971574068069458,98.20020294189453,0.008120237849652767,39939.26171875,1.065816044807434
14400.0,0.0,0.0,-2098703.0,4.561249732971191,100.67449188232422,0.012068233452737331,39960.28515625,1.0652552843093872
14500.0,0.0,0.0,-2098703.5,4.649652004241943,99.57575988769531,0.009099583141505718,39986.60546875,1.0645544528961182
14600.0,0.0,0.0,-2098704.75,3.684196710586548,99.07140350341797,0.011176040396094322,40032.7109375,1.063328504562378
14700.0,0.0,0.0,-2098703.75,4.792297840118408,97.2982406616211,0.009075307287275791,40082.734375,1.06200110912323
14800.0,0.0,0.0,-2098706.25,4.839442253112793,100.71232604980469,0.01154077798128128,40112.0234375,1.0612258911132812
14900.0,0.0,0.0,-2098706.0,5.542726039886475,99.96101379394531,0.008341336622834206,40139.734375,1.0604932308197021
15000.0,0.0,0.0,-2098708.25,5.244478702545166,102.48741912841797,0.009820365346968174,40174.38671875,1.059578537940979
15100.0,0.0,0.0,-2098707.0,4.668698310852051,98.8650894165039,0.00772100081667304,40214.99609375,1.0585085153579712
15200.0,0.0,0.0,-2098707.25,3.8630216121673584,101.1873550415039,0.010425598360598087,40251.4765625,1.057549238204956
15300.0,0.0,0.0,-2098708.0,3.5608232021331787,102.40083312988281,0.008214764297008514,40281.07421875,1.0567721128463745
15400.0,0.0,0.0,-2098708.75,4.394115924835205,103.93763732910156,0.010059543885290623,40309.76953125,1.056019902229309
15500.0,0.0,0.0,-2098709.5,4.296080589294434,102.61509704589844,0.009472167119383812,40343.76171875,1.0551302433013916
15600.0,0.0,0.0,-2098709.25,4.581109523773193,99.70037841796875,0.009167131036520004,40384.6953125,1.0540602207183838
15700.0,0.0,0.0,-2098709.75,3.877540111541748,101.72337341308594,0.008991308510303497,40420.94921875,1.0531152486801147
15800.0,0.0,0.0,-2098709.25,4.069769382476807,100.44782257080078,0.009725317358970642,40445.75390625,1.05246901512146
15900.0,0.0,0.0,-2098708.75,3.829836845397949,101.29238891601562,0.00946901086717844,40469.5234375,1.0518507957458496
16000.0,0.0,0.0,-2098710.5,4.1421661376953125,103.33191680908203,0.008261216804385185,40502.3046875,1.0509998798370361
16100.0,0.0,0.0,-2098711.25,4.282564163208008,102.44784545898438,0.01105345506221056,40547.25,1.0498348474502563
16200.0,0.0,0.0,-2098711.25,3.6769659519195557,97.48213195800781,0.008144451305270195,40586.765625,1.0488125085830688
16300.0,0.0,0.0,-2098710.5,5.2067413330078125,98.7202377319336,0.011623473837971687,40614.30078125,1.048101544380188
16400.0,0.0,0.0,-2098708.25,5.428260803222656,95.57161712646484,0.009992111474275589,40641.671875,1.0473955869674683
16500.0,0.0,0.0,-2098710.5,3.6272072792053223,102.84813690185547,0.01095833070576191,40676.41796875,1.0465011596679688
16600.0,0.0,0.0,-2098710.0,4.664174556732178,101.60693359375,0.007283831015229225,40716.8515625,1.0454617738723755
16700.0,0.0,0.0,-2098712.0,4.1490278244018555,105.73442077636719,0.010514196008443832,40755.41015625,1.044472575187683
16800.0,0.0,0.0,-2098710.0,3.9190516471862793,98.23387145996094,0.007574187591671944,40790.42578125,1.0435762405395508
16900.0,0.0,0.0,-2098710.75,4.988210678100586,95.83686828613281,0.008749422617256641,40824.59765625,1.0427026748657227
17000.0,0.0,0.0,-2098711.75,4.019630432128906,96.8046875,0.006657011806964874,40860.3125,1.0417914390563965
17100.0,0.0,0.0,-2098711.5,4.694709300994873,96.1446533203125,0.011770661920309067,40896.8203125,1.0408611297607422
17200.0,0.0,0.0,-2098714.5,4.387608051300049,101.9306411743164,0.008766451850533485,40931.97265625,1.0399671792984009
17300.0,0.0,0.0,-2098714.5,4.2252912521362305,102.89920043945312,0.010044392198324203,40963.83203125,1.0391583442687988
17400.0,0.0,0.0,-2098713.5,5.544933319091797,101.22152709960938,0.009663545526564121,40990.9765625,1.0384705066680908
17500.0,0.0,0.0,-2098713.5,5.623019695281982,101.953125,0.010084272362291813,41013.57421875,1.0378979444503784
17600.0,0.0,0.0,-2098713.25,4.177104949951172,100.68856811523438,0.00757695734500885,41037.4609375,1.0372939109802246
17700.0,0.0,0.0,-2098715.75,5.100589752197266,101.31795501708984,0.009083668701350689,41072.8125,1.0364009141921997
17800.0,0.0,0.0,-2098716.0,4.407862663269043,99.10179138183594,0.00820731557905674,41122.25390625,1.035154938697815
17900.0,0.0,0.0,-2098716.0,3.6827285289764404,99.5080337524414,0.006830153055489063,41160.98046875,1.034180998802185
18000.0,0.0,0.0,-2098715.75,4.913449764251709,98.9527587890625,0.009478419087827206,41188.90625,1.0334800481796265
18100.0,0.0,0.0,-2098716.0,4.024199485778809,100.65843200683594,0.009182320907711983,41219.08984375,1.0327229499816895
18200.0,0.0,0.0,-2098716.25,4.734915733337402,101.63924407958984,0.01100800558924675,41256.921875,1.0317764282226562
18300.0,0.0,0.0,-2098714.75,4.533905982971191,100.89574432373047,0.008781949058175087,41298.02734375,1.0307490825653076
18400.0,0.0,0.0,-2098717.25,3.902564525604248,104.91018676757812,0.011055490002036095,41333.09375,1.0298746824264526
18500.0,0.0,0.0,-2098717.5,4.642338752746582,98.04786682128906,0.009139984846115112,41362.3515625,1.0291460752487183
18600.0,0.0,0.0,-2098718.5,3.9358630180358887,97.52910614013672,0.009014497511088848,41391.9140625,1.0284111499786377
18700.0,0.0,0.0,-2098718.5,4.811234951019287,96.7760009765625,0.007979041896760464,41429.60546875,1.0274754762649536
18800.0,0.0,0.0,-2098719.25,5.353626728057861,101.69599914550781,0.008814484812319279,41480.3515625,1.0262187719345093
18900.0,0.0,0.0,-2098719.5,4.197068691253662,104.84688568115234,0.007083571050316095,41519.25390625,1.0252571105957031
19000.0,0.0,0.0,-2098718.0,4.591981410980225,102.13030242919922,0.009083383716642857,41545.62109375,1.0246065855026245
19100.0,0.0,0.0,-2098716.5,4.27451229095459,98.55180358886719,0.0077196694910526276,41573.5703125,1.0239177942276
19200.0,0.0,0.0,-2098717.5,4.104593276977539,98.44068908691406,0.008478485979139805,41611.109375,1.022994041442871
19300.0,0.0,0.0,-2098720.0,5.013254642486572,101.12019348144531,0.008215565234422684,41655.72265625,1.0218982696533203
19400.0,0.0,0.0,-2098721.25,4.856534481048584,102.11751556396484,0.00928092747926712,41692.296875,1.0210016965866089
19500.0,0.0,0.0,-2098720.75,5.511032581329346,101.39582824707031,0.010111401788890362,41720.59375,1.0203090906143188
19600.0,0.0,0.0,-2098719.75,4.717153549194336,98.14946746826172,0.00899357907474041,41749.98046875,1.0195914506912231
19700.0,0.0,0.0,-2098720.25,4.515824794769287,99.80500030517578,0.010441324673593044,41787.42578125,1.0186773538589478
19800.0,0.0,0.0,-2098722.5,4.531033039093018,102.10455322265625,0.009099266491830349,41831.34765625,1.0176080465316772
19900.0,0.0,0.0,-2098722.75,4.56500244140625,100.75154876708984,0.008629127405583858,41864.8125,1.016794204711914
20000.0,0.0,0.0,-2098722.75,4.583065986633301,100.21451568603516,0.007421991787850857,41886.015625,1.016279935836792
20100.0,0.0,0.0,-2098722.25,4.5695929527282715,99.44061279296875,0.008013343438506126,41908.6640625,1.015730381011963
20200.0,0.0,0.0,-2098722.5,4.229684352874756,97.29113006591797,0.007106023374944925,41943.24609375,1.0148930549621582
20300.0,0.0,0.0,-2098723.0,4.317418098449707,96.7532958984375,0.006685182452201843,41989.3203125,1.013779640197754
20400.0,0.0,0.0,-2098724.25,4.513622760772705,98.6375503540039,0.007841339334845543,42030.4453125,1.0127872228622437
20500.0,0.0,0.0,-2098725.0,4.2123565673828125,100.42002868652344,0.006727471482008696,42065.19921875,1.0119506120681763
20600.0,0.0,0.0,-2098723.5,5.065826892852783,101.64800262451172,0.007776306476444006,42100.421875,1.0111043453216553
20700.0,0.0,0.0,-2098722.0,4.350873947143555,100.87216186523438,0.009850441478192806,42138.25390625,1.0101960897445679
20800.0,0.0,0.0,-2098722.75,5.263394832611084,100.31314086914062,0.009626883082091808,42176.65234375,1.0092768669128418
20900.0,0.0,0.0,-2098724.5,4.556266784667969,102.87671661376953,0.009708386845886707,42212.32421875,1.008423924446106
21000.0,0.0,0.0,-2098725.75,3.8580470085144043,100.8114013671875,0.010803631506860256,42245.51171875,1.007631778717041
21100.0,0.0,0.0,-2098727.5,5.377554893493652,102.79478454589844,0.007397815585136414,42278.38671875,1.006847858428955
21200.0,0.0,0.0,-2098724.5,4.39725923538208,95.12076568603516,0.007078754249960184,42312.796875,1.0060292482376099
21300.0,0.0,0.0,-2098725.75,4.585397720336914,98.09506225585938,0.006119899917393923,42348.72265625,1.0051759481430054
21400.0,0.0,0.0,-2098724.5,4.337832927703857,97.05693054199219,0.008982610888779163,42384.390625,1.004330039024353
21500.0,0.0,0.0,-2098726.5,4.776346206665039,103.578369140625,0.00601575942710042,42419.15234375,1.003507137298584
21600.0,0.0,0.0,-2098725.75,3.8154287338256836,102.02287292480469,0.007081931922584772,42453.5,1.002695083618164
21700.0,0.0,0.0,-2098728.0,4.114737510681152,101.25759887695312,0.007818094454705715,42488.74609375,1.00186288356781
21800.0,0.0,0.0,-2098728.75,3.9653303623199463,98.66380310058594,0.008135376498103142,42525.26953125,1.0010029077529907
21900.0,0.0,0.0,-2098727.25,4.647855758666992,96.20634460449219,0.008684835396707058,42561.78125,1.0001442432403564
22000.0,0.0,0.0,-2098730.0,3.954087257385254,101.98185729980469,0.009595511481165886,42596.40625,0.9993312954902649
22100.0,0.0,0.0,-2098727.5,6.041269302368164,98.67020416259766,0.009416744112968445,42629.08203125,0.9985648393630981
22200.0,0.0,0.0,-2098730.25,4.416097640991211,104.34723663330078,0.0071651325561106205,42662.1953125,0.9977902173995972
22300.0,0.0,0.0,-2098728.5,4.227091312408447,100.80982208251953,0.0070218276232481,42698.27734375,0.9969467520713806
22400.0,0.0,0.0,-2098728.75,4.952001094818115,100.23776245117188,0.0070480480790138245,42737.46484375,0.9960328340530396
22500.0,0.0,0.0,-2098729.75,3.899233102798462,98.82418823242188,0.007918444462120533,42774.44921875,0.9951713681221008
22600.0,0.0,0.0,-2098731.0,4.477337837219238,97.45127868652344,0.00639621214941144,42805.9921875,0.994438111782074
22700.0,0.0,0.0,-2098731.5,3.8290445804595947,97.03311157226562,0.008646516129374504,42836.05859375,0.9937400221824646
22800.0,0.0,0.0,-2098731.5,4.498678684234619,98.6744613647461,0.00773188890889287,42871.5078125,0.9929186105728149
22900.0,0.0,0.0,-2098729.25,4.579038619995117,97.03485107421875,0.007191317621618509,42915.40234375,0.9919026494026184
23000.0,0.0,0.0,-2098731.0,3.874953269958496,101.80242156982422,0.006492030806839466,42956.26171875,0.9909591674804688
23100.0,0.0,0.0,-2098730.0,5.556564807891846,102.29505920410156,0.008200247772037983,42985.29296875,0.9902899861335754
23200.0,0.0,0.0,-2098732.25,4.934113502502441,104.95226287841797,0.006078521721065044,43011.33203125,0.9896906614303589
23300.0,0.0,0.0,-2098730.5,5.904167652130127,99.21344757080078,0.00696669053286314,43044.54296875,0.9889268279075623
23400.0,0.0,0.0,-2098733.0,3.9053726196289062,101.4288101196289,0.006885994225740433,43091.3046875,0.98785400390625
23500.0,0.0,0.0,-2098732.25,4.732911586761475,98.57746887207031,0.007823648862540722,43135.5,0.9868418574333191
23600.0,0.0,0.0,-2098733.75,4.92009973526001,101.99346923828125,0.007447043899446726,43162.34765625,0.9862280488014221
23700.0,0.0,0.0,-2098732.25,5.635542869567871,97.93556213378906,0.006525907665491104,43185.67578125,0.9856952428817749
23800.0,0.0,0.0,-2098734.5,5.559688568115234,103.00579071044922,0.009205052629113197,43216.71484375,0.9849873781204224
23900.0,0.0,0.0,-2098733.5,5.227302551269531,99.10193634033203,0.007998215965926647,43258.265625,0.9840412735939026
24000.0,0.0,0.0,-2098733.5,4.806640625,98.52242279052734,0.008089280687272549,43301.359375,0.9830619096755981
24100.0,0.0,0.0,-2098735.0,5.480047225952148,102.13258361816406,0.006944372784346342,43338.67578125,0.9822151064872742
24200.0,0.0,0.0,-2098735.5,4.65823221206665,100.00679779052734,0.006524338852614164,43372.6484375,0.9814459681510925
24300.0,0.0,0.0,-2098735.75,4.46577787399292,99.42231750488281,0.006362170912325382,43408.12109375,0.9806438088417053
24400.0,0.0,0.0,-2098735.0,5.008523464202881,98.03673553466797,0.0061206333339214325,43447.3046875,0.9797596335411072
24500.0,0.0,0.0,-2098734.75,5.37758731842041,97.95891571044922,0.003975688014179468,43486.39453125,0.9788787364959717
24600.0,0.0,0.0,-2098735.25,4.304327011108398,100.98755645751953,0.006468360777944326,43516.734375,0.9781961441040039
24700.0,0.0,0.0,-2098739.25,4.4374213218688965,112.4543228149414,0.006840363144874573,43538.80859375,0.9777002930641174
24800.0,0.0,0.0,-2098735.0,5.648183345794678,99.41131591796875,0.007346312515437603,43562.453125,0.9771700501441956
24900.0,0.0,0.0,-2098736.0,5.454620361328125,97.85746002197266,0.010202329605817795,43600.36328125,0.9763202667236328
25000.0,0.0,0.0,-2098736.5,7.001068592071533,94.82598876953125,0.007933361455798149,43653.9921875,0.9751208424568176
25100.0,0.0,0.0,-2098737.25,4.227263450622559,99.10126495361328,0.00738911097869277,43695.109375,0.9742031097412109
25200.0,0.0,0.0,-2098737.25,4.980037212371826,100.70064544677734,0.0055180205963552,43726.6171875,0.9735012650489807
25300.0,0.0,0.0,-2098738.0,5.181853294372559,101.44183349609375,0.006852755788713694,43760.7109375,0.9727429151535034
25400.0,0.0,0.0,-2098736.75,5.067050457000732,99.50425720214844,0.004264539573341608,43800.875,0.9718507528305054
25500.0,0.0,0.0,-2098738.5,3.9325389862060547,104.18572998046875,0.005669392179697752,43842.42578125,0.9709295630455017
25600.0,0.0,0.0,-2098739.0,5.9105682373046875,104.79037475585938,0.006167205516248941,43879.3515625,0.9701125621795654
25700.0,0.0,0.0,-2098740.0,4.661529541015625,103.91252899169922,0.007604886777698994,43911.78515625,0.9693962335586548
25800.0,0.0,0.0,-2098738.0,6.117588996887207,96.07401275634766,0.00717110326513648,43944.31640625,0.9686782956123352
25900.0,0.0,0.0,-2098739.5,3.932797431945801,96.2035140991211,0.0063794879242777824,43983.390625,0.9678178429603577
26000.0,0.0,0.0,-2098740.25,5.146629810333252,99.67994689941406,0.008591328747570515,44032.16796875,0.9667456150054932
26100.0,0.0,0.0,-2098739.0,5.192882537841797,98.51026916503906,0.006645559333264828,44073.22265625,0.965844988822937
26200.0,0.0,0.0,-2098738.75,3.829210042953491,101.18171691894531,0.0054566944018006325,44101.9375,0.965216338634491
26300.0,0.0,0.0,-2098740.0,4.419902324676514,102.0572738647461,0.006543109659105539,44129.9140625,0.9646046161651611
26400.0,0.0,0.0,-2098740.5,4.523947238922119,101.34080505371094,0.006449842359870672,44167.24609375,0.963789165019989
26500.0,0.0,0.0,-2098742.25,5.1937479972839355,103.21981811523438,0.005875925067812204,44215.69140625,0.9627330303192139
26600.0,0.0,0.0,-2098741.0,3.8777453899383545,97.58963775634766,0.005275387316942215,44257.25390625,0.961828887462616
26700.0,0.0,0.0,-2098741.5,5.344882965087891,97.82381439208984,0.006048684939742088,44286.3671875,0.9611968994140625
26800.0,0.0,0.0,-2098741.0,4.201246738433838,98.28205108642578,0.005240848287940025,44314.171875,0.9605937004089355
26900.0,0.0,0.0,-2098741.5,6.517395496368408,99.51305389404297,0.005640894174575806,44350.671875,0.9598031640052795
27000.0,0.0,0.0,-2098742.5,4.5017170906066895,102.42021179199219,0.004861944820731878,44398.171875,0.9587763547897339
27100.0,0.0,0.0,-2098740.75,6.586916446685791,100.70904541015625,0.007728738244622946,44439.90234375,0.9578757882118225
27200.0,0.0,0.0,-2098741.5,4.949826717376709,99.95951080322266,0.005431849975138903,44464.1015625,0.957354724407196
27300.0,0.0,0.0,-2098744.25,4.671565055847168,103.38099670410156,0.0067045604810118675,44481.14453125,0.9569876790046692
27400.0,0.0,0.0,-2098744.5,3.740196943283081,101.93450927734375,0.0068764109164476395,44503.1953125,0.9565137624740601
27500.0,0.0,0.0,-2098743.5,4.4754838943481445,100.2385482788086,0.004206255543977022,44536.3671875,0.9558011293411255
27600.0,0.0,0.0,-2098742.0,5.302114009857178,97.63361358642578,0.005404099356383085,44578.83203125,0.9548909068107605
27700.0,0.0,0.0,-2098742.25,7.751741886138916,99.2750015258789,0.0026696573477238417,44622.2265625,0.9539622068405151
27800.0,0.0,0.0,-2098741.75,4.631543159484863,102.83634948730469,0.006080741062760353,44658.9765625,0.9531772136688232
27900.0,0.0,0.0,-2098740.0,5.019180774688721,97.56461334228516,0.004811237566173077,44691.515625,0.952483057975769
28000.0,0.0,0.0,-2098743.0,5.940983772277832,99.10714721679688,0.006225811317563057,44725.72265625,0.9517544507980347
28100.0,0.0,0.0,-2098744.5,4.392571449279785,100.25791931152344,0.0063166324980556965,44767.37890625,0.9508691430091858
28200.0,0.0,0.0,-2098744.75,5.2358174324035645,100.0414810180664,0.006244491785764694,44813.515625,0.9498902559280396
28300.0,0.0,0.0,-2098746.0,4.777169227600098,101.83320617675781,0.005144497845321894,44849.90234375,0.9491192698478699
28400.0,0.0,0.0,-2098746.25,5.437013626098633,102.17105865478516,0.005064807366579771,44876.23828125,0.9485626220703125
28500.0,0.0,0.0,-2098747.0,4.243941307067871,103.53450775146484,0.0058817146345973015,44903.23828125,0.9479919075965881
28600.0,0.0,0.0,-2098745.25,4.545273303985596,101.91265106201172,0.003730566706508398,44943.64453125,0.9471396207809448
28700.0,0.0,0.0,-2098744.25,5.08962869644165,102.57052612304688,0.006164852995425463,44999.20703125,0.9459700584411621
28800.0,0.0,0.0,-2098743.25,5.987726211547852,99.5795669555664,0.003913757391273975,45038.75,0.9451398849487305
28900.0,0.0,0.0,-2098744.75,5.4022932052612305,97.6467056274414,0.006399835459887981,45065.04296875,0.9445880055427551
29000.0,0.0,0.0,-2098743.0,5.060975551605225,95.23374938964844,0.0028211907483637333,45094.37109375,0.9439737200737
29100.0,0.0,0.0,-2098745.5,6.0909743309021,100.35504913330078,0.005192162934690714,45133.1015625,0.9431636929512024
29200.0,0.0,0.0,-2098743.75,6.342789649963379,95.34334564208984,0.0045612044632434845,45178.44140625,0.9422174096107483
29300.0,0.0,0.0,-2098746.75,6.084216117858887,104.24381256103516,0.006645106710493565,45219.71484375,0.9413574934005737
29400.0,0.0,0.0,-2098747.25,4.748172283172607,102.11189270019531,0.004806012846529484,45253.953125,0.9406450390815735
29500.0,0.0,0.0,-2098747.5,4.220768928527832,102.37757873535156,0.00415794225409627,45286.625,0.9399663805961609
29600.0,0.0,0.0,-2098750.5,4.41273832321167,112.65830993652344,0.005730539560317993,45325.03125,0.9391701817512512
29700.0,0.0,0.0,-2098747.5,4.569334030151367,104.06314086914062,0.0029948828741908073,45374.84765625,0.9381387233734131
29800.0,0.0,0.0,-2098747.0,5.839283466339111,100.00890350341797,0.005823859944939613,45420.31640625,0.9371997117996216
29900.0,0.0,0.0,-2098747.0,5.481044769287109,94.44435119628906,0.0016322317533195019,45448.59765625,0.9366166591644287
30000.0,0.0,0.0,-2098746.75,4.620395183563232,95.80937957763672,0.004026949405670166,45473.08203125,0.9361121654510498
30100.0,0.0,0.0,-2098748.5,4.191361427307129,101.19657897949219,0.0018986124778166413,45506.61328125,0.935422420501709
30200.0,0.0,0.0,-2098744.25,5.777609348297119,100.07005310058594,0.005908276420086622,45556.03125,0.9344077110290527
30300.0,0.0,0.0,-2098744.75,5.6133952140808105,100.58607482910156,0.004410113207995892,45603.59765625,0.9334329962730408
30400.0,0.0,0.0,-2098748.0,5.461374282836914,103.6321792602539,0.005295387469232082,45638.21484375,0.9327253699302673
30500.0,0.0,0.0,-2098750.0,4.3259148597717285,110.20201110839844,0.005300635471940041,45670.0078125,0.9320759177207947
30600.0,0.0,0.0,-2098751.25,5.962393760681152,109.37477111816406,0.0034270265605300665,45707.0703125,0.9313198328018188
30700.0,0.0,0.0,-2098748.75,5.247354984283447,101.90897369384766,0.004052512347698212,45749.5625,0.9304549098014832
30800.0,0.0,0.0,-2098747.5,4.816085338592529,96.48477935791016,-0.0010753297246992588,45792.1328125,0.9295902848243713
30900.0,0.0,0.0,-2098750.5,4.886804103851318,101.26834106445312,0.003905227407813072,45831.359375,0.9287942051887512
31000.0,0.0,0.0,-2098749.0,5.4230570793151855,98.90406036376953,0.0024058064445853233,45868.82421875,0.9280356168746948
31100.0,0.0,0.0,-2098748.0,6.878403186798096,99.05060577392578,0.005024251993745565,45907.06640625,0.9272626042366028
31200.0,0.0,0.0,-2098749.0,5.178407192230225,99.27552795410156,0.0026092547923326492,45947.42578125,0.9264481067657471
31300.0,0.0,0.0,-2098748.25,5.102677822113037,93.92310333251953,0.006465283688157797,45987.71875,0.9256367087364197
31400.0,0.0,0.0,-2098749.5,4.727217674255371,95.55529022216797,0.00419924221932888,46022.84765625,0.9249298572540283
31500.0,0.0,0.0,-2098750.25,5.49920129776001,98.81050109863281,0.0033743721432983875,46053.17578125,0.9243209362030029
31600.0,0.0,0.0,-2098749.75,5.069709777832031,100.01213073730469,0.0029893589671701193,46086.71875,0.9236481189727783
31700.0,0.0,0.0,-2098748.25,5.346118450164795,100.83407592773438,0.0019448859384283423,46131.72265625,0.9227468371391296
31800.0,0.0,0.0,-2098747.75,5.5927019119262695,98.40574645996094,0.0027928934432566166,46181.1796875,0.921758770942688
31900.0,0.0,0.0,-2098753.5,4.946138381958008,108.4945068359375,0.002337446203455329,46218.4296875,0.9210158586502075
32000.0,0.0,0.0,-2098752.75,5.438336372375488,103.39012908935547,0.005234453361481428,46247.4765625,0.9204376339912415
32100.0,0.0,0.0,-2098752.5,4.751158237457275,103.55113983154297,0.003583774669095874,46279.4453125,0.9198014736175537
32200.0,0.0,0.0,-2098752.75,5.497386455535889,105.77336120605469,0.004984808154404163,46324.89453125,0.9188991785049438
32300.0,0.0,0.0,-2098750.5,4.583714962005615,100.53752899169922,0.001915164291858673,46377.75390625,0.9178518056869507
32400.0,0.0,0.0,-2098750.25,5.478677749633789,101.0065689086914,0.005273695103824139,46413.21875,0.9171507954597473
32500.0,0.0,0.0,-2098746.25,5.982950687408447,96.07662963867188,0.0013139802031219006,46436.4296875,0.9166921377182007
32600.0,0.0,0.0,-2098748.5,6.7581353187561035,96.52938842773438,0.0019835717976093292,46461.79296875,0.916191816329956
32700.0,0.0,0.0,-2098746.0,4.971526145935059,92.10889434814453,0.00238928385078907,46497.77734375,0.9154825210571289
32800.0,0.0,0.0,-2098750.0,5.390268802642822,101.6533432006836,0.001765290042385459,46542.0546875,0.9146119356155396
32900.0,0.0,0.0,-2098748.25,4.35651159286499,94.5304946899414,0.0010485037928447127,46585.72265625,0.9137545824050903
33000.0,0.0,0.0,-2098754.75,4.433776378631592,105.18608093261719,0.003386505413800478,46624.17578125,0.9130007028579712
33100.0,0.0,0.0,-2098750.0,6.336379528045654,94.41153717041016,0.00618843175470829,46660.26953125,0.9122943878173828
33200.0,0.0,0.0,-2098752.75,5.96884822845459,100.63664245605469,0.004871136974543333,46698.4609375,0.9115484356880188
33300.0,0.0,0.0,-2098754.75,5.7436323165893555,105.7809066772461,0.0036133877001702785,46742.63671875,0.9106867909431458
33400.0,0.0,0.0,-2098751.25,5.47482967376709,101.84172821044922,0.0017291440162807703,46788.265625,0.9097990393638611
33500.0,0.0,0.0,-2098751.75,4.672609806060791,100.59484100341797,0.001309592742472887,46824.1171875,0.9091024398803711
33600.0,0.0,0.0,-2098749.25,4.561410903930664,91.66488647460938,-0.0010580304078757763,46851.51171875,0.9085708260536194
33700.0,0.0,0.0,-2098755.25,4.867452144622803,99.71424102783203,-0.0002046568552032113,46880.74609375,0.9080041646957397
33800.0,0.0,0.0,-2098753.25,7.039563179016113,96.99127960205078,0.0037264013662934303,46925.78125,0.9071325063705444
33900.0,0.0,0.0,-2098753.5,6.5082879066467285,103.02651977539062,0.002544711111113429,46982.23828125,0.906042754650116
34000.0,0.0,0.0,-2098749.25,6.201052188873291,96.0145263671875,0.004305983893573284,47022.125,0.905273973941803
34100.0,0.0,0.0,-2098753.25,5.4475178718566895,103.01268005371094,0.003519725287333131,47052.31640625,0.9046930074691772
34200.0,0.0,0.0,-2098753.5,5.038278579711914,100.16356658935547,0.004246559925377369,47085.48828125,0.9040560722351074
34300.0,0.0,0.0,-2098752.75,4.565370082855225,101.39826202392578,0.001209099544212222,47126.90625,0.903261125087738
34400.0,0.0,0.0,-2098752.5,4.078453540802002,99.74629974365234,0.0010824515484273434,47172.6328125,0.9023858904838562
34500.0,0.0,0.0,-2098751.75,4.908347129821777,101.48069763183594,0.0023829592391848564,47214.5859375,0.9015839695930481
34600.0,0.0,0.0,-2098756.0,5.772521495819092,106.40243530273438,0.0024890927597880363,47251.69921875,0.9008759260177612
34700.0,0.0,0.0,-2098751.25,4.356237888336182,93.55491638183594,-0.0007295873365364969,47288.34765625,0.9001774191856384
34800.0,0.0,0.0,-2098756.25,4.355921745300293,101.94881439208984,0.0018052749801427126,47330.23046875,0.899381160736084
34900.0,0.0,0.0,-2098750.25,4.7632036209106445,90.13265991210938,0.0023949588648974895,47382.140625,0.8983960151672363
35000.0,0.0,0.0,-2098753.5,4.65212869644165,102.71520233154297,0.0014550554333254695,47429.0546875,0.8975071907043457
35100.0,0.0,0.0,-2098751.75,4.778865337371826,101.10804748535156,0.0013257889077067375,47459.1484375,0.8969378471374512
35200.0,0.0,0.0,-2098753.25,4.114207744598389,103.3263931274414,0.0012337686493992805,47485.0078125,0.8964498043060303
35300.0,0.0,0.0,-2098750.75,5.289320468902588,99.84760284423828,0.00345494388602674,47519.53125,0.8957984447479248
35400.0,0.0,0.0,-2098751.75,4.699132919311523,99.29302215576172,0.0013335335534065962,47571.06640625,0.8948279023170471
35500.0,0.0,0.0,-2098754.75,3.9275741577148438,103.16419982910156,0.0019496401073411107,47620.96875,0.8938899636268616
35600.0,0.0,0.0,-2098756.0,5.0361480712890625,102.51900482177734,0.0028489045798778534,47656.66796875,0.8932206034660339
35700.0,0.0,0.0,-2098754.0,5.70058012008667,99.07601928710938,0.004439324606209993,47688.16796875,0.8926303386688232
35800.0,0.0,0.0,-2098754.5,4.715234756469727,101.85055541992188,0.0014974965015426278,47725.31640625,0.8919358849525452
35900.0,0.0,0.0,-2098753.5,5.3530192375183105,100.96778106689453,-0.0004748994833789766,47771.6484375,0.8910704851150513
36000.0,0.0,0.0,-2098753.5,6.068281650543213,101.67575073242188,-0.0007620910764671862,47818.22265625,0.8902028203010559
36100.0,0.0,0.0,-2098753.0,5.30288553237915,97.64620971679688,0.0011697649024426937,47858.234375,0.8894583582878113
36200.0,0.0,0.0,-2098753.75,4.900205135345459,97.85308837890625,0.0019193235784769058,47896.04296875,0.8887561559677124
36300.0,0.0,0.0,-2098755.75,4.764998435974121,100.58519744873047,0.001864302554167807,47935.6796875,0.8880212306976318
36400.0,0.0,0.0,-2098753.0,6.207590103149414,97.53575897216797,0.0037626230623573065,47977.7421875,0.8872426152229309
36500.0,0.0,0.0,-2098754.0,5.333103179931641,99.48762512207031,0.0032742037437856197,48020.34765625,0.8864556550979614
36600.0,0.0,0.0,-2098752.75,5.759364128112793,100.896240234375,0.0008188647334463894,48061.078125,0.8857046961784363
36700.0,0.0,0.0,-2098752.75,5.630665302276611,104.61701202392578,-4.814908606931567e-05,48099.68359375,0.8849933743476868
36800.0,0.0,0.0,-2098755.0,6.272920608520508,103.95706939697266,-0.00027104164473712444,48138.41796875,0.8842816352844238
36900.0,0.0,0.0,-2098754.5,5.943866729736328,102.40502166748047,0.00019021856132894754,48181.21484375,0.8834961652755737
37000.0,0.0,0.0,-2098753.0,6.981808662414551,97.32450103759766,0.0015588300302624702,48228.921875,0.882622241973877
37100.0,0.0,0.0,-2098755.0,5.3605475425720215,104.00555419921875,0.0017944156425073743,48271.94921875,0.8818351626396179
37200.0,0.0,0.0,-2098753.75,6.0966081619262695,98.51075744628906,0.002123952843248844,48305.51171875,0.8812227845191956
37300.0,0.0,0.0,-2098755.25,5.059823989868164,99.36817169189453,0.0007891097338870168,48336.49609375,0.8806577324867249
37400.0,0.0,0.0,-2098753.5,6.8671746253967285,95.1507797241211,0.001862653880380094,48376.3046875,0.87993323802948
37500.0,0.0,0.0,-2098752.5,5.518213272094727,96.7477035522461,0.003965505864471197,48430.76953125,0.8789433240890503
37600.0,0.0,0.0,-2098757.0,5.374777793884277,105.43403625488281,0.0019586505368351936,48478.234375,0.8780831694602966
37700.0,0.0,0.0,-2098755.75,4.947021007537842,103.02185821533203,-0.001067067962139845,48509.125,0.8775239586830139
37800.0,0.0,0.0,-2098755.25,6.675356864929199,99.26152801513672,-0.00034963421057909727,48536.69921875,0.8770254850387573
37900.0,0.0,0.0,-2098755.0,6.159130096435547,96.5556869506836,0.0034840693697333336,48572.5703125,0.8763774037361145
38000.0,0.0,0.0,-2098755.0,6.398410797119141,101.67554473876953,-0.0014670685632154346,48621.4375,0.8754969239234924
38100.0,0.0,0.0,-2098755.25,7.146306037902832,101.64324188232422,-0.0004791623796336353,48669.57421875,0.8746309876441956
38200.0,0.0,0.0,-2098755.25,5.213279724121094,96.7228012084961,0.0020570880733430386,48710.9765625,0.8738873600959778
38300.0,0.0,0.0,-2098752.25,5.844597816467285,94.669677734375,0.004296786151826382,48749.5546875,0.8731959462165833
38400.0,0.0,0.0,-2098756.5,6.228287696838379,100.63797760009766,-0.0002969226334244013,48789.515625,0.8724808692932129
38500.0,0.0,0.0,-2098755.25,4.87846565246582,96.0933837890625,-0.001792219583876431,48832.609375,0.8717108368873596
38600.0,0.0,0.0,-2098757.75,3.9222941398620605,101.60615539550781,0.0033022258430719376,48877.2578125,0.87091463804245
38700.0,0.0,0.0,-2098752.5,5.327770233154297,97.92534637451172,0.0033621019683778286,48918.00390625,0.8701890110969543
38800.0,0.0,0.0,-2098755.0,6.781391143798828,103.40131378173828,-0.0010575352935120463,48951.890625,0.8695868253707886
38900.0,0.0,0.0,-2098755.0,6.290208339691162,101.72525787353516,-0.0031646760180592537,48983.078125,0.8690328001976013
39000.0,0.0,0.0,-2098754.0,6.836367607116699,95.7508544921875,0.0033471141941845417,49022.55078125,0.8683333396911621
39100.0,0.0,0.0,-2098757.75,4.409016132354736,107.58007049560547,0.0017376178875565529,49078.1015625,0.8673505187034607
39200.0,0.0,0.0,-2098752.0,6.253948211669922,96.95893859863281,-0.0015178835019469261,49126.78515625,0.8664909601211548
39300.0,0.0,0.0,-2098757.0,5.492492198944092,105.9058837890625,0.00014598394045606256,49158.63671875,0.8659292459487915
39400.0,0.0,0.0,-2098753.75,5.0007476806640625,96.14156341552734,0.005758292973041534,49187.17578125,0.8654271364212036
39500.0,0.0,0.0,-2098756.25,5.479738235473633,103.11731719970703,0.0019982110243290663,49224.6328125,0.864768385887146
39600.0,0.0,0.0,-2098754.5,4.75173282623291,96.72300720214844,-0.0013165276031941175,49275.11328125,0.8638827204704285
39700.0,0.0,0.0,-2098757.25,5.275356769561768,103.15045166015625,-0.0005921924021095037,49323.65234375,0.8630322217941284
39800.0,0.0,0.0,-2098753.75,5.068562984466553,97.6175308227539,0.002924413187429309,49363.578125,0.8623344302177429
39900.0,0.0,0.0,-2098757.5,4.589081764221191,103.61224365234375,-0.00013387337094172835,49401.5234375,0.8616719245910645
40000.0,0.0,0.0,-2098753.0,5.205615520477295,100.82306671142578,-0.003604417433962226,49441.9296875,0.8609680533409119
40100.0,0.0,0.0,-2098757.0,5.463376045227051,104.58030700683594,0.0009448456112295389,49485.0703125,0.8602170944213867
40200.0,0.0,0.0,-2098754.75,5.915604591369629,97.22127532958984,0.004745963495224714,49528.56640625,0.8594617247581482
40300.0,0.0,0.0,-2098758.0,6.069464683532715,103.37712097167969,0.002830802695825696,49569.92578125,0.8587444424629211
40400.0,0.0,0.0,-2098753.75,5.090575218200684,94.99390411376953,-0.002125377766788006,49608.3046875,0.8580805063247681
40500.0,0.0,0.0,-2098755.75,5.709821701049805,106.69456481933594,0.0030935194808989763,49645.90234375,0.8574303984642029
40600.0,0.0,0.0,-2098752.75,4.777981758117676,96.68675994873047,0.0016793920658528805,49689.1484375,0.8566844463348389
40700.0,0.0,0.0,-2098756.75,5.95316743850708,100.41015625,-0.0011797207407653332,49739.43359375,0.8558180928230286
40800.0,0.0,0.0,-2098756.0,4.513628959655762,97.67044830322266,-0.0031267539598047733,49784.2265625,0.8550480008125305
40900.0,0.0,0.0,-2098756.0,5.62369966506958,97.44544982910156,0.00034844112815335393,49818.0703125,0.8544673919677734
41000.0,0.0,0.0,-2098755.75,5.125979423522949,99.20063781738281,0.004141928628087044,49849.31640625,0.8539316058158875
41100.0,0.0,0.0,-2098757.5,6.656515598297119,104.50428771972656,-0.0005796163459308445,49889.5390625,0.8532430529594421
41200.0,0.0,0.0,-2098755.25,5.8484578132629395,99.68867492675781,0.0002734219597186893,49944.66796875,0.8523014783859253
41300.0,0.0,0.0,-2098756.5,4.788761138916016,102.3951644897461,0.0019657351076602936,49992.734375,0.8514817953109741
41400.0,0.0,0.0,-2098755.5,5.870347023010254,99.16845703125,0.002808466088026762,50023.625,0.8509562015533447
41500.0,0.0,0.0,-2098756.0,5.481235980987549,97.19945526123047,-0.0014815651811659336,50050.55078125,0.8504981994628906
41600.0,0.0,0.0,-2098756.5,4.777095317840576,96.5203857421875,0.0008831901359371841,50085.734375,0.8499011397361755
41700.0,0.0,0.0,-2098756.75,4.868686199188232,97.67719268798828,0.001572566805407405,50134.17578125,0.8490796089172363
41800.0,0.0,0.0,-2098755.75,5.817760944366455,100.83419036865234,0.0005879544769413769,50182.7578125,0.848257839679718
41900.0,0.0,0.0,-2098755.5,4.7024736404418945,101.36181640625,-0.002729112049564719,50224.92578125,0.8475458025932312
42000.0,0.0,0.0,-2098757.0,4.704590797424316,107.59541320800781,-0.0008075378718785942,50263.16015625,0.846900999546051
42100.0,0.0,0.0,-2098756.25,5.964001178741455,100.26262664794922,0.004036029800772667,50302.27734375,0.8462421298027039
42200.0,0.0,0.0,-2098757.75,6.74589204788208,102.3327865600586,-0.00015002849977463484,50346.17578125,0.8455045223236084
42300.0,0.0,0.0,-2098756.75,4.881617069244385,99.7907943725586,-0.00028337188996374607,50393.42578125,0.8447117209434509
42400.0,0.0,0.0,-2098757.0,5.393550872802734,102.26831817626953,0.001271650893613696,50435.0234375,0.8440150618553162
42500.0,0.0,0.0,-2098753.5,6.356043815612793,99.77892303466797,0.003941079135984182,50466.953125,0.8434808850288391
42600.0,0.0,0.0,-2098756.0,7.474689483642578,101.08077239990234,-0.0005684682982973754,50495.765625,0.8429994583129883
42700.0,0.0,0.0,-2098754.75,5.694684028625488,95.15655517578125,-0.002430818509310484,50534.26171875,0.8423575758934021
42800.0,0.0,0.0,-2098758.5,5.656156063079834,102.66634368896484,0.0001895369787234813,50592.52734375,0.8413873314857483
42900.0,0.0,0.0,-2098756.5,5.805264949798584,99.72208404541016,0.0026458080392330885,50642.23828125,0.8405613303184509
43000.0,0.0,0.0,-2098756.0,5.8640007972717285,107.25740051269531,0.0007677468238398433,50675.265625,0.8400136828422546
43100.0,0.0,0.0,-2098753.0,5.136567115783691,97.78121948242188,-0.0006565024959854782,50706.2890625,0.8394995331764221
43200.0,0.0,0.0,-2098758.0,5.772596836090088,105.73503112792969,0.0029404994565993547,50744.36328125,0.8388700485229492
43300.0,0.0,0.0,-2098755.5,7.053930282592773,98.07954406738281,0.002161693060770631,50791.3125,0.8380944728851318
43400.0,0.0,0.0,-2098757.5,6.3228983879089355,101.72772216796875,-1.5490222722291946e-05,50837.8046875,0.8373279571533203
43500.0,0.0,0.0,-2098755.5,6.494770050048828,95.74283599853516,-0.002647964982315898,50878.16796875,0.8366634249687195
43600.0,0.0,0.0,-2098757.75,5.424232006072998,99.6192398071289,0.0015462145674973726,50915.66015625,0.8360476493835449
43700.0,0.0,0.0,-2098757.25,6.513129234313965,99.8568344116211,0.0008503961726091802,50955.88671875,0.8353873491287231
43800.0,0.0,0.0,-2098757.75,6.1291069984436035,101.41793823242188,-0.0007455741870217025,51000.46875,0.8346573710441589
43900.0,0.0,0.0,-2098756.75,5.41298246383667,102.00944519042969,-0.0006660005892626941,51045.2734375,0.8339247703552246
44000.0,0.0,0.0,-2098757.0,5.55956506729126,102.97553253173828,0.0017746018711477518,51082.2578125,0.8333209753036499
44100.0,0.0,0.0,-2098758.0,5.1381516456604,103.68769073486328,0.0018514457624405622,51105.4921875,0.832942008972168
44200.0,0.0,0.0,-2098755.25,5.356158256530762,98.47310638427734,-0.0015934932744130492,51123.69140625,0.8326455950737
44300.0,0.0,0.0,-2098755.5,7.085196018218994,94.93631744384766,0.0003230279544368386,51149.7421875,0.832221269607544
44400.0,0.0,0.0,-2098758.25,7.055817604064941,99.42235565185547,0.0013195298379287124,51196.84375,0.831455647945404
44500.0,0.0,0.0,-2098759.25,5.666048049926758,102.86119842529297,0.001503421226516366,51250.8828125,0.8305789828300476
44600.0,0.0,0.0,-2098757.5,4.7406744956970215,100.31974792480469,-0.0012093510013073683,51291.5,0.8299211263656616
44700.0,0.0,0.0,-2098756.25,6.50857400894165,100.1950454711914,-8.118321420624852e-05,51323.55078125,0.8294032216072083
44800.0,0.0,0.0,-2098756.0,5.2100324630737305,100.34999084472656,-0.00013601250248029828,51358.015625,0.8288466334342957
44900.0,0.0,0.0,-2098757.0,7.617945671081543,104.74537658691406,0.0011465228162705898,51404.2265625,0.8281015157699585
45000.0,0.0,0.0,-2098757.0,5.085651874542236,99.93780517578125,-0.0007457527099177241,51457.00390625,0.8272521495819092
45100.0,0.0,0.0,-2098754.75,5.561397552490234,96.94471740722656,0.0028724989388138056,51496.72265625,0.8266138434410095
45200.0,0.0,0.0,-2098757.5,4.936540603637695,100.39802551269531,0.002441196469590068,51523.65625,0.8261820077896118
45300.0,0.0,0.0,-2098758.5,6.424943447113037,101.6629409790039,0.0007826995570212603,51549.37109375,0.8257699012756348
45400.0,0.0,0.0,-2098757.75,6.71097993850708,101.64071655273438,-0.0002514446387067437,51594.70703125,0.8250442743301392
45500.0,0.0,0.0,-2098757.25,6.410977363586426,99.63990020751953,-0.0005757894832640886,51661.58984375,0.8239758610725403
45600.0,0.0,0.0,-2098755.25,6.441126823425293,99.03931427001953,0.0007903847144916654,51705.90234375,0.8232698440551758
45700.0,0.0,0.0,-2098756.0,6.03325891494751,96.9228286743164,-0.0022849412634968758,51740.08203125,0.8227258324623108
45800.0,0.0,0.0,-2098757.75,7.570860385894775,105.2808609008789,0.0015493491664528847,51775.97265625,0.8221558332443237
45900.0,0.0,0.0,-2098755.25,6.4256510734558105,97.17427062988281,0.0005465525900945067,51820.5546875,0.8214485049247742
46000.0,0.0,0.0,-2098756.5,5.916355609893799,101.43285369873047,0.004407841712236404,51870.34375,0.8206600546836853
46100.0,0.0,0.0,-2098758.5,5.660635948181152,103.00469207763672,0.0009044719045050442,51912.13671875,0.819999098777771
46200.0,0.0,0.0,-2098757.75,5.746474266052246,103.58185577392578,-0.0011859051883220673,51944.3203125,0.8194912075996399
46300.0,0.0,0.0,-2098756.5,4.895678520202637,104.52947998046875,-0.0014513288624584675,51975.3984375,0.8190012574195862
46400.0,0.0,0.0,-2098756.75,5.189639091491699,101.24268341064453,-0.0007691789069212973,52020.6484375,0.8182885646820068
46500.0,0.0,0.0,-2098759.0,7.0709638595581055,101.49913024902344,0.0005189650692045689,52083.4296875,0.8173022866249084
46600.0,0.0,0.0,-2098759.25,5.589738845825195,101.52633666992188,-0.001344494055956602,52126.015625,0.8166347742080688
46700.0,0.0,0.0,-2098756.75,6.99208402633667,98.8968505859375,0.0022312772925943136,52154.82421875,0.8161833882331848
46800.0,0.0,0.0,-2098757.5,6.4609246253967285,99.28485870361328,0.00031789150671102107,52185.671875,0.8157012462615967
46900.0,0.0,0.0,-2098757.0,6.8891401290893555,96.48025512695312,0.0014702921034768224,52226.203125,0.8150681853294373
47000.0,0.0,0.0,-2098757.75,5.348394393920898,98.87010955810547,-0.001398520777001977,52274.35546875,0.8143174052238464
47100.0,0.0,0.0,-2098756.0,8.300935745239258,95.47904205322266,0.0007281661964952946,52319.2421875,0.813618540763855
47200.0,0.0,0.0,-2098757.0,5.3064656257629395,96.34990692138672,-0.0008121687569655478,52356.59375,0.8130383491516113
47300.0,0.0,0.0,-2098756.75,6.778440475463867,93.99478149414062,0.0013968084240332246,52391.4375,0.812497615814209
47400.0,0.0,0.0,-2098757.5,5.910884857177734,98.52978515625,-0.0008418436045758426,52433.140625,0.8118513822555542
47500.0,0.0,0.0,-2098757.25,7.422671794891357,95.9917984008789,0.000984549755230546,52491.39453125,0.8109501004219055
47600.0,0.0,0.0,-2098760.75,5.6429762840271,101.41333770751953,6.61559752188623e-05,52541.65625,0.8101746439933777
47700.0,0.0,0.0,-2098759.75,6.518505573272705,103.08198547363281,2.9242655728012323e-05,52569.31640625,0.809748113155365
47800.0,0.0,0.0,-2098759.0,5.882120609283447,104.1365966796875,0.0012701250379905105,52593.3046875,0.8093788027763367
47900.0,0.0,0.0,-2098757.5,5.447723865509033,98.91581726074219,-0.0005796687328256667,52626.65234375,0.8088661432266235
48000.0,0.0,0.0,-2098759.25,5.0394697189331055,96.73403930664062,0.001190087990835309,52675.12890625,0.8081217408180237
48100.0,0.0,0.0,-2098760.0,5.605624675750732,96.85985565185547,-0.000618350284639746,52724.65625,0.8073626160621643
48200.0,0.0,0.0,-2098760.5,4.85635232925415,98.7181396484375,-0.0006464781472459435,52764.578125,0.8067517876625061
48300.0,0.0,0.0,-2098758.0,5.859085559844971,97.98265838623047,-0.000582708977162838,52799.890625,0.8062120676040649
48400.0,0.0,0.0,-2098757.25,6.680525779724121,98.21240234375,0.0005949045880697668,52838.30078125,0.8056262731552124
48500.0,0.0,0.0,-2098757.0,6.620969295501709,99.96446990966797,0.0006369245820678771,52884.234375,0.8049265146255493
48600.0,0.0,0.0,-2098755.75,6.161042213439941,99.56088256835938,0.0012963026529178023,52932.88671875,0.8041865229606628
48700.0,0.0,0.0,-2098756.0,5.479832649230957,98.7719955444336,-0.0006307620787993073,52968.6640625,0.8036431074142456
48800.0,0.0,0.0,-2098757.75,5.875775337219238,99.08721923828125,-0.00015288032591342926,52990.5234375,0.8033118844032288
48900.0,0.0,0.0,-2098759.5,5.141183376312256,101.41036224365234,-0.0003783486899919808,53010.9921875,0.803001880645752
49000.0,0.0,0.0,-2098757.5,7.954668998718262,99.15314483642578,0.00033791305031627417,53044.79296875,0.8024898171424866
49100.0,0.0,0.0,-2098757.75,11.789753913879395,98.23685455322266,0.0011085155420005322,53097.625,0.8016912937164307
49200.0,0.0,0.0,-2098757.5,6.4105658531188965,103.06229400634766,0.001035683206282556,53146.4375,0.8009549379348755
49300.0,0.0,0.0,-2098759.75,6.605504035949707,104.49148559570312,0.0008191293454729021,53183.0859375,0.8004032969474792
49400.0,0.0,0.0,-2098758.5,6.9404096603393555,95.7065658569336,-0.0005813485477119684,53216.25390625,0.799904465675354
49500.0,0.0,0.0,-2098759.5,5.315634250640869,101.25501251220703,-0.0003320929827168584,53255.44140625,0.7993156313896179
49600.0,0.0,0.0,-2098759.5,7.646833419799805,106.46382141113281,-0.0014589243801310658,53305.44140625,0.7985658049583435
49700.0,0.0,0.0,-2098759.0,6.913478851318359,105.11280822753906,0.00046525197103619576,53353.3671875,0.7978485226631165
49800.0,0.0,0.0,-2098758.25,6.456926345825195,101.34754943847656,0.0014756664168089628,53385.35546875,0.7973703742027283
49900.0,0.0,0.0,-2098758.25,6.5325517654418945,99.17284393310547,0.0005827115382999182,53407.46484375,0.7970405220985413
50000.0,0.0,0.0,-2098758.75,5.7264533042907715,98.64167785644531,0.000553363875951618,53432.171875,0.7966720461845398
50100.0,0.0,0.0,-2098759.5,6.755953788757324,97.54895782470703,0.00055325758876279,53482.4609375,0.7959227561950684
50200.0,0.0,0.0,-2098757.75,5.271237373352051,95.09913635253906,0.00015591105329804122,53542.35546875,0.7950326204299927
50300.0,0.0,0.0,-2098757.5,6.2013325691223145,98.80127716064453,-0.0009585196385160089,53583.1484375,0.7944273948669434
50400.0,0.0,0.0,-2098758.0,6.045745849609375,100.28477478027344,0.0007128559518605471,53615.99609375,0.793940544128418
50500.0,0.0,0.0,-2098755.0,6.5897135734558105,97.17845153808594,-0.0009489415679126978,53651.890625,0.7934091687202454
50600.0,0.0,0.0,-2098758.25,5.837213516235352,103.87010955810547,0.00037821088335476816,53697.4609375,0.7927361130714417
50700.0,0.0,0.0,-2098759.0,6.196710586547852,106.51264953613281,-0.00042504892917349935,53747.4921875,0.7919979095458984
50800.0,0.0,0.0,-2098759.0,5.893673896789551,104.24627685546875,0.0002775021130219102,53787.30078125,0.7914120554924011
50900.0,0.0,0.0,-2098760.0,6.990755558013916,103.80302429199219,0.0016421005129814148,53817.0390625,0.7909747362136841
51000.0,0.0,0.0,-2098758.25,6.293278694152832,100.02057647705078,0.0005655643763020635,53846.5625,0.7905407547950745
51100.0,0.0,0.0,-2098757.25,6.6970319747924805,96.0967025756836,-0.0001259139971807599,53894.1953125,0.7898421287536621
51200.0,0.0,0.0,-2098756.0,5.77978515625,95.14974975585938,-0.00199378514662385,53957.55859375,0.7889147996902466
51300.0,0.0,0.0,-2098756.25,5.2350969314575195,97.16424560546875,-0.0008526770980097353,53997.91796875,0.7883248925209045
51400.0,0.0,0.0,-2098760.25,5.729775428771973,103.27619934082031,-0.0007710753125138581,54028.30078125,0.78788161277771
51500.0,0.0,0.0,-2098760.75,6.201091766357422,102.14031219482422,0.00041556163341738284,54062.28515625,0.7873863577842712
51600.0,0.0,0.0,-2098756.0,7.550499439239502,95.21308898925781,0.0016638488741591573,54105.8125,0.7867531180381775
51700.0,0.0,0.0,-2098759.25,7.187084197998047,104.49301147460938,0.0013615961652249098,54154.25,0.7860494256019592
51800.0,0.0,0.0,-2098758.5,8.043177604675293,107.31248474121094,0.00012591230915859342,54195.8671875,0.7854457497596741
51900.0,0.0,0.0,-2098759.0,7.385894298553467,105.49464416503906,-0.0013391828397288918,54229.6328125,0.7849565744400024
52000.0,0.0,0.0,-2098754.75,6.054367542266846,93.48883056640625,-0.0022358144633471966,54263.015625,0.7844738960266113
52100.0,0.0,0.0,-2098758.0,6.594514846801758,98.0161361694336,-0.0006724079139530659,54310.515625,0.783787727355957
52200.0,0.0,0.0,-2098760.0,6.408475875854492,99.28955841064453,0.0014501949772238731,54373.25,0.7828834652900696
52300.0,0.0,0.0,-2098759.5,8.608316421508789,98.44829559326172,0.0008990229107439518,54412.03515625,0.7823255062103271
52400.0,0.0,0.0,-2098756.0,7.207371234893799,98.6042709350586,0.001788936322554946,54438.12109375,0.7819501757621765
52500.0,0.0,0.0,-2098759.25,6.223952293395996,105.94095611572266,0.0009825511369854212,54467.50390625,0.7815284729003906
52600.0,0.0,0.0,-2098758.25,7.64536714553833,101.10462188720703,0.00013461403432302177,54508.609375,0.7809390425682068
52700.0,0.0,0.0,-2098756.5,6.80524206161499,99.59033203125,-0.002299476647749543,54557.85546875,0.7802342176437378
52800.0,0.0,0.0,-2098751.25,7.468183517456055,92.72116088867188,-0.002711101435124874,54601.2734375,0.7796140313148499
52900.0,0.0,0.0,-2098757.5,8.083434104919434,102.66828918457031,-0.0005758444312959909,54636.52734375,0.7791106700897217
53000.0,0.0,0.0,-2098760.25,9.45979118347168,104.77364349365234,1.0209274478256702e-05,54670.421875,0.7786276340484619
53100.0,0.0,0.0,-2098760.0,7.132641792297363,98.10980987548828,0.00197602272965014,54712.87109375,0.7780237793922424
53200.0,0.0,0.0,-2098757.25,6.339539051055908,92.79109191894531,0.0011950082844123244,54769.86328125,0.7772139310836792
53300.0,0.0,0.0,-2098761.0,9.442602157592773,103.2286148071289,0.0011616040719673038,54815.0625,0.7765731811523438
53400.0,0.0,0.0,-2098761.0,6.375232696533203,105.52781677246094,-0.0003693004255183041,54838.94921875,0.7762349843978882
53500.0,0.0,0.0,-2098758.0,7.471219062805176,100.36283111572266,-0.0006313869962468743,54860.49609375,0.7759302258491516
53600.0,0.0,0.0,-2098759.0,5.801036357879639,102.13854217529297,-0.001188971335068345,54892.20703125,0.7754821181297302
53700.0,0.0,0.0,-2098755.5,6.47678279876709,97.29085540771484,-0.001548638567328453,54939.328125,0.7748169302940369
53800.0,0.0,0.0,-2098761.25,6.093000411987305,106.05836486816406,0.0002596175763756037,54987.28515625,0.7741410136222839
53900.0,0.0,0.0,-2098760.75,5.864984512329102,104.63153076171875,-5.792046431452036e-05,55025.40625,0.7736045122146606
54000.0,0.0,0.0,-2098756.5,8.871912956237793,94.2603988647461,0.002752866130322218,55058.6015625,0.7731380462646484
54100.0,0.0,0.0,-2098759.25,6.384949207305908,99.67976379394531,0.0012807294260710478,55095.24609375,0.7726238965988159
54200.0,0.0,0.0,-2098759.0,7.927439212799072,100.80501556396484,-0.0006546154618263245,55142.3203125,0.7719645500183105
54300.0,0.0,0.0,-2098754.0,7.7633233070373535,93.64372253417969,-0.002589285606518388,55191.9375,0.771270215511322
54400.0,0.0,0.0,-2098759.75,6.708187103271484,104.45653533935547,-0.0008827140554785728,55224.46484375,0.7708163261413574
54500.0,0.0,0.0,-2098761.75,5.7387824058532715,104.6506576538086,0.0004887486575171351,55244.33984375,0.770538866519928
54600.0,0.0,0.0,-2098759.0,8.873719215393066,96.9414291381836,0.00114301813300699,55265.03125,0.7702504992485046
54700.0,0.0,0.0,-2098760.5,6.3884806632995605,104.60311889648438,0.0010577805805951357,55300.1015625,0.7697620987892151
54800.0,0.0,0.0,-2098758.25,8.028101921081543,98.88566589355469,-0.0006073090480640531,55349.46484375,0.7690755128860474
54900.0,0.0,0.0,-2098756.5,6.669259071350098,98.89755249023438,-0.0003942113253287971,55394.15625,0.7684550285339355
55000.0,0.0,0.0,-2098757.5,7.702979564666748,97.6990966796875,-0.0017981173004955053,55430.046875,0.7679575085639954
55100.0,0.0,0.0,-2098758.25,8.135568618774414,99.9715347290039,0.0008658401784487069,55463.4375,0.7674951553344727
55200.0,0.0,0.0,-2098757.25,8.229061126708984,95.86064910888672,-0.0004056351608596742,55502.43359375,0.7669559717178345
55300.0,0.0,0.0,-2098759.75,7.794820785522461,98.77510833740234,0.001366002717986703,55550.59765625,0.7662909030914307
55400.0,0.0,0.0,-2098760.25,6.28634786605835,104.52281188964844,-0.00010338606080040336,55596.0390625,0.765664279460907
55500.0,0.0,0.0,-2098755.5,7.650482654571533,97.70464324951172,-0.0007987250573933125,55627.12109375,0.7652364373207092
55600.0,0.0,0.0,-2098756.75,6.587948799133301,96.76840209960938,-0.0012090520467609167,55649.6484375,0.7649269700050354
55700.0,0.0,0.0,-2098761.25,7.133563995361328,103.33777618408203,0.0006733009940944612,55676.30078125,0.7645605206489563
55800.0,0.0,0.0,-2098759.75,6.678298473358154,101.59051513671875,5.789683200418949e-06,55726.20703125,0.7638760805130005
55900.0,0.0,0.0,-2098757.75,7.796936511993408,99.24918365478516,-0.00014309852849692106,55781.2109375,0.7631226181983948
56000.0,0.0,0.0,-2098759.25,6.780896186828613,100.57546997070312,0.00039752409793436527,55819.37109375,0.7626011967658997
56100.0,0.0,0.0,-2098762.0,6.845104694366455,101.61566925048828,6.299506640061736e-05,55851.67578125,0.7621597647666931
56200.0,0.0,0.0,-2098761.25,6.583320140838623,100.14032745361328,0.0005145126488059759,55887.21484375,0.761675238609314
56300.0,0.0,0.0,-2098758.75,6.900161266326904,98.65457916259766,-0.0010945021640509367,55930.96875,0.7610793113708496
56400.0,0.0,0.0,-2098758.0,6.9745774269104,100.7142333984375,-0.00011261383770033717,55976.94140625,0.7604542970657349
56500.0,0.0,0.0,-2098757.75,9.419689178466797,106.3746337890625,0.0003692234749905765,56013.9375,0.7599519491195679
56600.0,0.0,0.0,-2098759.5,6.442152500152588,107.97211456298828,0.00035771483089774847,56041.65234375,0.759576141834259
56700.0,0.0,0.0,-2098757.5,8.284261703491211,100.53043365478516,0.0003870643558911979,56068.88671875,0.759207546710968
56800.0,0.0,0.0,-2098757.75,6.782344818115234,105.3323745727539,0.0005165337352082133,56113.3515625,0.7586058974266052
56900.0,0.0,0.0,-2098760.5,8.433755874633789,106.12066650390625,3.873556852340698e-05,56173.109375,0.7577986717224121
57000.0,0.0,0.0,-2098759.5,7.044286251068115,100.50899505615234,-0.001222911523655057,56212.1484375,0.7572725415229797
57100.0,0.0,0.0,-2098758.25,7.001984119415283,95.91049194335938,-0.0008765198872424662,56241.265625,0.756880521774292
57200.0,0.0,0.0,-2098756.25,6.589738368988037,92.96047973632812,-0.0016432707197964191,56273.19140625,0.7564510107040405
57300.0,0.0,0.0,-2098758.0,6.9239277839660645,95.54229736328125,0.0016438000602647662,56314.66015625,0.7558938264846802
57400.0,0.0,0.0,-2098758.75,9.89864730834961,100.79122924804688,-0.00010480760829523206,56361.23046875,0.755269467830658
57500.0,0.0,0.0,-2098757.25,7.193052768707275,95.85247039794922,0.000537041574716568,56400.8671875,0.7547383904457092
57600.0,0.0,0.0,-2098758.5,9.059996604919434,102.27259063720703,-0.001866522361524403,56432.66796875,0.7543134689331055
57700.0,0.0,0.0,-2098760.0,8.369729995727539,101.96646881103516,7.995637133717537e-05,56463.91015625,0.7538957595825195
57800.0,0.0,0.0,-2098761.25,6.770838260650635,102.1484146118164,-0.00014160247519612312,56510.71484375,0.7532713413238525
57900.0,0.0,0.0,-2098759.75,6.002373695373535,102.59500122070312,-0.0013015576405450702,56572.76953125,0.7524453401565552
58000.0,0.0,0.0,-2098760.0,6.710744380950928,102.91071319580078,0.0001657943066675216,56608.47265625,0.7519707083702087
58100.0,0.0,0.0,-2098758.0,6.984609127044678,97.98823547363281,-0.0005837086937390268,56633.87109375,0.7516335844993591
58200.0,0.0,0.0,-2098755.75,8.237809181213379,97.9195785522461,0.002951111178845167,56663.671875,0.7512380480766296
58300.0,0.0,0.0,-2098754.0,8.692965507507324,90.20914459228516,-0.0007633494096808136,56705.28125,0.7506866455078125
58400.0,0.0,0.0,-2098757.0,7.173378944396973,98.37004852294922,0.0010690363124012947,56752.6640625,0.7500602602958679
58500.0,0.0,0.0,-2098757.5,6.881439685821533,97.481689453125,-0.001821124111302197,56791.81640625,0.7495430111885071
58600.0,0.0,0.0,-2098761.75,6.2744340896606445,109.34182739257812,0.0005861587123945355,56822.87109375,0.7491333484649658
58700.0,0.0,0.0,-2098759.25,6.958678722381592,100.89312744140625,-0.001070030266419053,56854.19140625,0.748720645904541
58800.0,0.0,0.0,-2098761.75,8.186684608459473,100.22496032714844,-0.0007349657244049013,56897.27734375,0.7481538653373718
58900.0,0.0,0.0,-2098763.25,6.828872203826904,103.01516723632812,-1.4156918041408062e-05,56953.5625,0.7474141716957092
59000.0,0.0,0.0,-2098760.75,6.998593807220459,103.23676300048828,5.368358688428998e-05,56989.51171875,0.7469426989555359
59100.0,0.0,0.0,-2098758.25,7.228082656860352,99.75835418701172,0.0011197131825610995,57010.48828125,0.74666827917099
59200.0,0.0,0.0,-2098756.0,7.027596473693848,99.96084594726562,-0.00040509196696802974,57032.89453125,0.7463749051094055
59300.0,0.0,0.0,-2098756.75,7.798245429992676,100.93699645996094,0.0014242909383028746,57065.45703125,0.7459487915039062
59400.0,0.0,0.0,-2098756.25,6.28620719909668,95.68135833740234,-0.0026723335031419992,57109.015625,0.7453798055648804
59500.0,0.0,0.0,-2098759.75,7.415254592895508,100.9676284790039,0.0003964797651860863,57151.9765625,0.7448195219039917
59600.0,0.0,0.0,-2098760.0,6.768041133880615,100.55191802978516,-0.0011671637184917927,57187.22265625,0.744360625743866
59700.0,0.0,0.0,-2098760.0,7.861557960510254,105.39973449707031,0.0004347130889073014,57218.26171875,0.7439567446708679
59800.0,0.0,0.0,-2098761.5,6.859603404998779,106.42308044433594,-0.0006458757561631501,57252.78125,0.7435081005096436
59900.0,0.0,0.0,-2098762.75,6.390224933624268,108.57072448730469,0.0002515431842766702,57298.734375,0.7429120540618896
60000.0,0.0,0.0,-2098761.5,8.151954650878906,102.84815979003906,0.0011037357617169619,57347.13671875,0.7422850728034973
60100.0,0.0,0.0,-2098763.25,6.907557487487793,113.0863265991211,0.00026051554596051574,57376.74609375,0.7419019341468811
60200.0,0.0,0.0,-2098761.25,8.66966724395752,105.68121337890625,-4.263082519173622e-05,57396.30078125,0.7416489720344543
60300.0,0.0,0.0,-2098758.75,7.516554832458496,98.391845703125,-0.0027074008248746395,57418.7265625,0.7413594722747803
60400.0,0.0,0.0,-2098757.0,10.400423049926758,97.12486267089844,0.0008399885264225304,57454.51953125,0.7408976554870605
60500.0,0.0,0.0,-2098754.25,8.416899681091309,90.2641372680664,-0.0012805905425921082,57499.08984375,0.7403230667114258
60600.0,0.0,0.0,-2098758.0,8.31781005859375,94.72298431396484,0.0012415691744536161,57538.52734375,0.739815890789032
60700.0,0.0,0.0,-2098757.5,6.467525482177734,93.58220672607422,-0.0014214352704584599,57571.59765625,0.739391028881073
60800.0,0.0,0.0,-2098758.25,7.643515110015869,100.85729217529297,0.0017005687113851309,57603.66015625,0.7389793992042542
60900.0,0.0,0.0,-2098757.5,7.358081817626953,99.07740783691406,-0.0004646595334634185,57640.6484375,0.7385051846504211
61000.0,0.0,0.0,-2098759.5,8.063125610351562,105.8023452758789,0.0009816840756684542,57684.109375,0.7379487156867981
61100.0,0.0,0.0,-2098759.0,6.771299362182617,99.78657531738281,-0.0017137681134045124,57723.2734375,0.7374477982521057
61200.0,0.0,0.0,-2098763.25,6.918330669403076,101.69572448730469,-0.0009139066096395254,57749.21875,0.7371165752410889
61300.0,0.0,0.0,-2098759.0,7.6571946144104,97.93373107910156,0.0012805291917175055,57769.0390625,0.7368638515472412
61400.0,0.0,0.0,-2098761.25,6.198731422424316,105.20401000976562,-5.481939297169447e-06,57794.23046875,0.7365427017211914
61500.0,0.0,0.0,-2098758.5,7.663928508758545,105.07259368896484,-6.293767364695668e-05,57838.86328125,0.735974133014679
61600.0,0.0,0.0,-2098756.5,7.099757194519043,99.4710922241211,-0.0014812233857810497,57885.7734375,0.7353779077529907
61700.0,0.0,0.0,-2098760.0,9.010340690612793,102.21544647216797,0.0013778912834823132,57918.95703125,0.7349563241004944
61800.0,0.0,0.0,-2098760.0,7.027166843414307,99.84788513183594,-0.0011294623836874962,57947.36328125,0.734596312046051
61900.0,0.0,0.0,-2098758.25,7.8088178634643555,96.96711730957031,-0.0011959781404584646,57979.08203125,0.7341941595077515
62000.0,0.0,0.0,-2098758.75,6.03545618057251,98.217529296875,-0.002239632187411189,58018.390625,0.7336969971656799
62100.0,0.0,0.0,-2098758.75,9.049482345581055,104.08209228515625,0.0021080970764160156,58059.02734375,0.7331832051277161
62200.0,0.0,0.0,-2098755.75,7.8330206871032715,95.5302963256836,0.0006218728376552463,58091.328125,0.7327757477760315
62300.0,0.0,0.0,-2098760.25,8.326799392700195,101.67980194091797,0.001001827185973525,58115.20703125,0.732474684715271
62400.0,0.0,0.0,-2098757.5,6.901487827301025,100.75456237792969,-0.001991390949115157,58137.11328125,0.7321987748146057
62500.0,0.0,0.0,-2098757.25,7.142006874084473,103.92559051513672,0.000396912160795182,58171.85546875,0.7317613363265991
62600.0,0.0,0.0,-2098756.5,6.588548183441162,95.1853256225586,-0.0005086945602670312,58222.99609375,0.7311187386512756
62700.0,0.0,0.0,-2098758.0,5.753864765167236,96.0708236694336,-0.0018897003028541803,58259.328125,0.7306624054908752
62800.0,0.0,0.0,-2098761.0,8.137893676757812,101.8149642944336,-0.0029047178104519844,58284.453125,0.7303478121757507
62900.0,0.0,0.0,-2098761.25,7.01028299331665,102.25830078125,0.0009146855445578694,58310.0390625,0.7300270199775696
63000.0,0.0,0.0,-2098761.25,6.760140419006348,104.95320129394531,0.0011236810823902488,58344.34765625,0.7295979857444763
63100.0,0.0,0.0,-2098760.25,8.576332092285156,104.48809051513672,-0.0005629252409562469,58385.70703125,0.729080855846405
63200.0,0.0,0.0,-2098759.0,7.905765056610107,105.94775390625,-0.0004816934815607965,58420.7421875,0.7286438941955566
63300.0,0.0,0.0,-2098757.75,9.20460319519043,100.87835693359375,-0.000661877216771245,58447.0,0.7283165454864502
63400.0,0.0,0.0,-2098759.5,7.009158134460449,98.32098388671875,0.0008521223207935691,58471.91796875,0.7280059456825256
63500.0,0.0,0.0,-2098759.0,7.550760746002197,98.74409484863281,-0.0010093735763803124,58507.2265625,0.727566659450531
63600.0,0.0,0.0,-2098760.5,6.871964931488037,100.57096099853516,-0.000308395829051733,58560.30859375,0.7269073128700256
63700.0,0.0,0.0,-2098758.5,6.985749244689941,96.76699829101562,-0.0022193570621311665,58591.99609375,0.7265142202377319
63800.0,0.0,0.0,-2098760.75,7.496443271636963,103.04723358154297,0.0013473279541358352,58610.9453125,0.7262792587280273
63900.0,0.0,0.0,-2098759.75,6.126298427581787,104.7422103881836,-0.000759412010665983,58632.54296875,0.7260115742683411
64000.0,0.0,0.0,-2098759.0,7.030561447143555,104.16548919677734,-3.0942028388381004e-06,58664.02734375,0.7256221771240234
64100.0,0.0,0.0,-2098756.25,7.164099216461182,103.66678619384766,-0.0011370969004929066,58703.109375,0.7251388430595398
64200.0,0.0,0.0,-2098759.0,8.774665832519531,103.12981414794922,0.0001947431592270732,58735.5078125,0.7247390747070312
64300.0,0.0,0.0,-2098758.75,8.164928436279297,100.14945983886719,0.0006594659644179046,58759.8046875,0.7244391441345215
64400.0,0.0,0.0,-2098758.0,5.908377647399902,99.40144348144531,-0.0018460232531651855,58783.1015625,0.7241522669792175
64500.0,0.0,0.0,-2098756.25,7.607935905456543,93.06416320800781,-0.0008003320544958115,58813.83203125,0.7237736582756042
64600.0,0.0,0.0,-2098758.0,8.544083595275879,96.78958892822266,-0.00041656161192804575,58853.8125,0.7232820391654968
64700.0,0.0,0.0,-2098759.0,6.994429588317871,99.29093933105469,0.0009642378427088261,58885.15625,0.7228973507881165
64800.0,0.0,0.0,-2098757.5,7.467293739318848,97.85232543945312,-0.0008376059704460204,58904.02734375,0.7226657271385193
64900.0,0.0,0.0,-2098759.25,8.508042335510254,100.01033020019531,0.0001427680836059153,58920.421875,0.722464382648468
65000.0,0.0,0.0,-2098759.25,8.031025886535645,97.93607330322266,3.600463969632983e-05,58943.3671875,0.7221830487251282
65100.0,0.0,0.0,-2098759.5,6.853413105010986,98.87178039550781,-0.00039518694393336773,58975.76953125,0.7217865586280823
65200.0,0.0,0.0,-2098759.75,7.5057148933410645,99.56965637207031,-0.00020288029918447137,59007.27734375,0.7214011549949646
65300.0,0.0,0.0,-2098757.0,7.516047954559326,98.838134765625,-0.0021385326981544495,59033.8359375,0.7210764288902283
65400.0,0.0,0.0,-2098760.0,6.20020055770874,106.20928955078125,0.0003881040611304343,59057.921875,0.7207825183868408
65500.0,0.0,0.0,-2098760.25,6.652114391326904,105.59419250488281,0.0003223537642043084,59083.2265625,0.7204736471176147
65600.0,0.0,0.0,-2098759.75,7.053105354309082,102.37174224853516,0.00030683938530273736,59112.6640625,0.7201150059700012
65700.0,0.0,0.0,-2098759.5,6.9022297859191895,98.52069854736328,-0.0008218973525799811,59143.18359375,0.7197434306144714
65800.0,0.0,0.0,-2098761.0,5.8616228103637695,103.9505615234375,-0.00028806214686483145,59168.13671875,0.7194398641586304
65900.0,0.0,0.0,-2098760.25,6.406802177429199,101.4727783203125,0.00018840987468138337,59187.62890625,0.7192026972770691
66000.0,0.0,0.0,-2098759.75,8.9137544631958,99.70338439941406,-0.0007709377096034586,59207.3046875,0.7189639806747437
66100.0,0.0,0.0,-2098757.25,8.013729095458984,95.30217742919922,-0.00012660276843234897,59236.234375,0.718612790107727
66200.0,0.0,0.0,-2098758.75,7.4382147789001465,105.53339385986328,-0.0009407197940163314,59271.83984375,0.7181811332702637
66300.0,0.0,0.0,-2098757.0,7.25902795791626,101.52864837646484,0.0004855466540902853,59295.37109375,0.7178958654403687
66400.0,0.0,0.0,-2098759.0,5.923340797424316,100.26837921142578,-0.0014461728278547525,59311.7890625,0.7176974415779114
66500.0,0.0,0.0,-2098758.0,6.408332824707031,95.39037322998047,-0.0018244395032525063,59329.4375,0.717483639717102
66600.0,0.0,0.0,-2098760.5,6.367864608764648,101.4237289428711,-0.0007531401352025568,59352.3984375,0.7172062397003174
66700.0,0.0,0.0,-2098760.75,8.35880184173584,101.91810607910156,7.701461436226964e-05,59379.03515625,0.7168843746185303
66800.0,0.0,0.0,-2098759.75,9.329941749572754,102.00447845458984,0.0009316775249317288,59403.54296875,0.7165888547897339
66900.0,0.0,0.0,-2098757.0,7.88951301574707,97.80364227294922,-6.115890573710203e-05,59424.6640625,0.7163339853286743
67000.0,0.0,0.0,-2098758.5,6.2447123527526855,101.89840698242188,-0.001077274908311665,59444.84375,0.716090977191925
67100.0,0.0,0.0,-2098758.25,7.755760669708252,110.70811462402344,-0.0003328895545564592,59466.8359375,0.7158259153366089
67200.0,0.0,0.0,-2098756.0,8.589545249938965,99.99517059326172,0.0007579856319352984,59492.8359375,0.7155134081840515
67300.0,0.0,0.0,-2098759.25,6.541341304779053,102.93749237060547,-0.0012330500176176429,59518.51953125,0.7152045965194702
67400.0,0.0,0.0,-2098756.25,6.371197700500488,94.4458999633789,-0.0020714695565402508,59535.859375,0.7149962782859802
67500.0,0.0,0.0,-2098758.25,7.292776584625244,102.45223236083984,-0.0007526528788730502,59548.15625,0.7148484587669373
67600.0,0.0,0.0,-2098758.75,7.364487648010254,99.40266418457031,0.0014229821972548962,59562.09765625,0.7146813273429871
67700.0,0.0,0.0,-2098759.25,6.3865203857421875,99.1753921508789,0.0009058171417564154,59584.44140625,0.7144134044647217
67800.0,0.0,0.0,-2098760.25,8.363716125488281,100.0625,-0.0010055785533040762,59610.44921875,0.7141013741493225
67900.0,0.0,0.0,-2098757.25,6.834885120391846,95.62950134277344,-0.0014088673051446676,59629.76953125,0.7138702273368835
68000.0,0.0,0.0,-2098760.25,8.166403770446777,102.76901245117188,-0.0003419158747419715,59644.88671875,0.7136892676353455
68100.0,0.0,0.0,-2098756.75,6.392945289611816,96.57169342041016,-0.00016383605543524027,59660.67578125,0.713500440120697
68200.0,0.0,0.0,-2098758.75,6.152862071990967,103.86137390136719,-0.00013532338198274374,59680.140625,0.7132677435874939
68300.0,0.0,0.0,-2098757.75,5.8254780769348145,100.56970977783203,-0.0019452550914138556,59701.2578125,0.7130154967308044
68400.0,0.0,0.0,-2098758.5,7.411761283874512,98.85786437988281,-0.0008246285724453628,59719.03125,0.7128032445907593
68500.0,0.0,0.0,-2098758.0,6.549866676330566,98.79856872558594,0.0003566086234059185,59732.265625,0.7126451134681702
68600.0,0.0,0.0,-2098758.75,8.34654712677002,100.2400894165039,-0.0013855485012754798,59743.0625,0.7125165462493896
68700.0,0.0,0.0,-2098760.0,6.372413158416748,101.6473159790039,-0.0004280747380107641,59755.93359375,0.7123628854751587
68800.0,0.0,0.0,-2098760.25,6.719007968902588,106.4627685546875,0.0003398976696189493,59776.80078125,0.712114155292511
68900.0,0.0,0.0,-2098759.25,7.935568809509277,103.94819641113281,0.0013263251166790724,59797.27734375,0.7118702530860901
69000.0,0.0,0.0,-2098759.0,6.180770397186279,100.51116943359375,-4.90534002892673e-05,59810.07421875,0.7117179036140442
69100.0,0.0,0.0,-2098759.5,7.47903299331665,103.2930679321289,-0.0009294410119764507,59820.19140625,0.7115975022315979
69200.0,0.0,0.0,-2098758.75,5.492162704467773,100.12971496582031,-0.0025352793745696545,59832.27734375,0.7114539742469788
69300.0,0.0,0.0,-2098756.75,6.802088737487793,95.63388061523438,-0.0016903451178222895,59849.24609375,0.7112520933151245
69400.0,0.0,0.0,-2098759.0,6.429530143737793,99.24270629882812,-0.0003960407921113074,59866.3515625,0.7110491394996643
69500.0,0.0,0.0,-2098757.0,8.416057586669922,101.78064727783203,0.0021852958016097546,59878.61328125,0.7109032869338989
69600.0,0.0,0.0,-2098757.25,6.184902191162109,101.00377655029297,0.0007534581236541271,59888.578125,0.7107852697372437
69700.0,0.0,0.0,-2098758.25,7.5105414390563965,98.68286895751953,-0.0008431570022366941,59899.36328125,0.710657000541687
69800.0,0.0,0.0,-2098758.75,6.490654468536377,97.70853424072266,-0.0020960893016308546,59913.16796875,0.7104933857917786
69900.0,0.0,0.0,-2098759.25,7.221704006195068,100.12330627441406,-0.000604056054726243,59927.59765625,0.7103224992752075
70000.0,0.0,0.0,-2098759.5,6.405807971954346,101.56893157958984,-0.0006021177396178246,59939.09375,0.7101861834526062
70100.0,0.0,0.0,-2098757.0,7.976006507873535,96.05329895019531,-2.9559480026364326e-05,59949.05859375,0.7100679278373718
70200.0,0.0,0.0,-2098757.75,7.522957801818848,98.48815155029297,0.0008975806413218379,59958.8984375,0.7099514603614807
70300.0,0.0,0.0,-2098760.25,5.900381088256836,103.85494232177734,0.0005379458307288587,59969.38671875,0.7098274827003479
70400.0,0.0,0.0,-2098759.25,6.2837324142456055,106.92493438720703,-0.0005249608657322824,59980.21484375,0.7096993327140808
70500.0,0.0,0.0,-2098756.75,7.471194744110107,98.00717163085938,-0.0012313176412135363,59990.39453125,0.7095786333084106
70600.0,0.0,0.0,-2098759.5,7.25535774230957,99.05770111083984,-0.0016642085975036025,59999.2421875,0.7094742655754089
70700.0,0.0,0.0,-2098759.25,6.677581787109375,100.6657485961914,-0.001705484464764595,60007.265625,0.7093791961669922
70800.0,0.0,0.0,-2098758.5,7.1329264640808105,98.93531036376953,-1.757912104949355e-05,60016.08203125,0.7092750072479248
70900.0,0.0,0.0,-2098759.0,6.5119218826293945,100.63093566894531,0.0009763167472556233,60026.05859375,0.7091572880744934
71000.0,0.0,0.0,-2098754.25,7.645813941955566,101.59147644042969,-0.0005482751876115799,60034.9921875,0.709051787853241
71100.0,0.0,0.0,-2098757.25,9.38802719116211,102.45645141601562,-0.00044673256343230605,60041.10546875,0.7089793682098389
71200.0,0.0,0.0,-2098759.0,6.198099136352539,103.2520751953125,0.0010727287735790014,60045.94921875,0.7089224457740784
71300.0,0.0,0.0,-2098757.75,6.845064163208008,99.84561920166016,-0.0007343475590460002,60051.6484375,0.7088547945022583
71400.0,0.0,0.0,-2098760.25,6.8962297439575195,102.57086181640625,-0.0014638896100223064,60060.3359375,0.7087525725364685
71500.0,0.0,0.0,-2098755.0,6.916312217712402,101.64111328125,-0.0027756947092711926,60068.1015625,0.7086607813835144
71600.0,0.0,0.0,-2098756.5,7.316006183624268,99.87517547607422,-0.0003025915939360857,60072.8984375,0.7086043357849121
71700.0,0.0,0.0,-2098760.0,7.296106338500977,104.24409484863281,0.0009366676677018404,60076.91796875,0.7085569500923157
71800.0,0.0,0.0,-2098757.0,6.691965103149414,93.34749603271484,0.00033935674582608044,60081.4609375,0.7085034251213074
71900.0,0.0,0.0,-2098758.25,6.732046604156494,96.37577819824219,-0.00029913289472460747,60086.5078125,0.7084437012672424
72000.0,0.0,0.0,-2098758.25,5.351738452911377,103.80663299560547,0.0006450837245211005,60091.22265625,0.7083882689476013
72100.0,0.0,0.0,-2098758.25,6.465517044067383,103.52336883544922,0.0009226548718288541,60095.16015625,0.7083417773246765
72200.0,0.0,0.0,-2098757.75,5.910033702850342,100.45201873779297,-0.0017203805036842823,60098.4375,0.7083032131195068
72300.0,0.0,0.0,-2098759.5,6.627392768859863,106.44194793701172,-0.0030469067860394716,60101.4140625,0.7082679271697998
72400.0,0.0,0.0,-2098756.25,6.038946628570557,95.90888977050781,-0.0012866453034803271,60104.859375,0.7082276344299316
72500.0,0.0,0.0,-2098758.5,6.835023880004883,96.1464614868164,9.615352610126138e-05,60108.66796875,0.7081828117370605
72600.0,0.0,0.0,-2098759.75,6.821556091308594,101.8245620727539,-0.0013379575684666634,60110.73046875,0.7081581354141235
72700.0,0.0,0.0,-2098757.0,7.938917636871338,97.50975799560547,0.00041074916953220963,60111.7421875,0.7081462144851685
72800.0,0.0,0.0,-2098759.5,6.6147871017456055,110.47354888916016,0.0015415330417454243,60112.51171875,0.7081373333930969
72900.0,0.0,0.0,-2098756.0,7.4015021324157715,101.12582397460938,0.0016697606770321727,60113.24609375,0.7081285715103149
73000.0,0.0,0.0,-2098759.0,6.580463409423828,105.44425201416016,0.00028580037178471684,60113.765625,0.7081223726272583
73100.0,0.0,0.0,-2098755.5,7.130353927612305,97.03424835205078,-0.0034957092721015215,60114.0234375,0.7081195712089539
73200.0,0.0,0.0,-2098758.5,6.469394683837891,101.8120346069336,-0.0020861688535660505,60113.79296875,0.7081223726272583
73300.0,0.0,0.0,-2098757.5,5.280393123626709,99.07447052001953,-0.0018682775553315878,60113.15234375,0.7081297039985657
73400.0,0.0,0.0,-2098762.5,6.0644307136535645,108.3333511352539,0.0016099888598546386,60112.01953125,0.7081432938575745
73500.0,0.0,0.0,-2098761.0,5.9816575050354,100.07693481445312,0.0007759648142382503,60110.515625,0.7081606984138489
73600.0,0.0,0.0,-2098760.75,7.930942535400391,100.38883209228516,0.0001095473999157548,60108.921875,0.708179771900177
73700.0,0.0,0.0,-2098759.75,6.488799571990967,103.05132293701172,0.0005072253989055753,60107.81640625,0.708192765712738
73800.0,0.0,0.0,-2098758.0,6.093059062957764,101.6982650756836,-0.00033112242817878723,60106.73046875,0.70820552110672
73900.0,0.0,0.0,-2098757.5,7.368762969970703,101.23757934570312,-0.0009488769574090838,60105.14453125,0.7082242369651794
74000.0,0.0,0.0,-2098756.25,6.802631378173828,98.981201171875,-0.0028467222582548857,60101.80078125,0.7082636952400208
74100.0,0.0,0.0,-2098757.75,7.462553977966309,101.60012817382812,-0.0004579368978738785,60097.02734375,0.7083196640014648
74200.0,0.0,0.0,-2098757.75,5.899702548980713,98.96015930175781,0.0004136455827392638,60092.26171875,0.7083760499954224
74300.0,0.0,0.0,-2098757.25,6.146556854248047,97.79503631591797,0.0016781485173851252,60088.09375,0.708424985408783
74400.0,0.0,0.0,-2098758.5,6.877066612243652,98.83949279785156,0.0011852679308503866,60084.12890625,0.7084716558456421
74500.0,0.0,0.0,-2098757.25,7.855180740356445,96.54544830322266,4.368217196315527e-05,60079.06640625,0.7085316181182861
74600.0,0.0,0.0,-2098758.25,5.952767848968506,100.59800720214844,-3.0051975045353174e-05,60072.46484375,0.7086094617843628
74700.0,0.0,0.0,-2098757.75,6.317688941955566,100.45291137695312,-0.000906983157619834,60065.93359375,0.7086864709854126
74800.0,0.0,0.0,-2098759.75,6.382336139678955,103.87982177734375,-0.0017192931845784187,60061.125,0.7087432742118835
74900.0,0.0,0.0,-2098760.25,5.167466163635254,103.5733642578125,-0.0027224223595112562,60057.109375,0.70879065990448
75000.0,0.0,0.0,-2098757.5,6.0488362312316895,94.7669677734375,0.0008585882605984807,60051.76953125,0.7088536620140076
75100.0,0.0,0.0,-2098759.5,5.867494583129883,99.9861068725586,0.002051886171102524,60042.21875,0.7089664340019226
75200.0,0.0,0.0,-2098760.0,6.785879135131836,99.85778045654297,0.000647455221042037,60032.28125,0.7090835571289062
75300.0,0.0,0.0,-2098757.75,6.122262477874756,97.4140853881836,-0.00018233800074085593,60025.2421875,0.7091667652130127
75400.0,0.0,0.0,-2098758.25,5.168449878692627,102.57645416259766,-0.0003684462863020599,60018.68359375,0.709244430065155
75500.0,0.0,0.0,-2098756.0,5.482260704040527,99.03194427490234,-0.00035859178751707077,60010.89453125,0.709336519241333
75600.0,0.0,0.0,-2098757.5,5.418524742126465,102.94993591308594,-0.0017376127652823925,60001.66015625,0.7094456553459167
75700.0,0.0,0.0,-2098758.25,5.285787582397461,102.70592498779297,-0.001289002364501357,59991.953125,0.709560215473175
75800.0,0.0,0.0,-2098759.0,5.793280601501465,101.84925842285156,-8.007907308638096e-05,59983.53125,0.7096601128578186
75900.0,0.0,0.0,-2098758.0,5.647063732147217,99.88919830322266,0.0007968272548168898,59976.34765625,0.7097451090812683
76000.0,0.0,0.0,-2098759.5,6.1358842849731445,102.1588363647461,0.0008760613854974508,59968.57421875,0.7098369598388672
76100.0,0.0,0.0,-2098756.0,6.2513556480407715,93.9522476196289,-0.0009439249406568706,59956.71484375,0.7099772691726685
76200.0,0.0,0.0,-2098758.0,7.215665817260742,98.74222564697266,-0.0017015787307173014,59942.6171875,0.7101444602012634
76300.0,0.0,0.0,-2098759.25,5.737027168273926,102.61426544189453,-0.0011008625151589513,59933.42578125,0.7102533578872681
76400.0,0.0,0.0,-2098758.75,7.000852584838867,100.88684844970703,0.0006392780924215913,59926.34765625,0.7103372812271118
76500.0,0.0,0.0,-2098758.75,6.385853290557861,99.16038513183594,0.0005648660007864237,59918.05859375,0.7104355096817017
76600.0,0.0,0.0,-2098759.0,6.0115838050842285,98.75704193115234,-0.0002740981290116906,59906.33984375,0.7105745077133179
76700.0,0.0,0.0,-2098758.5,8.305136680603027,96.02006530761719,0.000537235988304019,59892.7421875,0.710735559463501
76800.0,0.0,0.0,-2098759.0,6.572681427001953,97.76807403564453,0.000651490583550185,59880.87109375,0.7108766436576843
76900.0,0.0,0.0,-2098756.75,6.217301368713379,99.26788330078125,0.0007376794819720089,59870.609375,0.7109983563423157
77000.0,0.0,0.0,-2098759.0,5.813710689544678,107.54592895507812,-0.0016659521497786045,59859.859375,0.7111260294914246
77100.0,0.0,0.0,-2098755.75,5.9880595207214355,101.41337585449219,-0.0014660212909802794,59847.76171875,0.7112697958946228
77200.0,0.0,0.0,-2098756.75,6.259634971618652,101.65875244140625,-8.166523184627295e-05,59834.67578125,0.7114255428314209
77300.0,0.0,0.0,-2098758.25,5.316610813140869,101.47390747070312,-0.0008095126831904054,59821.81640625,0.7115784883499146
77400.0,0.0,0.0,-2098760.0,6.2280049324035645,102.44947814941406,-0.00026085140416398644,59809.7890625,0.7117215991020203
77500.0,0.0,0.0,-2098760.0,5.725426197052002,103.19320678710938,-5.349086131900549e-05,59797.73046875,0.7118648290634155
77600.0,0.0,0.0,-2098756.5,8.049501419067383,98.16259765625,0.0019230979960411787,59784.89453125,0.7120179533958435
77700.0,0.0,0.0,-2098759.0,5.560631275177002,102.60095977783203,0.00045298540499061346,59771.6484375,0.7121754884719849
77800.0,0.0,0.0,-2098755.0,7.748590469360352,93.9156494140625,-0.000923511921428144,59758.1640625,0.7123361825942993
77900.0,0.0,0.0,-2098759.5,5.821666240692139,100.81819152832031,-0.001438960898667574,59744.93359375,0.7124941349029541
78000.0,0.0,0.0,-2098759.5,7.096667766571045,99.28428649902344,-0.0005355942994356155,59731.76171875,0.7126513719558716
78100.0,0.0,0.0,-2098758.0,6.143970489501953,97.35404968261719,8.675592835061252e-05,59718.015625,0.7128151059150696
78200.0,0.0,0.0,-2098759.0,6.0222697257995605,101.8193359375,-0.00015987793449312449,59703.49609375,0.7129883766174316
78300.0,0.0,0.0,-2098757.75,7.313197135925293,100.76617431640625,3.538065357133746e-05,59688.9765625,0.7131618857383728
78400.0,0.0,0.0,-2098758.0,6.68435001373291,102.83527374267578,-0.0003702136455103755,59675.6015625,0.7133218050003052
78500.0,0.0,0.0,-2098756.5,8.143431663513184,95.8427963256836,0.0007537282072007656,59662.52734375,0.7134782671928406
78600.0,0.0,0.0,-2098759.75,6.108172416687012,99.79130554199219,-0.00017291225958615541,59648.44140625,0.7136465311050415
78700.0,0.0,0.0,-2098761.5,5.224210739135742,102.96021270751953,-0.0007450475241057575,59631.5625,0.7138485312461853
78800.0,0.0,0.0,-2098759.0,7.7762250900268555,99.64334106445312,-0.00043773825746029615,59614.43359375,0.7140538692474365
78900.0,0.0,0.0,-2098757.5,5.0651068687438965,98.85578918457031,-0.0005615632981061935,59601.05859375,0.7142139077186584
79000.0,0.0,0.0,-2098758.25,5.559812545776367,102.48653411865234,-5.412905011326075e-06,59590.23046875,0.7143439650535583
79100.0,0.0,0.0,-2098756.75,5.670248985290527,102.35436248779297,-0.0005623301258310676,59578.203125,0.7144879102706909
79200.0,0.0,0.0,-2098756.5,5.4512529373168945,100.48213195800781,-0.00043281144462525845,59559.05078125,0.7147178649902344
79300.0,0.0,0.0,-2098757.75,5.9442877769470215,97.5016098022461,0.0010945710819214582,59537.453125,0.7149771451950073
79400.0,0.0,0.0,-2098758.25,5.924433708190918,100.56761932373047,0.001783788320608437,59523.2265625,0.7151480317115784
79500.0,0.0,0.0,-2098758.0,6.521214485168457,99.91016387939453,-0.0006578697357326746,59511.9296875,0.7152835726737976
79600.0,0.0,0.0,-2098757.25,5.995360374450684,99.46336364746094,-0.001648562727496028,59498.77734375,0.715441882610321
79700.0,0.0,0.0,-2098758.0,5.958798408508301,103.30461883544922,4.288379568606615e-05,59482.27734375,0.7156403660774231
79800.0,0.0,0.0,-2098757.75,6.2485857009887695,99.75000762939453,0.00017707145889289677,59463.99609375,0.7158603072166443
79900.0,0.0,0.0,-2098758.5,5.891862869262695,96.51048278808594,-0.001056567532941699,59446.83203125,0.7160667777061462
80000.0,0.0,0.0,-2098760.0,5.063364028930664,98.13617706298828,-0.001070609549060464,59431.54296875,0.7162511944770813
80100.0,0.0,0.0,-2098759.0,5.9036688804626465,98.36670684814453,0.0006237294292077422,59416.51953125,0.7164321541786194
80200.0,0.0,0.0,-2098757.25,6.228227615356445,98.42981719970703,0.001967610791325569,59398.98828125,0.7166436314582825
80300.0,0.0,0.0,-2098759.5,6.773547172546387,107.61467742919922,0.000977720133960247,59377.44921875,0.7169035077095032
80400.0,0.0,0.0,-2098757.0,6.252732753753662,100.95816040039062,-0.00028496095910668373,59358.578125,0.7171317934989929
80500.0,0.0,0.0,-2098756.25,6.059610366821289,97.09699249267578,-0.0010390009265393019,59346.3984375,0.7172788381576538
80600.0,0.0,0.0,-2098758.25,5.970987796783447,100.0078353881836,-0.0010005743242800236,59335.98828125,0.7174047231674194
80700.0,0.0,0.0,-2098760.75,4.618040084838867,101.81707000732422,-0.0005414646002463996,59321.52734375,0.7175793647766113
80800.0,0.0,0.0,-2098758.75,5.722125053405762,97.82355499267578,-0.0010606669820845127,59299.5546875,0.7178454995155334
80900.0,0.0,0.0,-2098757.25,6.723339557647705,96.44709777832031,-2.135336399078369e-05,59278.3203125,0.7181024551391602
81000.0,0.0,0.0,-2098759.25,6.122110843658447,102.11396026611328,0.0013166982680559158,59262.4375,0.7182950973510742
81100.0,0.0,0.0,-2098758.0,6.738464832305908,101.26606750488281,0.0013353237882256508,59248.0390625,0.7184696793556213
81200.0,0.0,0.0,-2098759.0,6.183201313018799,105.40667724609375,-0.0003487310605123639,59231.58203125,0.718669056892395
81300.0,0.0,0.0,-2098755.5,4.965315341949463,97.46440124511719,-0.0007220951374620199,59212.33203125,0.7189027070999146
81400.0,0.0,0.0,-2098757.75,5.437844753265381,100.5521011352539,-0.0004998756339773536,59192.8203125,0.7191396951675415
81500.0,0.0,0.0,-2098757.5,5.968553066253662,98.08385467529297,5.802721716463566e-06,59175.58203125,0.7193490862846375
81600.0,0.0,0.0,-2098759.0,5.650964260101318,100.99722290039062,-0.0005562488222494721,59159.890625,0.7195401787757874
81700.0,0.0,0.0,-2098756.0,5.272608280181885,96.29815673828125,-0.0012042552698403597,59142.765625,0.7197484374046326
81800.0,0.0,0.0,-2098758.75,5.698872089385986,102.71559143066406,-0.0001297113485634327,59117.0234375,0.7200619578361511
81900.0,0.0,0.0,-2098755.5,4.982861042022705,95.91746520996094,0.0021213411819189787,59091.99609375,0.7203666567802429
82000.0,0.0,0.0,-2098759.0,6.241455078125,100.83500671386719,0.0012383279390633106,59078.42578125,0.7205323576927185
82100.0,0.0,0.0,-2098758.75,5.420354843139648,99.10966491699219,-0.0012962219770997763,59067.3359375,0.7206677198410034
82200.0,0.0,0.0,-2098759.75,5.844860076904297,101.94091796875,-4.116457421332598e-05,59052.36328125,0.7208501100540161
82300.0,0.0,0.0,-2098757.5,5.873337745666504,99.4623794555664,0.0010424500796943903,59029.98828125,0.7211233377456665
82400.0,0.0,0.0,-2098758.75,7.684072971343994,101.47704315185547,-0.0006339087267406285,59007.3984375,0.72139972448349
82500.0,0.0,0.0,-2098757.5,6.623876571655273,98.25540924072266,-0.0019665807485580444,58990.828125,0.7216020226478577
82600.0,0.0,0.0,-2098758.5,5.650287628173828,100.39524841308594,-0.0008960476261563599,58976.9453125,0.7217720150947571
82700.0,0.0,0.0,-2098758.5,6.743908882141113,100.56037139892578,0.0010202182456851006,58960.8828125,0.7219685316085815
82800.0,0.0,0.0,-2098756.75,6.410409450531006,98.6569595336914,0.0010108540300279856,58939.109375,0.7222353219985962
82900.0,0.0,0.0,-2098756.75,6.620645046234131,100.730224609375,0.0009675064356997609,58916.12109375,0.7225173115730286
83000.0,0.0,0.0,-2098758.25,6.312747955322266,102.24266815185547,0.0005567583139054477,58900.7109375,0.7227063775062561
83100.0,0.0,0.0,-2098758.0,5.769203186035156,101.80498504638672,0.00142372353002429,58891.69140625,0.7228168249130249
83200.0,0.0,0.0,-2098758.5,6.696535110473633,101.27867126464844,-3.603956429287791e-05,58884.109375,0.7229101061820984
83300.0,0.0,0.0,-2098758.5,5.927334308624268,100.05995178222656,-0.0014082749839872122,58869.7890625,0.7230858206748962
83400.0,0.0,0.0,-2098755.5,7.131925582885742,95.12654876708984,-0.0017202161252498627,58843.5390625,0.7234083414077759
83500.0,0.0,0.0,-2098755.5,5.708818435668945,96.89524841308594,-0.0010662509594112635,58821.7421875,0.7236762642860413
83600.0,0.0,0.0,-2098758.5,5.472118377685547,101.39682006835938,0.0007869543042033911,58806.7265625,0.7238613963127136
83700.0,0.0,0.0,-2098759.25,7.541318416595459,101.81915283203125,0.0004969931324012578,58792.9765625,0.7240303754806519
83800.0,0.0,0.0,-2098758.75,5.617926120758057,100.1958236694336,0.0009888411732390523,58775.17578125,0.7242500185966492
83900.0,0.0,0.0,-2098758.0,7.250491619110107,96.26762390136719,0.001157480524852872,58751.11328125,0.7245463132858276
84000.0,0.0,0.0,-2098761.5,5.8845696449279785,100.08177947998047,0.0017916944343596697,58729.37109375,0.7248145341873169
84100.0,0.0,0.0,-2098759.25,5.733448028564453,94.78874969482422,-2.719694748520851e-05,58714.015625,0.7250040769577026
84200.0,0.0,0.0,-2098758.75,5.294266700744629,98.51241302490234,-0.002176235429942608,58700.48828125,0.7251713275909424
84300.0,0.0,0.0,-2098756.75,4.637150287628174,99.78213500976562,-0.0013757662381976843,58682.98828125,0.725387454032898
84400.0,0.0,0.0,-2098756.0,4.963721752166748,99.95181274414062,0.00016728887567296624,58657.46875,0.7257032990455627
84500.0,0.0,0.0,-2098757.5,6.278171539306641,101.39620208740234,-0.00019802013412117958,58635.0546875,0.7259804606437683
84600.0,0.0,0.0,-2098758.75,5.099052906036377,102.53881072998047,-0.0005717576714232564,58622.2578125,0.7261391878128052
84700.0,0.0,0.0,-2098757.25,6.796554088592529,98.52095794677734,0.000897372723557055,58612.06640625,0.7262654900550842
84800.0,0.0,0.0,-2098757.5,5.610159397125244,99.89187622070312,0.0021058968268334866,58599.21484375,0.726424515247345
84900.0,0.0,0.0,-2098759.0,5.9551215171813965,101.85013580322266,0.0019121631048619747,58582.5859375,0.7266306281089783
85000.0,0.0,0.0,-2098756.75,5.9131083488464355,98.26426696777344,-0.00014487752923741937,58562.66015625,0.7268778681755066
85100.0,0.0,0.0,-2098757.75,6.912609100341797,98.1472396850586,-0.0014111616183072329,58542.09765625,0.7271335124969482
85200.0,0.0,0.0,-2098757.75,7.225307464599609,95.84723663330078,-0.0016869016690179706,58523.87890625,0.7273598313331604
85300.0,0.0,0.0,-2098757.75,6.054102897644043,98.40194702148438,-0.0006495220586657524,58507.875,0.7275588512420654
85400.0,0.0,0.0,-2098756.5,5.831828594207764,100.84095764160156,-0.00012443342711776495,58491.16796875,0.7277662754058838
85500.0,0.0,0.0,-2098756.5,6.6969499588012695,104.61527252197266,0.0006047076894901693,58470.28515625,0.7280263304710388
85600.0,0.0,0.0,-2098755.0,7.895992755889893,101.24877166748047,0.0016342708840966225,58447.27734375,0.7283130884170532
85700.0,0.0,0.0,-2098758.0,6.108136177062988,105.50489807128906,0.0015463419258594513,58430.3515625,0.7285239696502686
85800.0,0.0,0.0,-2098756.75,7.154595375061035,100.04065704345703,0.0007210817420855165,58418.66015625,0.7286699414253235
85900.0,0.0,0.0,-2098758.75,5.604648590087891,103.2145004272461,-0.0009573487332090735,58406.90625,0.7288163304328918
86000.0,0.0,0.0,-2098757.0,6.374687194824219,98.7254867553711,-0.000317658472340554,58387.38671875,0.7290601134300232
86100.0,0.0,0.0,-2098758.5,5.965978622436523,102.5632095336914,-0.0007220368133857846,58361.55078125,0.7293826937675476
86200.0,0.0,0.0,-2098756.25,5.1549882888793945,96.5235366821289,-0.0012652650475502014,58342.01171875,0.7296270132064819
86300.0,0.0,0.0,-2098758.5,6.030023097991943,100.23600006103516,-0.0009890857618302107,58326.41015625,0.7298221588134766
86400.0,0.0,0.0,-2098758.0,5.29964017868042,98.68991088867188,-2.5472138077020645e-05,58310.43359375,0.7300223112106323
86500.0,0.0,0.0,-2098758.25,5.623692035675049,100.20923614501953,0.0007288832566700876,58291.81640625,0.7302552461624146
86600.0,0.0,0.0,-2098756.5,6.02340030670166,98.86906433105469,0.0022085090167820454,58271.39453125,0.7305114269256592
86700.0,0.0,0.0,-2098757.75,6.44594144821167,101.15696716308594,0.0013162557734176517,58252.85546875,0.7307437062263489
86800.0,0.0,0.0,-2098755.5,6.8169779777526855,97.32768249511719,0.0010067769326269627,58238.1640625,0.7309281826019287
86900.0,0.0,0.0,-2098757.5,6.869985580444336,101.73168182373047,-0.0008938062819652259,58225.453125,0.7310875654220581
87000.0,0.0,0.0,-2098757.25,5.80165958404541,100.88679504394531,-0.001940811867825687,58209.51171875,0.731287956237793
87100.0,0.0,0.0,-2098757.75,6.398361682891846,102.23580932617188,-0.00038538710214197636,58184.70703125,0.7315995693206787
87200.0,0.0,0.0,-2098758.0,6.743884563446045,99.72765350341797,0.0005486729787662625,58163.02734375,0.7318724393844604
87300.0,0.0,0.0,-2098758.25,5.6998724937438965,99.4386215209961,0.0011412338353693485,58149.6015625,0.7320414185523987
87400.0,0.0,0.0,-2098757.5,5.254211902618408,97.42545318603516,0.000929682282730937,58137.5234375,0.7321935296058655
87500.0,0.0,0.0,-2098758.0,5.591497898101807,99.3910140991211,0.0014937836676836014,58122.078125,0.7323878407478333
87600.0,0.0,0.0,-2098757.25,4.922311305999756,99.00462341308594,0.0005471028853207827,58101.7578125,0.7326440215110779
87700.0,0.0,0.0,-2098755.5,6.126516819000244,98.52384185791016,-0.00015199946938082576,58082.0390625,0.7328927516937256
87800.0,0.0,0.0,-2098756.25,5.308080673217773,102.94851684570312,-0.0008684494532644749,58066.2578125,0.7330918908119202
87900.0,0.0,0.0,-2098756.0,5.197460651397705,104.40526580810547,-0.0007852041744627059,58051.81640625,0.7332744598388672
88000.0,0.0,0.0,-2098754.75,5.868533611297607,96.95460510253906,0.0012423943262547255,58036.2578125,0.7334710359573364
88100.0,0.0,0.0,-2098760.0,5.531193256378174,104.66182708740234,0.0002429917803965509,58019.01171875,0.7336888313293457
88200.0,0.0,0.0,-2098757.25,4.946808815002441,98.56704711914062,0.00020464728004299104,58001.7734375,0.733907163143158
88300.0,0.0,0.0,-2098758.75,5.614952564239502,101.1613998413086,0.0007878619362600148,57985.09375,0.7341181635856628
88400.0,0.0,0.0,-2098758.75,5.766972541809082,100.52881622314453,0.001911533297970891,57969.00390625,0.7343221306800842
88500.0,0.0,0.0,-2098757.0,6.634124279022217,98.03645324707031,0.0006053532124496996,57952.93359375,0.734525740146637
88600.0,0.0,0.0,-2098757.75,6.342470169067383,101.7432861328125,-0.0010895563755184412,57936.6796875,0.7347314953804016
88700.0,0.0,0.0,-2098756.5,5.2455244064331055,100.5411148071289,-0.0018641084898263216,57920.4609375,0.7349373698234558
88800.0,0.0,0.0,-2098756.25,6.170450687408447,100.56505584716797,0.00017853057943284512,57904.60546875,0.7351387143135071
88900.0,0.0,0.0,-2098756.5,4.8544921875,103.03412628173828,-8.983805309981108e-05,57890.29296875,0.7353202104568481
89000.0,0.0,0.0,-2098757.75,5.464132308959961,102.46561431884766,0.0004885840462520719,57876.734375,0.7354927659034729
89100.0,0.0,0.0,-2098758.5,5.848274230957031,100.32678985595703,0.0006731628091074526,57861.53515625,0.7356858849525452
89200.0,0.0,0.0,-2098758.5,5.3133649826049805,99.2796859741211,0.00030272657750174403,57843.00390625,0.7359213829040527
89300.0,0.0,0.0,-2098757.0,4.727287769317627,96.92353057861328,0.0017142707947641611,57825.55859375,0.7361437082290649
89400.0,0.0,0.0,-2098757.5,5.194853782653809,99.31671905517578,7.760641165077686e-05,57812.69921875,0.7363072037696838
89500.0,0.0,0.0,-2098756.25,5.052509784698486,99.4201431274414,0.000206022581551224,57801.7109375,0.7364473938941956
89600.0,0.0,0.0,-2098755.75,6.711199760437012,99.66988372802734,-0.0012007714249193668,57788.56640625,0.7366147637367249
89700.0,0.0,0.0,-2098755.75,6.480077743530273,101.25395202636719,-0.0006855166866444051,57769.2734375,0.7368606328964233
89800.0,0.0,0.0,-2098756.75,5.810249328613281,100.81855010986328,-0.000627446745056659,57750.8046875,0.7370965480804443
89900.0,0.0,0.0,-2098758.25,5.736166000366211,100.10555267333984,0.000645727850496769,57739.33203125,0.7372428178787231
90000.0,0.0,0.0,-2098759.0,4.84588623046875,100.9281997680664,0.0013759559951722622,57730.08984375,0.7373610138893127
90100.0,0.0,0.0,-2098756.25,5.64151668548584,96.1346664428711,0.0007742532761767507,57719.0625,0.7375019192695618
90200.0,0.0,0.0,-2098758.5,6.046041965484619,103.39676666259766,0.0013605819549411535,57705.01171875,0.7376814484596252
90300.0,0.0,0.0,-2098756.75,6.318013668060303,101.1630630493164,0.0008538915426470339,57690.07421875,0.7378724813461304
90400.0,0.0,0.0,-2098758.25,5.054866790771484,105.47832489013672,-0.000398427015170455,57676.02734375,0.7380521893501282
90500.0,0.0,0.0,-2098755.75,5.915874004364014,99.8742904663086,-0.0015759500674903393,57663.4453125,0.738213062286377
90600.0,0.0,0.0,-2098758.25,5.417415142059326,102.41915130615234,0.00018126246868632734,57651.25,0.738369345664978
90700.0,0.0,0.0,-2098756.0,5.338222026824951,96.28316497802734,0.0006696290802210569,57637.52734375,0.7385448813438416
90800.0,0.0,0.0,-2098758.75,5.548713684082031,103.3405532836914,0.0007993405451998115,57621.90625,0.7387454509735107
90900.0,0.0,0.0,-2098753.5,6.15504264831543,94.38056945800781,-7.563206600025296e-05,57607.97265625,0.7389237284660339
91000.0,0.0,0.0,-2098760.0,5.3553314208984375,108.29454803466797,0.00014593452215194702,57598.0859375,0.7390509247779846
91100.0,0.0,0.0,-2098755.0,5.093371391296387,95.5824203491211,0.0014968147734180093,57590.140625,0.7391526103019714
91200.0,0.0,0.0,-2098759.25,5.093677520751953,103.54803466796875,0.000930794863961637,57579.953125,0.7392836213111877
91300.0,0.0,0.0,-2098756.5,5.929956912994385,95.16484832763672,-0.0018567973747849464,57563.66015625,0.7394928932189941
91400.0,0.0,0.0,-2098759.5,6.079795837402344,104.17320251464844,-0.000837134663015604,57548.015625,0.7396937012672424
91500.0,0.0,0.0,-2098756.75,5.221216678619385,99.2953872680664,0.000751537096221,57537.08984375,0.7398345470428467
91600.0,0.0,0.0,-2098760.25,5.5195207595825195,108.07189178466797,0.00035711907548829913,57527.625,0.7399562001228333
91700.0,0.0,0.0,-2098756.25,5.608057022094727,96.01278686523438,-0.0004795475397258997,57516.87890625,0.7400940656661987
91800.0,0.0,0.0,-2098758.0,5.910610675811768,97.50086975097656,0.00028652092441916466,57504.0,0.740260124206543
91900.0,0.0,0.0,-2098756.5,5.211221694946289,94.31060791015625,0.002811013488098979,57491.0078125,0.7404274344444275
92000.0,0.0,0.0,-2098757.75,5.828644275665283,95.34940338134766,-1.1958356481045485e-05,57479.80078125,0.7405716776847839
92100.0,0.0,0.0,-2098757.5,6.5675458908081055,96.76907348632812,-0.0004133867914788425,57469.734375,0.7407014966011047
92200.0,0.0,0.0,-2098757.5,6.0408806800842285,99.9975814819336,-0.0005929002072662115,57459.00390625,0.7408398389816284
92300.0,0.0,0.0,-2098755.75,4.631333351135254,98.436767578125,0.00012381686246953905,57444.765625,0.7410234808921814
92400.0,0.0,0.0,-2098756.5,5.016894340515137,100.05488586425781,-0.00029914279002696276,57429.140625,0.7412250638008118
92500.0,0.0,0.0,-2098757.75,5.427748203277588,103.59353637695312,-0.00044375722063705325,57419.92578125,0.7413439154624939
92600.0,0.0,0.0,-2098758.5,6.266719818115234,102.29740905761719,0.00036857667146250606,57413.46875,0.7414272427558899
92700.0,0.0,0.0,-2098760.0,6.680862903594971,104.50660705566406,0.001315538538619876,57405.87109375,0.7415255308151245
92800.0,0.0,0.0,-2098757.25,5.327817440032959,98.1427993774414,0.0013422558549791574,57394.29296875,0.741675078868866
92900.0,0.0,0.0,-2098758.25,5.152942180633545,100.22775268554688,5.997912376187742e-05,57381.01953125,0.7418463826179504
93000.0,0.0,0.0,-2098758.75,4.583963871002197,102.09901428222656,-0.0002695542061701417,57370.85546875,0.741978108882904
93100.0,0.0,0.0,-2098757.75,4.988368988037109,101.77876281738281,-0.00029295653803274035,57362.81640625,0.7420818209648132
93200.0,0.0,0.0,-2098756.25,5.357066631317139,103.7253646850586,-2.8407666832208633e-06,57354.546875,0.7421891689300537
93300.0,0.0,0.0,-2098754.5,5.161715030670166,100.72461700439453,-0.0017419771756976843,57344.15625,0.7423233389854431
93400.0,0.0,0.0,-2098757.5,5.467110633850098,104.82535552978516,-0.0006450832588598132,57332.3359375,0.7424765825271606
93500.0,0.0,0.0,-2098756.75,4.8449530601501465,99.39077758789062,0.001297226408496499,57323.0703125,0.7425966262817383
93600.0,0.0,0.0,-2098757.25,5.698934078216553,97.48455810546875,0.0009380612755194306,57317.78515625,0.7426648139953613
93700.0,0.0,0.0,-2098757.5,6.067967414855957,97.32994079589844,0.0003198233025614172,57314.7578125,0.7427040338516235
93800.0,0.0,0.0,-2098758.25,5.3518805503845215,99.3575668334961,0.00020669476361945271,57311.31640625,0.7427486181259155
93900.0,0.0,0.0,-2098757.25,5.967899322509766,99.46644592285156,0.0006911454838700593,57304.13671875,0.7428420186042786
94000.0,0.0,0.0,-2098755.5,5.272822380065918,100.0260238647461,0.0006217167247086763,57293.81640625,0.7429757714271545
94100.0,0.0,0.0,-2098756.0,5.847613334655762,101.21733856201172,-0.001309855142608285,57284.9375,0.7430905699729919
94200.0,0.0,0.0,-2098755.5,5.75456428527832,99.3311996459961,-0.0012936812127009034,57278.24609375,0.7431777715682983
94300.0,0.0,0.0,-2098758.75,5.265420913696289,102.72539520263672,0.0004021571949124336,57272.09765625,0.7432572841644287
94400.0,0.0,0.0,-2098758.75,5.12576961517334,100.81929016113281,0.002330515068024397,57264.64453125,0.743354320526123
94500.0,0.0,0.0,-2098757.25,6.562933444976807,97.95585632324219,0.0004826057411264628,57255.33203125,0.7434751987457275
94600.0,0.0,0.0,-2098758.0,5.107621192932129,99.39359283447266,0.00042054697405546904,57246.8515625,0.7435854077339172
94700.0,0.0,0.0,-2098757.5,8.303250312805176,99.31095123291016,0.0003550141700543463,57240.99609375,0.743661105632782
94800.0,0.0,0.0,-2098756.5,5.356502056121826,100.2636489868164,-4.5363500248640776e-05,57236.1171875,0.7437247633934021
94900.0,0.0,0.0,-2098755.5,5.325821876525879,99.67523193359375,-0.0005607473431155086,57229.8984375,0.7438055872917175
95000.0,0.0,0.0,-2098758.5,5.188889980316162,108.42659759521484,-0.0010172161273658276,57220.10546875,0.7439327239990234
95100.0,0.0,0.0,-2098756.25,7.377354621887207,101.3890380859375,0.00048669904936105013,57211.57421875,0.7440438270568848
95200.0,0.0,0.0,-2098757.5,5.951167583465576,100.53230285644531,0.0005289076361805201,57206.52734375,0.7441094517707825
95300.0,0.0,0.0,-2098756.5,5.2366766929626465,96.79476928710938,0.0001404263311997056,57201.98828125,0.744168221950531
95400.0,0.0,0.0,-2098758.0,5.6754069328308105,100.15447998046875,-0.0010858599562197924,57196.5390625,0.7442395091056824
95500.0,0.0,0.0,-2098755.5,5.577042579650879,97.40849304199219,0.0009221850195899606,57189.60546875,0.7443296909332275
95600.0,0.0,0.0,-2098757.75,6.480848789215088,101.95085144042969,0.0009472075616940856,57182.390625,0.7444232702255249
95700.0,0.0,0.0,-2098756.25,6.4894304275512695,99.01753234863281,-0.0003055339911952615,57176.390625,0.7445014119148254
95800.0,0.0,0.0,-2098759.0,7.066842555999756,101.76036071777344,-0.0005827905843034387,57171.51171875,0.7445651888847351
95900.0,0.0,0.0,-2098757.75,5.213334083557129,100.05900573730469,-1.621869159862399e-05,57166.45703125,0.7446310520172119
96000.0,0.0,0.0,-2098757.0,5.429891586303711,97.86128997802734,0.002499079331755638,57159.72265625,0.7447187900543213
96100.0,0.0,0.0,-2098758.75,5.923831462860107,102.15821075439453,-0.0006875045946799219,57151.8125,0.7448214888572693
96200.0,0.0,0.0,-2098756.5,6.142007827758789,97.6927490234375,-0.000559263105969876,57146.578125,0.7448899149894714
96300.0,0.0,0.0,-2098757.75,5.009456634521484,100.17053985595703,-0.0011285170912742615,57143.2421875,0.7449332475662231
96400.0,0.0,0.0,-2098758.5,6.126044750213623,103.27041625976562,0.0007864822400733829,57139.87890625,0.7449774146080017
96500.0,0.0,0.0,-2098757.0,5.149317741394043,103.00836944580078,-7.484533125534654e-05,57135.15625,0.7450386881828308
96600.0,0.0,0.0,-2098758.0,6.156181335449219,102.1395034790039,-0.0007936792098917067,57129.28125,0.7451155781745911
96700.0,0.0,0.0,-2098759.75,5.492702007293701,103.30078125,0.0014223650796338916,57123.83984375,0.7451865673065186
96800.0,0.0,0.0,-2098757.75,5.913766860961914,97.46147918701172,0.001555737922899425,57119.125,0.7452480792999268
96900.0,0.0,0.0,-2098759.0,5.694244861602783,102.22108459472656,0.0019547403790056705,57115.03515625,0.7453014254570007
97000.0,0.0,0.0,-2098757.5,4.970935821533203,99.92959594726562,-0.0014294887660071254,57110.56640625,0.7453598380088806
97100.0,0.0,0.0,-2098757.0,5.234942436218262,101.27904510498047,-0.0008145751780830324,57105.44140625,0.7454264760017395
97200.0,0.0,0.0,-2098755.5,6.786349773406982,99.07486724853516,-0.0005499424878507853,57100.54296875,0.7454906105995178
97300.0,0.0,0.0,-2098757.0,6.317294597625732,101.04456329345703,-5.125184543430805e-06,57097.05078125,0.7455360293388367
97400.0,0.0,0.0,-2098757.75,6.953197956085205,98.8508071899414,-0.00030897167744114995,57094.57421875,0.7455685138702393
97500.0,0.0,0.0,-2098758.5,5.6086530685424805,99.14299774169922,0.00014811416622251272,57091.95703125,0.7456024885177612
97600.0,0.0,0.0,-2098756.75,5.281070709228516,97.07511138916016,0.0021106074564158916,57087.72265625,0.7456580400466919
97700.0,0.0,0.0,-2098757.5,5.472583770751953,101.4289779663086,0.0010869662510231137,57083.08203125,0.745718777179718
97800.0,0.0,0.0,-2098758.75,5.770778656005859,103.9608154296875,0.0002584101748652756,57079.8359375,0.745760977268219
97900.0,0.0,0.0,-2098757.0,8.178084373474121,101.02320098876953,-0.0014032243052497506,57077.3359375,0.7457937002182007
98000.0,0.0,0.0,-2098757.0,6.875577449798584,98.50293731689453,0.0005529240006580949,57074.703125,0.7458279132843018
98100.0,0.0,0.0,-2098757.25,7.101542949676514,96.71443939208984,-0.0009208724368363619,57071.71484375,0.7458672523498535
98200.0,0.0,0.0,-2098758.5,6.233383655548096,100.10167694091797,-0.00023766298545524478,57068.6640625,0.7459070086479187
98300.0,0.0,0.0,-2098759.25,6.048913478851318,101.4482421875,0.0006172907305881381,57065.95703125,0.745942234992981
98400.0,0.0,0.0,-2098758.25,6.493246555328369,100.29812622070312,0.0012934792321175337,57063.7421875,0.7459713816642761
98500.0,0.0,0.0,-2098755.25,5.282225131988525,95.61702728271484,0.0017119323601946235,57061.8359375,0.7459962964057922
98600.0,0.0,0.0,-2098758.0,5.815329074859619,102.15926361083984,0.00019200658425688744,57059.31640625,0.7460291385650635
98700.0,0.0,0.0,-2098757.25,5.267016410827637,105.03179931640625,-0.0008178599528037012,57056.140625,0.7460706233978271
98800.0,0.0,0.0,-2098754.75,5.42654275894165,98.33705139160156,-0.0016535829054191709,57054.265625,0.7460952997207642
98900.0,0.0,0.0,-2098758.75,5.6893510818481445,103.09156036376953,-0.00046459969598799944,57053.01953125,0.7461115717887878
99000.0,0.0,0.0,-2098757.0,5.422205448150635,98.58385467529297,-0.0005902807461097836,57051.83984375,0.7461268901824951
99100.0,0.0,0.0,-2098755.75,6.7869367599487305,96.76622772216797,0.001133559737354517,57050.25,0.7461475133895874
99200.0,0.0,0.0,-2098757.5,6.231221675872803,103.56639099121094,0.0017811283469200134,57048.33984375,0.7461724877357483
99300.0,0.0,0.0,-2098757.0,5.942246437072754,100.76920318603516,0.0019387768115848303,57046.8984375,0.7461916208267212
99400.0,0.0,0.0,-2098759.0,5.403989315032959,102.1177749633789,0.0003205206885468215,57045.875,0.7462048530578613
99500.0,0.0,0.0,-2098758.25,5.6280012130737305,100.09507751464844,-0.0014195293188095093,57045.00390625,0.7462161183357239
99600.0,0.0,0.0,-2098756.0,5.988213062286377,94.56807708740234,-0.0017690225504338741,57043.91796875,0.7462306618690491
99700.0,0.0,0.0,-2098758.0,5.119688510894775,99.23681640625,-0.001462921965867281,57042.59375,0.7462477087974548
99800.0,0.0,0.0,-2098760.0,5.654026031494141,109.8426284790039,0.0008237720467150211,57041.64453125,0.7462603449821472
99900.0,0.0,0.0,-2098755.5,6.777019023895264,97.58211517333984,0.0012875339016318321,57041.2734375,0.7462649941444397
