step,graph_idx,status,energy,fmax,temperature,pressure_eV_A3,volume_A3,density_g_cm3
0.0,0.0,0.0,-4199821.0,14.789786338806152,497.419677734375,4.30145300924778e-05,77053.1953125,1.1049174070358276
100.0,0.0,0.0,-4199834.5,15.670753479003906,510.3171691894531,-0.0003339918330311775,77083.40625,1.1044842004776
200.0,0.0,0.0,-4199833.0,15.740248680114746,506.4339294433594,-0.00017843954265117645,77111.3515625,1.1040840148925781
300.0,0.0,0.0,-4199831.5,12.36997127532959,501.7879943847656,0.0003909964580088854,77136.8984375,1.1037182807922363
400.0,0.0,0.0,-4199833.0,14.886890411376953,501.0772705078125,-0.00041209347546100616,77160.09375,1.1033865213394165
500.0,0.0,0.0,-4199834.5,11.067852020263672,500.4543762207031,-0.00025931280106306076,77180.8203125,1.1030901670455933
600.0,0.0,0.0,-4199829.5,13.055718421936035,494.9659729003906,-0.0010007857345044613,77199.0703125,1.1028295755386353
700.0,0.0,0.0,-4199822.0,11.588139533996582,490.1922912597656,0.00016885134391486645,77215.234375,1.1025986671447754
800.0,0.0,0.0,-4199831.0,13.576705932617188,504.0203857421875,-0.0007566632702946663,77229.671875,1.102392554283142
900.0,0.0,0.0,-4199829.0,13.714046478271484,505.3260803222656,0.0013022648636251688,77241.2734375,1.1022268533706665
1000.0,0.0,0.0,-4199827.5,9.768780708312988,506.8858337402344,-0.0007880162447690964,77250.546875,1.1020945310592651
1100.0,0.0,0.0,-4199829.0,12.075257301330566,511.625,3.4706201404333115e-05,77257.859375,1.1019902229309082
1200.0,0.0,0.0,-4199818.0,13.109631538391113,497.6333923339844,-0.0006004199385643005,77264.421875,1.1018966436386108
1300.0,0.0,0.0,-4199833.5,14.404406547546387,509.5300598144531,-0.0011995034292340279,77269.625,1.1018223762512207
1400.0,0.0,0.0,-4199828.0,10.345430374145508,499.4471740722656,0.0007505735848098993,77273.0625,1.1017735004425049
1500.0,0.0,0.0,-4199829.0,11.949478149414062,496.1592102050781,-0.0002245497889816761,77275.34375,1.1017409563064575
1600.0,0.0,0.0,-4199838.0,9.796298027038574,503.272705078125,0.001112885307520628,77274.7265625,1.1017496585845947
1700.0,0.0,0.0,-4199832.5,12.463019371032715,496.05718994140625,-0.0014601186849176884,77273.1328125,1.101772427558899
1800.0,0.0,0.0,-4199836.0,14.976027488708496,499.9686279296875,0.0004657523240894079,77269.1875,1.101828694343567
1900.0,0.0,0.0,-4199831.5,11.531333923339844,501.1407470703125,6.408104673027992e-05,77263.2265625,1.1019136905670166
2000.0,0.0,0.0,-4199825.5,12.31709098815918,502.918212890625,-0.0009207609109580517,77254.9609375,1.1020317077636719
2100.0,0.0,0.0,-4199826.5,11.99764633178711,511.77227783203125,0.000713110901415348,77243.8828125,1.1021896600723267
2200.0,0.0,0.0,-4199819.0,14.607173919677734,504.6953430175781,1.1231284588575363e-05,77231.15625,1.1023712158203125
2300.0,0.0,0.0,-4199824.0,13.14327621459961,505.83135986328125,0.00013245316222310066,77216.3125,1.1025831699371338
2400.0,0.0,0.0,-4199819.0,11.673259735107422,492.26580810546875,-0.0013171900063753128,77199.359375,1.1028252840042114
2500.0,0.0,0.0,-4199825.5,16.407068252563477,496.71429443359375,-7.431488484144211e-05,77179.9375,1.1031028032302856
2600.0,0.0,0.0,-4199828.0,12.825961112976074,499.0500793457031,0.0006917654536664486,77158.3671875,1.1034111976623535
2700.0,0.0,0.0,-4199831.0,12.190842628479004,501.27398681640625,-0.00029413774609565735,77134.796875,1.1037483215332031
2800.0,0.0,0.0,-4199835.0,12.881464958190918,503.61651611328125,0.0005458847153931856,77109.1953125,1.1041148900985718
2900.0,0.0,0.0,-4199832.5,10.904876708984375,499.1570129394531,-0.0015103821642696857,77081.7890625,1.1045074462890625
3000.0,0.0,0.0,-4199837.0,15.711934089660645,501.7321472167969,-0.0010064742527902126,77052.5,1.1049271821975708
3100.0,0.0,0.0,-4199827.5,12.923918724060059,490.56787109375,-0.00016775354743003845,77021.875,1.105366587638855
3200.0,0.0,0.0,-4199834.5,10.380711555480957,498.62396240234375,0.0009373712819069624,76990.2421875,1.1058207750320435
3300.0,0.0,0.0,-4199829.5,12.143423080444336,495.751953125,8.148606866598129e-05,76957.8828125,1.1062856912612915
3400.0,0.0,0.0,-4199833.0,12.459798812866211,502.6085205078125,-0.0007175933569669724,76924.8046875,1.1067614555358887
3500.0,0.0,0.0,-4199829.5,13.333709716796875,505.0977478027344,0.00028430111706256866,76891.5,1.1072407960891724
3600.0,0.0,0.0,-4199827.5,11.559389114379883,506.1163635253906,-0.001054462045431137,76858.1875,1.1077207326889038
3700.0,0.0,0.0,-4199826.5,12.005983352661133,505.5711975097656,0.0008237778674811125,76824.0234375,1.1082133054733276
3800.0,0.0,0.0,-4199823.5,12.193682670593262,499.6974792480469,-0.0002919090911746025,76789.8984375,1.108705759048462
3900.0,0.0,0.0,-4199827.0,14.529224395751953,503.67919921875,0.0007688845507800579,76756.015625,1.109195351600647
4000.0,0.0,0.0,-4199827.5,13.145322799682617,500.6790466308594,-0.0005900771357119083,76722.15625,1.1096848249435425
4100.0,0.0,0.0,-4199832.5,12.469099998474121,506.37054443359375,-0.0003262581303715706,76688.3671875,1.1101738214492798
4200.0,0.0,0.0,-4199828.5,12.845569610595703,501.81964111328125,0.0001784090418368578,76654.3515625,1.1106663942337036
4300.0,0.0,0.0,-4199832.5,11.288369178771973,504.6220703125,-0.0011255019344389439,76620.546875,1.1111563444137573
4400.0,0.0,0.0,-4199832.5,15.851974487304688,502.53619384765625,0.0008881562389433384,76587.1484375,1.1116409301757812
4500.0,0.0,0.0,-4199828.0,12.56778335571289,494.8358154296875,-0.0005912408232688904,76555.765625,1.1120965480804443
4600.0,0.0,0.0,-4199835.0,13.533540725708008,501.7763977050781,0.0021176482550799847,76525.0,1.1125437021255493
4700.0,0.0,0.0,-4199834.0,13.393841743469238,498.73040771484375,-0.00045342976227402687,76495.2734375,1.11297607421875
4800.0,0.0,0.0,-4199838.0,13.9848051071167,502.215087890625,-7.399450987577438e-05,76466.0859375,1.1134008169174194
4900.0,0.0,0.0,-4199834.0,12.111499786376953,499.30072021484375,-0.0017713080160319805,76437.234375,1.1138211488723755
5000.0,0.0,0.0,-4199834.5,11.9042387008667,500.548583984375,-0.0007211342453956604,76408.7109375,1.1142370700836182
5100.0,0.0,0.0,-4199834.5,12.498502731323242,503.4088439941406,0.0026729777455329895,76381.40625,1.1146352291107178
5200.0,0.0,0.0,-4199829.0,10.705195426940918,501.20697021484375,0.001968132331967354,76356.890625,1.1149930953979492
5300.0,0.0,0.0,-4199824.5,11.8502197265625,505.3636779785156,0.0006411699578166008,76335.140625,1.115310788154602
5400.0,0.0,0.0,-4199820.0,12.031818389892578,502.5592956542969,-0.00165546964854002,76316.21875,1.1155874729156494
5500.0,0.0,0.0,-4199824.0,13.144959449768066,504.35650634765625,-0.0007138773798942566,76299.6328125,1.1158298254013062
5600.0,0.0,0.0,-4199829.5,9.91639518737793,504.8118591308594,0.0007824762724339962,76285.4453125,1.116037368774414
5700.0,0.0,0.0,-4199839.0,11.410926818847656,510.8385009765625,0.001932772807776928,76273.6640625,1.116209864616394
5800.0,0.0,0.0,-4199832.5,11.208971977233887,500.2962646484375,0.0004402110353112221,76263.734375,1.116355061531067
5900.0,0.0,0.0,-4199832.0,10.876891136169434,497.36065673828125,-0.0011672861874103546,76255.078125,1.1164817810058594
6000.0,0.0,0.0,-4199836.0,13.272875785827637,500.6581726074219,-0.00045513641089200974,76246.75,1.1166038513183594
6100.0,0.0,0.0,-4199832.5,13.074589729309082,502.05438232421875,-6.648385897278786e-05,76238.5546875,1.1167237758636475
6200.0,0.0,0.0,-4199828.5,12.357989311218262,500.3794860839844,7.929513230919838e-05,76231.5234375,1.1168267726898193
6300.0,0.0,0.0,-4199831.5,10.787110328674316,500.62823486328125,-0.0006844932213425636,76226.6015625,1.116899013519287
6400.0,0.0,0.0,-4199833.5,9.999856948852539,496.4409484863281,0.00012038089334964752,76224.046875,1.1169363260269165
6500.0,0.0,0.0,-4199836.0,13.142131805419922,492.7429504394531,0.0015180374030023813,76222.875,1.1169534921646118
6600.0,0.0,0.0,-4199844.0,10.509355545043945,498.7234802246094,0.0007335336413234472,76223.2578125,1.116947889328003
6700.0,0.0,0.0,-4199831.5,12.885489463806152,494.9077453613281,0.0007113618776202202,76225.15625,1.1169201135635376
6800.0,0.0,0.0,-4199834.5,11.298650741577148,501.49951171875,-0.0010648625902831554,76228.6640625,1.1168686151504517
6900.0,0.0,0.0,-4199832.5,11.053995132446289,501.6384582519531,1.7671380192041397e-05,76232.5234375,1.1168122291564941
7000.0,0.0,0.0,-4199838.5,15.081040382385254,508.0225524902344,-0.0007047536782920361,76236.5625,1.1167529821395874
7100.0,0.0,0.0,-4199838.5,10.711270332336426,506.9806823730469,0.00036987196654081345,76241.25,1.1166843175888062
7200.0,0.0,0.0,-4199833.0,10.900646209716797,500.2464294433594,0.0005191061645746231,76247.609375,1.1165910959243774
7300.0,0.0,0.0,-4199825.0,12.07914924621582,500.4585876464844,8.407654240727425e-05,76255.8359375,1.1164706945419312
7400.0,0.0,0.0,-4199832.5,11.470990180969238,506.8282165527344,0.001093229977414012,76266.4453125,1.116315484046936
7500.0,0.0,0.0,-4199826.0,11.824128150939941,497.0888671875,0.0004689861088991165,76279.6328125,1.1161223649978638
7600.0,0.0,0.0,-4199836.5,14.028708457946777,503.1596374511719,0.0007596812210977077,76294.5859375,1.1159037351608276
7700.0,0.0,0.0,-4199833.0,13.25678825378418,500.6914367675781,-0.0007348880171775818,76311.4921875,1.1156564950942993
7800.0,0.0,0.0,-4199825.5,13.01599407196045,493.3481140136719,-0.00044566160067915916,76329.8359375,1.11538827419281
7900.0,0.0,0.0,-4199823.0,11.175313949584961,492.20367431640625,-0.0003182617947459221,76348.90625,1.1151098012924194
8000.0,0.0,0.0,-4199829.0,14.734830856323242,497.59423828125,0.0005432392936199903,76369.1015625,1.1148148775100708
8100.0,0.0,0.0,-4199829.5,9.670633316040039,497.61956787109375,0.0014546527527272701,76391.4296875,1.114488959312439
8200.0,0.0,0.0,-4199834.5,11.209813117980957,506.65411376953125,0.0004013553261756897,76415.828125,1.1141331195831299
8300.0,0.0,0.0,-4199829.0,11.450984954833984,500.44580078125,-0.0007985415868461132,76441.0703125,1.1137653589248657
8400.0,0.0,0.0,-4199827.5,11.940518379211426,495.09442138671875,-0.0008745314553380013,76466.234375,1.1133986711502075
8500.0,0.0,0.0,-4199836.0,12.317086219787598,499.02325439453125,0.00046770554035902023,76491.6328125,1.1130290031433105
8600.0,0.0,0.0,-4199834.0,10.553515434265137,499.060302734375,0.0001976308412849903,76517.5859375,1.1126514673233032
8700.0,0.0,0.0,-4199834.0,11.24306583404541,497.0489501953125,-0.0006225751712918282,76543.6953125,1.112272024154663
8800.0,0.0,0.0,-4199835.0,14.58704948425293,497.483642578125,0.0003919301088899374,76569.765625,1.1118932962417603
8900.0,0.0,0.0,-4199838.0,14.119614601135254,501.44818115234375,0.0004453691653907299,76595.703125,1.1115167140960693
9000.0,0.0,0.0,-4199838.0,11.27535629272461,507.1846618652344,0.0005336240865290165,76622.0625,1.11113440990448
9100.0,0.0,0.0,-4199827.5,12.885278701782227,498.1065368652344,-0.0008615879341959953,76648.578125,1.1107500791549683
9200.0,0.0,0.0,-4199830.0,10.242199897766113,500.9563293457031,-0.0010685431770980358,76675.046875,1.1103665828704834
9300.0,0.0,0.0,-4199821.5,11.540690422058105,491.8390808105469,0.0013603128027170897,76701.6328125,1.109981656074524
9400.0,0.0,0.0,-4199823.5,14.160048484802246,497.8426208496094,0.000914017902687192,76729.140625,1.1095837354660034
9500.0,0.0,0.0,-4199834.0,9.989992141723633,508.2646179199219,-9.635929018259048e-06,76756.9375,1.1091822385787964
9600.0,0.0,0.0,-4199830.5,10.955591201782227,501.3603210449219,-0.0021546767093241215,76783.84375,1.1087933778762817
9700.0,0.0,0.0,-4199836.5,13.022531509399414,502.1529846191406,0.0002860953100025654,76809.234375,1.1084266901016235
9800.0,0.0,0.0,-4199833.0,10.629439353942871,501.57537841796875,0.0010392768308520317,76833.203125,1.1080808639526367
9900.0,0.0,0.0,-4199838.0,12.896821022033691,504.1168518066406,0.0006523460615426302,76856.4765625,1.1077454090118408
10000.0,0.0,0.0,-4199838.5,13.779438972473145,503.4223327636719,-0.0008973074145615101,76878.7734375,1.1074241399765015
10100.0,0.0,0.0,-4199831.0,11.375365257263184,495.00115966796875,-0.001259555108845234,76898.5390625,1.1071394681930542
10200.0,0.0,0.0,-4199831.0,12.502312660217285,498.91241455078125,0.0005477052181959152,76916.53125,1.10688054561615
10300.0,0.0,0.0,-4199835.5,9.264962196350098,504.97857666015625,0.00018106726929545403,76932.7890625,1.1066466569900513
10400.0,0.0,0.0,-4199832.5,15.575684547424316,502.4004211425781,-0.00032997550442814827,76947.84375,1.1064300537109375
10500.0,0.0,0.0,-4199834.0,13.244564056396484,503.5630187988281,-0.0006458060815930367,76960.8515625,1.1062430143356323
10600.0,0.0,0.0,-4199830.5,11.326130867004395,498.698486328125,1.280754804611206e-05,76972.34375,1.1060779094696045
10700.0,0.0,0.0,-4199827.5,11.438681602478027,500.02252197265625,-0.0006239651702344418,76983.3046875,1.105920433998108
10800.0,0.0,0.0,-4199828.5,14.609301567077637,501.8114013671875,-0.0011603743769228458,76993.453125,1.1057746410369873
10900.0,0.0,0.0,-4199837.0,13.246896743774414,510.58245849609375,-0.0002309582196176052,77003.203125,1.1056345701217651
11000.0,0.0,0.0,-4199829.0,10.420695304870605,500.0731506347656,0.00020797294564545155,77012.203125,1.1055054664611816
11100.0,0.0,0.0,-4199827.5,11.938393592834473,495.1317443847656,0.002225164556875825,77020.5234375,1.1053860187530518
11200.0,0.0,0.0,-4199839.5,11.716123580932617,510.2206115722656,0.00039207120425999165,77028.6328125,1.1052695512771606
11300.0,0.0,0.0,-4199830.0,10.501510620117188,500.32562255859375,-0.0020423843525350094,77036.25,1.1051603555679321
11400.0,0.0,0.0,-4199828.0,13.346656799316406,495.9179382324219,-0.0005352520383894444,77043.2265625,1.1050602197647095
11500.0,0.0,0.0,-4199834.0,8.919533729553223,500.4389343261719,-0.00037342263385653496,77050.1875,1.104960560798645
11600.0,0.0,0.0,-4199835.0,13.310800552368164,499.6050109863281,0.0018048123456537724,77055.8984375,1.104878544807434
11700.0,0.0,0.0,-4199832.5,11.379042625427246,496.2540588378906,0.0005599996075034142,77060.5859375,1.104811429977417
11800.0,0.0,0.0,-4199844.5,10.944586753845215,507.2310485839844,-0.0006065093912184238,77064.03125,1.1047619581222534
11900.0,0.0,0.0,-4199833.5,12.436180114746094,500.72210693359375,-0.002629361115396023,77065.65625,1.1047388315200806
12000.0,0.0,0.0,-4199830.0,14.543766975402832,494.8817138671875,-0.0004388410598039627,77064.671875,1.104752779006958
12100.0,0.0,0.0,-4199834.5,12.127229690551758,497.1241760253906,0.0019040810875594616,77061.296875,1.104801058769226
12200.0,0.0,0.0,-4199834.0,14.795637130737305,495.1737976074219,0.0011269485112279654,77057.3515625,1.1048576831817627
12300.0,0.0,0.0,-4199832.5,11.647880554199219,494.155517578125,0.0008800881914794445,77052.96875,1.104920506477356
12400.0,0.0,0.0,-4199836.0,13.74364948272705,501.9841613769531,-0.001771390438079834,77048.78125,1.1049805879592896
12500.0,0.0,0.0,-4199838.5,12.251607894897461,509.13934326171875,-0.0007532979361712933,77043.234375,1.10506010055542
12600.0,0.0,0.0,-4199836.0,9.3499116897583,511.1142578125,0.00012616487219929695,77037.8203125,1.105137825012207
12700.0,0.0,0.0,-4199830.0,10.776376724243164,507.2079772949219,4.4945161789655685e-05,77032.9375,1.1052078008651733
12800.0,0.0,0.0,-4199830.5,12.411497116088867,507.23486328125,0.0002497320529073477,77026.890625,1.1052945852279663
12900.0,0.0,0.0,-4199825.5,12.640542030334473,500.5311279296875,-0.00048541557043790817,77019.890625,1.1053951978683472
13000.0,0.0,0.0,-4199835.5,11.91957950592041,507.3033447265625,-0.00020218593999743462,77011.8203125,1.105510950088501
13100.0,0.0,0.0,-4199831.0,10.831361770629883,504.5064392089844,-3.220653161406517e-05,77002.8203125,1.105640172958374
13200.0,0.0,0.0,-4199841.5,12.366931915283203,516.1472778320312,0.0005728821270167828,76992.578125,1.1057871580123901
13300.0,0.0,0.0,-4199820.0,11.756534576416016,495.97186279296875,-0.00016515329480171204,76981.2421875,1.1059499979019165
13400.0,0.0,0.0,-4199822.5,14.14323902130127,497.6534423828125,-0.00039084069430828094,76969.3359375,1.1061210632324219
13500.0,0.0,0.0,-4199829.0,12.28223991394043,503.99493408203125,-0.0001130807213485241,76957.15625,1.1062963008880615
13600.0,0.0,0.0,-4199825.0,12.423603057861328,497.1337585449219,-0.0013892501592636108,76943.484375,1.1064928770065308
13700.0,0.0,0.0,-4199831.0,12.154960632324219,500.62457275390625,0.0009907183703035116,76929.03125,1.1067006587982178
13800.0,0.0,0.0,-4199832.5,13.006152153015137,503.03424072265625,0.0002804957330226898,76914.71875,1.106906533241272
13900.0,0.0,0.0,-4199827.5,12.04172420501709,500.3827209472656,0.0012547962833195925,76900.3046875,1.1071141958236694
14000.0,0.0,0.0,-4199827.5,9.935409545898438,502.01812744140625,0.00012166425585746765,76886.625,1.1073110103607178
14100.0,0.0,0.0,-4199823.5,12.624626159667969,498.8885498046875,-0.0009612678550183773,76872.1796875,1.1075190305709839
14200.0,0.0,0.0,-4199816.0,11.913969993591309,494.0252380371094,-0.0012619872577488422,76857.4140625,1.1077319383621216
14300.0,0.0,0.0,-4199826.5,12.457452774047852,504.7818603515625,0.00032950611785054207,76842.3125,1.1079496145248413
14400.0,0.0,0.0,-4199824.0,11.567654609680176,501.0007629394531,0.00122637371532619,76828.0546875,1.1081551313400269
14500.0,0.0,0.0,-4199833.0,13.572272300720215,510.8429870605469,-0.00012238696217536926,76814.28125,1.108353853225708
14600.0,0.0,0.0,-4199830.0,12.860221862792969,508.2326965332031,0.000293307239189744,76800.0859375,1.1085587739944458
14700.0,0.0,0.0,-4199830.5,11.602253913879395,509.86846923828125,-0.00012003537267446518,76785.8984375,1.1087636947631836
14800.0,0.0,0.0,-4199827.5,15.341482162475586,505.7846374511719,-0.0005271690897643566,76771.40625,1.1089729070663452
14900.0,0.0,0.0,-4199823.5,14.734508514404297,500.147705078125,-0.001622774638235569,76756.8515625,1.1091831922531128
15000.0,0.0,0.0,-4199823.0,12.604580879211426,499.96063232421875,-0.0010932260192930698,76742.1640625,1.1093955039978027
15100.0,0.0,0.0,-4199832.0,13.261421203613281,507.7961730957031,0.0023270659148693085,76726.6484375,1.1096198558807373
15200.0,0.0,0.0,-4199822.5,14.715371131896973,496.4747619628906,0.001885717734694481,76712.3046875,1.1098272800445557
15300.0,0.0,0.0,-4199835.5,15.182433128356934,510.53961181640625,0.0010248334147036076,76699.5234375,1.110012173652649
15400.0,0.0,0.0,-4199819.0,10.858226776123047,493.7140197753906,-0.003925494849681854,76687.875,1.1101808547973633
15500.0,0.0,0.0,-4199829.5,11.983238220214844,507.8591003417969,-0.0007588770240545273,76675.9921875,1.1103529930114746
15600.0,0.0,0.0,-4199825.0,12.634445190429688,503.9119567871094,0.0020840787328779697,76663.78125,1.1105297803878784
15700.0,0.0,0.0,-4199824.0,11.170108795166016,499.03143310546875,0.002982254372909665,76652.1953125,1.110697627067566
15800.0,0.0,0.0,-4199835.0,14.043438911437988,507.884765625,0.00024749315343797207,76642.3515625,1.1108402013778687
15900.0,0.0,0.0,-4199826.5,13.76469898223877,496.4836730957031,-0.002796790562570095,76632.28125,1.110986351966858
16000.0,0.0,0.0,-4199836.0,12.348320007324219,505.1343688964844,-0.00021429872140288353,76621.7578125,1.1111388206481934
16100.0,0.0,0.0,-4199826.0,11.508110046386719,493.01995849609375,-0.0004013925790786743,76610.796875,1.1112977266311646
16200.0,0.0,0.0,-4199828.0,14.440380096435547,494.9264831542969,0.0011586877517402172,76599.09375,1.1114674806594849
16300.0,0.0,0.0,-4199825.5,15.202929496765137,493.34912109375,-0.0003876923583447933,76587.6796875,1.1116331815719604
16400.0,0.0,0.0,-4199833.0,15.331021308898926,504.19244384765625,-0.0003106147050857544,76575.4296875,1.1118110418319702
16500.0,0.0,0.0,-4199826.5,11.875163078308105,503.15032958984375,-9.631877765059471e-05,76561.96875,1.1120065450668335
16600.0,0.0,0.0,-4199824.5,10.74460220336914,506.4342956542969,2.9904767870903015e-06,76547.8046875,1.1122123003005981
16700.0,0.0,0.0,-4199818.5,12.232733726501465,503.9476623535156,1.7038080841302872e-05,76534.421875,1.1124067306518555
16800.0,0.0,0.0,-4199820.0,13.473326683044434,506.148193359375,-0.0007029371336102486,76520.8671875,1.1126039028167725
16900.0,0.0,0.0,-4199824.0,12.338871002197266,506.64984130859375,0.00010422850027680397,76507.1484375,1.112803339958191
17000.0,0.0,0.0,-4199835.0,13.974212646484375,510.86090087890625,0.0006268478464335203,76493.8828125,1.112996220588684
17100.0,0.0,0.0,-4199840.0,12.898024559020996,512.5785522460938,0.0012526647187769413,76481.328125,1.1131789684295654
17200.0,0.0,0.0,-4199826.0,12.375495910644531,496.3434143066406,-0.0013663838617503643,76471.0703125,1.1133283376693726
17300.0,0.0,0.0,-4199832.5,15.637130737304688,502.7984924316406,4.621036350727081e-05,76461.515625,1.1134675741195679
17400.0,0.0,0.0,-4199830.5,12.778498649597168,500.04150390625,-0.0010701511055231094,76452.15625,1.1136037111282349
17500.0,0.0,0.0,-4199828.5,12.507365226745605,498.8247985839844,0.0011971285566687584,76442.8828125,1.113738775253296
17600.0,0.0,0.0,-4199836.5,11.607952117919922,503.9424133300781,6.651505827903748e-05,76435.6484375,1.1138442754745483
17700.0,0.0,0.0,-4199833.0,10.057846069335938,498.0079345703125,-0.0009291982278227806,76431.328125,1.1139072179794312
17800.0,0.0,0.0,-4199826.5,13.132363319396973,489.49359130859375,0.0005988699849694967,76428.0390625,1.1139551401138306
17900.0,0.0,0.0,-4199834.5,11.212636947631836,498.6772766113281,0.00015047029592096806,76426.2109375,1.1139817237854004
18000.0,0.0,0.0,-4199831.0,11.410377502441406,497.8804016113281,0.0009560347534716129,76426.546875,1.1139769554138184
18100.0,0.0,0.0,-4199833.0,14.348603248596191,506.562744140625,-0.0003293748013675213,76429.65625,1.1139315366744995
18200.0,0.0,0.0,-4199825.0,13.185872077941895,508.86566162109375,0.0001200730912387371,76434.65625,1.113858699798584
18300.0,0.0,0.0,-4199830.5,16.563562393188477,516.454833984375,-0.00036616576835513115,76441.9921875,1.113751769065857
18400.0,0.0,0.0,-4199822.5,10.87910270690918,504.5473937988281,0.0005871038883924484,76451.65625,1.1136109828948975
18500.0,0.0,0.0,-4199827.0,12.620572090148926,502.6202392578125,0.0009516743011772633,76464.390625,1.1134254932403564
18600.0,0.0,0.0,-4199826.5,16.428813934326172,497.7034606933594,0.0001875152811408043,76480.921875,1.113184928894043
18700.0,0.0,0.0,-4199828.0,12.88320541381836,499.17669677734375,-0.0006551765836775303,76500.1484375,1.1129052639007568
18800.0,0.0,0.0,-4199832.5,12.36709213256836,502.51715087890625,-0.00014150794595479965,76521.1796875,1.1125993728637695
18900.0,0.0,0.0,-4199833.5,11.775500297546387,501.34466552734375,0.0011445321142673492,76544.171875,1.1122649908065796
19000.0,0.0,0.0,-4199829.0,11.0621337890625,497.3305969238281,0.0007240348495543003,76569.1484375,1.1119022369384766
19100.0,0.0,0.0,-4199831.5,10.145975112915039,499.3590393066406,-3.216322511434555e-05,76596.8671875,1.1114999055862427
19200.0,0.0,0.0,-4199838.0,9.491203308105469,503.7538757324219,-0.0007042190991342068,76626.6328125,1.1110681295394897
19300.0,0.0,0.0,-4199837.0,11.090446472167969,500.61871337890625,0.0004549054428935051,76657.3828125,1.1106224060058594
19400.0,0.0,0.0,-4199838.0,12.192132949829102,495.6007385253906,0.0001341130118817091,76689.71875,1.110154151916504
19500.0,0.0,0.0,-4199839.5,12.565762519836426,492.2314453125,-0.00035461923107504845,76722.7734375,1.1096758842468262
19600.0,0.0,0.0,-4199841.5,12.90609073638916,490.18890380859375,0.0007493449375033379,76756.3203125,1.109190821647644
19700.0,0.0,0.0,-4199837.5,12.043707847595215,485.2560729980469,0.0004742671735584736,76790.625,1.108695387840271
19800.0,0.0,0.0,-4199835.0,12.634130477905273,492.1752624511719,-0.0013056090101599693,76825.2265625,1.1081960201263428
19900.0,0.0,0.0,-4199826.0,13.221894264221191,491.3206481933594,0.00047320849262177944,76858.984375,1.1077091693878174
20000.0,0.0,0.0,-4199824.0,11.866626739501953,495.28533935546875,0.00023574195802211761,76893.09375,1.1072179079055786
20100.0,0.0,0.0,-4199828.5,10.423842430114746,505.2098083496094,0.0007842625491321087,76927.5390625,1.106722116470337
20200.0,0.0,0.0,-4199831.0,10.490452766418457,508.8064880371094,-0.00037048012018203735,76961.71875,1.106230616569519
20300.0,0.0,0.0,-4199820.5,13.995838165283203,500.5760192871094,-0.001349181868135929,76994.46875,1.1057599782943726
20400.0,0.0,0.0,-4199832.5,12.01406192779541,510.2263488769531,0.00041425228118896484,77026.0703125,1.1053063869476318
20500.0,0.0,0.0,-4199819.0,11.553375244140625,495.7705993652344,0.00017884047701954842,77057.7578125,1.1048519611358643
20600.0,0.0,0.0,-4199833.0,11.01435661315918,507.1786193847656,0.0007838795427232981,77088.4453125,1.1044120788574219
20700.0,0.0,0.0,-4199827.5,16.784395217895508,497.0988464355469,-0.0005094152875244617,77118.9765625,1.1039749383926392
20800.0,0.0,0.0,-4199827.0,11.943853378295898,496.88592529296875,-0.001467615831643343,77149.96875,1.1035313606262207
20900.0,0.0,0.0,-4199834.5,10.552682876586914,506.4865417480469,0.0019081595819443464,77180.7734375,1.1030910015106201
21000.0,0.0,0.0,-4199833.0,10.132732391357422,502.4158935546875,-0.00018312735483050346,77212.15625,1.10264253616333
21100.0,0.0,0.0,-4199835.5,15.01990032196045,504.88665771484375,0.001787048764526844,77242.1875,1.1022138595581055
21200.0,0.0,0.0,-4199830.5,13.950738906860352,496.21783447265625,-0.0018675290048122406,77271.9765625,1.101788878440857
21300.0,0.0,0.0,-4199829.5,11.162321090698242,491.10986328125,-0.0011126878671348095,77299.46875,1.1013970375061035
21400.0,0.0,0.0,-4199836.0,12.52292251586914,496.0993347167969,0.00022584223188459873,77324.7265625,1.1010372638702393
21500.0,0.0,0.0,-4199827.5,11.688373565673828,488.0955505371094,0.00037811766378581524,77348.7578125,1.100695252418518
21600.0,0.0,0.0,-4199833.5,11.80058765411377,495.22235107421875,0.0005699996836483479,77371.265625,1.1003750562667847
21700.0,0.0,0.0,-4199814.0,12.212410926818848,477.9263000488281,-0.0007381122559309006,77393.21875,1.1000628471374512
21800.0,0.0,0.0,-4199830.0,12.099969863891602,498.8592224121094,-0.00039235036820173264,77413.640625,1.0997726917266846
21900.0,0.0,0.0,-4199823.0,13.971773147583008,493.48956298828125,-0.0003146589733660221,77432.1796875,1.0995094776153564
22000.0,0.0,0.0,-4199839.0,9.987410545349121,513.3328857421875,0.0005877958610653877,77448.390625,1.0992791652679443
22100.0,0.0,0.0,-4199824.0,12.672172546386719,504.50469970703125,-5.763862282037735e-05,77462.640625,1.0990769863128662
22200.0,0.0,0.0,-4199824.5,12.92566967010498,502.39190673828125,-7.45914876461029e-05,77475.53125,1.0988941192626953
22300.0,0.0,0.0,-4199833.5,14.645920753479004,507.13189697265625,-0.00120600126683712,77487.0625,1.0987306833267212
22400.0,0.0,0.0,-4199823.0,13.477686882019043,493.4900817871094,0.0007135351188480854,77496.671875,1.0985944271087646
22500.0,0.0,0.0,-4199830.0,10.757484436035156,499.1973571777344,0.00015559513121843338,77506.265625,1.0984585285186768
22600.0,0.0,0.0,-4199824.0,12.922060012817383,496.30621337890625,-0.00032470980659127235,77514.3828125,1.0983433723449707
22700.0,0.0,0.0,-4199827.0,11.390549659729004,497.76934814453125,-0.0009197983890771866,77520.296875,1.0982595682144165
22800.0,0.0,0.0,-4199826.0,13.525080680847168,496.0780029296875,8.684373460710049e-05,77523.4765625,1.0982146263122559
22900.0,0.0,0.0,-4199834.5,14.01801872253418,504.36492919921875,0.0014103422872722149,77524.375,1.0982017517089844
23000.0,0.0,0.0,-4199831.0,15.409711837768555,497.0790100097656,0.000836346996948123,77523.5546875,1.09821355342865
23100.0,0.0,0.0,-4199835.0,18.54231071472168,494.9034423828125,-0.0008237175643444061,77521.890625,1.0982369184494019
23200.0,0.0,0.0,-4199843.0,15.67872428894043,501.66082763671875,-0.0016042650677263737,77518.65625,1.098282814025879
23300.0,0.0,0.0,-4199828.5,14.25590991973877,487.6932678222656,-0.0007909638807177544,77513.203125,1.0983600616455078
23400.0,0.0,0.0,-4199836.5,14.087627410888672,501.3034973144531,0.0001081293448805809,77505.53125,1.0984688997268677
23500.0,0.0,0.0,-4199826.0,12.694130897521973,497.3834228515625,-0.00020447373390197754,77496.015625,1.09860360622406
23600.0,0.0,0.0,-4199828.5,10.518243789672852,503.52587890625,0.0009086271747946739,77484.65625,1.0987646579742432
23700.0,0.0,0.0,-4199825.0,12.353755950927734,502.9418029785156,-0.00019360193982720375,77472.4609375,1.098937749862671
23800.0,0.0,0.0,-4199820.5,11.799062728881836,502.43359375,0.0005610128864645958,77459.421875,1.0991227626800537
23900.0,0.0,0.0,-4199823.5,12.5960054397583,505.6224060058594,7.191114127635956e-05,77446.5078125,1.0993059873580933
24000.0,0.0,0.0,-4199829.5,14.042323112487793,504.10516357421875,0.0003130217082798481,77432.3828125,1.0995064973831177
24100.0,0.0,0.0,-4199833.0,12.087455749511719,503.46563720703125,-0.0007395260035991669,77418.03125,1.0997103452682495
24200.0,0.0,0.0,-4199831.5,11.664434432983398,502.7161865234375,-0.0003619813360273838,77402.609375,1.0999294519424438
24300.0,0.0,0.0,-4199832.5,14.771207809448242,503.3725891113281,0.0003523253835737705,77386.25,1.1001620292663574
24400.0,0.0,0.0,-4199830.5,12.718501091003418,499.6086730957031,-0.00027289101853966713,77368.3359375,1.100416660308838
24500.0,0.0,0.0,-4199826.5,15.285043716430664,494.62158203125,-0.0004145675338804722,77349.1875,1.1006890535354614
24600.0,0.0,0.0,-4199829.0,13.598703384399414,497.30731201171875,0.0007860776968300343,77329.0859375,1.1009751558303833
24700.0,0.0,0.0,-4199827.0,14.648603439331055,497.4639587402344,0.0003850532229989767,77308.546875,1.101267695426941
24800.0,0.0,0.0,-4199832.5,11.548619270324707,505.5884704589844,0.0006279584486037493,77288.3203125,1.1015559434890747
24900.0,0.0,0.0,-4199824.5,11.799379348754883,494.2767028808594,-0.0003098216839134693,77267.4921875,1.1018528938293457
25000.0,0.0,0.0,-4199832.0,11.135049819946289,498.3871765136719,-0.0004872269928455353,77244.9921875,1.1021738052368164
25100.0,0.0,0.0,-4199833.0,13.754878997802734,495.51434326171875,-0.00012373179197311401,77220.546875,1.1025227308273315
25200.0,0.0,0.0,-4199834.0,12.241903305053711,496.2919616699219,7.304549217224121e-05,77194.9921875,1.1028876304626465
25300.0,0.0,0.0,-4199836.5,12.718794822692871,501.23724365234375,0.0007099579088389874,77169.234375,1.1032558679580688
25400.0,0.0,0.0,-4199831.0,12.343306541442871,495.97125244140625,-0.0017303149215877056,77143.015625,1.1036309003829956
25500.0,0.0,0.0,-4199836.0,11.048991203308105,505.0813293457031,0.0007123795803636312,77114.8828125,1.1040334701538086
25600.0,0.0,0.0,-4199826.5,13.818217277526855,502.23284912109375,0.0005339200142771006,77086.234375,1.1044436693191528
25700.0,0.0,0.0,-4199824.0,15.31265926361084,508.9534912109375,0.0009786584414541721,77056.9609375,1.1048632860183716
25800.0,0.0,0.0,-4199819.0,13.017923355102539,508.9477233886719,-0.0007482203654944897,77027.2109375,1.1052900552749634
25900.0,0.0,0.0,-4199823.0,12.58899974822998,508.7461853027344,-0.0004294542595744133,76996.4921875,1.1057310104370117
26000.0,0.0,0.0,-4199818.5,13.928779602050781,498.5744934082031,0.0006860275752842426,76966.0,1.1061689853668213
26100.0,0.0,0.0,-4199828.0,10.293961524963379,505.8890686035156,0.000661816680803895,76937.3046875,1.1065815687179565
26200.0,0.0,0.0,-4199835.0,12.929099082946777,511.2488708496094,-2.8677284717559814e-05,76909.7578125,1.106977939605713
26300.0,0.0,0.0,-4199819.0,11.099942207336426,492.3027648925781,-0.0008311322890222073,76882.9921875,1.1073634624481201
26400.0,0.0,0.0,-4199826.5,12.519674301147461,502.8709411621094,0.0016115815378725529,76857.40625,1.1077320575714111
26500.0,0.0,0.0,-4199828.5,12.395618438720703,500.0650634765625,-0.0003525223582983017,76833.890625,1.108070969581604
26600.0,0.0,0.0,-4199832.5,11.216272354125977,500.4444580078125,0.0004590754397213459,76811.640625,1.1083921194076538
26700.0,0.0,0.0,-4199821.0,10.822953224182129,486.21942138671875,-0.0014840015210211277,76791.25,1.1086864471435547
26800.0,0.0,0.0,-4199830.5,10.870119094848633,496.9384460449219,8.953409269452095e-05,76771.5625,1.1089707612991333
26900.0,0.0,0.0,-4199838.0,14.236754417419434,506.8831481933594,0.0012276007328182459,76752.640625,1.1092439889907837
27000.0,0.0,0.0,-4199826.0,14.017823219299316,496.51934814453125,-0.0002961377613246441,76734.7265625,1.109502911567688
27100.0,0.0,0.0,-4199827.5,14.146886825561523,497.4628601074219,0.0003644591197371483,76716.546875,1.1097660064697266
27200.0,0.0,0.0,-4199828.0,13.910849571228027,494.7586364746094,-0.0003380202688276768,76699.859375,1.1100072860717773
27300.0,0.0,0.0,-4199835.5,12.414738655090332,500.70672607421875,0.0013183346018195152,76683.640625,1.110242247581482
27400.0,0.0,0.0,-4199841.5,13.628490447998047,506.3562927246094,-0.0002789543941617012,76669.875,1.1104414463043213
27500.0,0.0,0.0,-4199840.0,13.780817031860352,506.0458984375,0.00010073836892843246,76657.6875,1.1106181144714355
27600.0,0.0,0.0,-4199830.0,13.329022407531738,498.23681640625,-0.0011289850808680058,76646.4140625,1.1107813119888306
27700.0,0.0,0.0,-4199831.0,13.784045219421387,498.50885009765625,0.000597391277551651,76636.8359375,1.1109203100204468
27800.0,0.0,0.0,-4199827.5,15.254645347595215,497.9808349609375,0.0019148089922964573,76628.7265625,1.1110377311706543
27900.0,0.0,0.0,-4199830.0,13.424510955810547,498.45947265625,-0.0005775620229542255,76621.28125,1.1111457347869873
28000.0,0.0,0.0,-4199828.5,13.861709594726562,493.5769348144531,-0.000532073900103569,76613.828125,1.1112537384033203
28100.0,0.0,0.0,-4199836.5,13.119439125061035,502.41253662109375,-0.00042503466829657555,76606.4921875,1.1113601922988892
28200.0,0.0,0.0,-4199838.0,14.634531021118164,504.9056396484375,-0.00071706622838974,76599.25,1.1114652156829834
28300.0,0.0,0.0,-4199830.0,20.187379837036133,500.59332275390625,0.0006038583815097809,76591.9921875,1.1115705966949463
28400.0,0.0,0.0,-4199833.0,14.620079040527344,507.33026123046875,-0.0010096943005919456,76584.3828125,1.1116809844970703
28500.0,0.0,0.0,-4199837.0,14.975870132446289,512.136474609375,0.0010220478288829327,76575.203125,1.111814260482788
28600.0,0.0,0.0,-4199823.5,11.42381763458252,497.10479736328125,0.0002736127935349941,76566.703125,1.1119377613067627
28700.0,0.0,0.0,-4199823.0,12.520834922790527,496.0961608886719,0.0007185051217675209,76559.4296875,1.1120433807373047
28800.0,0.0,0.0,-4199821.0,17.195480346679688,493.6979675292969,-0.001555359922349453,76553.140625,1.1121346950531006
28900.0,0.0,0.0,-4199833.5,12.81903076171875,505.82135009765625,-0.00020844349637627602,76545.8984375,1.112239956855774
29000.0,0.0,0.0,-4199825.5,11.943599700927734,498.669677734375,0.00046059279702603817,76537.984375,1.1123549938201904
29100.0,0.0,0.0,-4199828.0,12.34863567352295,502.6926574707031,-0.00011448189616203308,76531.03125,1.11245596408844
29200.0,0.0,0.0,-4199828.5,10.18082046508789,503.65435791015625,-0.0009522028267383575,76523.9296875,1.112559199333191
29300.0,0.0,0.0,-4199831.0,13.447589874267578,505.9014892578125,-0.0004368023946881294,76516.8203125,1.112662672996521
29400.0,0.0,0.0,-4199829.5,10.689332008361816,500.04559326171875,0.000468831742182374,76508.6484375,1.1127815246582031
29500.0,0.0,0.0,-4199829.5,13.493717193603516,495.2550048828125,0.002016789047047496,76499.9453125,1.112908124923706
29600.0,0.0,0.0,-4199840.5,13.883830070495605,503.79034423828125,0.00032083201222121716,76492.453125,1.1130170822143555
29700.0,0.0,0.0,-4199834.0,10.163076400756836,494.96490478515625,-0.0011146022006869316,76484.6640625,1.1131305694580078
29800.0,0.0,0.0,-4199839.5,12.685272216796875,502.3041687011719,-0.0008956026285886765,76476.2421875,1.1132529973983765
29900.0,0.0,0.0,-4199830.5,13.014531135559082,495.6039123535156,-0.0001665414310991764,76467.1171875,1.113385796546936
30000.0,0.0,0.0,-4199832.0,12.205973625183105,503.71392822265625,0.000663714949041605,76458.1796875,1.1135159730911255
30100.0,0.0,0.0,-4199833.0,9.72656536102295,509.373779296875,-0.0007721935398876667,76449.2421875,1.113646149635315
30200.0,0.0,0.0,-4199815.0,11.842996597290039,490.925048828125,0.0006113052368164062,76439.515625,1.1137878894805908
30300.0,0.0,0.0,-4199830.0,14.375670433044434,507.1461181640625,-0.0004164809361100197,76431.625,1.1139029264450073
30400.0,0.0,0.0,-4199825.0,11.475105285644531,499.7499694824219,0.0007929143030196428,76424.9921875,1.1139994859695435
30500.0,0.0,0.0,-4199828.0,11.026424407958984,499.125244140625,0.0006824987940490246,76420.4609375,1.1140656471252441
30600.0,0.0,0.0,-4199826.0,11.699817657470703,493.9401550292969,0.0001652720384299755,76417.2421875,1.1141126155853271
30700.0,0.0,0.0,-4199840.5,13.551325798034668,506.15777587890625,5.208933725953102e-05,76414.9609375,1.1141457557678223
30800.0,0.0,0.0,-4199831.0,12.950984954833984,493.3802795410156,-0.0005621961317956448,76413.5625,1.1141663789749146
30900.0,0.0,0.0,-4199837.5,14.223316192626953,505.9086608886719,-0.00014544418081641197,76412.9375,1.1141754388809204
31000.0,0.0,0.0,-4199834.5,13.212690353393555,504.29827880859375,0.0007911259308457375,76413.875,1.1141616106033325
31100.0,0.0,0.0,-4199831.5,15.78088665008545,500.5020751953125,0.0016373703256249428,76416.375,1.11412513256073
31200.0,0.0,0.0,-4199836.5,12.571163177490234,500.7825927734375,-0.000350418034940958,76419.65625,1.1140773296356201
31300.0,0.0,0.0,-4199832.5,14.9144287109375,491.7416076660156,0.0004235359374433756,76423.875,1.114015817642212
31400.0,0.0,0.0,-4199836.5,15.133001327514648,493.8289794921875,-0.0009450027719140053,76430.1171875,1.1139248609542847
31500.0,0.0,0.0,-4199833.5,12.604928970336914,491.0171203613281,-7.007131353020668e-05,76438.15625,1.1138077974319458
31600.0,0.0,0.0,-4199831.5,12.627394676208496,490.97894287109375,0.0005946604069322348,76447.8359375,1.1136666536331177
31700.0,0.0,0.0,-4199827.5,12.641697883605957,491.1013488769531,0.0009001879952847958,76459.859375,1.1134915351867676
31800.0,0.0,0.0,-4199832.5,13.484811782836914,500.1950378417969,0.0011232788674533367,76474.40625,1.1132797002792358
31900.0,0.0,0.0,-4199826.0,12.239629745483398,501.6531066894531,-0.0002558203414082527,76490.578125,1.1130443811416626
32000.0,0.0,0.0,-4199830.0,12.073254585266113,506.9920349121094,-0.00040666526183485985,76508.46875,1.1127840280532837
32100.0,0.0,0.0,-4199833.5,13.00682258605957,507.9479064941406,-0.0007573892362415791,76527.0625,1.1125138998031616
32200.0,0.0,0.0,-4199837.0,12.060694694519043,508.66021728515625,0.0005004035774618387,76547.53125,1.1122162342071533
32300.0,0.0,0.0,-4199831.5,13.191449165344238,500.47955322265625,0.0010352167300879955,76570.703125,1.1118797063827515
32400.0,0.0,0.0,-4199830.5,11.000985145568848,503.0047607421875,0.0004509296268224716,76596.2421875,1.1115089654922485
32500.0,0.0,0.0,-4199824.0,13.360483169555664,496.9356994628906,-0.00043471669778227806,76622.6171875,1.11112642288208
32600.0,0.0,0.0,-4199829.5,14.095586776733398,501.16436767578125,-0.0010682041756808758,76649.3203125,1.1107392311096191
32700.0,0.0,0.0,-4199828.0,11.762537956237793,497.1722412109375,0.0007843631319701672,76676.2109375,1.1103496551513672
32800.0,0.0,0.0,-4199827.0,14.05878734588623,500.20367431640625,0.0006606923416256905,76704.453125,1.1099408864974976
32900.0,0.0,0.0,-4199826.5,14.730719566345215,498.40252685546875,0.000281735323369503,76733.328125,1.1095231771469116
33000.0,0.0,0.0,-4199833.0,11.317233085632324,503.8754577636719,-0.00041073886677622795,76761.96875,1.1091094017028809
33100.0,0.0,0.0,-4199835.5,12.007851600646973,502.7503967285156,-0.0003541884943842888,76791.2578125,1.1086863279342651
33200.0,0.0,0.0,-4199831.0,16.606412887573242,499.9963684082031,0.00010216003283858299,76820.625,1.1082624197006226
33300.0,0.0,0.0,-4199830.0,13.465383529663086,493.9750671386719,-0.0015912409871816635,76850.265625,1.1078349351882935
33400.0,0.0,0.0,-4199839.5,13.004379272460938,494.1602783203125,7.50841572880745e-05,76880.0546875,1.107405662536621
33500.0,0.0,0.0,-4199837.0,10.994894027709961,490.46966552734375,0.00010402430780231953,76910.171875,1.1069719791412354
33600.0,0.0,0.0,-4199841.0,15.080933570861816,498.09527587890625,0.0006561488844454288,76939.78125,1.1065460443496704
33700.0,0.0,0.0,-4199833.5,12.86181926727295,492.96075439453125,0.0014957287348806858,76968.9140625,1.106127142906189
33800.0,0.0,0.0,-4199832.0,13.506184577941895,495.06134033203125,0.0005041873082518578,76999.4921875,1.1056878566741943
33900.0,0.0,0.0,-4199822.0,13.238282203674316,495.2718200683594,-0.0009558303281664848,77030.5546875,1.105242133140564
34000.0,0.0,0.0,-4199828.0,12.32617473602295,503.73040771484375,-0.0017599128186702728,77061.46875,1.1047987937927246
34100.0,0.0,0.0,-4199834.5,12.22352409362793,510.24041748046875,-0.00025744736194610596,77092.5234375,1.1043535470962524
34200.0,0.0,0.0,-4199831.5,13.149080276489258,508.4730224609375,-0.0010560443624854088,77123.96875,1.1039032936096191
34300.0,0.0,0.0,-4199828.0,15.498571395874023,500.7777099609375,0.0008758427575230598,77156.109375,1.1034435033798218
34400.0,0.0,0.0,-4199834.0,13.755191802978516,501.1558532714844,-0.0001370278187096119,77190.4453125,1.1029525995254517
34500.0,0.0,0.0,-4199822.0,13.987032890319824,491.242919921875,0.00027706706896424294,77225.9609375,1.102445363998413
34600.0,0.0,0.0,-4199832.5,13.282469749450684,500.0128479003906,0.00015666848048567772,77262.109375,1.1019295454025269
34700.0,0.0,0.0,-4199827.5,14.981169700622559,498.2936096191406,-0.0004070592112839222,77298.4296875,1.1014119386672974
34800.0,0.0,0.0,-4199826.0,13.33498477935791,497.50848388671875,0.00024597160518169403,77334.359375,1.1009001731872559
34900.0,0.0,0.0,-4199826.0,18.048065185546875,496.7686767578125,-0.0013154293410480022,77368.8046875,1.1004101037979126
35000.0,0.0,0.0,-4199832.0,12.786999702453613,507.9507141113281,0.0008740134071558714,77401.2265625,1.0999490022659302
35100.0,0.0,0.0,-4199830.0,14.764328956604004,505.0131530761719,-0.00029834266752004623,77431.9375,1.0995128154754639
35200.0,0.0,0.0,-4199827.0,13.320906639099121,498.0653076171875,-0.0012771212495863438,77460.6015625,1.0991060733795166
35300.0,0.0,0.0,-4199832.0,12.657751083374023,506.5921630859375,-0.00025741057470440865,77486.7890625,1.0987346172332764
35400.0,0.0,0.0,-4199822.5,12.963756561279297,492.1556701660156,-0.0011983755975961685,77511.453125,1.0983848571777344
35500.0,0.0,0.0,-4199831.0,12.534692764282227,497.8276062011719,0.0010147090069949627,77534.7890625,1.09805428981781
35600.0,0.0,0.0,-4199826.5,13.040814399719238,492.7572326660156,-0.0007104421965777874,77557.2109375,1.0977368354797363
35700.0,0.0,0.0,-4199841.0,14.435839653015137,503.8691711425781,0.00018353061750531197,77577.1484375,1.0974547863006592
35800.0,0.0,0.0,-4199829.0,12.695895195007324,482.7154846191406,-0.0005147543270140886,77594.6015625,1.0972079038619995
35900.0,0.0,0.0,-4199834.0,11.824938774108887,487.9214172363281,0.0005160984583199024,77609.4921875,1.0969973802566528
36000.0,0.0,0.0,-4199833.0,15.51519775390625,488.8458557128906,-0.0006611640565097332,77623.328125,1.0968017578125
36100.0,0.0,0.0,-4199834.0,14.275567054748535,495.1270446777344,0.000163177028298378,77636.59375,1.0966143608093262
36200.0,0.0,0.0,-4199827.5,14.937202453613281,498.9292907714844,0.0006546559743583202,77647.0859375,1.0964661836624146
36300.0,0.0,0.0,-4199826.5,12.462048530578613,501.68994140625,-0.0006455187685787678,77655.4140625,1.0963486433029175
36400.0,0.0,0.0,-4199828.5,14.298821449279785,504.6246032714844,-0.0003365371376276016,77661.484375,1.0962629318237305
36500.0,0.0,0.0,-4199832.5,12.083487510681152,509.5681457519531,-0.00029431143775582314,77665.5625,1.096205234527588
36600.0,0.0,0.0,-4199817.0,12.277016639709473,497.26409912109375,0.0004422171041369438,77667.703125,1.096175193786621
36700.0,0.0,0.0,-4199828.0,14.290355682373047,507.4815673828125,-0.00012423889711499214,77667.6484375,1.096176028251648
36800.0,0.0,0.0,-4199829.0,13.45396614074707,502.9940490722656,5.9720128774642944e-05,77665.1015625,1.0962119102478027
36900.0,0.0,0.0,-4199832.0,14.019830703735352,500.9549255371094,-0.00028033042326569557,77660.8203125,1.096272349357605
37000.0,0.0,0.0,-4199831.0,13.535738945007324,498.1693420410156,0.00022811372764408588,77655.921875,1.0963414907455444
37100.0,0.0,0.0,-4199824.0,12.065298080444336,495.96807861328125,0.00010277843102812767,77648.9921875,1.096439242362976
37200.0,0.0,0.0,-4199832.5,13.831358909606934,506.3482971191406,-1.864274963736534e-05,77640.0390625,1.0965657234191895
37300.0,0.0,0.0,-4199827.0,12.501341819763184,501.87957763671875,-0.0002296888269484043,77629.078125,1.0967206954956055
37400.0,0.0,0.0,-4199820.0,12.285737991333008,492.7174377441406,-0.00021653622388839722,77616.75,1.0968947410583496
37500.0,0.0,0.0,-4199834.5,13.42620849609375,505.0978698730469,0.000239452812820673,77604.1015625,1.0970736742019653
37600.0,0.0,0.0,-4199841.0,10.83149242401123,507.06597900390625,-0.0004298137500882149,77591.046875,1.0972580909729004
37700.0,0.0,0.0,-4199832.5,13.092100143432617,497.3008117675781,4.258798435330391e-05,77576.8515625,1.0974589586257935
37800.0,0.0,0.0,-4199828.5,13.892075538635254,491.9526672363281,-0.00035621412098407745,77562.234375,1.0976656675338745
37900.0,0.0,0.0,-4199828.5,10.456374168395996,490.3125,8.938228711485863e-05,77546.046875,1.0978949069976807
38000.0,0.0,0.0,-4199836.0,13.463544845581055,498.239990234375,-0.0008746720850467682,77528.421875,1.09814453125
38100.0,0.0,0.0,-4199829.0,10.564023971557617,493.6744384765625,-0.0007243407890200615,77509.3203125,1.0984151363372803
38200.0,0.0,0.0,-4199831.5,11.364008903503418,504.1630859375,0.0007024542428553104,77490.7265625,1.0986785888671875
38300.0,0.0,0.0,-4199821.5,11.627884864807129,498.3338623046875,0.001228567212820053,77472.2734375,1.098940372467041
38400.0,0.0,0.0,-4199823.5,11.092432975769043,502.6961975097656,0.001225495943799615,77453.734375,1.09920334815979
38500.0,0.0,0.0,-4199816.5,17.244098663330078,502.3680419921875,-0.0013389247469604015,77436.1953125,1.0994523763656616
38600.0,0.0,0.0,-4199819.5,12.014012336730957,504.60498046875,-0.0019355015829205513,77418.84375,1.0996989011764526
38700.0,0.0,0.0,-4199823.5,12.197320938110352,505.40045166015625,-0.000626501627266407,77401.421875,1.0999462604522705
38800.0,0.0,0.0,-4199825.5,14.785726547241211,504.56298828125,0.0014134887605905533,77384.2265625,1.1001906394958496
38900.0,0.0,0.0,-4199819.5,12.732455253601074,496.38690185546875,0.0006040276493877172,77367.328125,1.100430965423584
39000.0,0.0,0.0,-4199825.5,15.9606351852417,499.6502380371094,-0.0007731383666396141,77350.3515625,1.1006724834442139
39100.0,0.0,0.0,-4199825.0,11.678802490234375,496.4950866699219,-0.0002568834461271763,77333.0546875,1.1009186506271362
39200.0,0.0,0.0,-4199826.0,11.749231338500977,495.7915344238281,-5.688052624464035e-05,77315.859375,1.1011637449264526
39300.0,0.0,0.0,-4199825.5,12.168217658996582,494.7668762207031,0.00024976301938295364,77298.53125,1.1014103889465332
39400.0,0.0,0.0,-4199828.0,13.525778770446777,496.7508850097656,0.0009088248480111361,77281.7734375,1.101649284362793
39500.0,0.0,0.0,-4199826.5,12.179243087768555,494.7866516113281,0.0008963167201727629,77265.6328125,1.1018794775009155
39600.0,0.0,0.0,-4199827.0,11.930513381958008,497.0567321777344,0.0003183106891810894,77250.453125,1.1020958423614502
39700.0,0.0,0.0,-4199818.0,13.158016204833984,502.1872863769531,-0.0009357854723930359,77237.03125,1.1022874116897583
39800.0,0.0,0.0,-4199816.0,12.241497039794922,506.2427062988281,-0.0009140642359852791,77225.21875,1.1024560928344727
39900.0,0.0,0.0,-4199822.0,14.243404388427734,513.127685546875,0.0020500398240983486,77215.546875,1.1025941371917725
40000.0,0.0,0.0,-4199821.0,14.323477745056152,507.4144287109375,0.001896372763440013,77207.9140625,1.1027030944824219
40100.0,0.0,0.0,-4199832.5,10.883562088012695,513.69775390625,0.0010748845525085926,77203.296875,1.1027690172195435
40200.0,0.0,0.0,-4199818.0,14.305617332458496,494.0539855957031,-0.002700130920857191,77201.234375,1.102798581123352
40300.0,0.0,0.0,-4199823.5,11.884013175964355,498.0036315917969,-0.00017386581748723984,77201.09375,1.1028004884719849
40400.0,0.0,0.0,-4199825.5,12.699198722839355,497.4488830566406,0.0010197365190833807,77202.953125,1.102773904800415
40500.0,0.0,0.0,-4199827.0,11.647148132324219,500.7967834472656,0.0010402703192085028,77206.296875,1.1027263402938843
40600.0,0.0,0.0,-4199834.5,11.580735206604004,506.2604064941406,0.0006901519373059273,77211.0703125,1.1026580333709717
40700.0,0.0,0.0,-4199829.0,12.776748657226562,497.066162109375,-0.001001907978206873,77216.2265625,1.1025846004486084
40800.0,0.0,0.0,-4199830.5,11.558134078979492,495.45648193359375,-0.000378177035599947,77221.234375,1.1025129556655884
40900.0,0.0,0.0,-4199828.5,13.83756160736084,491.0104064941406,-0.0008232970722019672,77226.0390625,1.1024444103240967
41000.0,0.0,0.0,-4199837.5,11.16282844543457,498.8465270996094,0.0014990565832704306,77230.46875,1.1023811101913452
41100.0,0.0,0.0,-4199832.0,12.883781433105469,500.51580810546875,0.0009477355051785707,77235.609375,1.1023077964782715
41200.0,0.0,0.0,-4199824.5,14.828690528869629,499.6904602050781,-8.233357220888138e-05,77242.265625,1.10221266746521
41300.0,0.0,0.0,-4199819.0,13.658907890319824,500.7874450683594,-0.0006571230478584766,77249.0546875,1.1021158695220947
41400.0,0.0,0.0,-4199820.0,13.160173416137695,503.84100341796875,-0.0002860948443412781,77257.0625,1.102001667022705
41500.0,0.0,0.0,-4199820.0,12.071890830993652,503.2869873046875,0.0018211228307336569,77267.484375,1.1018530130386353
41600.0,0.0,0.0,-4199815.5,12.16539192199707,500.0951843261719,-0.00027291523292660713,77281.421875,1.101654291152954
41700.0,0.0,0.0,-4199818.0,13.034421920776367,497.53131103515625,0.0007102284580469131,77297.109375,1.1014307737350464
41800.0,0.0,0.0,-4199824.5,12.339046478271484,498.0664367675781,0.0005205408670008183,77315.1796875,1.1011732816696167
41900.0,0.0,0.0,-4199825.5,12.667789459228516,497.1703186035156,0.0009858107659965754,77336.2890625,1.1008727550506592
42000.0,0.0,0.0,-4199820.0,14.252371788024902,496.5174560546875,-0.0004799719899892807,77360.265625,1.1005314588546753
42100.0,0.0,0.0,-4199823.5,15.796981811523438,499.1516418457031,-0.000576777383685112,77385.21875,1.1001765727996826
42200.0,0.0,0.0,-4199826.0,15.209430694580078,498.264404296875,0.0003684570547193289,77411.6328125,1.0998013019561768
42300.0,0.0,0.0,-4199829.0,11.326488494873047,503.4432678222656,0.0007630647160112858,77439.125,1.0994107723236084
42400.0,0.0,0.0,-4199825.0,12.418797492980957,495.9986267089844,0.001284171361476183,77467.296875,1.099010944366455
42500.0,0.0,0.0,-4199824.5,13.810304641723633,491.35992431640625,-0.00049566850066185,77497.21875,1.0985865592956543
42600.0,0.0,0.0,-4199831.0,12.30941104888916,494.94329833984375,0.0005964424926787615,77528.9375,1.0981371402740479
42700.0,0.0,0.0,-4199837.0,14.942681312561035,503.10205078125,-0.0003399644047021866,77562.5,1.0976619720458984
42800.0,0.0,0.0,-4199820.0,12.148767471313477,479.3250427246094,-0.0009533257689327002,77595.7734375,1.097191333770752
42900.0,0.0,0.0,-4199835.5,10.84799575805664,492.423095703125,-0.00020474474877119064,77628.5,1.0967286825180054
43000.0,0.0,0.0,-4199836.5,12.381173133850098,498.07781982421875,0.00043239351361989975,77660.9453125,1.0962705612182617
43100.0,0.0,0.0,-4199824.5,13.54037857055664,493.83172607421875,0.0012066271156072617,77692.46875,1.0958256721496582
43200.0,0.0,0.0,-4199822.0,15.025633811950684,498.58074951171875,0.0009768200106918812,77723.0703125,1.095394253730774
43300.0,0.0,0.0,-4199824.0,10.751592636108398,502.3811340332031,0.0005220661405473948,77753.2578125,1.0949690341949463
43400.0,0.0,0.0,-4199821.0,12.97867202758789,503.6083068847656,-0.0019184546545147896,77783.71875,1.0945402383804321
43500.0,0.0,0.0,-4199820.0,12.878511428833008,502.8904113769531,-0.001151032280176878,77814.1171875,1.0941126346588135
43600.0,0.0,0.0,-4199827.0,15.003422737121582,507.6255798339844,0.00016548484563827515,77843.6328125,1.0936977863311768
43700.0,0.0,0.0,-4199826.0,12.872960090637207,501.8879699707031,0.0003940726164728403,77872.703125,1.0932896137237549
43800.0,0.0,0.0,-4199828.0,13.145050048828125,502.25762939453125,1.3124663382768631e-05,77901.7578125,1.0928817987442017
43900.0,0.0,0.0,-4199834.0,14.442697525024414,506.86968994140625,-0.0014696642756462097,77929.65625,1.092490553855896
44000.0,0.0,0.0,-4199819.5,10.745983123779297,491.0438232421875,-0.0007608402520418167,77955.0078125,1.0921353101730347
44100.0,0.0,0.0,-4199830.0,14.843317985534668,500.9915771484375,0.00012625893577933311,77978.5234375,1.0918059349060059
44200.0,0.0,0.0,-4199835.0,13.915103912353516,506.48760986328125,0.0003513272386044264,78000.796875,1.0914942026138306
44300.0,0.0,0.0,-4199817.5,12.047266006469727,488.2218322753906,0.00045999325811862946,78021.546875,1.0912038087844849
44400.0,0.0,0.0,-4199833.5,11.895407676696777,511.2401428222656,-0.0005914801731705666,78041.0390625,1.0909311771392822
44500.0,0.0,0.0,-4199824.0,11.562492370605469,502.03875732421875,-0.0007429448887705803,78058.78125,1.0906832218170166
44600.0,0.0,0.0,-4199820.5,10.696402549743652,497.6378173828125,-0.001826186664402485,78074.296875,1.0904664993286133
44700.0,0.0,0.0,-4199830.5,11.619085311889648,505.38720703125,0.0005362709052860737,78087.640625,1.0902801752090454
44800.0,0.0,0.0,-4199826.0,11.178959846496582,496.5331726074219,0.0005284950602799654,78099.5703125,1.0901137590408325
44900.0,0.0,0.0,-4199826.0,13.661944389343262,489.6624755859375,0.0007603191770613194,78111.3046875,1.0899499654769897
45000.0,0.0,0.0,-4199828.5,14.38461685180664,487.1634216308594,-0.0006898972205817699,78122.9609375,1.089787244796753
45100.0,0.0,0.0,-4199827.5,15.600969314575195,492.7049255371094,-0.0010681957937777042,78132.703125,1.0896514654159546
45200.0,0.0,0.0,-4199827.0,17.517778396606445,497.09075927734375,-0.0004872335121035576,78140.6484375,1.089540719985962
45300.0,0.0,0.0,-4199825.0,15.082493782043457,499.8507385253906,-0.0003144238144159317,78146.6171875,1.089457392692566
45400.0,0.0,0.0,-4199825.5,13.260387420654297,502.4426574707031,0.0012013604864478111,78150.984375,1.0893964767456055
45500.0,0.0,0.0,-4199827.5,12.56528091430664,505.3223876953125,0.000614984892308712,78153.1171875,1.0893667936325073
45600.0,0.0,0.0,-4199828.5,15.142356872558594,505.98480224609375,0.00027546146884560585,78153.1484375,1.0893663167953491
45700.0,0.0,0.0,-4199823.5,16.40056037902832,499.7262878417969,-0.0005649151280522346,78151.5,1.0893893241882324
45800.0,0.0,0.0,-4199823.5,11.043445587158203,498.49005126953125,-0.001479503232985735,78149.1171875,1.0894224643707275
45900.0,0.0,0.0,-4199821.5,11.410320281982422,496.4327697753906,0.00012955395504832268,78145.4375,1.089473843574524
46000.0,0.0,0.0,-4199827.0,11.791211128234863,501.6528625488281,-0.0005907304584980011,78139.921875,1.0895507335662842
46100.0,0.0,0.0,-4199828.0,11.960036277770996,500.50042724609375,0.0015737442299723625,78131.78125,1.089664340019226
46200.0,0.0,0.0,-4199833.5,10.91926383972168,503.3349609375,-0.0006473609246313572,78122.453125,1.089794397354126
46300.0,0.0,0.0,-4199831.0,15.011540412902832,499.5487976074219,-0.0003207526169717312,78111.0625,1.0899533033370972
46400.0,0.0,0.0,-4199829.0,12.048949241638184,494.8849182128906,-9.225914254784584e-05,78098.25,1.0901321172714233
46500.0,0.0,0.0,-4199828.0,11.057968139648438,493.3342590332031,-9.413296356797218e-05,78084.5703125,1.0903230905532837
46600.0,0.0,0.0,-4199829.0,11.75432300567627,497.7075500488281,-0.0008917851373553276,78070.2734375,1.0905227661132812
46700.0,0.0,0.0,-4199823.0,10.941612243652344,497.2713928222656,-0.0003713504411280155,78054.7734375,1.090739369392395
46800.0,0.0,0.0,-4199828.0,10.427261352539062,508.4546813964844,0.0016550417058169842,78037.8125,1.090976357460022
46900.0,0.0,0.0,-4199816.0,14.732582092285156,498.3525085449219,8.350703865289688e-05,78020.796875,1.0912142992019653
47000.0,0.0,0.0,-4199817.5,11.131804466247559,500.8031311035156,0.00020969868637621403,78004.2734375,1.0914454460144043
47100.0,0.0,0.0,-4199821.0,14.90204906463623,504.15802001953125,-0.0005389554426074028,77989.203125,1.0916564464569092
47200.0,0.0,0.0,-4199820.0,12.104704856872559,500.30731201171875,-0.000470984261482954,77974.3828125,1.091863751411438
47300.0,0.0,0.0,-4199826.0,13.148594856262207,502.8467102050781,0.0007826867513358593,77959.71875,1.092069387435913
47400.0,0.0,0.0,-4199827.5,12.716875076293945,501.4610900878906,6.172480061650276e-05,77946.203125,1.0922586917877197
47500.0,0.0,0.0,-4199827.0,13.790173530578613,500.11798095703125,-1.3601966202259064e-06,77933.2109375,1.0924406051635742
47600.0,0.0,0.0,-4199826.0,11.535943031311035,499.2296447753906,-0.0008212728425860405,77919.9609375,1.0926264524459839
47700.0,0.0,0.0,-4199826.5,13.095882415771484,500.45416259765625,0.0006435730028897524,77905.9140625,1.0928233861923218
47800.0,0.0,0.0,-4199818.5,14.847634315490723,492.07501220703125,-0.0001635090447962284,77892.015625,1.0930184125900269
47900.0,0.0,0.0,-4199818.0,15.182371139526367,491.790283203125,-0.00035799480974674225,77878.640625,1.0932061672210693
48000.0,0.0,0.0,-4199819.5,13.360483169555664,493.8074645996094,0.0008970084600150585,77865.3203125,1.093393087387085
48100.0,0.0,0.0,-4199825.5,13.70004653930664,500.47955322265625,0.0007748384959995747,77852.5546875,1.0935723781585693
48200.0,0.0,0.0,-4199823.5,18.335786819458008,498.81036376953125,0.00017940858379006386,77839.84375,1.0937509536743164
48300.0,0.0,0.0,-4199823.0,13.083455085754395,497.552978515625,-0.0008108471520245075,77827.0,1.0939315557479858
48400.0,0.0,0.0,-4199820.5,11.345541954040527,494.38623046875,-0.0009576953016221523,77814.421875,1.0941083431243896
48500.0,0.0,0.0,-4199824.0,17.225791931152344,498.0187072753906,0.00020961975678801537,77801.296875,1.0942928791046143
48600.0,0.0,0.0,-4199819.0,12.779024124145508,493.3230285644531,0.00010880269110202789,77787.328125,1.0944894552230835
48700.0,0.0,0.0,-4199821.5,12.164898872375488,495.2089538574219,0.0016558358911424875,77773.0703125,1.0946900844573975
48800.0,0.0,0.0,-4199828.0,13.769529342651367,501.1449890136719,-0.0008065667934715748,77759.4765625,1.094881534576416
48900.0,0.0,0.0,-4199826.5,15.118236541748047,499.13922119140625,-0.0010344749316573143,77745.625,1.0950764417648315
49000.0,0.0,0.0,-4199824.5,16.204055786132812,497.60101318359375,-0.00015572458505630493,77731.515625,1.0952752828598022
49100.0,0.0,0.0,-4199819.5,11.133569717407227,494.5780029296875,0.00018192827701568604,77718.171875,1.0954633951187134
49200.0,0.0,0.0,-4199827.5,11.403914451599121,506.3553466796875,0.001586342230439186,77705.453125,1.0956425666809082
49300.0,0.0,0.0,-4199820.5,15.095316886901855,502.3902282714844,-0.0005387933924794197,77693.0625,1.0958173274993896
49400.0,0.0,0.0,-4199817.5,12.263823509216309,500.0994873046875,3.21301631629467e-05,77680.3046875,1.0959973335266113
49500.0,0.0,0.0,-4199819.5,12.375602722167969,501.9161376953125,-0.0007544937543570995,77667.8046875,1.0961737632751465
49600.0,0.0,0.0,-4199821.0,14.103033065795898,500.62506103515625,0.0009745450224727392,77655.6796875,1.0963448286056519
49700.0,0.0,0.0,-4199825.5,13.549551963806152,501.27508544921875,0.00045049190521240234,77644.640625,1.0965007543563843
49800.0,0.0,0.0,-4199821.5,11.88372802734375,494.4329833984375,0.00034534046426415443,77634.0625,1.096650242805481
49900.0,0.0,0.0,-4199824.0,13.080857276916504,496.8137512207031,2.585817128419876e-06,77623.6953125,1.0967966318130493
50000.0,0.0,0.0,-4199828.5,14.573559761047363,503.5400390625,0.0010139001533389091,77614.0703125,1.0969326496124268
50100.0,0.0,0.0,-4199822.5,10.508824348449707,498.2120361328125,0.00019290181808173656,77604.90625,1.0970622301101685
50200.0,0.0,0.0,-4199826.5,10.839649200439453,501.9366455078125,-4.69014048576355e-06,77596.8046875,1.0971766710281372
50300.0,0.0,0.0,-4199825.5,13.90992546081543,497.6564636230469,-4.477798938751221e-06,77588.8828125,1.097288727760315
50400.0,0.0,0.0,-4199837.0,14.439126014709473,503.9031677246094,0.0008245715871453285,77581.5234375,1.0973929166793823
50500.0,0.0,0.0,-4199834.5,12.53882122039795,493.20733642578125,3.552483394742012e-05,77575.375,1.0974798202514648
50600.0,0.0,0.0,-4199841.0,13.036832809448242,497.2649841308594,-0.0007848567329347134,77568.796875,1.0975728034973145
50700.0,0.0,0.0,-4199833.0,14.000247955322266,490.359130859375,-0.0007660924457013607,77560.921875,1.097684383392334
50800.0,0.0,0.0,-4199829.0,10.390453338623047,490.7164001464844,-0.00046152714639902115,77552.859375,1.097798466682434
50900.0,0.0,0.0,-4199828.0,14.411286354064941,495.2228088378906,0.0010118111968040466,77544.5625,1.0979158878326416
51000.0,0.0,0.0,-4199832.0,12.109671592712402,501.9836120605469,0.0006811826024204493,77536.4140625,1.0980314016342163
51100.0,0.0,0.0,-4199829.0,11.954298973083496,500.8554992675781,-0.000940470490604639,77529.90625,1.098123550415039
51200.0,0.0,0.0,-4199826.5,11.229288101196289,500.9940490722656,-0.0009156065061688423,77525.4765625,1.0981861352920532
51300.0,0.0,0.0,-4199821.0,13.67833423614502,498.5106201171875,0.0008657937869429588,77522.328125,1.0982307195663452
51400.0,0.0,0.0,-4199819.0,12.257612228393555,498.2302551269531,0.00119657046161592,77520.1171875,1.098262071609497
51500.0,0.0,0.0,-4199825.0,13.428376197814941,505.0887145996094,0.0003860828001052141,77519.53125,1.0982705354690552
51600.0,0.0,0.0,-4199813.5,12.035615921020508,490.77398681640625,-0.0008862470276653767,77520.7109375,1.0982537269592285
51700.0,0.0,0.0,-4199816.0,12.133800506591797,487.72906494140625,-0.0011943182907998562,77522.8671875,1.098223090171814
51800.0,0.0,0.0,-4199830.0,15.089913368225098,496.8039245605469,-0.0002717715688049793,77525.2109375,1.0981899499893188
51900.0,0.0,0.0,-4199845.0,9.999578475952148,510.9163818359375,0.0016237245872616768,77526.984375,1.0981649160385132
52000.0,0.0,0.0,-4199821.5,15.027331352233887,487.3591613769531,0.0006307398434728384,77529.328125,1.0981316566467285
52100.0,0.0,0.0,-4199838.0,11.990554809570312,509.3659973144531,0.00018565915524959564,77533.6484375,1.0980703830718994
52200.0,0.0,0.0,-4199826.0,11.017386436462402,500.7029113769531,-0.000728800892829895,77540.2734375,1.097976565361023
52300.0,0.0,0.0,-4199830.5,11.920599937438965,509.8824157714844,-0.0009219744242727757,77548.3828125,1.0978617668151855
52400.0,0.0,0.0,-4199826.5,11.801165580749512,507.2695617675781,0.0008036135695874691,77558.125,1.0977238416671753
52500.0,0.0,0.0,-4199832.5,13.661812782287598,512.0177001953125,0.000506129115819931,77568.8125,1.097572684288025
52600.0,0.0,0.0,-4199829.0,15.397477149963379,501.9949951171875,0.0003642137162387371,77580.0234375,1.0974141359329224
52700.0,0.0,0.0,-4199830.5,13.498673439025879,500.9989013671875,-9.858002886176109e-05,77593.3203125,1.0972260236740112
52800.0,0.0,0.0,-4199828.5,13.885330200195312,497.3816833496094,5.939509719610214e-05,77608.4765625,1.0970118045806885
52900.0,0.0,0.0,-4199824.0,10.267017364501953,492.4691162109375,-0.00047833332791924477,77624.6015625,1.0967837572097778
53000.0,0.0,0.0,-4199833.5,13.69864559173584,503.035400390625,-0.0002524186857044697,77641.2578125,1.0965486764907837
53100.0,0.0,0.0,-4199823.5,15.608376502990723,494.82159423828125,0.0010574129410088062,77658.6875,1.0963023900985718
53200.0,0.0,0.0,-4199827.5,14.291218757629395,499.52252197265625,0.0006236513145267963,77677.9375,1.0960307121276855
53300.0,0.0,0.0,-4199836.0,13.272126197814941,508.6466979980469,0.0010713138617575169,77698.5390625,1.0957400798797607
53400.0,0.0,0.0,-4199829.5,12.703036308288574,503.5247497558594,-0.0012107682414352894,77721.578125,1.0954153537750244
53500.0,0.0,0.0,-4199829.0,18.277177810668945,502.7286071777344,-0.0012960918247699738,77745.6640625,1.0950759649276733
53600.0,0.0,0.0,-4199821.0,13.977331161499023,493.2618408203125,0.0009177434258162975,77771.703125,1.0947092771530151
53700.0,0.0,0.0,-4199824.0,12.657604217529297,498.2681579589844,0.0013942583464086056,77800.921875,1.0942981243133545
53800.0,0.0,0.0,-4199827.0,11.749695777893066,502.59149169921875,0.001234650146216154,77832.53125,1.0938537120819092
53900.0,0.0,0.0,-4199827.5,13.786449432373047,506.2629089355469,-0.0012543313205242157,77865.8671875,1.0933854579925537
54000.0,0.0,0.0,-4199828.5,14.509148597717285,512.376220703125,0.00011938810348510742,77900.5546875,1.0928986072540283
54100.0,0.0,0.0,-4199823.5,13.883394241333008,506.687255859375,0.00026145344600081444,77937.1171875,1.09238600730896
54200.0,0.0,0.0,-4199828.0,11.047415733337402,507.90185546875,0.0009122998453676701,77975.5,1.0918481349945068
54300.0,0.0,0.0,-4199825.0,11.254012107849121,499.5834655761719,-0.0005460334941744804,78015.6171875,1.0912867784500122
54400.0,0.0,0.0,-4199819.0,12.604804039001465,488.3962707519531,-0.0006809893529862165,78057.03125,1.090707778930664
54500.0,0.0,0.0,-4199828.0,12.186594009399414,496.1269836425781,-5.401764065027237e-05,78100.125,1.0901058912277222
54600.0,0.0,0.0,-4199821.0,21.91966438293457,494.2035217285156,0.0009822305291891098,78144.8046875,1.0894826650619507
54700.0,0.0,0.0,-4199826.5,11.879793167114258,502.6583251953125,0.00043641822412610054,78191.0703125,1.0888381004333496
54800.0,0.0,0.0,-4199820.0,11.635590553283691,498.26556396484375,-0.00010519195348024368,78237.2421875,1.0881954431533813
54900.0,0.0,0.0,-4199819.5,12.940312385559082,501.598876953125,-0.0006165178492665291,78283.796875,1.0875482559204102
55000.0,0.0,0.0,-4199816.5,12.95916748046875,500.13037109375,-0.00042522745206952095,78330.8203125,1.08689546585083
55100.0,0.0,0.0,-4199819.5,11.308904647827148,507.67596435546875,0.0008523925207555294,78378.65625,1.08623206615448
55200.0,0.0,0.0,-4199808.0,11.170672416687012,497.3691101074219,-0.00025780778378248215,78427.7578125,1.0855519771575928
55300.0,0.0,0.0,-4199818.0,11.14107894897461,504.6685485839844,-6.092572584748268e-05,78477.90625,1.0848584175109863
55400.0,0.0,0.0,-4199824.0,17.223526000976562,503.65753173828125,3.31890769302845e-05,78528.8046875,1.0841550827026367
55500.0,0.0,0.0,-4199824.5,10.809409141540527,500.59185791015625,0.00020928983576595783,78578.9609375,1.0834630727767944
55600.0,0.0,0.0,-4199816.0,18.588773727416992,495.3106689453125,-0.0008995351381599903,78629.03125,1.082773208618164
55700.0,0.0,0.0,-4199816.0,11.945892333984375,494.0902404785156,-0.0005136209074407816,78678.3828125,1.0820939540863037
55800.0,0.0,0.0,-4199822.5,11.51173210144043,498.617431640625,7.905066013336182e-06,78726.3203125,1.0814350843429565
55900.0,0.0,0.0,-4199821.0,12.835248947143555,495.99468994140625,0.0018051895312964916,78773.09375,1.080793023109436
56000.0,0.0,0.0,-4199823.5,11.868661880493164,497.697265625,0.0003205863758921623,78820.6640625,1.0801407098770142
56100.0,0.0,0.0,-4199835.0,11.866506576538086,508.53924560546875,-0.0011108429171144962,78867.4921875,1.0794994831085205
56200.0,0.0,0.0,-4199817.5,10.812546730041504,494.4287414550781,-0.0011920281685888767,78912.859375,1.0788787603378296
56300.0,0.0,0.0,-4199818.0,11.704978942871094,497.18939208984375,-0.0003329003229737282,78956.8359375,1.0782779455184937
56400.0,0.0,0.0,-4199816.5,10.667781829833984,496.8460693359375,0.0011616430711001158,79000.65625,1.0776797533035278
56500.0,0.0,0.0,-4199823.5,12.226846694946289,506.8935241699219,0.0005688879173249006,79044.0390625,1.0770882368087769
56600.0,0.0,0.0,-4199817.5,10.185151100158691,500.2646789550781,-0.0009728381410241127,79087.09375,1.0765018463134766
56700.0,0.0,0.0,-4199819.0,12.349466323852539,502.1444396972656,-0.0011956463567912579,79129.859375,1.0759202241897583
56800.0,0.0,0.0,-4199828.0,11.189927101135254,511.28839111328125,7.798243314027786e-05,79171.7265625,1.0753511190414429
56900.0,0.0,0.0,-4199817.0,14.244037628173828,500.0870666503906,0.00034802150912582874,79212.3515625,1.0747997760772705
57000.0,0.0,0.0,-4199820.0,11.813558578491211,500.6081848144531,-0.0002881553955376148,79250.953125,1.074276089668274
57100.0,0.0,0.0,-4199817.5,14.165933609008789,493.1788635253906,-7.072323933243752e-05,79285.734375,1.0738048553466797
57200.0,0.0,0.0,-4199814.5,12.035213470458984,487.0021057128906,-0.001244446262717247,79317.0390625,1.0733811855316162
57300.0,0.0,0.0,-4199825.0,10.380766868591309,497.1354675292969,-0.00017068907618522644,79345.7421875,1.0729928016662598
57400.0,0.0,0.0,-4199823.0,10.100363731384277,497.2024230957031,-0.00048241368494927883,79371.8203125,1.072640299797058
57500.0,0.0,0.0,-4199815.0,11.93591022491455,490.6163024902344,-0.00019248481839895248,79395.8046875,1.0723161697387695
57600.0,0.0,0.0,-4199822.0,13.267512321472168,506.8292541503906,0.0003574581351131201,79417.78125,1.0720194578170776
57700.0,0.0,0.0,-4199817.5,13.405035972595215,506.2780456542969,-0.0003106198273599148,79438.0859375,1.07174551486969
57800.0,0.0,0.0,-4199813.5,12.026713371276855,506.1496887207031,0.00020508351735770702,79455.796875,1.0715066194534302
57900.0,0.0,0.0,-4199814.0,13.366962432861328,507.7034912109375,-0.0014132605865597725,79472.484375,1.0712816715240479
58000.0,0.0,0.0,-4199816.5,10.81973648071289,509.1744079589844,-0.000576200895011425,79487.703125,1.0710763931274414
58100.0,0.0,0.0,-4199811.0,10.586294174194336,498.93560791015625,0.0002803276292979717,79501.1171875,1.0708956718444824
58200.0,0.0,0.0,-4199816.0,14.974079132080078,499.6559753417969,0.0007801984902471304,79512.9453125,1.0707364082336426
58300.0,0.0,0.0,-4199824.0,10.756513595581055,502.5384216308594,-0.00045744050294160843,79522.53125,1.070607304573059
58400.0,0.0,0.0,-4199825.5,14.73509407043457,501.3976135253906,-0.002091319765895605,79529.5859375,1.0705124139785767
58500.0,0.0,0.0,-4199815.5,12.859074592590332,492.3451232910156,0.0003082652110606432,79533.046875,1.0704658031463623
58600.0,0.0,0.0,-4199821.0,14.28635025024414,500.603271484375,0.0003444582689553499,79533.6953125,1.070457100868225
58700.0,0.0,0.0,-4199818.0,11.985913276672363,500.0304870605469,0.0004332710523158312,79531.46875,1.0704870223999023
58800.0,0.0,0.0,-4199818.0,11.665647506713867,503.8613586425781,-0.0006616003811359406,79524.9765625,1.070574402809143
58900.0,0.0,0.0,-4199822.0,10.587597846984863,508.521240234375,-0.00117054907605052,79515.2890625,1.0707048177719116
59000.0,0.0,0.0,-4199813.5,12.967585563659668,498.1495666503906,-0.00021581794135272503,79502.1171875,1.0708822011947632
59100.0,0.0,0.0,-4199820.0,13.921741485595703,502.6256408691406,-0.0003907177597284317,79487.1328125,1.0710841417312622
59200.0,0.0,0.0,-4199818.5,10.079635620117188,497.714111328125,-0.00030135316774249077,79469.546875,1.0713212490081787
59300.0,0.0,0.0,-4199824.5,18.476905822753906,503.6225891113281,-0.00012733275070786476,79448.9765625,1.0715985298156738
59400.0,0.0,0.0,-4199818.5,14.145583152770996,498.05108642578125,0.00022591883316636086,79426.0234375,1.0719082355499268
59500.0,0.0,0.0,-4199818.0,10.894007682800293,497.2514953613281,-0.000301542691886425,79401.4921875,1.0722395181655884
59600.0,0.0,0.0,-4199821.0,12.953184127807617,499.1087646484375,-5.034729838371277e-05,79375.078125,1.0725961923599243
59700.0,0.0,0.0,-4199818.0,13.834268569946289,494.4127502441406,-0.0003451837692409754,79346.140625,1.0729873180389404
59800.0,0.0,0.0,-4199822.0,11.639806747436523,494.3587646484375,0.0009904946200549603,79314.4453125,1.0734162330627441
59900.0,0.0,0.0,-4199819.5,11.232325553894043,485.4235534667969,0.00016066571697592735,79281.4609375,1.0738627910614014
60000.0,0.0,0.0,-4199830.0,10.364697456359863,494.38226318359375,-0.001377298729494214,79247.578125,1.0743218660354614
60100.0,0.0,0.0,-4199830.5,14.271873474121094,495.3951416015625,-0.00046350155025720596,79211.21875,1.0748151540756226
60200.0,0.0,0.0,-4199827.5,12.613458633422852,496.91033935546875,-0.0008352692238986492,79171.6953125,1.0753517150878906
60300.0,0.0,0.0,-4199823.5,11.682709693908691,499.4349365234375,0.0012982948683202267,79129.015625,1.0759316682815552
60400.0,0.0,0.0,-4199817.0,11.724273681640625,498.8850402832031,0.0003854036331176758,79085.015625,1.0765302181243896
60500.0,0.0,0.0,-4199819.0,13.128785133361816,505.5212097167969,-0.0004238178953528404,79039.9765625,1.077143669128418
60600.0,0.0,0.0,-4199814.0,13.793706893920898,499.3770751953125,-0.001377913635224104,78994.546875,1.0777630805969238
60700.0,0.0,0.0,-4199821.5,10.193305015563965,505.9714050292969,-0.00018898863345384598,78947.6015625,1.0784039497375488
60800.0,0.0,0.0,-4199812.0,11.142138481140137,494.50543212890625,0.0013799355365335941,78900.6953125,1.079045057296753
60900.0,0.0,0.0,-4199822.5,15.211384773254395,501.38226318359375,4.913797602057457e-05,78854.75,1.0796738862991333
61000.0,0.0,0.0,-4199820.5,12.507664680480957,496.123291015625,0.0002823092509061098,78808.3828125,1.0803090333938599
61100.0,0.0,0.0,-4199824.0,11.242243766784668,498.37298583984375,-7.186178117990494e-05,78762.2421875,1.080941915512085
61200.0,0.0,0.0,-4199825.0,10.189461708068848,499.35504150390625,-0.0008416841737926006,78716.109375,1.081575632095337
61300.0,0.0,0.0,-4199830.0,12.409053802490234,510.3968811035156,-0.001144761685281992,78670.109375,1.0822077989578247
61400.0,0.0,0.0,-4199825.0,10.682732582092285,503.7493896484375,0.000833800295367837,78623.2109375,1.0828534364700317
61500.0,0.0,0.0,-4199828.0,12.285377502441406,505.446044921875,0.00037110340781509876,78576.6484375,1.0834951400756836
61600.0,0.0,0.0,-4199830.0,9.521842002868652,501.5537109375,4.738708958029747e-05,78529.8828125,1.0841403007507324
61700.0,0.0,0.0,-4199835.5,14.074896812438965,498.43768310546875,-0.001532562542706728,78483.6171875,1.0847793817520142
61800.0,0.0,0.0,-4199832.0,11.634291648864746,493.1097717285156,0.0007316805422306061,78437.703125,1.0854142904281616
61900.0,0.0,0.0,-4199822.5,15.37541389465332,486.4017333984375,0.0002129911445081234,78392.875,1.0860350131988525
62000.0,0.0,0.0,-4199825.5,15.207684516906738,495.37371826171875,0.0008501308038830757,78348.09375,1.0866557359695435
62100.0,0.0,0.0,-4199821.0,10.626758575439453,497.49456787109375,9.339163079857826e-05,78303.8203125,1.0872702598571777
62200.0,0.0,0.0,-4199823.5,12.153112411499023,504.6854248046875,-0.0007590758614242077,78261.140625,1.0878630876541138
62300.0,0.0,0.0,-4199818.0,18.198898315429688,501.227783203125,-0.0002450784668326378,78219.765625,1.088438630104065
62400.0,0.0,0.0,-4199824.0,10.422792434692383,508.3883056640625,-0.0006045238114893436,78180.546875,1.088984489440918
62500.0,0.0,0.0,-4199817.5,12.303951263427734,499.6430358886719,0.0006922162137925625,78143.1484375,1.0895057916641235
62600.0,0.0,0.0,-4199836.0,13.055642127990723,515.5964965820312,0.0011694105342030525,78107.953125,1.0899966955184937
62700.0,0.0,0.0,-4199820.0,13.54566764831543,494.366455078125,0.001180137973278761,78074.375,1.0904655456542969
62800.0,0.0,0.0,-4199825.5,15.07241153717041,497.4562683105469,-0.0011458494700491428,78043.671875,1.0908944606781006
62900.0,0.0,0.0,-4199824.0,15.209176063537598,495.44866943359375,0.00014247465878725052,78013.578125,1.0913153886795044
63000.0,0.0,0.0,-4199821.5,11.059272766113281,492.77117919921875,0.0002934737130999565,77983.671875,1.091733694076538
63100.0,0.0,0.0,-4199829.5,13.067035675048828,502.15814208984375,0.0012104474008083344,77955.390625,1.0921299457550049
63200.0,0.0,0.0,-4199825.0,12.539146423339844,498.85052490234375,0.00028576096519827843,77929.0,1.0924997329711914
63300.0,0.0,0.0,-4199820.5,13.836292266845703,496.28179931640625,-0.00020930031314492226,77904.453125,1.092844009399414
63400.0,0.0,0.0,-4199827.5,12.004905700683594,506.1667175292969,-0.0006845695897936821,77881.6015625,1.0931645631790161
63500.0,0.0,0.0,-4199822.5,11.841111183166504,503.80389404296875,-0.000773177482187748,77860.609375,1.0934593677520752
63600.0,0.0,0.0,-4199827.0,11.926067352294922,508.2135925292969,0.0012092329561710358,77841.09375,1.0937334299087524
63700.0,0.0,0.0,-4199824.5,11.645877838134766,503.05523681640625,0.0009862366132438183,77824.40625,1.0939679145812988
63800.0,0.0,0.0,-4199826.5,13.844853401184082,498.3477478027344,0.0005471361801028252,77810.359375,1.0941654443740845
63900.0,0.0,0.0,-4199831.0,12.182343482971191,498.2456970214844,-0.0004731356166303158,77798.0859375,1.0943381786346436
64000.0,0.0,0.0,-4199823.5,12.776954650878906,488.041748046875,-0.0007621957920491695,77787.171875,1.0944916009902954
64100.0,0.0,0.0,-4199829.5,12.488837242126465,495.80615234375,-5.110353231430054e-05,77777.359375,1.0946297645568848
64200.0,0.0,0.0,-4199829.0,13.000609397888184,498.3638610839844,0.0013406295329332352,77769.3515625,1.0947424173355103
64300.0,0.0,0.0,-4199828.5,12.305453300476074,501.9891052246094,0.0014302099589258432,77762.9765625,1.0948323011398315
64400.0,0.0,0.0,-4199831.5,13.85534954071045,509.6571960449219,-0.0006080577149987221,77758.7265625,1.0948920249938965
64500.0,0.0,0.0,-4199817.5,12.904001235961914,497.84051513671875,-4.745274782180786e-05,77756.78125,1.0949193239212036
64600.0,0.0,0.0,-4199820.5,12.08165454864502,504.28070068359375,-0.0007167751900851727,77757.6953125,1.0949065685272217
64700.0,0.0,0.0,-4199822.0,15.719934463500977,503.6965026855469,0.0006289093289524317,77761.3203125,1.0948554277420044
64800.0,0.0,0.0,-4199824.5,11.45448112487793,505.61627197265625,7.467437535524368e-05,77767.7109375,1.094765543937683
64900.0,0.0,0.0,-4199829.0,11.74829387664795,509.12945556640625,0.0002987259067595005,77776.0859375,1.0946476459503174
65000.0,0.0,0.0,-4199825.0,11.777873992919922,501.8834228515625,0.0013812766410410404,77786.296875,1.0945039987564087
65100.0,0.0,0.0,-4199826.0,11.890791893005371,499.7386779785156,-4.013627767562866e-05,77797.6796875,1.0943437814712524
65200.0,0.0,0.0,-4199831.5,11.211888313293457,503.4065246582031,-0.00028720172122120857,77810.9609375,1.094157099723816
65300.0,0.0,0.0,-4199827.5,10.895516395568848,498.9764099121094,-0.00013137375935912132,77826.4921875,1.0939385890960693
65400.0,0.0,0.0,-4199826.5,12.567907333374023,498.7613525390625,0.0008966256864368916,77844.8828125,1.0936802625656128
65500.0,0.0,0.0,-4199823.5,11.177607536315918,497.9898376464844,-0.00039163604378700256,77865.515625,1.0933903455734253
65600.0,0.0,0.0,-4199822.0,13.069527626037598,503.4577941894531,-1.1324882507324219e-06,77888.03125,1.0930743217468262
65700.0,0.0,0.0,-4199818.5,10.602423667907715,504.4753112792969,0.0008682762272655964,77912.828125,1.0927265882492065
65800.0,0.0,0.0,-4199824.5,12.872220993041992,514.7872314453125,0.0005544994492083788,77939.5,1.0923526287078857
65900.0,0.0,0.0,-4199816.5,11.019783020019531,504.0291748046875,3.50181944668293e-05,77968.359375,1.0919482707977295
66000.0,0.0,0.0,-4199831.5,11.898002624511719,514.1874389648438,0.00011260621249675751,78000.34375,1.0915004014968872
66100.0,0.0,0.0,-4199817.5,10.409515380859375,494.18145751953125,-0.0002712896093726158,78035.875,1.09100341796875
66200.0,0.0,0.0,-4199822.0,11.486746788024902,497.4566955566406,0.00026093050837516785,78074.2734375,1.0904669761657715
66300.0,0.0,0.0,-4199822.0,11.61843204498291,496.96722412109375,-0.0003973660059273243,78115.6640625,1.0898892879486084
66400.0,0.0,0.0,-4199826.5,11.565003395080566,500.6962585449219,0.0018153139390051365,78158.3828125,1.089293360710144
66500.0,0.0,0.0,-4199821.0,13.086007118225098,493.4527893066406,0.000582610722631216,78202.7734375,1.0886751413345337
66600.0,0.0,0.0,-4199829.0,11.559545516967773,501.1275939941406,-0.0002809646539390087,78248.234375,1.0880424976348877
66700.0,0.0,0.0,-4199822.5,12.989997863769531,497.9231872558594,-0.0008272342383861542,78294.5546875,1.0873987674713135
66800.0,0.0,0.0,-4199825.5,12.242623329162598,500.060546875,-6.207544356584549e-05,78342.25,1.0867369174957275
66900.0,0.0,0.0,-4199822.5,11.82116985321045,495.3089904785156,0.0009430586360394955,78391.859375,1.086049199104309
67000.0,0.0,0.0,-4199818.0,11.4027681350708,488.1792907714844,-0.0006082917097955942,78444.2421875,1.0853238105773926
67100.0,0.0,0.0,-4199830.5,11.957281112670898,498.7524108886719,-7.398286834359169e-05,78497.890625,1.0845822095870972
67200.0,0.0,0.0,-4199828.5,13.25454330444336,496.3614807128906,-0.0008843289688229561,78552.0703125,1.0838340520858765
67300.0,0.0,0.0,-4199830.0,14.968073844909668,501.98651123046875,0.0002291044220328331,78605.1875,1.083101749420166
67400.0,0.0,0.0,-4199822.0,12.60256290435791,502.8558044433594,0.0012339397799223661,78658.578125,1.0823665857315063
67500.0,0.0,0.0,-4199818.5,11.11375617980957,506.4735107421875,-2.5492161512374878e-05,78711.9140625,1.0816330909729004
67600.0,0.0,0.0,-4199813.5,11.2841215133667,503.2075500488281,-0.0009033586829900742,78764.8515625,1.0809060335159302
67700.0,0.0,0.0,-4199815.0,10.147216796875,504.7186584472656,-0.0007470864802598953,78815.890625,1.0802061557769775
67800.0,0.0,0.0,-4199818.5,18.09162712097168,505.36859130859375,0.0005525872111320496,78865.90625,1.0795211791992188
67900.0,0.0,0.0,-4199823.5,12.0674467086792,507.5642395019531,-0.0004095206968486309,78916.109375,1.0788342952728271
68000.0,0.0,0.0,-4199825.0,13.33896541595459,506.7004089355469,-0.0005212989635765553,78966.390625,1.0781474113464355
68100.0,0.0,0.0,-4199816.5,12.36464786529541,496.7215881347656,-0.00011238432489335537,79014.9296875,1.0774850845336914
68200.0,0.0,0.0,-4199814.0,11.91111946105957,494.1100769042969,-4.7061359509825706e-05,79062.375,1.076838493347168
68300.0,0.0,0.0,-4199818.5,13.96572494506836,497.25457763671875,0.00017837388440966606,79108.7421875,1.0762072801589966
68400.0,0.0,0.0,-4199812.0,11.411908149719238,495.9184875488281,-0.000504625728353858,79153.5859375,1.0755976438522339
68500.0,0.0,0.0,-4199818.5,11.556198120117188,503.048095703125,-0.00038412073627114296,79196.1484375,1.0750195980072021
68600.0,0.0,0.0,-4199811.5,13.80124282836914,492.3804931640625,-7.384829223155975e-05,79236.609375,1.0744706392288208
68700.0,0.0,0.0,-4199818.5,19.023725509643555,495.33184814453125,-0.0010105709079653025,79274.7734375,1.0739532709121704
68800.0,0.0,0.0,-4199821.0,11.460172653198242,495.28302001953125,0.0010260913986712694,79310.9140625,1.073464035987854
68900.0,0.0,0.0,-4199822.0,13.643987655639648,495.3249816894531,-0.0011906542349606752,79346.0078125,1.0729892253875732
69000.0,0.0,0.0,-4199820.5,14.039399147033691,496.9884948730469,0.000467036385089159,79377.8125,1.0725592374801636
69100.0,0.0,0.0,-4199811.0,11.2127685546875,490.4913635253906,0.0005595691036432981,79407.0234375,1.0721646547317505
69200.0,0.0,0.0,-4199813.5,12.488015174865723,499.1146240234375,-0.0003861614968627691,79434.734375,1.0717906951904297
69300.0,0.0,0.0,-4199812.5,15.122713088989258,504.9491271972656,-0.001746884547173977,79461.1875,1.0714339017868042
69400.0,0.0,0.0,-4199811.5,13.518441200256348,507.3738708496094,-0.0006117215380072594,79484.640625,1.071117639541626
69500.0,0.0,0.0,-4199807.0,12.183174133300781,503.8441162109375,0.0007296849507838488,79506.265625,1.0708264112472534
69600.0,0.0,0.0,-4199817.0,9.483888626098633,509.534423828125,0.00015237042680382729,79525.6015625,1.0705660581588745
69700.0,0.0,0.0,-4199821.0,11.068323135375977,505.9963684082031,-0.0006474601104855537,79541.8828125,1.0703468322753906
69800.0,0.0,0.0,-4199815.0,16.52341079711914,497.1210632324219,-0.0015811691991984844,79554.375,1.0701788663864136
69900.0,0.0,0.0,-4199815.0,13.457077026367188,496.9327087402344,-0.0008716166485100985,79563.484375,1.0700563192367554
70000.0,0.0,0.0,-4199817.0,11.499085426330566,498.3089904785156,0.0005737589672207832,79569.609375,1.0699739456176758
70100.0,0.0,0.0,-4199818.5,12.547432899475098,497.9734191894531,0.00026607909239828587,79573.890625,1.0699164867401123
70200.0,0.0,0.0,-4199822.5,10.159926414489746,501.2247314453125,-0.0018274597823619843,79576.34375,1.0698833465576172
70300.0,0.0,0.0,-4199822.0,14.576384544372559,500.75146484375,-0.0010642355773597956,79575.15625,1.069899320602417
70400.0,0.0,0.0,-4199821.0,11.87060260772705,498.2188720703125,0.0002804454416036606,79571.640625,1.0699466466903687
70500.0,0.0,0.0,-4199819.5,11.797982215881348,496.6981201171875,0.0014217307325452566,79567.171875,1.0700067281723022
70600.0,0.0,0.0,-4199823.0,13.76654052734375,500.0941162109375,-0.00012917746789753437,79562.1484375,1.070074200630188
70700.0,0.0,0.0,-4199822.0,11.545989036560059,501.9017639160156,-0.0004797116853296757,79555.296875,1.0701663494110107
70800.0,0.0,0.0,-4199820.0,12.748757362365723,501.82232666015625,-0.0011182664893567562,79546.796875,1.070280909538269
70900.0,0.0,0.0,-4199815.5,12.124259948730469,499.8828430175781,0.0002494002692401409,79536.859375,1.0704145431518555
71000.0,0.0,0.0,-4199817.5,12.136443138122559,503.41644287109375,0.0001476122997701168,79525.7109375,1.0705646276474
71100.0,0.0,0.0,-4199808.0,10.585480690002441,495.8050537109375,-0.00048549147322773933,79513.3125,1.070731520652771
71200.0,0.0,0.0,-4199821.5,12.808353424072266,511.29296875,0.0001023351214826107,79500.2109375,1.0709079504013062
71300.0,0.0,0.0,-4199811.0,17.25693702697754,496.86083984375,0.00019184197299182415,79485.8671875,1.071101188659668
71400.0,0.0,0.0,-4199820.5,11.74716567993164,502.24212646484375,0.0006428337655961514,79470.40625,1.0713095664978027
71500.0,0.0,0.0,-4199816.0,10.678240776062012,493.57275390625,-0.0022537815384566784,79454.2734375,1.071527123451233
71600.0,0.0,0.0,-4199822.5,12.102391242980957,500.5055847167969,-0.0006182785145938396,79436.2265625,1.0717705488204956
71700.0,0.0,0.0,-4199824.0,11.821022033691406,501.05096435546875,0.0011917930096387863,79416.6015625,1.0720354318618774
71800.0,0.0,0.0,-4199826.5,11.877054214477539,502.3953857421875,0.00042839767411351204,79396.5078125,1.0723066329956055
71900.0,0.0,0.0,-4199825.5,11.369522094726562,501.2623596191406,-9.528966620564461e-05,79375.6484375,1.0725884437561035
72000.0,0.0,0.0,-4199819.5,10.880592346191406,496.6961975097656,-0.0011064507998526096,79353.65625,1.0728857517242432
72100.0,0.0,0.0,-4199822.0,10.560821533203125,504.3779296875,-0.0002900548279285431,79330.75,1.0731955766677856
72200.0,0.0,0.0,-4199815.0,13.513505935668945,508.0729064941406,0.0009057412389665842,79306.96875,1.0735173225402832
72300.0,0.0,0.0,-4199812.5,14.368507385253906,510.0328063964844,9.802868589758873e-05,79282.6015625,1.0738472938537598
72400.0,0.0,0.0,-4199813.0,12.961308479309082,509.1964416503906,-0.00038793962448835373,79258.5234375,1.0741734504699707
72500.0,0.0,0.0,-4199812.0,14.408466339111328,503.514404296875,-0.0019349153153598309,79235.640625,1.0744837522506714
72600.0,0.0,0.0,-4199812.5,13.32278823852539,497.4239807128906,0.00024102302268147469,79213.171875,1.0747884511947632
72700.0,0.0,0.0,-4199816.5,18.596590042114258,499.38311767578125,0.0013622641563415527,79191.296875,1.0750855207443237
72800.0,0.0,0.0,-4199818.0,15.121758460998535,501.4705505371094,0.000972323352470994,79170.0546875,1.075373888015747
72900.0,0.0,0.0,-4199816.0,12.794425964355469,499.74224853515625,-0.0005998481065034866,79149.234375,1.075656771659851
73000.0,0.0,0.0,-4199816.5,11.283299446105957,495.4262390136719,-0.0012811825145035982,79128.890625,1.075933575630188
73100.0,0.0,0.0,-4199819.5,10.104072570800781,495.42822265625,0.00020324811339378357,79109.0625,1.0762029886245728
73200.0,0.0,0.0,-4199822.0,12.011080741882324,496.3426818847656,0.0007458110339939594,79090.453125,1.0764563083648682
73300.0,0.0,0.0,-4199826.0,9.562949180603027,500.20208740234375,0.00052595604211092,79071.46875,1.0767147541046143
73400.0,0.0,0.0,-4199826.0,12.242777824401855,501.63653564453125,-0.000800249632447958,79052.078125,1.0769786834716797
73500.0,0.0,0.0,-4199816.5,11.610716819763184,495.3551330566406,-0.0003199456259608269,79030.7109375,1.0772699117660522
73600.0,0.0,0.0,-4199819.0,16.485984802246094,506.8350830078125,0.00044427416287362576,79008.3046875,1.077575445175171
73700.0,0.0,0.0,-4199814.5,14.790038108825684,507.6812744140625,-0.0002798736095428467,78985.890625,1.0778813362121582
73800.0,0.0,0.0,-4199810.5,13.229535102844238,504.456298828125,0.00016967719420790672,78961.90625,1.078208565711975
73900.0,0.0,0.0,-4199816.5,11.974512100219727,507.5495910644531,-0.001073894090950489,78938.3203125,1.0785309076309204
74000.0,0.0,0.0,-4199823.0,11.266877174377441,508.36376953125,0.0013664602302014828,78914.640625,1.0788544416427612
74100.0,0.0,0.0,-4199823.0,13.104598999023438,505.31103515625,0.0014218995347619057,78892.515625,1.0791569948196411
74200.0,0.0,0.0,-4199822.0,10.310403823852539,502.187255859375,-0.001208876259624958,78871.4453125,1.079445242881775
74300.0,0.0,0.0,-4199824.0,13.893104553222656,502.16009521484375,-0.0015961043536663055,78849.0625,1.0797516107559204
74400.0,0.0,0.0,-4199825.0,11.307231903076172,502.1139221191406,-0.00030991528183221817,78826.6328125,1.0800589323043823
74500.0,0.0,0.0,-4199827.0,11.852108001708984,502.9427795410156,0.0003888600040227175,78804.4921875,1.080362319946289
74600.0,0.0,0.0,-4199824.5,14.552752494812012,498.8570251464844,0.0016633551567792892,78782.2734375,1.0806670188903809
74700.0,0.0,0.0,-4199825.0,14.924054145812988,499.65185546875,-0.0003685564734041691,78760.1796875,1.080970287322998
74800.0,0.0,0.0,-4199814.5,15.648979187011719,490.12713623046875,-0.0005196614656597376,78737.9921875,1.0812748670578003
74900.0,0.0,0.0,-4199820.5,17.072948455810547,503.7484436035156,-0.0010212371125817299,78716.15625,1.0815746784210205
75000.0,0.0,0.0,-4199819.0,12.14163589477539,500.6009216308594,0.000631214352324605,78695.2421875,1.0818623304367065
75100.0,0.0,0.0,-4199821.5,12.368518829345703,498.8211669921875,-0.00014181993901729584,78675.0390625,1.0821399688720703
75200.0,0.0,0.0,-4199826.5,13.20070743560791,500.08209228515625,-2.902466803789139e-06,78654.6875,1.0824201107025146
75300.0,0.0,0.0,-4199825.0,13.818476676940918,495.7467346191406,-6.562657654285431e-05,78633.828125,1.082707166671753
75400.0,0.0,0.0,-4199829.0,16.19162940979004,498.55938720703125,0.00020682532340288162,78612.28125,1.0830038785934448
75500.0,0.0,0.0,-4199823.0,10.459818840026855,493.35870361328125,0.0005011926405131817,78591.234375,1.0832940340042114
75600.0,0.0,0.0,-4199828.0,12.544137001037598,502.9520568847656,-0.0003387127071619034,78570.7578125,1.0835763216018677
75700.0,0.0,0.0,-4199822.0,12.006093978881836,502.7117919921875,-0.00035861367359757423,78550.6015625,1.0838543176651
75800.0,0.0,0.0,-4199817.0,13.360763549804688,502.2850646972656,-0.0009122882038354874,78530.375,1.084133505821228
75900.0,0.0,0.0,-4199817.5,13.045267105102539,506.0979309082031,0.00022385362535715103,78510.8203125,1.0844035148620605
76000.0,0.0,0.0,-4199814.0,13.25715446472168,502.5727233886719,-0.00019637960940599442,78492.390625,1.084658145904541
76100.0,0.0,0.0,-4199818.5,11.333739280700684,506.3373107910156,-4.07220795750618e-05,78473.734375,1.0849159955978394
76200.0,0.0,0.0,-4199813.5,10.541196823120117,501.0497131347656,-5.597854033112526e-05,78455.609375,1.0851666927337646
76300.0,0.0,0.0,-4199820.5,13.007841110229492,504.7056579589844,3.91998328268528e-05,78439.3671875,1.0853914022445679
76400.0,0.0,0.0,-4199821.0,19.545536041259766,502.452392578125,0.0008606952615082264,78424.4296875,1.0855979919433594
76500.0,0.0,0.0,-4199822.0,15.048879623413086,500.62896728515625,0.000686603132635355,78411.25,1.0857806205749512
76600.0,0.0,0.0,-4199826.5,17.62419319152832,502.9577941894531,-0.00020289979875087738,78400.1796875,1.0859339237213135
76700.0,0.0,0.0,-4199824.5,11.68262767791748,498.7685852050781,-0.0006518904119729996,78389.5546875,1.0860810279846191
76800.0,0.0,0.0,-4199826.5,10.007205963134766,498.9009094238281,0.0005053731147199869,78378.9765625,1.0862276554107666
76900.0,0.0,0.0,-4199831.0,10.250550270080566,501.2438049316406,0.0008864712435752153,78369.1640625,1.0863635540008545
77000.0,0.0,0.0,-4199820.5,13.778952598571777,487.100830078125,-0.0004960934165865183,78360.2421875,1.0864874124526978
77100.0,0.0,0.0,-4199839.0,12.673480987548828,501.79815673828125,-0.0007011904381215572,78351.8984375,1.0866029262542725
77200.0,0.0,0.0,-4199828.0,11.6843843460083,487.9854431152344,-0.0006939468439668417,78345.1953125,1.086695909500122
77300.0,0.0,0.0,-4199832.0,13.956730842590332,492.28472900390625,0.0023667067289352417,78339.9921875,1.0867681503295898
77400.0,0.0,0.0,-4199832.0,11.126116752624512,497.1494140625,-0.00012430548667907715,78336.1640625,1.08682119846344
77500.0,0.0,0.0,-4199829.5,10.994503021240234,502.20501708984375,-0.0009817988611757755,78332.265625,1.086875319480896
77600.0,0.0,0.0,-4199827.5,12.56259536743164,505.2557678222656,-0.0008777277544140816,78329.2265625,1.086917519569397
77700.0,0.0,0.0,-4199825.0,13.779481887817383,503.99981689453125,-3.1869858503341675e-05,78325.5546875,1.0869684219360352
77800.0,0.0,0.0,-4199825.5,13.669875144958496,504.8541259765625,0.0018707681447267532,78322.390625,1.087012529373169
77900.0,0.0,0.0,-4199824.0,11.03752326965332,503.2623596191406,0.00015829550102353096,78321.6953125,1.087022066116333
78000.0,0.0,0.0,-4199818.5,13.444351196289062,497.4572448730469,0.0002269926480948925,78322.7109375,1.0870078802108765
78100.0,0.0,0.0,-4199830.0,12.03842830657959,508.092041015625,1.2961681932210922e-05,78324.8203125,1.0869786739349365
78200.0,0.0,0.0,-4199828.0,12.374560356140137,502.34051513671875,-0.00024064118042588234,78327.8125,1.0869370698928833
78300.0,0.0,0.0,-4199824.5,12.793510437011719,492.71527099609375,0.00021907174959778786,78332.3828125,1.0868737697601318
78400.0,0.0,0.0,-4199836.0,11.149215698242188,500.4664611816406,0.0001802481710910797,78338.6015625,1.086787462234497
78500.0,0.0,0.0,-4199831.5,12.549302101135254,495.3431396484375,-0.0002842298708856106,78345.9609375,1.086685299873352
78600.0,0.0,0.0,-4199831.5,12.141219139099121,497.2897033691406,-0.0005499687977135181,78354.1484375,1.0865718126296997
78700.0,0.0,0.0,-4199833.5,12.529115676879883,504.7664489746094,0.0008838959038257599,78363.0,1.0864490270614624
78800.0,0.0,0.0,-4199824.5,11.491025924682617,500.711181640625,-0.0004711207002401352,78374.015625,1.0862963199615479
78900.0,0.0,0.0,-4199819.0,12.290449142456055,501.3939514160156,-0.0004922808147966862,78386.8203125,1.0861189365386963
79000.0,0.0,0.0,-4199810.5,15.66530704498291,493.6431884765625,0.0008304785005748272,78401.4375,1.085916519165039
79100.0,0.0,0.0,-4199823.0,10.99030876159668,507.74578857421875,0.0005264361388981342,78419.4375,1.0856671333312988
79200.0,0.0,0.0,-4199822.5,14.732282638549805,504.948486328125,-6.436742842197418e-05,78439.4765625,1.0853898525238037
79300.0,0.0,0.0,-4199825.0,10.988565444946289,504.1365051269531,-0.000572549644857645,78461.0546875,1.085091233253479
79400.0,0.0,0.0,-4199822.0,13.78915023803711,497.9945373535156,-0.00033642491325736046,78484.3984375,1.0847686529159546
79500.0,0.0,0.0,-4199823.5,12.189509391784668,495.96038818359375,0.001079084351658821,78508.9609375,1.084429144859314
79600.0,0.0,0.0,-4199818.5,10.968998908996582,488.2513122558594,0.000847463496029377,78535.5390625,1.0840622186660767
79700.0,0.0,0.0,-4199826.0,10.489316940307617,497.2310485839844,0.00061079952865839,78563.9609375,1.0836700201034546
79800.0,0.0,0.0,-4199826.0,10.985335350036621,497.6143493652344,-0.0006557945162057877,78593.578125,1.0832617282867432
79900.0,0.0,0.0,-4199820.5,14.685206413269043,500.4643859863281,0.0005264368373900652,78624.4453125,1.082836389541626
80000.0,0.0,0.0,-4199821.0,10.858052253723145,511.1258850097656,-0.0008022915571928024,78657.375,1.0823830366134644
80100.0,0.0,0.0,-4199811.5,11.801970481872559,506.06610107421875,6.094435229897499e-05,78693.046875,1.081892490386963
80200.0,0.0,0.0,-4199816.0,11.865859985351562,511.5029602050781,-6.522051990032196e-06,78731.859375,1.0813591480255127
80300.0,0.0,0.0,-4199815.0,12.424555778503418,504.3338928222656,0.00025152042508125305,78772.515625,1.0808008909225464
80400.0,0.0,0.0,-4199816.0,14.546712875366211,499.13360595703125,-3.3682677894830704e-05,78814.4609375,1.0802257061004639
80500.0,0.0,0.0,-4199818.0,13.565339088439941,502.7237548828125,-0.0003918563015758991,78857.953125,1.0796297788619995
80600.0,0.0,0.0,-4199819.5,13.370152473449707,500.9720764160156,3.160489723086357e-05,78902.671875,1.079017996788025
80700.0,0.0,0.0,-4199818.0,11.55144214630127,495.6379699707031,-0.00038673565723001957,78948.484375,1.0783919095993042
80800.0,0.0,0.0,-4199824.5,13.882766723632812,500.308349609375,0.0009788251481950283,78995.5390625,1.077749490737915
80900.0,0.0,0.0,-4199820.5,14.45229434967041,499.2900695800781,0.0017412365414202213,79043.2890625,1.0770986080169678
81000.0,0.0,0.0,-4199822.0,13.152154922485352,500.55670166015625,-0.00047151418402791023,79091.96875,1.0764356851577759
81100.0,0.0,0.0,-4199820.0,12.626153945922852,497.0185852050781,-0.00010421243496239185,79141.2890625,1.0757646560668945
81200.0,0.0,0.0,-4199822.5,12.538534164428711,499.5082702636719,-0.00026740366593003273,79191.3828125,1.0750843286514282
81300.0,0.0,0.0,-4199815.5,13.17805004119873,490.7597351074219,0.0003572930581867695,79242.421875,1.0743917226791382
81400.0,0.0,0.0,-4199812.5,13.905634880065918,494.64080810546875,-0.0015764851123094559,79294.484375,1.0736863613128662
81500.0,0.0,0.0,-4199815.5,11.284472465515137,498.71209716796875,-0.0001643963623791933,79344.4453125,1.0730103254318237
81600.0,0.0,0.0,-4199818.5,13.68140983581543,502.460205078125,0.0002043719869107008,79393.0078125,1.0723539590835571
81700.0,0.0,0.0,-4199813.5,15.666579246520996,494.1266784667969,0.00015838537365198135,79440.7109375,1.0717099905014038
81800.0,0.0,0.0,-4199819.5,11.30841064453125,501.64532470703125,0.00044737826101481915,79486.53125,1.0710922479629517
81900.0,0.0,0.0,-4199820.0,11.560940742492676,499.9377746582031,-0.00021783518604934216,79531.21875,1.0704903602600098
82000.0,0.0,0.0,-4199818.0,14.771590232849121,494.5472717285156,0.0008228460792452097,79574.0078125,1.0699149370193481
82100.0,0.0,0.0,-4199814.0,13.13058090209961,488.3180236816406,-0.0003215228207409382,79615.21875,1.0693610906600952
82200.0,0.0,0.0,-4199814.5,13.626326560974121,488.35467529296875,0.0006734244525432587,79654.25,1.0688369274139404
82300.0,0.0,0.0,-4199813.5,10.546690940856934,488.58013916015625,-0.0012288959696888924,79691.21875,1.0683411359786987
82400.0,0.0,0.0,-4199825.0,13.281750679016113,506.7892150878906,-0.000974155031144619,79726.0234375,1.067874789237976
82500.0,0.0,0.0,-4199812.5,11.306002616882324,501.7959289550781,0.0003931238315999508,79758.90625,1.0674344301223755
82600.0,0.0,0.0,-4199816.5,12.375885009765625,509.4753723144531,0.0005886782892048359,79789.46875,1.0670256614685059
82700.0,0.0,0.0,-4199815.0,11.09483814239502,513.1768798828125,0.0002856913488358259,79817.2265625,1.0666546821594238
82800.0,0.0,0.0,-4199811.0,12.35878849029541,507.18865966796875,-0.0018830508925020695,79842.5546875,1.0663162469863892
82900.0,0.0,0.0,-4199800.5,11.179586410522461,491.1121520996094,0.0001078941859304905,79864.71875,1.0660204887390137
83000.0,0.0,0.0,-4199817.0,11.469650268554688,505.406982421875,-0.00042652804404497147,79884.8828125,1.0657511949539185
83100.0,0.0,0.0,-4199815.0,12.483519554138184,501.227294921875,-0.00010068272240459919,79902.8046875,1.0655120611190796
83200.0,0.0,0.0,-4199813.5,15.42534351348877,500.0999450683594,0.00021395692601799965,79918.1015625,1.0653082132339478
83300.0,0.0,0.0,-4199811.5,11.817575454711914,496.9762268066406,-0.0005720183253288269,79930.2578125,1.0651462078094482
83400.0,0.0,0.0,-4199818.5,13.093707084655762,502.6863708496094,0.0009611903224140406,79938.7734375,1.065032720565796
83500.0,0.0,0.0,-4199807.0,11.065598487854004,492.6620788574219,-0.0007732023950666189,79944.34375,1.0649584531784058
83600.0,0.0,0.0,-4199807.5,12.968756675720215,489.8216552734375,-0.0007626763544976711,79946.8203125,1.0649256706237793
83700.0,0.0,0.0,-4199820.5,10.855986595153809,500.27520751953125,-0.0018025725148618221,79947.203125,1.064920425415039
83800.0,0.0,0.0,-4199823.5,11.431900024414062,502.1269836425781,0.0008199652656912804,79944.359375,1.0649582147598267
83900.0,0.0,0.0,-4199822.0,11.539193153381348,501.350341796875,0.0006984854117035866,79940.1796875,1.0650140047073364
84000.0,0.0,0.0,-4199824.5,14.405290603637695,505.3835754394531,-0.000506741926074028,79934.203125,1.0650935173034668
84100.0,0.0,0.0,-4199818.5,13.560338973999023,500.6846923828125,-0.00047096586786210537,79925.921875,1.0652039051055908
84200.0,0.0,0.0,-4199819.5,17.877779006958008,504.0928955078125,-0.0007338011637330055,79915.8046875,1.0653388500213623
84300.0,0.0,0.0,-4199816.5,12.204564094543457,503.64520263671875,-0.0001611132174730301,79903.1875,1.0655070543289185
84400.0,0.0,0.0,-4199813.0,13.797542572021484,497.1878662109375,0.00046781660057604313,79888.046875,1.0657089948654175
84500.0,0.0,0.0,-4199821.5,12.96018123626709,503.0400695800781,-0.000764558557420969,79871.9609375,1.0659235715866089
84600.0,0.0,0.0,-4199823.5,12.192183494567871,502.115478515625,0.0011114804074168205,79855.0,1.0661499500274658
84700.0,0.0,0.0,-4199826.0,11.939473152160645,501.7638854980469,-0.0008362990338355303,79837.1640625,1.0663881301879883
84800.0,0.0,0.0,-4199822.5,11.112377166748047,494.54248046875,0.00028497003950178623,79817.6796875,1.0666484832763672
84900.0,0.0,0.0,-4199824.5,13.026787757873535,494.8493957519531,-0.00040888506919145584,79796.8828125,1.0669264793395996
85000.0,0.0,0.0,-4199824.5,14.579501152038574,490.12066650390625,0.00011846539564430714,79774.90625,1.0672203302383423
85100.0,0.0,0.0,-4199821.5,15.740612983703613,488.6020812988281,-0.00031357561238110065,79751.4765625,1.0675339698791504
85200.0,0.0,0.0,-4199818.0,12.505600929260254,491.8445129394531,5.555013194680214e-05,79726.328125,1.0678707361221313
85300.0,0.0,0.0,-4199822.5,11.259547233581543,506.5726013183594,0.0005061035044491291,79700.4296875,1.0682175159454346
85400.0,0.0,0.0,-4199812.5,12.699146270751953,500.7089538574219,-0.0008741314522922039,79673.375,1.0685803890228271
85500.0,0.0,0.0,-4199808.5,11.784823417663574,495.1155700683594,0.0003405436873435974,79644.7265625,1.0689648389816284
85600.0,0.0,0.0,-4199812.0,11.395896911621094,497.40533447265625,-6.890133954584599e-05,79616.0546875,1.069349765777588
85700.0,0.0,0.0,-4199815.0,11.700784683227539,499.22503662109375,-0.00038375030271708965,79587.765625,1.0697298049926758
85800.0,0.0,0.0,-4199813.0,11.950611114501953,494.11029052734375,0.0004306510090827942,79558.7265625,1.0701202154159546
85900.0,0.0,0.0,-4199821.5,11.73437786102295,501.5323181152344,-0.0005354853346943855,79529.984375,1.0705070495605469
86000.0,0.0,0.0,-4199828.0,10.045526504516602,507.56317138671875,0.0010988987050950527,79500.3515625,1.070906162261963
86100.0,0.0,0.0,-4199824.5,11.118858337402344,501.2214050292969,-0.0007761889137327671,79470.984375,1.071301817893982
86200.0,0.0,0.0,-4199817.0,14.564541816711426,492.7501525878906,0.0009519960731267929,79441.2734375,1.071702480316162
86300.0,0.0,0.0,-4199824.0,14.242938041687012,500.0477294921875,4.5295339077711105e-05,79411.8359375,1.0720998048782349
86400.0,0.0,0.0,-4199814.5,10.878911972045898,492.0624694824219,0.0003438598942011595,79381.7734375,1.0725057125091553
86500.0,0.0,0.0,-4199820.0,10.094170570373535,503.3248291015625,-0.0005129030905663967,79350.78125,1.0729246139526367
86600.0,0.0,0.0,-4199812.0,11.516090393066406,501.0422668457031,-0.0007915184833109379,79319.78125,1.0733439922332764
86700.0,0.0,0.0,-4199820.0,13.961647987365723,515.8742065429688,0.0006734877824783325,79289.328125,1.0737563371658325
86800.0,0.0,0.0,-4199813.5,16.96632957458496,506.07086181640625,0.0006241921801120043,79258.8515625,1.0741690397262573
86900.0,0.0,0.0,-4199822.5,14.096699714660645,508.8915100097656,0.0016626706346869469,79228.921875,1.0745748281478882
87000.0,0.0,0.0,-4199824.0,11.16612434387207,507.458251953125,-0.00034792209044098854,79201.3203125,1.0749493837356567
87100.0,0.0,0.0,-4199817.5,9.922120094299316,498.27655029296875,-0.001218023942783475,79176.0390625,1.0752925872802734
87200.0,0.0,0.0,-4199824.5,13.478652954101562,504.8248291015625,0.0005575418472290039,79152.4921875,1.0756124258041382
87300.0,0.0,0.0,-4199819.5,10.771567344665527,499.6480712890625,0.0003277640789747238,79130.578125,1.0759104490280151
87400.0,0.0,0.0,-4199816.5,11.517208099365234,498.1575622558594,0.00040485477074980736,79110.953125,1.0761772394180298
87500.0,0.0,0.0,-4199821.5,12.730024337768555,502.3257751464844,-0.00019452860578894615,79093.21875,1.0764185190200806
87600.0,0.0,0.0,-4199821.0,11.80132007598877,502.0975646972656,0.0006016218103468418,79076.8203125,1.0766417980194092
87700.0,0.0,0.0,-4199824.5,11.782959938049316,498.9726257324219,0.00044004619121551514,79062.796875,1.0768327713012695
87800.0,0.0,0.0,-4199827.0,12.777905464172363,499.439453125,6.200582720339298e-05,79052.015625,1.076979637145996
87900.0,0.0,0.0,-4199823.0,12.944855690002441,493.9249267578125,0.0002728295512497425,79043.328125,1.0770978927612305
88000.0,0.0,0.0,-4199822.5,10.539892196655273,494.0768737792969,-0.0010826687794178724,79036.328125,1.0771933794021606
88100.0,0.0,0.0,-4199826.5,12.89713191986084,500.1900329589844,0.0007049648556858301,79031.0546875,1.0772652626037598
88200.0,0.0,0.0,-4199821.0,15.83458423614502,496.9402160644531,-0.0004560966044664383,79028.8359375,1.0772954225540161
88300.0,0.0,0.0,-4199819.5,10.76754093170166,497.6428527832031,0.0001259148120880127,79029.2578125,1.0772898197174072
88400.0,0.0,0.0,-4199818.0,12.077329635620117,497.58953857421875,0.0006457315757870674,79031.140625,1.0772640705108643
88500.0,0.0,0.0,-4199827.0,10.77602767944336,507.6102294921875,0.0015749565791338682,79033.9765625,1.0772254467010498
88600.0,0.0,0.0,-4199821.0,11.714131355285645,501.2762451171875,-0.0008446103893220425,79038.3359375,1.0771660804748535
88700.0,0.0,0.0,-4199820.0,13.38969898223877,502.4241943359375,-0.0010455083101987839,79043.703125,1.0770928859710693
88800.0,0.0,0.0,-4199823.0,9.894721031188965,505.25006103515625,-0.0007638302631676197,79050.2109375,1.0770041942596436
88900.0,0.0,0.0,-4199827.5,11.47371768951416,506.1966247558594,-0.00066740857437253,79057.3359375,1.0769071578979492
89000.0,0.0,0.0,-4199824.5,11.280224800109863,497.789306640625,0.0013174558989703655,79065.1640625,1.0768004655838013
89100.0,0.0,0.0,-4199823.0,16.551937103271484,491.2361755371094,0.0008729344699531794,79073.9140625,1.07668137550354
89200.0,0.0,0.0,-4199823.0,11.144753456115723,491.1468505859375,0.0017511509358882904,79083.328125,1.0765531063079834
89300.0,0.0,0.0,-4199820.0,13.441763877868652,490.52679443359375,-0.0013860203325748444,79093.71875,1.0764117240905762
89400.0,0.0,0.0,-4199826.5,10.763590812683105,500.75885009765625,-0.0012684157118201256,79104.1328125,1.0762699842453003
89500.0,0.0,0.0,-4199813.5,12.157064437866211,489.10260009765625,-0.0008213084656745195,79115.0546875,1.07612144947052
89600.0,0.0,0.0,-4199829.0,11.186260223388672,508.49847412109375,0.0007786434143781662,79126.703125,1.075963020324707
89700.0,0.0,0.0,-4199816.5,10.288697242736816,500.7001037597656,0.0022045813966542482,79138.53125,1.075802206993103
89800.0,0.0,0.0,-4199814.0,13.93545150756836,501.80914306640625,-0.0002630827948451042,79151.1484375,1.0756306648254395
89900.0,0.0,0.0,-4199817.5,14.372495651245117,506.48077392578125,-0.00012166006490588188,79163.5546875,1.0754621028900146
90000.0,0.0,0.0,-4199819.5,16.70314598083496,501.852294921875,-0.0017230315133929253,79176.6015625,1.0752849578857422
90100.0,0.0,0.0,-4199830.0,17.486181259155273,504.2511291503906,0.00056082708761096,79190.15625,1.0751008987426758
90200.0,0.0,0.0,-4199826.0,12.745736122131348,497.947265625,0.0013758721761405468,79203.1328125,1.0749247074127197
90300.0,0.0,0.0,-4199828.5,11.750629425048828,500.5999755859375,0.0004874644801020622,79214.96875,1.0747641324996948
90400.0,0.0,0.0,-4199820.5,12.536115646362305,497.4486083984375,-0.0006884646136313677,79226.109375,1.0746132135391235
90500.0,0.0,0.0,-4199812.5,13.506675720214844,492.89276123046875,-0.0021801332477480173,79237.9765625,1.0744520425796509
90600.0,0.0,0.0,-4199811.0,11.135168075561523,495.9767150878906,1.2978678569197655e-05,79249.7265625,1.074292778968811
90700.0,0.0,0.0,-4199822.0,11.630799293518066,509.5147399902344,0.0002723955549299717,79262.7109375,1.074116826057434
90800.0,0.0,0.0,-4199817.0,11.644808769226074,505.38385009765625,0.0011577687691897154,79277.359375,1.073918342590332
90900.0,0.0,0.0,-4199823.0,11.000580787658691,511.13427734375,0.0002529597841203213,79292.4921875,1.0737133026123047
91000.0,0.0,0.0,-4199809.0,11.795855522155762,500.8756103515625,0.0001287513878196478,79307.171875,1.0735145807266235
91100.0,0.0,0.0,-4199812.0,11.869231224060059,501.0812072753906,-0.00037951814010739326,79321.03125,1.0733270645141602
91200.0,0.0,0.0,-4199821.0,10.734068870544434,504.4480285644531,-9.728735312819481e-05,79333.671875,1.0731559991836548
91300.0,0.0,0.0,-4199819.5,10.069056510925293,499.9508361816406,0.00016427738592028618,79345.59375,1.0729947090148926
91400.0,0.0,0.0,-4199821.0,12.433303833007812,499.6075439453125,-0.0005361093208193779,79356.9609375,1.0728410482406616
91500.0,0.0,0.0,-4199819.0,12.356369972229004,496.53839111328125,0.0010683531872928143,79368.078125,1.0726908445358276
91600.0,0.0,0.0,-4199818.0,10.566206932067871,496.47528076171875,-9.564938955008984e-05,79380.328125,1.0725252628326416
91700.0,0.0,0.0,-4199814.0,11.533915519714355,502.7404479980469,-0.0005083857104182243,79392.4453125,1.0723615884780884
91800.0,0.0,0.0,-4199811.5,16.723922729492188,504.12884521484375,-0.0004269760102033615,79404.0625,1.0722047090530396
91900.0,0.0,0.0,-4199817.0,12.236783981323242,512.115478515625,0.0005101906135678291,79415.46875,1.07205069065094
92000.0,0.0,0.0,-4199817.0,11.262078285217285,509.5026550292969,0.0001795259304344654,79426.0234375,1.0719083547592163
92100.0,0.0,0.0,-4199822.5,13.404777526855469,508.5222473144531,0.0005354259628802538,79437.0859375,1.0717589855194092
92200.0,0.0,0.0,-4199814.5,13.665124893188477,493.73468017578125,-0.000605324748903513,79448.421875,1.0716060400009155
92300.0,0.0,0.0,-4199827.5,11.287360191345215,506.6033630371094,-0.001915705855935812,79459.34375,1.0714588165283203
92400.0,0.0,0.0,-4199821.5,15.922067642211914,502.58099365234375,-2.1940097212791443e-05,79469.4609375,1.0713224411010742
92500.0,0.0,0.0,-4199813.0,15.32677936553955,492.9600830078125,0.0014778380282223225,79480.0078125,1.0711801052093506
92600.0,0.0,0.0,-4199825.0,11.351367950439453,506.74725341796875,0.0013389377854764462,79493.046875,1.0710045099258423
92700.0,0.0,0.0,-4199812.0,11.24860668182373,493.0651550292969,-0.0010299929417669773,79507.65625,1.070807695388794
92800.0,0.0,0.0,-4199814.0,11.83803653717041,496.2608642578125,-0.0005999156273901463,79522.78125,1.0706042051315308
92900.0,0.0,0.0,-4199820.0,12.441146850585938,509.00067138671875,0.00020008720457553864,79537.734375,1.0704028606414795
93000.0,0.0,0.0,-4199810.5,12.616487503051758,502.8897399902344,0.0008799675852060318,79552.046875,1.0702102184295654
93100.0,0.0,0.0,-4199820.5,13.778155326843262,512.0698852539062,-0.0003131376579403877,79567.4375,1.0700031518936157
93200.0,0.0,0.0,-4199806.5,14.272122383117676,491.2711181640625,-0.0014734338037669659,79583.4375,1.0697880983352661
93300.0,0.0,0.0,-4199820.0,13.93242359161377,503.2397766113281,0.0002597230486571789,79599.78125,1.069568395614624
93400.0,0.0,0.0,-4199817.0,14.510236740112305,497.1578063964844,0.0013443902134895325,79616.3125,1.069346308708191
93500.0,0.0,0.0,-4199816.0,14.173251152038574,494.61004638671875,0.0008807822596281767,79633.4453125,1.069116234779358
93600.0,0.0,0.0,-4199819.0,13.116931915283203,497.28955078125,-0.0002448074519634247,79651.4140625,1.0688749551773071
93700.0,0.0,0.0,-4199818.5,15.366568565368652,500.2773742675781,-0.0014024651609361172,79670.1875,1.0686231851577759
93800.0,0.0,0.0,-4199818.0,12.44582462310791,502.22161865234375,-7.281079888343811e-06,79687.8984375,1.0683856010437012
93900.0,0.0,0.0,-4199821.0,13.216211318969727,505.6977233886719,0.00040100887417793274,79704.625,1.0681614875793457
94000.0,0.0,0.0,-4199821.5,10.702593803405762,504.8512878417969,0.0006038430146872997,79720.90625,1.0679433345794678
94100.0,0.0,0.0,-4199824.0,14.260250091552734,505.49951171875,-0.0005132532678544521,79736.015625,1.0677410364151
94200.0,0.0,0.0,-4199811.0,10.531415939331055,487.5362854003906,-0.0005897835362702608,79749.078125,1.0675660371780396
94300.0,0.0,0.0,-4199828.5,10.595848083496094,504.40277099609375,0.00011288141831755638,79761.3828125,1.06740140914917
94400.0,0.0,0.0,-4199824.0,11.59167194366455,498.01385498046875,0.00027716229669749737,79773.2578125,1.0672423839569092
94500.0,0.0,0.0,-4199825.0,10.215147972106934,505.7633972167969,-0.00023194588720798492,79784.6796875,1.0670897960662842
94600.0,0.0,0.0,-4199818.5,15.230910301208496,502.7230529785156,-0.0006075608544051647,79795.71875,1.0669422149658203
94700.0,0.0,0.0,-4199820.5,11.90654182434082,509.4485168457031,0.0013378094881772995,79805.8046875,1.0668071508407593
94800.0,0.0,0.0,-4199803.5,13.538400650024414,500.5365905761719,-0.00045708497054874897,79815.8125,1.0666733980178833
94900.0,0.0,0.0,-4199813.0,11.781129837036133,512.4414672851562,-0.00039630569517612457,79825.1875,1.0665481090545654
95000.0,0.0,0.0,-4199810.5,11.657438278198242,503.7296142578125,-0.0018323380500078201,79833.28125,1.0664399862289429
95100.0,0.0,0.0,-4199812.0,12.660219192504883,498.313720703125,-0.0003489069640636444,79838.7890625,1.06636643409729
95200.0,0.0,0.0,-4199819.0,15.53266716003418,502.51544189453125,0.0016540719661861658,79842.4375,1.0663176774978638
95300.0,0.0,0.0,-4199814.0,11.578072547912598,494.5411071777344,0.0009866284672170877,79845.6796875,1.0662744045257568
95400.0,0.0,0.0,-4199823.0,15.325628280639648,508.4829406738281,-0.0005479739047586918,79847.9921875,1.0662435293197632
95500.0,0.0,0.0,-4199814.0,11.011263847351074,497.86090087890625,-0.0023535273503512144,79848.921875,1.06623113155365
95600.0,0.0,0.0,-4199822.0,15.910057067871094,505.2873840332031,0.00026540597900748253,79847.421875,1.0662511587142944
95700.0,0.0,0.0,-4199816.0,10.8361177444458,497.8951110839844,0.0002078379038721323,79845.5390625,1.0662763118743896
95800.0,0.0,0.0,-4199817.5,13.308009147644043,503.3287048339844,0.0012634075246751308,79843.3203125,1.0663058757781982
95900.0,0.0,0.0,-4199817.5,14.8289213180542,501.73565673828125,-0.0017531702760607004,79839.8515625,1.066352367401123
96000.0,0.0,0.0,-4199816.0,11.14268970489502,497.2972412109375,-0.0012772898189723492,79834.2109375,1.0664275884628296
96100.0,0.0,0.0,-4199821.5,10.675228118896484,505.0529479980469,-3.158021718263626e-05,79826.90625,1.0665252208709717
96200.0,0.0,0.0,-4199818.5,11.59960651397705,499.4709777832031,0.0005382534582167864,79817.578125,1.0666497945785522
96300.0,0.0,0.0,-4199817.5,10.864649772644043,495.11114501953125,0.0018281936645507812,79805.5390625,1.0668107271194458
96400.0,0.0,0.0,-4199826.5,14.102126121520996,501.79583740234375,0.0002884971909224987,79792.03125,1.0669913291931152
96500.0,0.0,0.0,-4199815.5,12.226153373718262,492.11846923828125,-0.0004165221471339464,79776.28125,1.0672019720077515
96600.0,0.0,0.0,-4199807.5,15.804713249206543,487.3504333496094,-0.002283952897414565,79759.6328125,1.0674248933792114
96700.0,0.0,0.0,-4199819.5,13.777276039123535,506.5558166503906,-0.0010776249691843987,79741.6875,1.0676651000976562
96800.0,0.0,0.0,-4199809.0,9.919312477111816,502.7231750488281,0.0006551463156938553,79721.75,1.0679320096969604
96900.0,0.0,0.0,-4199814.5,11.645101547241211,509.6509704589844,0.0011301543563604355,79700.1953125,1.068220853805542
97000.0,0.0,0.0,-4199814.5,13.667662620544434,510.07080078125,0.0010935934260487556,79676.390625,1.068540096282959
97100.0,0.0,0.0,-4199803.5,11.93822193145752,496.0884094238281,-0.0015351034235209227,79651.46875,1.0688742399215698
97200.0,0.0,0.0,-4199818.0,10.78614616394043,507.9434814453125,-0.0005279667675495148,79625.25,1.0692262649536133
97300.0,0.0,0.0,-4199807.0,12.800477027893066,493.45733642578125,-0.0002479290124028921,79597.890625,1.0695937871932983
97400.0,0.0,0.0,-4199819.0,12.612861633300781,505.0382080078125,0.0017103804275393486,79569.5078125,1.0699752569198608
97500.0,0.0,0.0,-4199821.0,14.00249195098877,504.7502136230469,0.0017317263409495354,79541.2578125,1.0703552961349487
97600.0,0.0,0.0,-4199812.0,10.73086929321289,499.43243408203125,-6.626592949032784e-05,79513.28125,1.0707318782806396
97700.0,0.0,0.0,-4199814.0,13.431352615356445,503.0169372558594,-0.0014771418645977974,79487.28125,1.0710821151733398
97800.0,0.0,0.0,-4199814.0,12.595946311950684,499.2706298828125,-0.0012618107721209526,79460.6328125,1.071441411972046
97900.0,0.0,0.0,-4199813.5,12.571517944335938,495.6023864746094,0.0017718500457704067,79432.78125,1.0718170404434204
98000.0,0.0,0.0,-4199825.0,12.247833251953125,504.45172119140625,0.0015640677884221077,79405.6953125,1.0721827745437622
98100.0,0.0,0.0,-4199816.5,12.63987922668457,496.1302185058594,0.00034466967917978764,79379.859375,1.0725317001342773
98200.0,0.0,0.0,-4199813.5,13.866661071777344,499.2045593261719,-0.0011830388102680445,79354.3359375,1.0728765726089478
98300.0,0.0,0.0,-4199810.5,12.980293273925781,498.06036376953125,0.00015449454076588154,79329.9296875,1.0732066631317139
98400.0,0.0,0.0,-4199814.0,12.901066780090332,501.7520446777344,0.00014199316501617432,79306.8515625,1.0735188722610474
98500.0,0.0,0.0,-4199815.0,10.611128807067871,503.0092468261719,0.0005712402053177357,79284.390625,1.073823094367981
98600.0,0.0,0.0,-4199822.5,14.308902740478516,506.34307861328125,-0.00027363933622837067,79262.203125,1.0741236209869385
98700.0,0.0,0.0,-4199822.5,11.463045120239258,507.6016540527344,0.0002564862370491028,79240.2421875,1.0744212865829468
98800.0,0.0,0.0,-4199819.0,12.331844329833984,502.4154357910156,0.0007678379770368338,79218.828125,1.074711799621582
98900.0,0.0,0.0,-4199818.0,13.805899620056152,500.09271240234375,-0.0005312911234796047,79197.7890625,1.0749973058700562
99000.0,0.0,0.0,-4199821.0,10.886663436889648,503.1016845703125,-0.0008110743947327137,79177.5703125,1.075271725654602
99100.0,0.0,0.0,-4199818.5,12.264749526977539,499.7995910644531,0.0007510238792747259,79157.8828125,1.075539231300354
99200.0,0.0,0.0,-4199819.0,10.328877449035645,501.750244140625,0.0012092050164937973,79138.8046875,1.075798511505127
99300.0,0.0,0.0,-4199810.0,13.847671508789062,493.9805908203125,0.0009904506150633097,79120.8671875,1.0760425329208374
99400.0,0.0,0.0,-4199815.5,13.263604164123535,497.53582763671875,0.00012736348435282707,79104.3203125,1.0762676000595093
99500.0,0.0,0.0,-4199822.0,11.375724792480469,502.3606872558594,-0.0009658550843596458,79089.6015625,1.076467752456665
99600.0,0.0,0.0,-4199820.5,13.253676414489746,497.2586364746094,-7.668044418096542e-06,79076.3046875,1.0766487121582031
99700.0,0.0,0.0,-4199821.0,10.861088752746582,495.4010314941406,0.0003584215883165598,79065.109375,1.0768011808395386
99800.0,0.0,0.0,-4199824.5,12.05783748626709,494.04925537109375,0.0009884957689791918,79055.46875,1.0769325494766235
99900.0,0.0,0.0,-4199822.0,10.495977401733398,492.1053161621094,-0.0006761818658560514,79047.3515625,1.0770431756973267
100000.0,0.0,0.0,-4199829.0,12.802722930908203,500.3177490234375,-0.001351914368569851,79039.2734375,1.077153205871582
100100.0,0.0,0.0,-4199828.0,13.771743774414062,506.3192443847656,-0.0002490137703716755,79030.8046875,1.0772686004638672
100200.0,0.0,0.0,-4199816.0,12.909747123718262,496.04364013671875,0.0017458887305110693,79022.734375,1.0773788690567017
100300.0,0.0,0.0,-4199818.5,11.91016674041748,502.2549133300781,0.0007315399125218391,79016.6171875,1.077462077140808
100400.0,0.0,0.0,-4199811.5,11.588452339172363,495.7022705078125,-6.782449781894684e-05,79012.3125,1.077520728111267
100500.0,0.0,0.0,-4199819.5,11.714132308959961,503.64404296875,-0.0005072345957159996,79008.796875,1.077568769454956
100600.0,0.0,0.0,-4199818.5,11.457727432250977,508.43145751953125,-0.00022129109129309654,79006.9140625,1.0775943994522095
100700.0,0.0,0.0,-4199821.0,16.971696853637695,507.3499755859375,0.0005369554273784161,79006.2421875,1.0776036977767944
100800.0,0.0,0.0,-4199821.5,11.484733581542969,501.1739196777344,-0.0005069873295724392,79008.109375,1.077578067779541
100900.0,0.0,0.0,-4199825.0,11.816163063049316,500.24676513671875,0.0001382804475724697,79012.125,1.0775233507156372
101000.0,0.0,0.0,-4199822.5,18.587852478027344,501.3388671875,0.0010591712780296803,79017.5859375,1.077448844909668
101100.0,0.0,0.0,-4199809.0,11.986502647399902,488.4221496582031,0.0013845986686646938,79024.65625,1.0773524045944214
101200.0,0.0,0.0,-4199824.0,16.04274559020996,504.455078125,0.0005381773225963116,79033.4609375,1.0772323608398438
101300.0,0.0,0.0,-4199825.0,13.35960865020752,505.95263671875,-0.0014188988134264946,79043.4921875,1.077095866203308
101400.0,0.0,0.0,-4199824.5,11.764191627502441,507.4866943359375,-0.00014415429905056953,79053.359375,1.0769612789154053
101500.0,0.0,0.0,-4199817.5,10.567663192749023,500.8979797363281,-0.0003203144297003746,79063.2734375,1.0768262147903442
101600.0,0.0,0.0,-4199821.0,15.833887100219727,502.825439453125,0.0021685417741537094,79074.375,1.0766750574111938
101700.0,0.0,0.0,-4199826.0,13.37490177154541,504.7779235839844,0.0002459839452058077,79086.546875,1.0765093564987183
101800.0,0.0,0.0,-4199820.5,13.207182884216309,498.0737609863281,-0.0007846415974199772,79100.0234375,1.0763258934020996
101900.0,0.0,0.0,-4199828.0,11.379281044006348,502.81207275390625,-0.0019023697823286057,79114.875,1.076123833656311
102000.0,0.0,0.0,-4199824.5,11.541071891784668,496.90753173828125,0.0013240189291536808,79130.921875,1.075905680656433
102100.0,0.0,0.0,-4199826.5,13.182073593139648,497.8738708496094,0.0015307131689041853,79148.140625,1.0756715536117554
102200.0,0.0,0.0,-4199818.5,12.924577713012695,492.56304931640625,0.0005310846026986837,79167.2421875,1.0754120349884033
102300.0,0.0,0.0,-4199823.0,13.308993339538574,509.71466064453125,-0.0015148604288697243,79187.96875,1.075130581855774
102400.0,0.0,0.0,-4199809.5,11.52444076538086,501.5474853515625,-0.00015462422743439674,79209.1953125,1.0748424530029297
102500.0,0.0,0.0,-4199822.5,13.034199714660645,516.6414184570312,0.0015302621759474277,79231.3046875,1.07454252243042
102600.0,0.0,0.0,-4199814.5,13.008889198303223,506.6490783691406,4.138052463531494e-05,79256.4765625,1.074201226234436
102700.0,0.0,0.0,-4199815.5,12.655069351196289,509.867431640625,-0.0001713605597615242,79284.34375,1.0738236904144287
102800.0,0.0,0.0,-4199807.0,12.558747291564941,496.38287353515625,-0.001544903265312314,79313.4375,1.073429822921753
102900.0,0.0,0.0,-4199813.5,11.586398124694824,499.2992858886719,0.001345076598227024,79343.09375,1.073028564453125
103000.0,0.0,0.0,-4199813.0,12.222856521606445,497.4438781738281,0.0009103764314204454,79374.0546875,1.0726100206375122
103100.0,0.0,0.0,-4199811.5,14.384673118591309,498.70062255859375,0.0005238037556409836,79405.09375,1.072190761566162
103200.0,0.0,0.0,-4199818.5,9.540875434875488,502.85308837890625,-0.002259459812194109,79437.421875,1.0717544555664062
103300.0,0.0,0.0,-4199821.0,12.168911933898926,502.4026794433594,-0.00035980623215436935,79470.0625,1.0713142156600952
103400.0,0.0,0.0,-4199816.5,12.961968421936035,496.5760192871094,0.001084986375644803,79503.6640625,1.0708614587783813
103500.0,0.0,0.0,-4199810.5,11.768296241760254,490.1822509765625,0.0011696403380483389,79538.609375,1.0703909397125244
103600.0,0.0,0.0,-4199816.5,13.09589958190918,495.1808776855469,0.00015267892740666866,79574.4921875,1.0699083805084229
103700.0,0.0,0.0,-4199816.5,12.337092399597168,495.1922302246094,-0.000549104530364275,79610.875,1.069419264793396
103800.0,0.0,0.0,-4199828.0,11.478059768676758,507.478759765625,-0.00020066462457180023,79646.4765625,1.0689412355422974
103900.0,0.0,0.0,-4199815.0,12.873529434204102,502.0302429199219,-0.0006418251432478428,79680.4609375,1.0684853792190552
104000.0,0.0,0.0,-4199816.0,11.037705421447754,504.9091491699219,-0.0005971868522465229,79713.0390625,1.0680488348007202
104100.0,0.0,0.0,-4199812.5,13.936392784118652,500.7262268066406,-0.0011123805306851864,79744.2265625,1.0676310062408447
104200.0,0.0,0.0,-4199813.0,12.793314933776855,498.9271545410156,0.00034005939960479736,79773.9609375,1.0672330856323242
104300.0,0.0,0.0,-4199809.5,12.253729820251465,497.0841064453125,0.0004020931664854288,79803.4375,1.0668388605117798
104400.0,0.0,0.0,-4199818.5,12.525520324707031,503.91357421875,-0.0007128771394491196,79832.2890625,1.066453218460083
104500.0,0.0,0.0,-4199816.5,10.940322875976562,497.6199645996094,-0.0007077897898852825,79859.6171875,1.066088318824768
104600.0,0.0,0.0,-4199823.0,14.117753028869629,501.45135498046875,0.0006532333791255951,79884.5703125,1.0657553672790527
104700.0,0.0,0.0,-4199820.5,10.419856071472168,495.8506774902344,0.00021382467821240425,79906.6171875,1.065461277961731
104800.0,0.0,0.0,-4199815.5,15.580548286437988,491.3655090332031,3.48617322742939e-06,79927.5625,1.0651822090148926
104900.0,0.0,0.0,-4199817.5,11.79046630859375,499.38494873046875,-0.0007266728207468987,79946.9921875,1.0649231672286987
105000.0,0.0,0.0,-4199810.0,11.364094734191895,499.87139892578125,-0.0008444895502179861,79963.7109375,1.0647006034851074
105100.0,0.0,0.0,-4199804.0,10.414459228515625,501.34051513671875,-0.0010275007225573063,79977.3671875,1.0645188093185425
105200.0,0.0,0.0,-4199810.0,14.136878967285156,509.7740478515625,0.0017766470555216074,79988.4296875,1.0643715858459473
105300.0,0.0,0.0,-4199813.0,11.351466178894043,510.4337463378906,0.0006035026162862778,79998.3046875,1.0642402172088623
105400.0,0.0,0.0,-4199812.0,12.169557571411133,506.1983947753906,-0.001248504500836134,80006.28125,1.0641340017318726
105500.0,0.0,0.0,-4199819.0,14.852283477783203,511.9673767089844,-0.0019335970282554626,80011.7109375,1.0640618801116943
105600.0,0.0,0.0,-4199816.5,12.989095687866211,506.907470703125,0.00011233938857913017,80015.453125,1.064012050628662
105700.0,0.0,0.0,-4199820.0,11.143075942993164,507.6767578125,0.0005368520505726337,80017.21875,1.0639885663986206
105800.0,0.0,0.0,-4199813.5,15.829818725585938,497.15704345703125,0.0001323085743933916,80017.0546875,1.063990831375122
105900.0,0.0,0.0,-4199824.5,12.49133586883545,507.24371337890625,-2.5614630430936813e-05,80015.7890625,1.0640076398849487
106000.0,0.0,0.0,-4199813.0,12.084561347961426,493.800537109375,-0.000494322506710887,80013.1796875,1.064042329788208
106100.0,0.0,0.0,-4199820.5,13.99238395690918,501.48724365234375,0.000115605304017663,80007.71875,1.0641149282455444
106200.0,0.0,0.0,-4199817.0,15.500943183898926,498.8806457519531,-0.0010751222725957632,80001.5859375,1.0641965866088867
106300.0,0.0,0.0,-4199814.5,11.003036499023438,497.9661865234375,-0.000216631218791008,79993.7578125,1.064300775527954
106400.0,0.0,0.0,-4199825.0,13.88879108428955,512.4846801757812,0.0003131846897304058,79983.1328125,1.0644421577453613
106500.0,0.0,0.0,-4199819.5,15.970458984375,509.2704772949219,0.0001903926022350788,79969.78125,1.064619779586792
106600.0,0.0,0.0,-4199809.5,11.588284492492676,499.06591796875,-0.0005875313654541969,79952.9609375,1.0648436546325684
106700.0,0.0,0.0,-4199816.5,14.94662857055664,503.4295349121094,-0.001020875759422779,79934.2421875,1.0650931596755981
106800.0,0.0,0.0,-4199810.5,13.179193496704102,492.3915100097656,-0.00014300504699349403,79913.5078125,1.0653696060180664
106900.0,0.0,0.0,-4199816.0,10.985490798950195,495.3576965332031,0.0009080679155886173,79891.1953125,1.065666913986206
107000.0,0.0,0.0,-4199826.5,12.547980308532715,504.9157409667969,0.0007371162064373493,79866.5859375,1.0659953355789185
107100.0,0.0,0.0,-4199821.5,11.183382987976074,500.3612976074219,-0.00016659637913107872,79839.71875,1.0663540363311768
107200.0,0.0,0.0,-4199824.0,11.14069938659668,507.9973449707031,-0.0017949785105884075,79810.3515625,1.066746473312378
107300.0,0.0,0.0,-4199824.0,14.265241622924805,509.5016174316406,-0.0004110783338546753,79777.4375,1.0671864748001099
107400.0,0.0,0.0,-4199814.0,16.560285568237305,500.898681640625,0.00015666033141314983,79741.7734375,1.0676637887954712
107500.0,0.0,0.0,-4199812.0,13.530689239501953,501.0594177246094,0.00017257826402783394,79704.1328125,1.068168044090271
107600.0,0.0,0.0,-4199812.5,15.34864330291748,504.047607421875,-0.00018013641238212585,79664.8203125,1.0686951875686646
107700.0,0.0,0.0,-4199812.5,12.698984146118164,502.5013732910156,0.00010681059211492538,79623.8515625,1.0692449808120728
107800.0,0.0,0.0,-4199818.0,21.736804962158203,501.9085388183594,-1.7555896192789078e-05,79582.28125,1.0698035955429077
107900.0,0.0,0.0,-4199819.0,10.221867561340332,499.51251220703125,-0.0005348962731659412,79541.390625,1.0703535079956055
108000.0,0.0,0.0,-4199817.0,14.347528457641602,500.2151184082031,-0.0008473428897559643,79501.375,1.070892333984375
108100.0,0.0,0.0,-4199817.5,13.013720512390137,499.1157531738281,0.0005200859159231186,79462.0,1.0714229345321655
108200.0,0.0,0.0,-4199807.5,13.547598838806152,487.4244689941406,0.0011334081646054983,79423.625,1.071940541267395
108300.0,0.0,0.0,-4199811.0,13.160998344421387,494.9478759765625,0.0009981309995055199,79386.9921875,1.0724352598190308
108400.0,0.0,0.0,-4199817.0,12.712284088134766,497.5801696777344,-0.0013194563798606396,79351.5,1.0729148387908936
108500.0,0.0,0.0,-4199819.5,13.729779243469238,495.20269775390625,-0.0013917724136263132,79317.2109375,1.0733786821365356
108600.0,0.0,0.0,-4199817.5,13.046689987182617,489.74981689453125,6.234180182218552e-05,79284.515625,1.0738214254379272
108700.0,0.0,0.0,-4199818.0,12.137362480163574,490.6783142089844,0.0008788113482296467,79253.5390625,1.074241042137146
108800.0,0.0,0.0,-4199821.0,13.880056381225586,494.5204162597656,0.001249493332579732,79225.1640625,1.074625849723816
108900.0,0.0,0.0,-4199818.5,15.312345504760742,495.7473449707031,0.00035519013181328773,79198.1171875,1.0749927759170532
109000.0,0.0,0.0,-4199821.0,14.137768745422363,503.53961181640625,3.91877256333828e-05,79172.484375,1.075340986251831
109100.0,0.0,0.0,-4199817.5,12.721942901611328,502.79254150390625,4.5233871787786484e-05,79148.515625,1.0756665468215942
109200.0,0.0,0.0,-4199811.5,11.592331886291504,497.40191650390625,-0.0006357554811984301,79125.3125,1.0759819746017456
109300.0,0.0,0.0,-4199817.0,13.06513786315918,503.3365478515625,-5.308398976922035e-05,79102.7421875,1.0762889385223389
109400.0,0.0,0.0,-4199812.0,12.076380729675293,496.9833679199219,-0.00036951550282537937,79080.15625,1.0765963792800903
109500.0,0.0,0.0,-4199816.5,14.80760669708252,499.5103759765625,0.0016280091367661953,79057.625,1.076903223991394
109600.0,0.0,0.0,-4199819.5,14.390356063842773,499.5246276855469,9.207497350871563e-05,79036.6328125,1.0771892070770264
109700.0,0.0,0.0,-4199826.0,12.314489364624023,505.3372802734375,0.0005386520642787218,79016.7578125,1.0774601697921753
109800.0,0.0,0.0,-4199821.5,15.022756576538086,500.3741149902344,-0.00017070351168513298,78998.7265625,1.0777060985565186
109900.0,0.0,0.0,-4199818.5,13.757214546203613,495.4952087402344,0.00036109588108956814,78982.3359375,1.0779298543930054
110000.0,0.0,0.0,-4199827.0,12.423006057739258,505.24609375,0.0009823718573898077,78968.90625,1.078113079071045
110100.0,0.0,0.0,-4199815.5,12.50561809539795,496.311279296875,0.00047952402383089066,78958.03125,1.0782614946365356
110200.0,0.0,0.0,-4199813.0,10.058013916015625,502.1573486328125,-0.0007755998522043228,78950.0546875,1.078370451927185
110300.0,0.0,0.0,-4199814.0,13.16709041595459,507.6141357421875,-0.0006648129783570766,78943.6484375,1.0784579515457153
110400.0,0.0,0.0,-4199818.0,13.631974220275879,513.6254272460938,0.001391586847603321,78938.421875,1.0785293579101562
110500.0,0.0,0.0,-4199811.0,10.770118713378906,503.6003723144531,0.0007326572667807341,78935.9375,1.0785634517669678
110600.0,0.0,0.0,-4199816.0,13.813667297363281,505.5572509765625,-7.245270535349846e-05,78935.40625,1.0785707235336304
110700.0,0.0,0.0,-4199819.0,13.553712844848633,503.6622619628906,-0.0004020850174129009,78936.3046875,1.0785584449768066
110800.0,0.0,0.0,-4199821.0,13.18074893951416,501.81304931640625,0.0012963810004293919,78937.9375,1.078536033630371
110900.0,0.0,0.0,-4199824.0,15.920859336853027,504.2505798339844,0.0017385776154696941,78941.7890625,1.0784833431243896
111000.0,0.0,0.0,-4199819.0,14.860958099365234,498.3436584472656,-0.00039994576945900917,78948.03125,1.0783981084823608
111100.0,0.0,0.0,-4199815.0,13.051444053649902,494.07232666015625,-0.0012699768412858248,78955.1796875,1.0783004760742188
111200.0,0.0,0.0,-4199821.0,13.447433471679688,501.2343444824219,-8.163508027791977e-06,78962.25,1.0782040357589722
111300.0,0.0,0.0,-4199819.5,11.696677207946777,499.19952392578125,0.0011804732494056225,78969.515625,1.0781047344207764
111400.0,0.0,0.0,-4199825.0,11.023446083068848,503.07769775390625,0.0007802271284162998,78978.046875,1.0779882669448853
111500.0,0.0,0.0,-4199816.5,13.146855354309082,488.48284912109375,-0.0005647398065775633,78987.7109375,1.077856421470642
111600.0,0.0,0.0,-4199819.5,14.056546211242676,489.3365783691406,0.0001448837574571371,78997.0546875,1.0777288675308228
111700.0,0.0,0.0,-4199827.5,13.99272632598877,497.54364013671875,4.962831735610962e-05,79006.6875,1.0775974988937378
111800.0,0.0,0.0,-4199828.0,12.09292221069336,501.7514953613281,0.002058023354038596,79016.5625,1.077462911605835
111900.0,0.0,0.0,-4199820.0,10.340091705322266,496.4298400878906,-0.0008889564778655767,79028.8046875,1.0772960186004639
112000.0,0.0,0.0,-4199827.0,12.173641204833984,506.87890625,-0.0013174740597605705,79041.53125,1.077122449874878
112100.0,0.0,0.0,-4199816.5,14.695706367492676,499.6573791503906,-0.0009502391330897808,79055.3203125,1.0769346952438354
112200.0,0.0,0.0,-4199821.0,12.652641296386719,506.4573669433594,0.001985048409551382,79071.1484375,1.0767189264297485
112300.0,0.0,0.0,-4199813.5,16.738666534423828,500.3583679199219,0.0005461340770125389,79088.71875,1.0764797925949097
112400.0,0.0,0.0,-4199815.0,13.994766235351562,502.6812744140625,-0.0012456700205802917,79107.5234375,1.0762238502502441
112500.0,0.0,0.0,-4199815.5,15.154182434082031,501.0184326171875,-0.000644313171505928,79126.7265625,1.0759626626968384
112600.0,0.0,0.0,-4199810.0,19.321609497070312,493.6890563964844,0.0001679884735494852,79146.6484375,1.075691819190979
112700.0,0.0,0.0,-4199818.0,12.824061393737793,499.1256103515625,0.002369968220591545,79167.0859375,1.0754142999649048
112800.0,0.0,0.0,-4199820.5,10.90329360961914,501.75115966796875,-0.0007481183856725693,79189.0078125,1.075116515159607
112900.0,0.0,0.0,-4199818.5,11.955631256103516,499.22662353515625,-0.00035836687311530113,79210.6015625,1.0748234987258911
113000.0,0.0,0.0,-4199821.5,12.175110816955566,502.1244201660156,-0.0009797895327210426,79231.171875,1.0745443105697632
113100.0,0.0,0.0,-4199820.0,13.189909934997559,502.5702819824219,0.0011048107407987118,79251.171875,1.0742731094360352
113200.0,0.0,0.0,-4199816.5,12.931283950805664,498.8211669921875,0.0002627482172101736,79270.1875,1.074015498161316
113300.0,0.0,0.0,-4199823.5,13.274107933044434,507.4360656738281,-0.00035196542739868164,79288.46875,1.0737677812576294
113400.0,0.0,0.0,-4199810.0,14.752117156982422,495.91217041015625,-0.0006294823251664639,79305.28125,1.073540210723877
113500.0,0.0,0.0,-4199818.0,14.303454399108887,500.61602783203125,-0.0009910957887768745,79321.4453125,1.0733214616775513
113600.0,0.0,0.0,-4199822.0,13.086346626281738,501.6321716308594,0.0005034818314015865,79337.640625,1.073102355003357
113700.0,0.0,0.0,-4199817.0,10.987141609191895,490.69085693359375,-0.00019543897360563278,79353.75,1.072884440422058
113800.0,0.0,0.0,-4199827.5,12.453495979309082,497.5975341796875,0.0012961821630597115,79369.296875,1.07267427444458
113900.0,0.0,0.0,-4199822.5,12.904427528381348,492.7001037597656,0.00010702526196837425,79383.5390625,1.0724818706512451
114000.0,0.0,0.0,-4199822.0,11.44703197479248,497.463134765625,-0.00030573736876249313,79397.171875,1.0722979307174683
114100.0,0.0,0.0,-4199827.5,11.582011222839355,504.99432373046875,-0.00021062372252345085,79410.1953125,1.0721218585968018
114200.0,0.0,0.0,-4199820.0,12.335426330566406,498.08056640625,-0.0008588847704231739,79422.6015625,1.071954369544983
114300.0,0.0,0.0,-4199824.5,11.962627410888672,505.6315612792969,9.979610331356525e-05,79433.859375,1.0718024969100952
114400.0,0.0,0.0,-4199819.5,17.893722534179688,503.931396484375,-0.00022619077935814857,79444.515625,1.071658730506897
114500.0,0.0,0.0,-4199813.5,13.47014045715332,502.40618896484375,0.0011940423864871264,79454.015625,1.0715305805206299
114600.0,0.0,0.0,-4199812.5,12.184531211853027,506.31463623046875,-0.0003262707032263279,79462.9140625,1.0714105367660522
114700.0,0.0,0.0,-4199813.0,12.408463478088379,504.9965515136719,0.000974142923951149,79471.671875,1.071292519569397
114800.0,0.0,0.0,-4199816.0,10.326817512512207,504.6893310546875,-0.0012550661340355873,79481.1875,1.0711642503738403
114900.0,0.0,0.0,-4199808.5,15.175572395324707,492.15960693359375,-8.347933180630207e-05,79490.953125,1.0710326433181763
115000.0,0.0,0.0,-4199815.5,11.445137023925781,497.09228515625,3.831298090517521e-05,79502.109375,1.0708823204040527
115100.0,0.0,0.0,-4199821.5,11.674115180969238,502.126953125,0.0004967954009771347,79513.6328125,1.0707271099090576
115200.0,0.0,0.0,-4199815.0,15.926481246948242,495.8045959472656,0.0003242497332394123,79524.453125,1.0705814361572266
115300.0,0.0,0.0,-4199826.0,13.640955924987793,507.4690856933594,-0.0008006314747035503,79534.734375,1.070443034172058
115400.0,0.0,0.0,-4199811.0,11.340023040771484,491.6606140136719,0.0008201452437788248,79544.3125,1.0703141689300537
115500.0,0.0,0.0,-4199820.0,10.64632511138916,504.5161437988281,-0.0017618467099964619,79554.8203125,1.070172905921936
115600.0,0.0,0.0,-4199814.5,11.306838989257812,502.1031188964844,0.0014056754298508167,79565.046875,1.0700352191925049
115700.0,0.0,0.0,-4199815.0,11.785299301147461,503.6536560058594,0.0008329336997121572,79574.8203125,1.0699039697647095
115800.0,0.0,0.0,-4199815.5,12.04569149017334,504.3120422363281,0.0004169230815023184,79583.4921875,1.0697872638702393
115900.0,0.0,0.0,-4199818.0,15.17254638671875,507.1575927734375,-0.001320590265095234,79592.375,1.069667935371399
116000.0,0.0,0.0,-4199814.0,14.022868156433105,501.0518798828125,-0.0016274899244308472,79600.1875,1.0695629119873047
116100.0,0.0,0.0,-4199812.0,12.609723091125488,496.76312255859375,0.0011158168781548738,79606.546875,1.0694775581359863
116200.0,0.0,0.0,-4199819.0,12.872058868408203,499.5339660644531,-0.00018516764976084232,79612.9765625,1.0693910121917725
116300.0,0.0,0.0,-4199824.5,14.735381126403809,504.3929748535156,0.001515338197350502,79619.1953125,1.069307565689087
116400.0,0.0,0.0,-4199816.5,15.626310348510742,496.1551208496094,-0.0005789613351225853,79624.5234375,1.0692360401153564
116500.0,0.0,0.0,-4199819.5,17.324777603149414,500.4593200683594,0.00023815478198230267,79628.5625,1.0691817998886108
116600.0,0.0,0.0,-4199816.0,13.00322437286377,503.1828308105469,-0.0005028755404055119,79630.6796875,1.0691534280776978
116700.0,0.0,0.0,-4199809.0,13.742307662963867,499.5370178222656,-0.0015189084224402905,79630.78125,1.0691521167755127
116800.0,0.0,0.0,-4199813.0,12.278599739074707,507.1361999511719,0.0004146839492022991,79628.890625,1.0691773891448975
116900.0,0.0,0.0,-4199815.5,12.644268989562988,513.1264038085938,0.00012659234926104546,79624.921875,1.0692306756973267
117000.0,0.0,0.0,-4199811.0,12.033576965332031,507.2223205566406,0.0008488046005368233,79618.90625,1.0693113803863525
117100.0,0.0,0.0,-4199813.0,11.293810844421387,503.17462158203125,-0.0016478579491376877,79612.5859375,1.0693963766098022
117200.0,0.0,0.0,-4199816.0,12.774299621582031,500.0096435546875,-0.0011281210463494062,79604.1875,1.0695092678070068
117300.0,0.0,0.0,-4199813.5,13.778616905212402,493.6413879394531,7.107015699148178e-05,79592.4921875,1.0696662664413452
117400.0,0.0,0.0,-4199815.5,12.618300437927246,494.8998107910156,0.0012204751837998629,79578.8984375,1.0698490142822266
117500.0,0.0,0.0,-4199817.5,13.126444816589355,499.14013671875,0.00026331027038395405,79564.5234375,1.0700422525405884
117600.0,0.0,0.0,-4199820.0,14.761042594909668,501.44500732421875,-0.0016278703697025776,79547.9765625,1.0702649354934692
117700.0,0.0,0.0,-4199817.5,11.564557075500488,497.6325988769531,0.00012420699931681156,79528.4921875,1.0705270767211914
117800.0,0.0,0.0,-4199818.0,11.841699600219727,496.4938049316406,-0.0003502441104501486,79507.7578125,1.0708062648773193
117900.0,0.0,0.0,-4199816.0,13.722329139709473,495.0703125,0.0015062817838042974,79485.8984375,1.0711007118225098
118000.0,0.0,0.0,-4199818.5,13.301461219787598,493.6326599121094,-0.0006885104812681675,79463.453125,1.0714032649993896
118100.0,0.0,0.0,-4199818.5,11.519614219665527,489.8214111328125,-0.0015285236295312643,79439.6484375,1.0717244148254395
118200.0,0.0,0.0,-4199830.0,13.142367362976074,500.5121765136719,-6.091315299272537e-05,79414.15625,1.0720683336257935
118300.0,0.0,0.0,-4199818.0,14.213804244995117,490.1148376464844,0.00021592341363430023,79386.96875,1.0724356174468994
118400.0,0.0,0.0,-4199820.0,12.964719772338867,499.09033203125,0.001047921134158969,79359.3125,1.0728092193603516
118500.0,0.0,0.0,-4199818.0,12.523405075073242,506.0889892578125,-0.0014853454194962978,79330.921875,1.0731931924819946
118600.0,0.0,0.0,-4199815.5,10.00080394744873,506.7841796875,-0.0003155427984893322,79301.1015625,1.073596715927124
118700.0,0.0,0.0,-4199817.0,20.18339729309082,509.0384216308594,-0.0001670042984187603,79270.1953125,1.0740153789520264
118800.0,0.0,0.0,-4199807.0,14.651039123535156,495.9761657714844,0.0018540830351412296,79239.703125,1.074428677558899
118900.0,0.0,0.0,-4199819.5,12.297794342041016,505.1622619628906,0.00011560157872736454,79210.3046875,1.0748274326324463
119000.0,0.0,0.0,-4199816.0,13.974411964416504,497.7595520019531,-0.001052584731951356,79181.640625,1.07521653175354
119100.0,0.0,0.0,-4199812.5,11.744964599609375,493.1841125488281,-0.000138899777084589,79153.3203125,1.07560133934021
119200.0,0.0,0.0,-4199814.0,12.378850936889648,497.46917724609375,-0.000959509052336216,79125.578125,1.0759782791137695
119300.0,0.0,0.0,-4199814.5,13.27929973602295,495.1952819824219,4.207366146147251e-05,79097.7578125,1.0763567686080933
119400.0,0.0,0.0,-4199829.0,10.99317455291748,508.33917236328125,-0.0005949675105512142,79069.5078125,1.076741337776184
119500.0,0.0,0.0,-4199828.0,12.08073616027832,505.79052734375,0.0013470044359564781,79040.578125,1.0771355628967285
119600.0,0.0,0.0,-4199824.5,12.35715103149414,502.8888854980469,-4.026247188448906e-05,79011.90625,1.077526330947876
119700.0,0.0,0.0,-4199815.5,11.936657905578613,489.47357177734375,-3.992603160440922e-05,78983.5625,1.0779129266738892
119800.0,0.0,0.0,-4199827.5,13.20510196685791,495.1352844238281,-0.00028980057686567307,78954.9140625,1.0783041715621948
119900.0,0.0,0.0,-4199828.0,10.425167083740234,493.4173583984375,-0.0003855847753584385,78925.578125,1.078704833984375
120000.0,0.0,0.0,-4199825.5,12.011438369750977,492.0126953125,0.0006160929333418608,78895.1015625,1.079121708869934
120100.0,0.0,0.0,-4199822.0,11.885313987731934,492.8082275390625,0.00034825108014047146,78865.421875,1.079527735710144
120200.0,0.0,0.0,-4199815.5,12.138615608215332,491.26507568359375,0.00010332930833101273,78836.6015625,1.0799223184585571
120300.0,0.0,0.0,-4199815.0,10.672115325927734,494.8380126953125,-0.0012377735693007708,78807.0625,1.0803271532058716
120400.0,0.0,0.0,-4199821.0,12.575660705566406,504.32391357421875,-6.33937306702137e-05,78777.0,1.0807394981384277
120500.0,0.0,0.0,-4199819.0,12.25544548034668,506.6508483886719,0.00011627236381173134,78747.1640625,1.0811489820480347
120600.0,0.0,0.0,-4199828.0,16.49933433532715,512.7283325195312,0.0015359737444669008,78717.9609375,1.081550121307373
120700.0,0.0,0.0,-4199818.0,12.327288627624512,499.1735534667969,0.0002264268696308136,78691.703125,1.0819108486175537
120800.0,0.0,0.0,-4199823.0,10.910801887512207,502.3666076660156,-0.0009194337762892246,78667.8203125,1.0822392702102661
120900.0,0.0,0.0,-4199814.0,12.53240966796875,493.96014404296875,-0.000243048882111907,78644.3359375,1.0825624465942383
121000.0,0.0,0.0,-4199827.0,12.952860832214355,505.8315734863281,-0.00013229111209511757,78621.609375,1.082875370979309
121100.0,0.0,0.0,-4199823.0,10.448273658752441,501.803955078125,0.0008958205580711365,78600.2890625,1.0831693410873413
121200.0,0.0,0.0,-4199822.5,9.616579055786133,502.48974609375,-0.0008710753172636032,78581.15625,1.0834327936172485
121300.0,0.0,0.0,-4199820.0,10.884724617004395,500.91705322265625,-0.00033257855102419853,78563.3046875,1.0836790800094604
121400.0,0.0,0.0,-4199816.0,16.04587745666504,501.3421630859375,0.0008823787793517113,78547.953125,1.0838909149169922
121500.0,0.0,0.0,-4199816.0,13.180159568786621,500.9014892578125,0.000826357863843441,78535.7265625,1.084059715270996
121600.0,0.0,0.0,-4199818.0,12.073850631713867,501.85595703125,0.00026508700102567673,78526.3984375,1.0841883420944214
121700.0,0.0,0.0,-4199815.5,12.571218490600586,496.2557373046875,-0.0006111962720751762,78519.8984375,1.0842781066894531
121800.0,0.0,0.0,-4199812.0,12.933690071105957,487.7480163574219,0.0005077105015516281,78515.6171875,1.0843372344970703
121900.0,0.0,0.0,-4199823.0,12.045130729675293,495.18243408203125,0.001079553971067071,78513.9921875,1.084359884262085
122000.0,0.0,0.0,-4199818.5,12.599947929382324,489.7137145996094,0.0010737355332821608,78515.0703125,1.084344744682312
122100.0,0.0,0.0,-4199833.5,12.670072555541992,507.241943359375,-0.0008467887528240681,78518.734375,1.0842941999435425
122200.0,0.0,0.0,-4199824.5,11.215293884277344,500.2520446777344,-0.0018117409199476242,78523.3671875,1.0842301845550537
122300.0,0.0,0.0,-4199828.5,12.389062881469727,510.331298828125,0.00010473281145095825,78528.6015625,1.084157943725586
122400.0,0.0,0.0,-4199820.5,11.080476760864258,509.067626953125,0.0006570448167622089,78535.1015625,1.0840684175491333
122500.0,0.0,0.0,-4199817.5,15.306736946105957,507.78546142578125,0.0019610205199569464,78544.359375,1.0839403867721558
122600.0,0.0,0.0,-4199815.0,14.634322166442871,505.7352600097656,-0.00023765023797750473,78556.9375,1.0837668180465698
122700.0,0.0,0.0,-4199814.0,14.289308547973633,501.51007080078125,-0.000474689994007349,78570.4609375,1.0835803747177124
122800.0,0.0,0.0,-4199812.0,13.207929611206055,495.357177734375,-0.0006234068423509598,78586.625,1.083357572555542
122900.0,0.0,0.0,-4199818.5,14.002619743347168,499.6190185546875,0.0004972591996192932,78605.7265625,1.0830942392349243
123000.0,0.0,0.0,-4199823.0,11.437884330749512,502.4664306640625,0.0013139261864125729,78626.6953125,1.0828053951263428
123100.0,0.0,0.0,-4199818.0,13.757573127746582,496.3343200683594,0.000501786358654499,78649.9453125,1.0824851989746094
123200.0,0.0,0.0,-4199823.5,14.606266021728516,503.2216796875,0.0008869741577655077,78676.09375,1.0821255445480347
123300.0,0.0,0.0,-4199818.5,12.207075119018555,498.45367431640625,-0.0011463044211268425,78703.984375,1.0817421674728394
123400.0,0.0,0.0,-4199818.0,12.180381774902344,499.4300537109375,0.0017183211166411638,78733.4921875,1.0813367366790771
123500.0,0.0,0.0,-4199817.0,12.569533348083496,501.6096496582031,-0.0005396404303610325,78764.9921875,1.0809041261672974
123600.0,0.0,0.0,-4199812.5,12.538375854492188,501.07208251953125,-0.00020695943385362625,78797.15625,1.08046293258667
123700.0,0.0,0.0,-4199813.0,11.244501113891602,507.76812744140625,6.893090903759003e-05,78830.9765625,1.079999327659607
123800.0,0.0,0.0,-4199808.0,14.0249662399292,504.9322814941406,0.0003995373845100403,78866.40625,1.0795142650604248
123900.0,0.0,0.0,-4199818.0,10.434942245483398,518.5244140625,0.001486397348344326,78903.296875,1.0790095329284668
124000.0,0.0,0.0,-4199810.5,11.892349243164062,504.83319091796875,-0.0008712774142622948,78941.78125,1.0784834623336792
124100.0,0.0,0.0,-4199819.0,12.25694751739502,508.4492492675781,0.0003346430603414774,78980.5078125,1.077954649925232
124200.0,0.0,0.0,-4199808.0,11.703962326049805,494.5019226074219,-0.00035447790287435055,79019.0234375,1.0774292945861816
124300.0,0.0,0.0,-4199814.0,12.398454666137695,497.0965576171875,-0.0004800593014806509,79056.5625,1.0769175291061401
124400.0,0.0,0.0,-4199821.5,12.059154510498047,502.12786865234375,-0.0003268904983997345,79094.3125,1.0764036178588867
124500.0,0.0,0.0,-4199818.0,11.009382247924805,494.781494140625,-0.0003181376960128546,79132.484375,1.075884461402893
124600.0,0.0,0.0,-4199818.0,11.616802215576172,493.8907775878906,0.0005794912576675415,79170.03125,1.0753741264343262
124700.0,0.0,0.0,-4199816.0,12.031657218933105,491.1127624511719,-0.00017840322107076645,79206.5,1.0748790502548218
124800.0,0.0,0.0,-4199816.0,14.112223625183105,493.30938720703125,0.0009771783370524645,79242.9375,1.0743848085403442
124900.0,0.0,0.0,-4199822.0,12.369620323181152,502.4647216796875,-0.00045179203152656555,79279.0546875,1.0738953351974487
125000.0,0.0,0.0,-4199819.5,10.569445610046387,504.89019775390625,-0.0003211796283721924,79312.859375,1.0734375715255737
125100.0,0.0,0.0,-4199808.5,15.921859741210938,498.36065673828125,-0.0008068869356065989,79345.1640625,1.0730005502700806
125200.0,0.0,0.0,-4199815.5,13.575030326843262,509.5667419433594,9.34000127017498e-05,79376.6484375,1.0725749731063843
125300.0,0.0,0.0,-4199814.0,12.674840927124023,508.48345947265625,-0.0010159928351640701,79407.921875,1.0721524953842163
125400.0,0.0,0.0,-4199809.5,15.079828262329102,500.1916809082031,-0.0009987866505980492,79438.46875,1.0717403888702393
125500.0,0.0,0.0,-4199815.5,11.48192024230957,499.41448974609375,-0.0004508227575570345,79468.2734375,1.0713382959365845
125600.0,0.0,0.0,-4199818.5,13.30167007446289,498.7445068359375,0.0007252250798046589,79496.25,1.070961356163025
125700.0,0.0,0.0,-4199823.0,13.526820182800293,502.05548095703125,0.0006856501568108797,79523.5390625,1.0705938339233398
125800.0,0.0,0.0,-4199823.0,12.22935676574707,503.833251953125,-0.0008230842649936676,79549.9453125,1.0702383518218994
125900.0,0.0,0.0,-4199816.5,13.664201736450195,498.9462585449219,-0.0012102988548576832,79573.6875,1.069919228553772
126000.0,0.0,0.0,-4199828.0,12.561112403869629,512.3378295898438,0.0011125777382403612,79595.46875,1.0696264505386353
126100.0,0.0,0.0,-4199819.5,11.547454833984375,504.6659240722656,0.0007656840607523918,79617.03125,1.0693366527557373
126200.0,0.0,0.0,-4199819.5,12.726104736328125,505.3338623046875,0.00021398114040493965,79638.875,1.0690432786941528
126300.0,0.0,0.0,-4199816.5,14.125141143798828,501.3567199707031,-0.002008764771744609,79658.296875,1.0687828063964844
126400.0,0.0,0.0,-4199819.0,12.518434524536133,499.9783630371094,-0.00022498099133372307,79674.9921875,1.068558692932129
126500.0,0.0,0.0,-4199823.0,10.877943992614746,499.1831359863281,-0.0005919227842241526,79689.8671875,1.0683592557907104
126600.0,0.0,0.0,-4199819.5,12.521500587463379,492.3626708984375,0.0009642466902732849,79702.90625,1.068184494972229
126700.0,0.0,0.0,-4199826.5,10.875863075256348,499.4636535644531,0.0002681042533367872,79714.9765625,1.0680227279663086
126800.0,0.0,0.0,-4199824.5,12.40593433380127,500.4299621582031,-9.724311530590057e-05,79725.4453125,1.0678825378417969
126900.0,0.0,0.0,-4199823.5,15.20438289642334,504.0923156738281,0.00013460428453981876,79735.3203125,1.0677502155303955
127000.0,0.0,0.0,-4199806.5,12.472749710083008,491.88372802734375,-0.0006324511487036943,79744.5390625,1.0676268339157104
127100.0,0.0,0.0,-4199814.5,11.863995552062988,502.7225341796875,0.0005421305540949106,79753.59375,1.0675057172775269
127200.0,0.0,0.0,-4199815.0,11.20285701751709,503.4163513183594,-0.00047116028144955635,79763.296875,1.067375659942627
127300.0,0.0,0.0,-4199820.0,11.530132293701172,507.3617248535156,0.0004287587944418192,79771.765625,1.0672624111175537
127400.0,0.0,0.0,-4199814.0,11.000391960144043,498.0826110839844,-0.0005248291417956352,79779.03125,1.0671652555465698
127500.0,0.0,0.0,-4199814.0,13.497636795043945,494.9143981933594,-0.0003205491229891777,79785.6640625,1.067076563835144
127600.0,0.0,0.0,-4199823.0,13.185254096984863,502.15802001953125,0.00022924086079001427,79792.9375,1.066979169845581
127700.0,0.0,0.0,-4199814.0,12.58621597290039,495.79791259765625,0.00011658645235002041,79799.4375,1.0668922662734985
127800.0,0.0,0.0,-4199813.5,15.810126304626465,494.8280944824219,0.0003000057768076658,79805.3515625,1.0668132305145264
127900.0,0.0,0.0,-4199812.0,11.93388557434082,492.3933410644531,-0.00044062361121177673,79810.015625,1.0667510032653809
128000.0,0.0,0.0,-4199815.5,11.366305351257324,489.2239685058594,0.0007294800598174334,79813.828125,1.0666999816894531
128100.0,0.0,0.0,-4199820.0,11.491808891296387,489.03338623046875,-0.0003383320290595293,79816.7578125,1.066660761833191
128200.0,0.0,0.0,-4199826.5,12.809067726135254,495.8726501464844,-0.0016683386638760567,79818.4140625,1.066638708114624
128300.0,0.0,0.0,-4199819.0,11.182663917541504,490.594482421875,0.0003555400762706995,79817.125,1.0666558742523193
128400.0,0.0,0.0,-4199824.0,10.993802070617676,500.1856384277344,0.0009319337550550699,79814.015625,1.0666974782943726
128500.0,0.0,0.0,-4199821.0,14.549973487854004,501.5206298828125,0.00033615133725106716,79809.75,1.0667544603347778
128600.0,0.0,0.0,-4199824.0,13.658315658569336,508.031982421875,-0.001645900309085846,79804.1796875,1.066828966140747
128700.0,0.0,0.0,-4199813.5,11.952070236206055,497.11212158203125,-0.0001101417001336813,79796.1640625,1.0669361352920532
128800.0,0.0,0.0,-4199816.5,12.649754524230957,501.763671875,0.0004423458594828844,79786.5703125,1.0670644044876099
128900.0,0.0,0.0,-4199813.5,10.789056777954102,498.2331848144531,0.00022416794672608376,79775.75,1.0672091245651245
129000.0,0.0,0.0,-4199816.0,15.3890962600708,499.2657470703125,-0.00033494457602500916,79764.0625,1.0673655271530151
129100.0,0.0,0.0,-4199816.0,13.293293952941895,496.6259460449219,-0.0007828548550605774,79751.703125,1.0675309896469116
129200.0,0.0,0.0,-4199818.5,12.238770484924316,496.78021240234375,0.00011335080489516258,79738.609375,1.0677062273025513
129300.0,0.0,0.0,-4199828.5,11.880882263183594,503.955322265625,-0.00021167751401662827,79725.3359375,1.0678839683532715
129400.0,0.0,0.0,-4199821.0,13.493429183959961,490.9687194824219,-0.0005515790544450283,79711.2734375,1.0680723190307617
129500.0,0.0,0.0,-4199827.0,12.307417869567871,495.5815124511719,-0.0003760554827749729,79695.75,1.0682804584503174
129600.0,0.0,0.0,-4199824.5,11.332496643066406,498.7324523925781,0.0019608470611274242,79678.9375,1.0685057640075684
129700.0,0.0,0.0,-4199823.0,11.086408615112305,500.95147705078125,-0.00017028418369591236,79662.046875,1.0687323808670044
129800.0,0.0,0.0,-4199816.5,11.636198997497559,500.65380859375,-0.00034292018972337246,79644.1953125,1.068971872329712
129900.0,0.0,0.0,-4199808.5,10.353821754455566,498.653564453125,-0.0014985550660640001,79625.546875,1.0692222118377686
130000.0,0.0,0.0,-4199807.5,14.986246109008789,503.86224365234375,-0.0007136552594602108,79606.1953125,1.0694822072982788
130100.0,0.0,0.0,-4199815.5,13.472797393798828,512.5335693359375,0.001482624327763915,79586.40625,1.069748044013977
130200.0,0.0,0.0,-4199819.0,16.997472763061523,515.4605102539062,0.0012750388123095036,79567.390625,1.070003867149353
130300.0,0.0,0.0,-4199807.5,14.607087135314941,502.5247802734375,0.0006162167992442846,79550.546875,1.0702303647994995
130400.0,0.0,0.0,-4199805.5,10.600041389465332,499.63299560546875,-0.0008277758024632931,79534.9296875,1.0704405307769775
130500.0,0.0,0.0,-4199812.5,13.879297256469727,506.7196044921875,-0.0008255057036876678,79520.484375,1.0706349611282349
130600.0,0.0,0.0,-4199813.0,13.129319190979004,503.66741943359375,-0.0003466373309493065,79506.2578125,1.070826530456543
130700.0,0.0,0.0,-4199818.5,12.54630184173584,505.6572265625,0.001396682346239686,79492.34375,1.0710139274597168
130800.0,0.0,0.0,-4199817.5,14.403263092041016,501.33734130859375,0.0009165708906948566,79480.0078125,1.0711802244186401
130900.0,0.0,0.0,-4199816.0,15.913021087646484,497.40155029296875,-0.0004109479486942291,79467.828125,1.0713443756103516
131000.0,0.0,0.0,-4199816.0,14.156439781188965,496.8269348144531,-0.00031085917726159096,79454.921875,1.0715183019638062
131100.0,0.0,0.0,-4199814.0,15.850920677185059,492.5940246582031,-0.0008760238997638226,79440.5390625,1.0717123746871948
131200.0,0.0,0.0,-4199821.5,11.793272972106934,499.312744140625,0.000545270275324583,79425.59375,1.0719140768051147
131300.0,0.0,0.0,-4199822.0,13.373406410217285,499.3367004394531,2.7461210265755653e-05,79410.6953125,1.0721150636672974
131400.0,0.0,0.0,-4199815.5,12.694918632507324,494.1053161621094,-0.0005682872142642736,79395.40625,1.0723215341567993
131500.0,0.0,0.0,-4199814.0,10.71013355255127,497.39483642578125,0.0006868988275527954,79380.9140625,1.0725172758102417
131600.0,0.0,0.0,-4199811.5,10.30123519897461,501.2253112792969,0.0005981626454740763,79368.0,1.072691798210144
131700.0,0.0,0.0,-4199813.5,13.90592098236084,507.2754821777344,6.0867518186569214e-05,79356.84375,1.0728425979614258
131800.0,0.0,0.0,-4199810.5,12.63204574584961,503.78265380859375,-0.0009086909703910351,79346.9375,1.0729765892028809
131900.0,0.0,0.0,-4199815.5,11.519805908203125,506.15478515625,-7.469719275832176e-05,79337.5625,1.073103427886963
132000.0,0.0,0.0,-4199820.0,10.909116744995117,505.3797912597656,0.00035741692408919334,79328.5859375,1.0732247829437256
132100.0,0.0,0.0,-4199816.0,10.405135154724121,496.70880126953125,0.0006180324126034975,79321.546875,1.0733201503753662
132200.0,0.0,0.0,-4199826.5,11.274914741516113,511.4412841796875,0.0007979464717209339,79316.5703125,1.0733873844146729
132300.0,0.0,0.0,-4199811.5,14.075536727905273,495.4602966308594,-0.0007157730869948864,79311.1796875,1.073460340499878
132400.0,0.0,0.0,-4199811.0,12.91549015045166,494.2330017089844,-0.001118185231462121,79304.75,1.07354736328125
132500.0,0.0,0.0,-4199817.5,12.614331245422363,500.8885803222656,-0.00010905321687459946,79298.1328125,1.0736370086669922
132600.0,0.0,0.0,-4199819.5,10.011351585388184,502.2594299316406,0.0009964066557586193,79292.09375,1.073718786239624
132700.0,0.0,0.0,-4199826.5,9.949724197387695,507.7469482421875,0.0007766708731651306,79287.890625,1.0737756490707397
132800.0,0.0,0.0,-4199813.0,14.831385612487793,491.2053527832031,-0.0007655122317373753,79285.0546875,1.073814034461975
132900.0,0.0,0.0,-4199812.5,11.127348899841309,487.0882873535156,-0.0007788378279656172,79283.3671875,1.0738369226455688
133000.0,0.0,0.0,-4199829.0,10.967617988586426,498.89697265625,0.0005747110117226839,79283.3359375,1.0738372802734375
133100.0,0.0,0.0,-4199824.0,13.835430145263672,487.7451171875,0.0013296259567141533,79284.640625,1.073819637298584
133200.0,0.0,0.0,-4199825.0,11.405795097351074,488.78173828125,6.410758942365646e-06,79287.8125,1.0737767219543457
133300.0,0.0,0.0,-4199828.5,10.969870567321777,498.0299072265625,-0.0006000210996717215,79291.359375,1.0737286806106567
133400.0,0.0,0.0,-4199823.0,11.611631393432617,498.6267395019531,0.0009020131547003984,79295.296875,1.0736753940582275
133500.0,0.0,0.0,-4199819.5,11.109870910644531,500.9332580566406,0.0011761230416595936,79300.4140625,1.0736061334609985
133600.0,0.0,0.0,-4199819.0,11.49344253540039,502.138916015625,0.0005265639629215002,79307.15625,1.0735148191452026
133700.0,0.0,0.0,-4199812.0,12.441926956176758,494.4639892578125,-0.0013657736126333475,79315.09375,1.0734074115753174
133800.0,0.0,0.0,-4199814.5,11.062091827392578,496.8200988769531,-0.0005610755179077387,79323.4609375,1.0732941627502441
133900.0,0.0,0.0,-4199820.5,12.262124061584473,504.2550964355469,-0.0006108423694968224,79333.171875,1.0731629133224487
134000.0,0.0,0.0,-4199824.0,12.180099487304688,511.15570068359375,0.002821913920342922,79343.59375,1.0730218887329102
134100.0,0.0,0.0,-4199814.0,10.558369636535645,495.571533203125,0.00017117848619818687,79355.578125,1.072859764099121
134200.0,0.0,0.0,-4199819.5,9.722084045410156,495.84466552734375,0.00028061773627996445,79368.90625,1.0726796388626099
134300.0,0.0,0.0,-4199825.0,10.230817794799805,499.0071716308594,0.00011084810830652714,79382.21875,1.0724998712539673
134400.0,0.0,0.0,-4199822.0,10.10964298248291,494.54345703125,-0.0008090604096651077,79395.6640625,1.0723180770874023
134500.0,0.0,0.0,-4199811.5,10.143278121948242,489.32830810546875,-0.0012036038096994162,79409.59375,1.0721299648284912
134600.0,0.0,0.0,-4199817.5,10.648186683654785,500.100830078125,-0.0009769322350621223,79423.984375,1.071935772895813
134700.0,0.0,0.0,-4199818.0,10.226375579833984,502.8529357910156,0.0015539242886006832,79438.6171875,1.0717382431030273
134800.0,0.0,0.0,-4199809.5,13.839810371398926,495.7861328125,0.0005415631458163261,79456.203125,1.0715010166168213
134900.0,0.0,0.0,-4199820.0,12.26657485961914,508.27294921875,0.0004474432207643986,79475.53125,1.0712404251098633
135000.0,0.0,0.0,-4199808.0,10.83387279510498,498.7559814453125,-0.001244008308276534,79495.9296875,1.0709656476974487
135100.0,0.0,0.0,-4199813.5,12.390412330627441,501.6448974609375,-0.0005009598098695278,79517.359375,1.0706769227981567
135200.0,0.0,0.0,-4199809.5,11.380369186401367,490.5285949707031,1.364503987133503e-05,79540.8046875,1.0703613758087158
135300.0,0.0,0.0,-4199823.0,19.47938346862793,499.68231201171875,0.000740117160603404,79565.578125,1.0700280666351318
135400.0,0.0,0.0,-4199819.0,13.22419548034668,496.2917175292969,0.0007021550554782152,79590.453125,1.0696938037872314
135500.0,0.0,0.0,-4199820.5,12.920655250549316,497.7021789550781,0.00013707438483834267,79616.1015625,1.0693491697311401
135600.0,0.0,0.0,-4199814.5,10.536138534545898,493.6178894042969,-0.0006411457434296608,79642.8359375,1.0689901113510132
135700.0,0.0,0.0,-4199823.5,10.982837677001953,505.57427978515625,-0.0002948860637843609,79670.7109375,1.0686161518096924
135800.0,0.0,0.0,-4199815.5,14.417017936706543,502.36859130859375,-0.00014579761773347855,79698.453125,1.0682440996170044
135900.0,0.0,0.0,-4199813.0,11.393942832946777,501.8152160644531,0.0006922842003405094,79726.1640625,1.0678730010986328
136000.0,0.0,0.0,-4199812.0,12.964719772338867,502.0519714355469,0.00044909282587468624,79754.203125,1.0674973726272583
136100.0,0.0,0.0,-4199809.0,9.902020454406738,503.25396728515625,-0.00019946694374084473,79782.4375,1.0671197175979614
136200.0,0.0,0.0,-4199816.0,11.412520408630371,506.5638122558594,4.747789353132248e-05,79810.9296875,1.0667387247085571
136300.0,0.0,0.0,-4199817.5,11.690032958984375,501.07366943359375,0.00024728733114898205,79840.3125,1.0663460493087769
136400.0,0.0,0.0,-4199825.0,12.806066513061523,503.69384765625,5.823257379233837e-05,79870.4375,1.065943956375122
136500.0,0.0,0.0,-4199815.5,13.828031539916992,497.0589904785156,-0.0006875232793390751,79901.2578125,1.0655328035354614
136600.0,0.0,0.0,-4199821.5,12.37693977355957,504.41339111328125,-0.00024863146245479584,79931.5703125,1.0651286840438843
136700.0,0.0,0.0,-4199817.0,12.290886878967285,498.0777587890625,-0.0008314824663102627,79960.640625,1.0647413730621338
136800.0,0.0,0.0,-4199824.0,17.944189071655273,503.4834899902344,-4.530604928731918e-05,79988.203125,1.0643746852874756
136900.0,0.0,0.0,-4199813.0,12.333704948425293,492.6452941894531,-0.000408099964261055,80013.9765625,1.064031720161438
137000.0,0.0,0.0,-4199822.0,11.707234382629395,497.6111145019531,-0.0002447145525366068,80038.484375,1.0637059211730957
137100.0,0.0,0.0,-4199826.0,12.880090713500977,496.9916076660156,0.0011799533385783434,80061.2578125,1.0634033679962158
137200.0,0.0,0.0,-4199823.5,13.384063720703125,490.86175537109375,8.07521864771843e-05,80083.25,1.0631113052368164
137300.0,0.0,0.0,-4199816.0,14.245927810668945,490.0660095214844,-0.0006509707309305668,80104.4140625,1.0628304481506348
137400.0,0.0,0.0,-4199827.5,10.911725044250488,508.7829895019531,-0.00090806744992733,80124.6484375,1.062562108039856
137500.0,0.0,0.0,-4199812.0,10.718772888183594,498.5799865722656,-0.0009100702591240406,80142.8359375,1.0623208284378052
137600.0,0.0,0.0,-4199821.5,14.683496475219727,512.3817138671875,0.0010042018257081509,80158.671875,1.0621111392974854
137700.0,0.0,0.0,-4199818.5,16.680288314819336,508.69940185546875,0.0005701901391148567,80174.125,1.061906337738037
137800.0,0.0,0.0,-4199810.0,11.074686050415039,503.5770568847656,0.0004345071502029896,80189.5234375,1.0617023706436157
137900.0,0.0,0.0,-4199811.0,11.006207466125488,503.125,-0.000977083807811141,80204.5859375,1.0615030527114868
138000.0,0.0,0.0,-4199814.0,13.315573692321777,503.1270446777344,-0.0011331187561154366,80218.171875,1.0613232851028442
138100.0,0.0,0.0,-4199815.0,17.789859771728516,500.66162109375,6.334693171083927e-05,80230.9375,1.0611543655395508
138200.0,0.0,0.0,-4199817.0,12.2328462600708,500.73974609375,0.0006826873868703842,80243.4453125,1.0609889030456543
138300.0,0.0,0.0,-4199816.0,11.535185813903809,498.0777282714844,6.968202069401741e-05,80255.09375,1.0608348846435547
138400.0,0.0,0.0,-4199816.5,12.176305770874023,498.194580078125,-0.0009248778223991394,80265.71875,1.0606944561004639
138500.0,0.0,0.0,-4199814.5,11.98534870147705,503.077392578125,-7.734447717666626e-05,80274.421875,1.060579538345337
138600.0,0.0,0.0,-4199816.0,10.97217082977295,504.5436706542969,6.649969145655632e-05,80281.9765625,1.0604796409606934
138700.0,0.0,0.0,-4199816.0,12.015314102172852,501.25970458984375,-0.000811414560303092,80287.859375,1.0604020357131958
138800.0,0.0,0.0,-4199819.5,14.149333000183105,496.3630065917969,-0.0001414900179952383,80290.8046875,1.0603630542755127
138900.0,0.0,0.0,-4199826.0,11.345479965209961,498.4776611328125,0.0003886297345161438,80291.671875,1.0603516101837158
139000.0,0.0,0.0,-4199827.0,12.730527877807617,499.8848876953125,-0.0008193694520741701,80290.9609375,1.0603610277175903
139100.0,0.0,0.0,-4199820.5,11.007441520690918,495.9469299316406,-0.0008561625145375729,80288.40625,1.0603948831558228
139200.0,0.0,0.0,-4199820.0,10.113338470458984,499.77984619140625,4.616403020918369e-05,80282.6328125,1.0604710578918457
139300.0,0.0,0.0,-4199822.0,10.906100273132324,505.2082824707031,0.0007173588965088129,80274.4375,1.0605794191360474
139400.0,0.0,0.0,-4199816.0,16.429590225219727,502.7564392089844,0.0005427089054137468,80264.921875,1.0607051849365234
139500.0,0.0,0.0,-4199815.5,17.185171127319336,505.3987121582031,-0.0007385239005088806,80254.203125,1.0608466863632202
139600.0,0.0,0.0,-4199809.0,13.664579391479492,499.04327392578125,-0.001848939573392272,80241.8125,1.0610105991363525
139700.0,0.0,0.0,-4199810.5,11.583425521850586,498.9598388671875,-0.0008301765192300081,80226.2890625,1.061215877532959
139800.0,0.0,0.0,-4199815.0,13.761253356933594,499.889892578125,0.0018159870523959398,80209.1171875,1.0614430904388428
139900.0,0.0,0.0,-4199818.0,11.717230796813965,497.26171875,0.0007832651026546955,80191.6875,1.0616737604141235
140000.0,0.0,0.0,-4199822.0,10.637360572814941,495.48052978515625,-0.0012120637111365795,80172.5390625,1.061927318572998
140100.0,0.0,0.0,-4199821.0,16.276126861572266,492.5073547363281,-0.000891814474016428,80150.7109375,1.0622166395187378
140200.0,0.0,0.0,-4199821.0,11.613635063171387,493.8122253417969,-0.0008541976567357779,80126.5234375,1.0625370740890503
140300.0,0.0,0.0,-4199820.5,12.191083908081055,495.7926940917969,0.0006512720137834549,80100.5,1.062882423400879
140400.0,0.0,0.0,-4199819.5,19.13519859313965,498.469970703125,-0.00023725861683487892,80072.8359375,1.0632497072219849
140500.0,0.0,0.0,-4199813.0,13.898987770080566,496.9239807128906,-0.00042107352055609226,80043.8125,1.0636351108551025
140600.0,0.0,0.0,-4199823.5,12.794657707214355,511.610595703125,0.00030236481688916683,80013.9375,1.0640321969985962
140700.0,0.0,0.0,-4199814.0,13.04978084564209,505.17413330078125,-0.00013458449393510818,79983.7578125,1.0644336938858032
140800.0,0.0,0.0,-4199813.5,10.464599609375,505.9431457519531,-0.0003056465648114681,79953.109375,1.0648417472839355
140900.0,0.0,0.0,-4199813.0,12.430241584777832,500.5229797363281,-0.0006645629182457924,79922.984375,1.065243124961853
141000.0,0.0,0.0,-4199813.5,11.09383773803711,494.3662109375,0.0002729224506765604,79893.1875,1.0656403303146362
141100.0,0.0,0.0,-4199826.0,12.852056503295898,505.3236389160156,0.000715791480615735,79864.3828125,1.066024661064148
141200.0,0.0,0.0,-4199820.5,11.240622520446777,498.55792236328125,0.0003440466243773699,79835.4765625,1.0664106607437134
141300.0,0.0,0.0,-4199819.5,15.410809516906738,497.7978210449219,-0.0005482793785631657,79807.0234375,1.0667909383773804
141400.0,0.0,0.0,-4199825.0,11.772398948669434,505.1080017089844,-0.0019951332360506058,79778.6015625,1.0671709775924683
141500.0,0.0,0.0,-4199824.5,13.851165771484375,505.148681640625,0.0013115934561938047,79749.1484375,1.0675650835037231
141600.0,0.0,0.0,-4199813.0,11.561989784240723,495.9801330566406,-0.00044801365584135056,79719.5078125,1.0679620504379272
141700.0,0.0,0.0,-4199818.5,12.99423885345459,504.8212585449219,0.001179838553071022,79690.0390625,1.068356990814209
141800.0,0.0,0.0,-4199808.5,13.808746337890625,497.6189270019531,-0.00027991062961518764,79661.5859375,1.068738579750061
141900.0,0.0,0.0,-4199814.0,14.78144359588623,507.8854675292969,-0.0003091706894338131,79634.1875,1.0691062211990356
142000.0,0.0,0.0,-4199814.0,11.331040382385254,512.448486328125,-0.00010300427675247192,79607.65625,1.069462537765503
142100.0,0.0,0.0,-4199805.0,12.849672317504883,501.41729736328125,-0.0005944631993770599,79581.53125,1.06981360912323
142200.0,0.0,0.0,-4199819.5,15.533675193786621,511.5400695800781,0.002041421364992857,79555.8671875,1.0701587200164795
142300.0,0.0,0.0,-4199823.0,10.554679870605469,511.027099609375,-0.0008116369135677814,79532.5625,1.0704723596572876
142400.0,0.0,0.0,-4199824.0,11.050612449645996,510.0899353027344,0.0008204237092286348,79510.53125,1.07076895236969
142500.0,0.0,0.0,-4199813.5,13.30423641204834,496.8827819824219,-0.0005486840382218361,79490.375,1.0710405111312866
142600.0,0.0,0.0,-4199819.0,11.865388870239258,501.327392578125,0.0009076045826077461,79472.78125,1.0712777376174927
142700.0,0.0,0.0,-4199820.0,11.659467697143555,501.4355773925781,0.000574326841160655,79457.3359375,1.0714857578277588
142800.0,0.0,0.0,-4199813.5,10.929160118103027,493.3074645996094,-0.00010511558502912521,79444.09375,1.0716643333435059
142900.0,0.0,0.0,-4199821.5,10.442845344543457,500.5093688964844,-0.000509320292621851,79433.171875,1.0718117952346802
143000.0,0.0,0.0,-4199812.5,16.26699447631836,490.8058166503906,-0.000926376786082983,79424.15625,1.071933388710022
143100.0,0.0,0.0,-4199822.5,10.731030464172363,503.0975036621094,0.0016179678495973349,79417.1796875,1.072027564048767
143200.0,0.0,0.0,-4199817.0,13.536945343017578,498.8359375,0.00033795228227972984,79412.0390625,1.0720970630645752
143300.0,0.0,0.0,-4199822.0,12.338873863220215,507.6115417480469,0.0009310382883995771,79408.46875,1.0721452236175537
143400.0,0.0,0.0,-4199811.0,14.6533842086792,499.6931457519531,0.00020107626914978027,79407.125,1.0721633434295654
143500.0,0.0,0.0,-4199808.5,13.324809074401855,500.2709655761719,-0.0003463500179350376,79408.734375,1.0721415281295776
143600.0,0.0,0.0,-4199810.5,10.89140510559082,506.27593994140625,0.0005079875700175762,79413.1015625,1.0720826387405396
143700.0,0.0,0.0,-4199804.0,12.072267532348633,498.69683837890625,-0.00023467023856937885,79420.21875,1.0719865560531616
143800.0,0.0,0.0,-4199816.5,11.248563766479492,505.5453186035156,0.0009111696854233742,79429.8359375,1.0718567371368408
143900.0,0.0,0.0,-4199817.0,16.709226608276367,501.6063232421875,0.0009016129188239574,79442.4375,1.0716867446899414
144000.0,0.0,0.0,-4199822.0,12.602957725524902,505.47869873046875,0.0007336724083870649,79457.5390625,1.0714830160140991
144100.0,0.0,0.0,-4199813.0,12.249919891357422,495.1723327636719,-0.001056090695783496,79476.328125,1.0712298154830933
144200.0,0.0,0.0,-4199816.5,11.708880424499512,503.02490234375,-0.0010680397972464561,79497.7421875,1.0709412097930908
144300.0,0.0,0.0,-4199815.0,10.912229537963867,500.7409362792969,0.0011601909063756466,79521.1171875,1.0706263780593872
144400.0,0.0,0.0,-4199814.5,12.6271390914917,497.4778137207031,0.0018580167088657618,79547.6171875,1.0702698230743408
144500.0,0.0,0.0,-4199822.0,10.285682678222656,501.4967346191406,0.0003145365044474602,79576.546875,1.0698806047439575
144600.0,0.0,0.0,-4199815.0,12.252285957336426,489.25482177734375,-0.001574055990204215,79606.6640625,1.0694758892059326
144700.0,0.0,0.0,-4199821.5,12.148173332214355,498.71905517578125,-0.0015504027251154184,79638.3125,1.069050908088684
144800.0,0.0,0.0,-4199821.0,12.1361665725708,497.70074462890625,0.000931211281567812,79671.9921875,1.068598985671997
144900.0,0.0,0.0,-4199819.0,13.5641450881958,496.4254455566406,0.0020656604319810867,79707.9296875,1.0681171417236328
145000.0,0.0,0.0,-4199813.5,13.522817611694336,500.2469787597656,0.0009398518595844507,79746.1015625,1.0676058530807495
145100.0,0.0,0.0,-4199808.5,11.429344177246094,507.5935974121094,-0.00028824061155319214,79785.0625,1.0670846700668335
145200.0,0.0,0.0,-4199807.0,13.379632949829102,508.69769287109375,-0.00123633723706007,79823.9921875,1.0665642023086548
145300.0,0.0,0.0,-4199809.0,12.987322807312012,507.58233642578125,-2.5412999093532562e-05,79863.2265625,1.0660401582717896
145400.0,0.0,0.0,-4199804.5,14.198235511779785,500.777587890625,0.00038269395008683205,79903.5625,1.0655020475387573
145500.0,0.0,0.0,-4199816.0,10.136205673217773,507.6425476074219,0.00015435228124260902,79947.5,1.0649163722991943
145600.0,0.0,0.0,-4199812.0,12.55595588684082,501.07122802734375,-0.00028844992630183697,79993.2734375,1.0643072128295898
145700.0,0.0,0.0,-4199817.0,11.612433433532715,506.4547119140625,-3.52286733686924e-05,80039.1015625,1.0636976957321167
145800.0,0.0,0.0,-4199810.5,12.611788749694824,496.0444641113281,0.00012135319411754608,80084.859375,1.0630899667739868
145900.0,0.0,0.0,-4199812.5,11.553197860717773,494.3871765136719,0.00036336365155875683,80130.1953125,1.0624884366989136
146000.0,0.0,0.0,-4199814.0,13.778044700622559,499.6479797363281,0.00018199649639427662,80175.4921875,1.0618882179260254
146100.0,0.0,0.0,-4199814.0,13.5825777053833,499.31890869140625,0.00034746434539556503,80221.1328125,1.061284065246582
146200.0,0.0,0.0,-4199816.5,19.097915649414062,501.79632568359375,-0.0005591418594121933,80266.8359375,1.0606797933578491
146300.0,0.0,0.0,-4199808.5,10.59764289855957,496.27337646484375,-0.0018012498039752245,80311.6953125,1.0600873231887817
146400.0,0.0,0.0,-4199815.5,13.919822692871094,503.5906066894531,0.00022714212536811829,80355.140625,1.0595141649246216
146500.0,0.0,0.0,-4199820.0,10.760263442993164,504.465576171875,0.0007042803335934877,80396.71875,1.0589662790298462
146600.0,0.0,0.0,-4199823.5,13.226872444152832,505.080810546875,0.00025263638235628605,80437.0859375,1.0584348440170288
146700.0,0.0,0.0,-4199812.0,10.796478271484375,489.23553466796875,-0.0006604318041354418,80475.3125,1.0579320192337036
146800.0,0.0,0.0,-4199815.0,13.98092269897461,490.09600830078125,-0.00042671035043895245,80512.15625,1.057447910308838
146900.0,0.0,0.0,-4199814.5,12.777974128723145,491.2412109375,-0.00010403734631836414,80548.28125,1.0569736957550049
147000.0,0.0,0.0,-4199812.0,13.77497386932373,495.8149719238281,3.926549106836319e-05,80582.6015625,1.0565235614776611
147100.0,0.0,0.0,-4199808.0,15.285246849060059,497.2445373535156,0.0010287114419043064,80614.7265625,1.0561023950576782
147200.0,0.0,0.0,-4199820.0,10.380475044250488,513.7012939453125,-0.00013917265459895134,80644.1484375,1.05571711063385
147300.0,0.0,0.0,-4199807.5,13.753697395324707,506.6462097167969,-0.0008383237291127443,80669.8046875,1.0553812980651855
147400.0,0.0,0.0,-4199810.0,13.654643058776855,509.18157958984375,-0.0013271039351820946,80692.078125,1.055090069770813
147500.0,0.0,0.0,-4199812.5,10.726085662841797,505.4209289550781,-5.0120288506150246e-05,80710.96875,1.0548430681228638
147600.0,0.0,0.0,-4199815.0,11.599069595336914,498.7744445800781,0.00010188505984842777,80727.3203125,1.0546294450759888
147700.0,0.0,0.0,-4199808.0,13.640121459960938,492.9666748046875,-0.00020624464377760887,80740.890625,1.0544521808624268
147800.0,0.0,0.0,-4199813.0,14.35015869140625,499.1266784667969,-0.0005948792677372694,80750.796875,1.0543228387832642
147900.0,0.0,0.0,-4199801.0,11.723761558532715,486.6648254394531,-0.0013019258622080088,80754.8671875,1.0542696714401245
148000.0,0.0,0.0,-4199820.0,11.236882209777832,506.4995422363281,-0.0003734249621629715,80753.890625,1.0542824268341064
148100.0,0.0,0.0,-4199814.0,12.277351379394531,500.2735595703125,0.00014405488036572933,80748.7578125,1.054349660873413
148200.0,0.0,0.0,-4199807.5,15.289530754089355,492.8595886230469,-0.00029086368158459663,80739.96875,1.054464340209961
148300.0,0.0,0.0,-4199817.5,10.172714233398438,503.97503662109375,0.00011739530600607395,80727.84375,1.0546225309371948
148400.0,0.0,0.0,-4199807.0,12.95516586303711,496.9818420410156,-0.000601599458605051,80712.046875,1.0548291206359863
148500.0,0.0,0.0,-4199807.0,12.849696159362793,498.79345703125,-0.0015223308000713587,80693.7265625,1.0550684928894043
148600.0,0.0,0.0,-4199811.5,13.162829399108887,503.1021728515625,0.0004816551227122545,80672.0390625,1.0553520917892456
148700.0,0.0,0.0,-4199817.0,15.600286483764648,506.2640075683594,0.0008654105477035046,80646.3046875,1.0556888580322266
148800.0,0.0,0.0,-4199813.5,14.564739227294922,498.2685241699219,-0.0005954713560640812,80616.4453125,1.0560799837112427
148900.0,0.0,0.0,-4199820.5,10.609155654907227,504.52447509765625,-0.0011108627077192068,80583.40625,1.0565128326416016
149000.0,0.0,0.0,-4199806.5,10.43507194519043,488.0815734863281,-0.0011019327212125063,80546.65625,1.056994915008545
149100.0,0.0,0.0,-4199815.5,11.641112327575684,498.5220947265625,0.0005310231354087591,80505.859375,1.0575305223464966
149200.0,0.0,0.0,-4199806.0,12.431296348571777,493.6650390625,0.0010276597458869219,80463.1875,1.058091402053833
149300.0,0.0,0.0,-4199808.0,14.022049903869629,502.844482421875,0.00016623479314148426,80418.6484375,1.0586774349212646
149400.0,0.0,0.0,-4199806.5,11.970422744750977,507.729736328125,-0.0018462254665791988,80371.5546875,1.059297800064087
149500.0,0.0,0.0,-4199811.0,13.032195091247559,509.77764892578125,-0.0014598746784031391,80321.90625,1.0599526166915894
149600.0,0.0,0.0,-4199810.0,12.958858489990234,500.7684326171875,0.00023815245367586613,80269.78125,1.060640811920166
149700.0,0.0,0.0,-4199821.5,11.488973617553711,509.4054260253906,0.0010300863068550825,80215.671875,1.0613564252853394
149800.0,0.0,0.0,-4199812.0,11.726884841918945,496.0391845703125,0.0013944916427135468,80158.7109375,1.062110424041748
149900.0,0.0,0.0,-4199815.5,13.60029125213623,498.2584228515625,-0.00027194665744900703,80099.2734375,1.0628987550735474
150000.0,0.0,0.0,-4199815.5,10.989229202270508,497.4808349609375,-9.034178219735622e-05,80037.6953125,1.0637164115905762
150100.0,0.0,0.0,-4199822.5,11.637742042541504,506.361328125,-0.0019457712769508362,79975.3125,1.0645462274551392
150200.0,0.0,0.0,-4199806.5,13.192706108093262,493.5757751464844,-0.000615039374679327,79910.921875,1.065403938293457
150300.0,0.0,0.0,-4199819.0,10.572288513183594,504.84552001953125,0.0007961115334182978,79845.0703125,1.0662825107574463
150400.0,0.0,0.0,-4199827.0,12.441530227661133,509.4748840332031,0.0014972114004194736,79777.2734375,1.0671888589859009
150500.0,0.0,0.0,-4199825.0,13.389010429382324,505.0938415527344,0.0011046072468161583,79707.875,1.0681178569793701
150600.0,0.0,0.0,-4199814.5,11.780829429626465,493.289794921875,-0.0018496955744922161,79638.5234375,1.0690481662750244
150700.0,0.0,0.0,-4199820.5,13.46028995513916,502.44305419921875,-0.0017131310887634754,79569.3359375,1.0699776411056519
150800.0,0.0,0.0,-4199808.0,14.83215045928955,489.65576171875,-0.001435552490875125,79500.65625,1.0709019899368286
150900.0,0.0,0.0,-4199820.0,14.437764167785645,503.7480163574219,0.002577695529907942,79431.1796875,1.071838617324829
151000.0,0.0,0.0,-4199820.5,11.718828201293945,505.1682434082031,0.0023435670882463455,79362.546875,1.072765588760376
151100.0,0.0,0.0,-4199819.0,11.36655044555664,503.9729309082031,-0.00026257848367094994,79295.1328125,1.0736775398254395
151200.0,0.0,0.0,-4199816.5,11.632386207580566,501.58428955078125,-0.002871718257665634,79229.15625,1.0745716094970703
151300.0,0.0,0.0,-4199820.0,10.868112564086914,504.3876037597656,-0.0025071394629776478,79163.734375,1.0754598379135132
151400.0,0.0,0.0,-4199821.5,12.60898208618164,505.3085021972656,0.003222934203222394,79099.203125,1.0763370990753174
151500.0,0.0,0.0,-4199819.5,12.622653007507324,504.7204895019531,0.001319577917456627,79038.34375,1.077165961265564
151600.0,0.0,0.0,-4199809.5,15.832673072814941,493.7323303222656,0.0013536005280911922,78981.0546875,1.0779472589492798
151700.0,0.0,0.0,-4199818.5,10.981307029724121,502.488037109375,-0.0017517819069325924,78925.4609375,1.0787066221237183
151800.0,0.0,0.0,-4199815.5,13.856581687927246,497.5714111328125,-0.00015899771824479103,78872.125,1.0794360637664795
151900.0,0.0,0.0,-4199825.0,11.880866050720215,501.84222412109375,0.0007206648588180542,78823.390625,1.0801033973693848
152000.0,0.0,0.0,-4199826.5,12.109014511108398,500.0926818847656,0.00013246876187622547,78778.171875,1.0807232856750488
152100.0,0.0,0.0,-4199825.5,11.360702514648438,498.5647888183594,0.0005141140427440405,78736.0703125,1.081301212310791
152200.0,0.0,0.0,-4199818.0,13.362114906311035,492.327880859375,0.0002525241579860449,78697.9296875,1.0818253755569458
152300.0,0.0,0.0,-4199822.0,14.07337760925293,497.5205993652344,0.002059338614344597,78664.0078125,1.0822917222976685
152400.0,0.0,0.0,-4199819.0,11.478994369506836,496.61602783203125,-0.0007486380636692047,78634.6015625,1.0826964378356934
152500.0,0.0,0.0,-4199814.0,13.428074836730957,494.74658203125,-0.0007585885468870401,78609.0546875,1.0830483436584473
152600.0,0.0,0.0,-4199819.0,13.296133041381836,502.1907043457031,0.00021736929193139076,78586.359375,1.083361268043518
152700.0,0.0,0.0,-4199819.0,10.022896766662598,504.1813659667969,0.002096769865602255,78567.4140625,1.0836223363876343
152800.0,0.0,0.0,-4199807.0,11.76556396484375,493.5053405761719,0.001764106098562479,78552.6953125,1.0838253498077393
152900.0,0.0,0.0,-4199816.5,13.146533966064453,501.8306579589844,-0.0009839553385972977,78540.9765625,1.0839871168136597
153000.0,0.0,0.0,-4199821.0,16.069814682006836,500.7626647949219,-0.0010068784467875957,78532.1875,1.084108591079712
153100.0,0.0,0.0,-4199826.5,12.254509925842285,500.1903991699219,-0.0002180035226047039,78526.5625,1.0841861963272095
153200.0,0.0,0.0,-4199826.0,12.995199203491211,496.5785827636719,0.00169301126152277,78523.984375,1.0842217206954956
153300.0,0.0,0.0,-4199824.0,11.273521423339844,494.5065612792969,0.0007940672803670168,78526.1171875,1.0841922760009766
153400.0,0.0,0.0,-4199825.0,12.285917282104492,498.0323181152344,0.0008180805016309023,78531.90625,1.084112286567688
153500.0,0.0,0.0,-4199822.0,15.201252937316895,502.65704345703125,-0.0001686885952949524,78540.1484375,1.0839985609054565
153600.0,0.0,0.0,-4199817.0,12.446229934692383,502.5171203613281,0.00018294062465429306,78551.3359375,1.0838443040847778
153700.0,0.0,0.0,-4199815.5,11.905864715576172,503.2680969238281,0.0006035848055034876,78565.5859375,1.083647608757019
153800.0,0.0,0.0,-4199812.0,12.720802307128906,499.74859619140625,-0.0008648880757391453,78583.25,1.0834040641784668
153900.0,0.0,0.0,-4199814.5,14.19444751739502,499.5769348144531,0.0006733217742294073,78603.2890625,1.0831278562545776
154000.0,0.0,0.0,-4199813.0,12.650843620300293,491.2114562988281,7.46783334761858e-05,78625.5234375,1.0828214883804321
154100.0,0.0,0.0,-4199828.5,9.962966918945312,498.79327392578125,0.001107661286368966,78649.4765625,1.0824917554855347
154200.0,0.0,0.0,-4199820.5,13.476415634155273,488.56878662109375,0.0007099458016455173,78676.046875,1.0821261405944824
154300.0,0.0,0.0,-4199824.5,12.513815879821777,499.9526672363281,-0.0004470609128475189,78705.03125,1.0817276239395142
154400.0,0.0,0.0,-4199822.5,11.617515563964844,501.890869140625,-0.00031790928915143013,78736.0546875,1.0813014507293701
154500.0,0.0,0.0,-4199819.0,10.558527946472168,501.8536682128906,-9.086588397622108e-05,78769.8046875,1.0808380842208862
154600.0,0.0,0.0,-4199815.0,10.45925235748291,502.2991943359375,0.0012679635547101498,78806.9296875,1.0803290605545044
154700.0,0.0,0.0,-4199818.0,16.64132308959961,509.201904296875,0.0007602893747389317,78847.1171875,1.0797784328460693
154800.0,0.0,0.0,-4199815.0,11.965360641479492,505.8596496582031,0.00037013529799878597,78889.265625,1.0792014598846436
154900.0,0.0,0.0,-4199817.5,10.34003734588623,504.2491149902344,-0.0015676389448344707,78932.7109375,1.078607439994812
155000.0,0.0,0.0,-4199821.0,13.523639678955078,507.3230285644531,0.0004173777997493744,78977.1953125,1.0779998302459717
155100.0,0.0,0.0,-4199817.0,13.502619743347168,498.91839599609375,0.00035984255373477936,79024.4375,1.0773553848266602
155200.0,0.0,0.0,-4199820.5,11.589789390563965,503.4491271972656,0.00016426946967840195,79072.96875,1.0766942501068115
155300.0,0.0,0.0,-4199813.0,10.220601081848145,493.91571044921875,-0.00019201450049877167,79121.7421875,1.0760304927825928
155400.0,0.0,0.0,-4199828.0,13.445693016052246,507.98883056640625,-0.00044000567868351936,79170.90625,1.0753623247146606
155500.0,0.0,0.0,-4199815.0,12.77588939666748,493.29815673828125,0.0013605277054011822,79221.828125,1.0746710300445557
155600.0,0.0,0.0,-4199823.0,11.853668212890625,507.6636962890625,-0.00014004530385136604,79275.140625,1.0739483833312988
155700.0,0.0,0.0,-4199811.5,11.205179214477539,492.7431945800781,-0.0009406392928212881,79329.2578125,1.0732158422470093
155800.0,0.0,0.0,-4199818.5,11.610114097595215,496.6130065917969,-0.0010082232765853405,79383.234375,1.0724860429763794
155900.0,0.0,0.0,-4199827.5,11.738153457641602,501.1394958496094,-0.0005988450720906258,79436.6171875,1.0717653036117554
156000.0,0.0,0.0,-4199826.0,11.121161460876465,495.5132751464844,0.00047156447544693947,79489.6171875,1.071050763130188
156100.0,0.0,0.0,-4199825.0,13.539436340332031,495.0169372558594,-0.0008304677903652191,79543.109375,1.0703303813934326
156200.0,0.0,0.0,-4199822.0,12.797682762145996,499.04248046875,0.0015365404542535543,79594.8671875,1.0696343183517456
156300.0,0.0,0.0,-4199813.5,10.93441390991211,494.5774841308594,0.0010323172900825739,79646.65625,1.0689388513565063
156400.0,0.0,0.0,-4199823.0,11.151705741882324,508.16168212890625,0.0005675824359059334,79699.390625,1.0682315826416016
156500.0,0.0,0.0,-4199811.0,12.47393798828125,500.02679443359375,-0.0010693625081330538,79752.4609375,1.0675208568572998
156600.0,0.0,0.0,-4199814.5,13.090845108032227,503.352783203125,-0.001307129394263029,79804.90625,1.066819190979004
156700.0,0.0,0.0,-4199814.5,11.860265731811523,503.3315734863281,-0.0004952438175678253,79856.234375,1.0661334991455078
156800.0,0.0,0.0,-4199817.0,14.69327163696289,504.2561950683594,0.0016216605436056852,79907.2265625,1.0654531717300415
156900.0,0.0,0.0,-4199812.5,13.81474781036377,496.74365234375,0.0013916734606027603,79958.125,1.0647748708724976
157000.0,0.0,0.0,-4199814.5,12.819234848022461,496.91705322265625,-6.3925981521606445e-06,80008.5078125,1.064104437828064
157100.0,0.0,0.0,-4199818.5,16.043750762939453,498.7076110839844,-0.002081177895888686,80059.1953125,1.063430666923523
157200.0,0.0,0.0,-4199821.0,10.68260669708252,506.4864807128906,-0.0008030268363654613,80107.828125,1.062785267829895
157300.0,0.0,0.0,-4199814.0,12.366704940795898,497.3731994628906,0.0004995281342417002,80154.4140625,1.0621674060821533
157400.0,0.0,0.0,-4199810.0,13.148098945617676,489.7248229980469,0.0005784907843917608,80200.2421875,1.0615605115890503
157500.0,0.0,0.0,-4199812.5,10.63204574584961,490.6395568847656,-0.00011081481352448463,80245.0078125,1.060968279838562
157600.0,0.0,0.0,-4199824.5,11.660248756408691,503.21185302734375,-0.0008555478416383266,80288.4296875,1.0603944063186646
157700.0,0.0,0.0,-4199823.5,15.08302116394043,499.9451904296875,-0.0011912474874407053,80329.2578125,1.059855580329895
157800.0,0.0,0.0,-4199818.5,13.217886924743652,488.46905517578125,-0.0013048339169472456,80367.1328125,1.0593559741973877
157900.0,0.0,0.0,-4199822.5,10.371122360229492,487.2073669433594,0.0013177299406379461,80402.484375,1.0588903427124023
158000.0,0.0,0.0,-4199821.0,10.551193237304688,486.6685791015625,0.0009143869392573833,80434.375,1.0584704875946045
158100.0,0.0,0.0,-4199821.5,11.876879692077637,493.1223449707031,0.0007209726609289646,80463.546875,1.058086633682251
158200.0,0.0,0.0,-4199817.5,13.043237686157227,495.75262451171875,-0.0019163861870765686,80490.296875,1.0577350854873657
158300.0,0.0,0.0,-4199814.5,14.44809627532959,499.5569763183594,-0.0016570375300943851,80514.6015625,1.0574157238006592
158400.0,0.0,0.0,-4199809.0,11.106019973754883,496.5706787109375,-0.00017009559087455273,80535.8984375,1.0571361780166626
158500.0,0.0,0.0,-4199810.5,10.94237232208252,502.0558166503906,0.0010995769407600164,80554.4765625,1.0568925142288208
158600.0,0.0,0.0,-4199810.5,11.86278247833252,505.5061950683594,0.0005233502015471458,80570.765625,1.0566786527633667
158700.0,0.0,0.0,-4199812.0,11.631558418273926,503.5246887207031,-0.0013192198239266872,80583.4140625,1.0565128326416016
158800.0,0.0,0.0,-4199816.5,11.501527786254883,506.3074035644531,-0.0007454573642462492,80591.3984375,1.0564080476760864
158900.0,0.0,0.0,-4199813.5,13.210457801818848,498.0567932128906,-0.0009292836766690016,80596.296875,1.056343913078308
159000.0,0.0,0.0,-4199815.5,11.322196006774902,498.82867431640625,-0.0007270851638168097,80598.625,1.056313395500183
159100.0,0.0,0.0,-4199813.5,10.423567771911621,496.87408447265625,-0.0007556674536317587,80597.4921875,1.0563281774520874
159200.0,0.0,0.0,-4199814.5,12.721404075622559,501.1807861328125,0.0005768733099102974,80591.9375,1.056401014328003
159300.0,0.0,0.0,-4199807.0,11.726818084716797,492.57568359375,0.001053039450198412,80582.34375,1.056526780128479
159400.0,0.0,0.0,-4199816.0,11.349544525146484,502.6282653808594,-0.000286866445094347,80571.09375,1.0566743612289429
159500.0,0.0,0.0,-4199818.0,10.51314640045166,505.6754455566406,-0.0017583910375833511,80558.3515625,1.056841492652893
159600.0,0.0,0.0,-4199807.5,11.409807205200195,497.70562744140625,-0.0014490969479084015,80543.2578125,1.0570396184921265
159700.0,0.0,0.0,-4199818.5,11.593733787536621,506.1607360839844,0.0013833525590598583,80524.7265625,1.05728280544281
159800.0,0.0,0.0,-4199815.5,11.043710708618164,496.89752197265625,0.0009180423803627491,80504.4140625,1.0575495958328247
159900.0,0.0,0.0,-4199823.5,16.58746337890625,502.92340087890625,-0.0011693327687680721,80482.359375,1.0578393936157227
160000.0,0.0,0.0,-4199822.0,12.259859085083008,499.0305480957031,-0.0011916321236640215,80457.609375,1.0581647157669067
160100.0,0.0,0.0,-4199836.0,11.091938018798828,513.8971557617188,-0.0002535982057452202,80430.4296875,1.0585224628448486
160200.0,0.0,0.0,-4199819.0,13.202371597290039,499.5181884765625,0.001289283623918891,80401.9921875,1.058896780014038
160300.0,0.0,0.0,-4199813.0,13.354474067687988,501.104248046875,0.0006021321751177311,80373.453125,1.0592727661132812
160400.0,0.0,0.0,-4199806.5,15.388298988342285,499.8143310546875,-0.0008634980767965317,80344.5859375,1.0596532821655273
160500.0,0.0,0.0,-4199813.0,10.252723693847656,510.2428894042969,-0.0009456360712647438,80315.6796875,1.0600347518920898
160600.0,0.0,0.0,-4199799.5,14.273488998413086,499.3533935546875,0.0012131338007748127,80286.046875,1.0604259967803955
160700.0,0.0,0.0,-4199813.5,13.815858840942383,510.37469482421875,0.0010474682785570621,80255.6015625,1.0608283281326294
160800.0,0.0,0.0,-4199819.5,11.718355178833008,514.2158813476562,-0.0006892806850373745,80224.7734375,1.0612359046936035
160900.0,0.0,0.0,-4199807.0,17.429359436035156,499.6216735839844,-0.0011418985668569803,80193.71875,1.061646819114685
161000.0,0.0,0.0,-4199827.0,12.11693286895752,518.291748046875,-0.00036850105971097946,80161.5546875,1.0620728731155396
161100.0,0.0,0.0,-4199805.5,12.380439758300781,494.0583801269531,0.0012644333764910698,80128.71875,1.0625079870224
161200.0,0.0,0.0,-4199820.5,11.187300682067871,507.57733154296875,0.0007230429910123348,80095.9296875,1.0629431009292603
161300.0,0.0,0.0,-4199813.0,12.656312942504883,496.73992919921875,-0.0009241127409040928,80063.0,1.0633801221847534
161400.0,0.0,0.0,-4199821.0,13.062239646911621,502.86590576171875,-0.00023431051522493362,80029.6328125,1.0638235807418823
161500.0,0.0,0.0,-4199814.5,11.91809368133545,496.5202331542969,4.8821792006492615e-05,79996.6875,1.0642616748809814
161600.0,0.0,0.0,-4199822.0,15.283626556396484,502.41192626953125,0.0002524584997445345,79964.2578125,1.0646933317184448
161700.0,0.0,0.0,-4199818.5,11.414871215820312,496.5251770019531,-0.0005863287951797247,79933.6796875,1.0651005506515503
161800.0,0.0,0.0,-4199822.0,10.89653205871582,496.5361022949219,-1.0157003998756409e-05,79904.3984375,1.065490961074829
161900.0,0.0,0.0,-4199827.0,15.057645797729492,497.79010009765625,0.0012043251190334558,79876.1328125,1.0658680200576782
162000.0,0.0,0.0,-4199822.0,12.881247520446777,490.300048828125,0.0002540326677262783,79848.9453125,1.0662307739257812
162100.0,0.0,0.0,-4199820.5,12.22012710571289,490.4181823730469,-0.0005004254635423422,79822.4375,1.0665849447250366
162200.0,0.0,0.0,-4199819.5,11.888470649719238,495.8916320800781,-0.0005787662230432034,79796.1015625,1.06693696975708
162300.0,0.0,0.0,-4199820.0,12.038474082946777,502.5397033691406,-1.6049016267061234e-05,79769.4765625,1.0672930479049683
162400.0,0.0,0.0,-4199811.5,15.020586013793945,497.3585510253906,-0.00011313962750136852,79744.109375,1.0676325559616089
162500.0,0.0,0.0,-4199810.5,12.45674991607666,499.3282165527344,0.0006284576375037432,79720.53125,1.0679484605789185
162600.0,0.0,0.0,-4199809.0,14.830323219299316,500.5244140625,0.00038356008008122444,79699.078125,1.0682357549667358
162700.0,0.0,0.0,-4199813.0,9.697786331176758,501.7872619628906,-0.00092662638053298,79679.0078125,1.068504810333252
162800.0,0.0,0.0,-4199815.0,11.897110939025879,499.8118591308594,0.0003459684085100889,79660.421875,1.0687541961669922
162900.0,0.0,0.0,-4199820.0,10.821258544921875,501.5538330078125,-5.592498928308487e-05,79642.9140625,1.0689890384674072
163000.0,0.0,0.0,-4199826.0,14.297137260437012,508.0049743652344,0.0005222747568041086,79626.0390625,1.0692156553268433
163100.0,0.0,0.0,-4199814.0,12.506649017333984,493.8600158691406,-0.00032419338822364807,79610.359375,1.0694262981414795
163200.0,0.0,0.0,-4199815.5,10.66113567352295,494.4590759277344,0.00038089603185653687,79595.1484375,1.0696306228637695
163300.0,0.0,0.0,-4199819.5,12.72668743133545,499.9241943359375,0.00012290733866393566,79581.203125,1.0698180198669434
163400.0,0.0,0.0,-4199815.5,10.966036796569824,497.78875732421875,-0.0011284914799034595,79568.8125,1.0699846744537354
163500.0,0.0,0.0,-4199811.5,11.290209770202637,499.07452392578125,0.0006179814226925373,79557.3671875,1.0701385736465454
163600.0,0.0,0.0,-4199815.5,10.863266944885254,502.7847900390625,0.00010277004912495613,79546.921875,1.0702791213989258
163700.0,0.0,0.0,-4199818.5,10.996459007263184,504.3441467285156,0.0012902310118079185,79537.09375,1.0704113245010376
163800.0,0.0,0.0,-4199808.0,14.318159103393555,489.559814453125,-0.0009229043498635292,79529.0859375,1.0705190896987915
163900.0,0.0,0.0,-4199813.0,13.178157806396484,487.8551940917969,0.0007411560509353876,79521.265625,1.0706244707107544
164000.0,0.0,0.0,-4199822.0,12.200196266174316,495.5500793457031,-0.000632403651252389,79514.5625,1.0707145929336548
164100.0,0.0,0.0,-4199820.0,15.542348861694336,492.514404296875,0.00040081865154206753,79506.921875,1.0708175897598267
164200.0,0.0,0.0,-4199817.5,11.770837783813477,490.61187744140625,-0.00015410291962325573,79498.6796875,1.0709285736083984
164300.0,0.0,0.0,-4199827.5,13.000632286071777,504.8006591796875,-0.00011057732626795769,79490.0,1.0710455179214478
164400.0,0.0,0.0,-4199811.0,14.646946907043457,494.0763854980469,0.000715592410415411,79481.5546875,1.0711592435836792
164500.0,0.0,0.0,-4199809.0,11.569490432739258,497.3930969238281,1.9652768969535828e-05,79474.90625,1.0712488889694214
164600.0,0.0,0.0,-4199822.0,9.802790641784668,514.4739379882812,-0.00032771890982985497,79469.0703125,1.0713276863098145
164700.0,0.0,0.0,-4199815.0,11.508772850036621,508.17138671875,-0.0007084752433001995,79464.140625,1.0713940858840942
164800.0,0.0,0.0,-4199816.5,12.044747352600098,507.59710693359375,0.000150313600897789,79459.6171875,1.0714551210403442
164900.0,0.0,0.0,-4199816.0,16.2432804107666,503.546875,0.0012195901945233345,79455.078125,1.0715162754058838
165000.0,0.0,0.0,-4199811.0,15.610648155212402,495.1388244628906,0.001174260163679719,79451.3359375,1.0715669393539429
165100.0,0.0,0.0,-4199819.0,10.608447074890137,501.1876525878906,-0.00017682183533906937,79447.9453125,1.0716124773025513
165200.0,0.0,0.0,-4199825.0,15.040828704833984,506.0352478027344,-0.0010827984660863876,79443.8671875,1.0716675519943237
165300.0,0.0,0.0,-4199816.5,10.151019096374512,496.1930847167969,-0.0008463505655527115,79438.953125,1.0717337131500244
165400.0,0.0,0.0,-4199813.5,11.878830909729004,493.16162109375,0.00036618602462112904,79433.9921875,1.0718008279800415
165500.0,0.0,0.0,-4199816.0,12.22772216796875,496.81201171875,0.00048656389117240906,79429.8125,1.0718570947647095
165600.0,0.0,0.0,-4199812.0,12.124556541442871,495.24517822265625,-0.0001035081222653389,79427.1015625,1.0718938112258911
165700.0,0.0,0.0,-4199819.5,11.382956504821777,506.9273986816406,0.0003466426860541105,79425.53125,1.071914792060852
165800.0,0.0,0.0,-4199812.0,12.643498420715332,502.7235412597656,0.0007082088850438595,79425.4140625,1.0719164609909058
165900.0,0.0,0.0,-4199810.5,13.574710845947266,510.8150634765625,-0.0003091040998697281,79427.015625,1.0718947649002075
166000.0,0.0,0.0,-4199810.5,10.764564514160156,515.1743774414062,-0.0013286401517689228,79428.703125,1.0718719959259033
166100.0,0.0,0.0,-4199804.0,10.41318416595459,506.0009460449219,-8.666189387440681e-05,79430.25,1.0718512535095215
166200.0,0.0,0.0,-4199811.0,12.77297306060791,507.916259765625,0.0015154005959630013,79433.1171875,1.0718125104904175
166300.0,0.0,0.0,-4199806.5,11.841379165649414,501.4584045410156,-0.00024400372058153152,79438.125,1.0717449188232422
166400.0,0.0,0.0,-4199812.0,11.044048309326172,504.2610168457031,-0.0007714438252151012,79444.546875,1.0716583728790283
166500.0,0.0,0.0,-4199812.5,12.273567199707031,501.5705261230469,0.00016143149696290493,79451.8125,1.071560263633728
166600.0,0.0,0.0,-4199816.5,11.531426429748535,502.0743103027344,0.0008960161358118057,79459.4453125,1.0714573860168457
166700.0,0.0,0.0,-4199821.0,11.135092735290527,503.18963623046875,0.0007668877951800823,79467.2265625,1.071352481842041
166800.0,0.0,0.0,-4199820.5,9.971559524536133,499.87237548828125,-0.00023507210426032543,79475.03125,1.0712473392486572
166900.0,0.0,0.0,-4199813.0,11.15580940246582,489.84918212890625,0.0003638246562331915,79482.3828125,1.071148157119751
167000.0,0.0,0.0,-4199826.0,13.103840827941895,503.3772277832031,-0.0008961232379078865,79489.984375,1.0710457563400269
167100.0,0.0,0.0,-4199815.0,10.609962463378906,497.37921142578125,-0.0004324214532971382,79498.171875,1.0709353685379028
167200.0,0.0,0.0,-4199812.0,10.763593673706055,498.402587890625,-0.00022892537526786327,79507.3828125,1.07081139087677
167300.0,0.0,0.0,-4199818.0,11.056937217712402,511.4364318847656,0.00043015601113438606,79517.1328125,1.070680022239685
167400.0,0.0,0.0,-4199808.5,12.977248191833496,506.882080078125,0.001045744400471449,79527.8203125,1.0705361366271973
167500.0,0.0,0.0,-4199803.5,14.023652076721191,503.49017333984375,0.00013575353659689426,79540.28125,1.0703685283660889
167600.0,0.0,0.0,-4199809.5,10.810928344726562,507.0458068847656,-0.00025900406762957573,79553.375,1.0701922178268433
167700.0,0.0,0.0,-4199804.5,11.592455863952637,498.4613952636719,-0.0012490872759371996,79566.5234375,1.0700154304504395
167800.0,0.0,0.0,-4199819.5,11.72504997253418,510.70037841796875,0.00046782498247921467,79578.9609375,1.0698481798171997
167900.0,0.0,0.0,-4199811.0,10.242904663085938,499.5419006347656,0.00041963672265410423,79591.1875,1.0696837902069092
168000.0,0.0,0.0,-4199823.0,11.635221481323242,510.7389831542969,-0.00136910704895854,79603.921875,1.0695128440856934
168100.0,0.0,0.0,-4199815.5,12.312047004699707,499.36767578125,-0.0001455605961382389,79615.1796875,1.0693614482879639
168200.0,0.0,0.0,-4199821.0,13.062397956848145,507.5884704589844,-0.00019446294754743576,79625.40625,1.0692241191864014
168300.0,0.0,0.0,-4199819.0,11.01041316986084,501.9684753417969,0.0012433230876922607,79635.15625,1.0690932273864746
168400.0,0.0,0.0,-4199817.5,12.119965553283691,497.43798828125,0.0007915869355201721,79644.65625,1.0689657926559448
168500.0,0.0,0.0,-4199815.5,11.808317184448242,492.4404602050781,-0.0012795217335224152,79652.046875,1.068866491317749
168600.0,0.0,0.0,-4199816.5,11.75671100616455,492.9221496582031,-0.0009078595321625471,79656.15625,1.0688115358352661
168700.0,0.0,0.0,-4199817.0,10.571579933166504,498.666259765625,-0.0006964986678212881,79658.5390625,1.0687793493270874
168800.0,0.0,0.0,-4199822.5,13.015339851379395,503.67645263671875,0.0007472899742424488,79659.78125,1.0687628984451294
168900.0,0.0,0.0,-4199821.5,9.632843017578125,502.6691589355469,-0.0006571291014552116,79660.6875,1.0687507390975952
169000.0,0.0,0.0,-4199823.0,10.683577537536621,502.6751403808594,0.00011385045945644379,79659.7265625,1.0687636137008667
169100.0,0.0,0.0,-4199818.5,11.482525825500488,495.69586181640625,-0.0002359449863433838,79656.921875,1.0688011646270752
169200.0,0.0,0.0,-4199822.5,12.513671875,499.0367126464844,0.0010100181680172682,79652.953125,1.0688544511795044
169300.0,0.0,0.0,-4199822.5,12.084932327270508,503.8542785644531,4.248321056365967e-05,79648.5,1.0689141750335693
169400.0,0.0,0.0,-4199812.5,10.36075210571289,496.0025939941406,-0.001889475854113698,79643.4296875,1.0689821243286133
169500.0,0.0,0.0,-4199817.5,12.949259757995605,503.1816101074219,-0.0006709732115268707,79636.890625,1.0690699815750122
169600.0,0.0,0.0,-4199818.0,11.989903450012207,504.7175598144531,0.0005119740962982178,79629.9140625,1.0691635608673096
169700.0,0.0,0.0,-4199810.5,10.702022552490234,497.3893737792969,0.0010657876264303923,79622.984375,1.0692567825317383
169800.0,0.0,0.0,-4199818.5,12.292182922363281,503.66204833984375,-6.53369352221489e-05,79616.21875,1.0693475008010864
169900.0,0.0,0.0,-4199800.5,11.785721778869629,485.4845886230469,-0.0003364367876201868,79608.96875,1.0694448947906494
170000.0,0.0,0.0,-4199818.5,13.63979721069336,501.65899658203125,0.0004646212328225374,79601.0390625,1.0695514678955078
170100.0,0.0,0.0,-4199811.5,10.640761375427246,491.35467529296875,0.0005922489799559116,79592.9921875,1.0696595907211304
170200.0,0.0,0.0,-4199832.0,10.317450523376465,508.36212158203125,-0.0007088147103786469,79584.015625,1.0697802305221558
170300.0,0.0,0.0,-4199814.5,12.221916198730469,487.4934997558594,-0.0008172392845153809,79573.71875,1.0699186325073242
170400.0,0.0,0.0,-4199821.0,10.406477928161621,495.2054443359375,-6.972276605665684e-05,79562.2421875,1.0700730085372925
170500.0,0.0,0.0,-4199821.0,11.714033126831055,500.7001647949219,0.00029408163391053677,79549.4609375,1.0702449083328247
170600.0,0.0,0.0,-4199821.5,14.548649787902832,505.18023681640625,0.0007436976302415133,79536.0625,1.0704251527786255
170700.0,0.0,0.0,-4199817.5,11.245349884033203,505.8420715332031,-0.0015252544544637203,79522.2734375,1.0706110000610352
170800.0,0.0,0.0,-4199806.5,12.174501419067383,501.463134765625,-0.0010902471840381622,79507.984375,1.0708032846450806
170900.0,0.0,0.0,-4199809.5,12.081247329711914,512.3558349609375,3.5966746509075165e-05,79494.15625,1.0709894895553589
171000.0,0.0,0.0,-4199805.0,11.777482986450195,509.9388732910156,0.0017984695732593536,79481.2109375,1.0711638927459717
171100.0,0.0,0.0,-4199805.0,12.802221298217773,510.6250915527344,0.0009424053132534027,79469.03125,1.071328043937683
171200.0,0.0,0.0,-4199804.5,12.440479278564453,506.72930908203125,-0.0023292144760489464,79457.765625,1.0714800357818604
171300.0,0.0,0.0,-4199808.5,11.63783073425293,505.4591369628906,-0.0007562562823295593,79446.40625,1.071633219718933
171400.0,0.0,0.0,-4199819.0,12.344901084899902,510.69744873046875,0.00013892445713281631,79435.1640625,1.0717848539352417
171500.0,0.0,0.0,-4199823.0,11.16870403289795,508.37005615234375,0.0010654507204890251,79425.03125,1.0719215869903564
171600.0,0.0,0.0,-4199814.5,15.783539772033691,498.6260070800781,0.0012785124126821756,79417.03125,1.0720295906066895
171700.0,0.0,0.0,-4199819.5,12.900445938110352,500.3716125488281,0.00011042505502700806,79410.890625,1.0721125602722168
171800.0,0.0,0.0,-4199821.0,11.940998077392578,499.827880859375,-0.00015380396507680416,79406.703125,1.0721690654754639
171900.0,0.0,0.0,-4199828.0,12.109603881835938,504.802490234375,-0.001013556495308876,79403.75,1.0722088813781738
172000.0,0.0,0.0,-4199817.5,12.335103988647461,495.7416687011719,-9.786081500351429e-05,79402.421875,1.0722267627716064
172100.0,0.0,0.0,-4199818.0,12.881802558898926,496.98394775390625,0.0010192433837801218,79402.6875,1.0722233057022095
172200.0,0.0,0.0,-4199816.0,10.334956169128418,495.0531311035156,0.0013392406981438398,79405.0234375,1.0721917152404785
172300.0,0.0,0.0,-4199816.5,11.493977546691895,495.46807861328125,0.00033176364377141,79409.484375,1.0721315145492554
172400.0,0.0,0.0,-4199814.5,10.947189331054688,497.593017578125,-0.0011908644810318947,79414.828125,1.0720592737197876
172500.0,0.0,0.0,-4199814.5,12.281757354736328,497.9931335449219,-0.0002889377065002918,79420.5,1.0719828605651855
172600.0,0.0,0.0,-4199816.0,13.01421070098877,498.2887268066406,-0.00042483117431402206,79427.2421875,1.0718917846679688
172700.0,0.0,0.0,-4199812.5,11.883992195129395,496.15008544921875,0.0011504432186484337,79434.796875,1.0717898607254028
172800.0,0.0,0.0,-4199821.5,13.378058433532715,502.179931640625,0.0006016329862177372,79444.0703125,1.0716646909713745
172900.0,0.0,0.0,-4199817.5,13.839282989501953,493.88311767578125,-0.0002673468552529812,79454.3515625,1.071526050567627
173000.0,0.0,0.0,-4199822.5,12.289649963378906,497.45172119140625,-0.0005005914717912674,79466.140625,1.0713670253753662
173100.0,0.0,0.0,-4199822.5,9.750777244567871,503.1065368652344,-0.00045631779357790947,79478.3359375,1.0712026357650757
173200.0,0.0,0.0,-4199816.5,11.513642311096191,495.89276123046875,0.00047911121509969234,79490.1640625,1.0710432529449463
173300.0,0.0,0.0,-4199817.5,11.749861717224121,497.0221252441406,0.0002447317820042372,79502.546875,1.0708765983581543
173400.0,0.0,0.0,-4199810.5,13.865870475769043,495.90570068359375,0.0003588995896279812,79515.109375,1.0707073211669922
173500.0,0.0,0.0,-4199811.5,14.209892272949219,501.38665771484375,0.00031999312341213226,79526.8203125,1.0705496072769165
173600.0,0.0,0.0,-4199810.5,17.626144409179688,502.4961853027344,-0.0009555756114423275,79537.640625,1.0704039335250854
173700.0,0.0,0.0,-4199808.5,13.449477195739746,504.3529052734375,-0.0007138093933463097,79547.609375,1.0702699422836304
173800.0,0.0,0.0,-4199819.0,19.569364547729492,512.1866455078125,-6.654486060142517e-05,79556.8984375,1.0701448917388916
173900.0,0.0,0.0,-4199813.5,11.999678611755371,499.8260498046875,0.00153042608872056,79566.65625,1.0700136423110962
174000.0,0.0,0.0,-4199815.0,14.829728126525879,500.48370361328125,0.0009691624436527491,79575.7890625,1.0698909759521484
174100.0,0.0,0.0,-4199808.0,17.44510269165039,490.680419921875,-0.0009764998685568571,79584.1328125,1.0697788000106812
174200.0,0.0,0.0,-4199821.0,18.731719970703125,503.180908203125,-0.0005587446503341198,79592.2109375,1.0696700811386108
174300.0,0.0,0.0,-4199807.0,13.208892822265625,487.2747497558594,-0.0009086672216653824,79599.96875,1.069565773010254
174400.0,0.0,0.0,-4199816.5,13.049689292907715,503.6180114746094,0.0023472646716982126,79606.7734375,1.069474458694458
174500.0,0.0,0.0,-4199814.0,11.390796661376953,500.622802734375,0.000686087179929018,79612.8515625,1.0693928003311157
174600.0,0.0,0.0,-4199815.0,14.082680702209473,498.3652648925781,-0.00017089745961129665,79618.1015625,1.0693222284317017
174700.0,0.0,0.0,-4199812.5,13.261956214904785,489.73028564453125,-0.002708468120545149,79623.53125,1.0692493915557861
174800.0,0.0,0.0,-4199819.5,13.36262321472168,496.6641540527344,-0.0006366258021444082,79627.2109375,1.0691999197006226
174900.0,0.0,0.0,-4199821.0,14.790120124816895,495.53753662109375,0.0014758612960577011,79629.53125,1.0691688060760498
175000.0,0.0,0.0,-4199828.0,17.544191360473633,502.9375,0.0012196351308375597,79631.4609375,1.0691428184509277
175100.0,0.0,0.0,-4199820.0,9.400520324707031,495.9964599609375,0.0005120164714753628,79632.2890625,1.069131851196289
175200.0,0.0,0.0,-4199826.0,10.851871490478516,508.63153076171875,-0.0006589773111045361,79632.703125,1.0691261291503906
175300.0,0.0,0.0,-4199811.0,16.82081413269043,501.4538879394531,-0.0007491637952625751,79632.1796875,1.0691332817077637
175400.0,0.0,0.0,-4199813.0,13.686904907226562,507.07940673828125,-0.0018289913423359394,79631.5625,1.0691416263580322
175500.0,0.0,0.0,-4199806.5,13.037712097167969,500.9035949707031,0.0013123999815434217,79630.40625,1.0691570043563843
175600.0,0.0,0.0,-4199818.0,10.183320045471191,510.5135803222656,0.0016210344620049,79629.65625,1.069167137145996
175700.0,0.0,0.0,-4199810.0,14.620750427246094,498.11956787109375,0.0010140626691281796,79630.0703125,1.0691615343093872
175800.0,0.0,0.0,-4199823.5,13.742377281188965,507.4086608886719,-0.0006262627430260181,79630.796875,1.069151759147644
175900.0,0.0,0.0,-4199817.0,12.602025032043457,501.6018981933594,-0.0011372272856533527,79630.9375,1.0691498517990112
176000.0,0.0,0.0,-4199816.5,11.27665901184082,500.15081787109375,-0.00023605185560882092,79629.9453125,1.069163203239441
176100.0,0.0,0.0,-4199817.0,11.766268730163574,499.7392578125,0.00018069427460432053,79628.1484375,1.0691872835159302
176200.0,0.0,0.0,-4199814.5,13.4345703125,496.7552795410156,0.0011301771737635136,79625.3515625,1.0692248344421387
176300.0,0.0,0.0,-4199813.5,12.50977897644043,494.833251953125,-0.0006476172711700201,79621.0234375,1.0692830085754395
176400.0,0.0,0.0,-4199823.0,12.320383071899414,504.94061279296875,-0.0007560662925243378,79615.46875,1.0693576335906982
176500.0,0.0,0.0,-4199813.0,10.56624984741211,493.5303955078125,3.295252099633217e-06,79609.6171875,1.0694361925125122
176600.0,0.0,0.0,-4199824.0,10.497773170471191,501.6257629394531,0.0008367106784135103,79604.1640625,1.069509506225586
176700.0,0.0,0.0,-4199812.5,13.497040748596191,487.4169006347656,0.00036951201036572456,79600.2421875,1.0695621967315674
176800.0,0.0,0.0,-4199819.5,12.360608100891113,495.0050354003906,0.0001461552456021309,79596.8359375,1.0696079730987549
176900.0,0.0,0.0,-4199817.0,12.358284950256348,494.3684997558594,7.589324377477169e-05,79594.1640625,1.0696438550949097
177000.0,0.0,0.0,-4199816.5,12.27364730834961,497.4500732421875,0.0001852691639214754,79592.3046875,1.0696687698364258
177100.0,0.0,0.0,-4199816.0,10.754228591918945,499.63165283203125,-0.0003878776915371418,79590.8828125,1.069688081741333
177200.0,0.0,0.0,-4199814.0,15.60302734375,500.72601318359375,-0.0006045508198440075,79590.125,1.0696980953216553
177300.0,0.0,0.0,-4199812.0,14.34530258178711,501.1152648925781,0.0006005116738379002,79589.546875,1.0697059631347656
177400.0,0.0,0.0,-4199811.5,11.673576354980469,502.96051025390625,0.0008049034513533115,79590.9140625,1.0696874856948853
177500.0,0.0,0.0,-4199817.5,11.673623085021973,513.5911254882812,0.0007701481226831675,79594.203125,1.0696433782577515
177600.0,0.0,0.0,-4199806.0,10.16147518157959,499.7685241699219,-0.0006512412801384926,79598.5703125,1.069584608078003
177700.0,0.0,0.0,-4199817.0,12.345245361328125,504.0611877441406,-3.361143171787262e-06,79603.8046875,1.069514274597168
177800.0,0.0,0.0,-4199818.5,13.7191743850708,499.4559631347656,0.0007679637055844069,79610.171875,1.06942880153656
177900.0,0.0,0.0,-4199811.5,11.892865180969238,489.198486328125,-0.00027860328555107117,79617.9375,1.0693244934082031
178000.0,0.0,0.0,-4199822.5,12.881311416625977,499.44207763671875,5.297199822962284e-05,79627.078125,1.0692018270492554
178100.0,0.0,0.0,-4199823.5,11.918608665466309,506.0165710449219,9.541935287415981e-05,79637.171875,1.0690661668777466
178200.0,0.0,0.0,-4199813.5,18.46221923828125,498.3172607421875,0.000897253630682826,79647.765625,1.068924069404602
178300.0,0.0,0.0,-4199822.5,16.2569637298584,508.6714172363281,0.0007394293788820505,79659.1171875,1.0687716007232666
178400.0,0.0,0.0,-4199809.0,13.005970001220703,493.7374572753906,0.000464805169031024,79672.234375,1.0685957670211792
178500.0,0.0,0.0,-4199817.5,11.055975914001465,501.1867370605469,-0.0003093457780778408,79687.03125,1.0683972835540771
178600.0,0.0,0.0,-4199819.0,12.126407623291016,504.5370788574219,-6.945384666323662e-05,79703.96875,1.068170189857483
178700.0,0.0,0.0,-4199802.5,11.470197677612305,485.2997131347656,-0.0008535964880138636,79722.265625,1.067925214767456
178800.0,0.0,0.0,-4199832.5,13.18368148803711,514.3186645507812,0.00020530400797724724,79740.890625,1.0676755905151367
178900.0,0.0,0.0,-4199820.0,12.755990982055664,497.5699157714844,0.0009315528441220522,79758.0859375,1.0674453973770142
179000.0,0.0,0.0,-4199825.0,16.233652114868164,500.154296875,4.896894097328186e-06,79774.59375,1.0672246217727661
179100.0,0.0,0.0,-4199826.0,15.34204387664795,503.7955322265625,-0.0006090141832828522,79790.1171875,1.0670170783996582
179200.0,0.0,0.0,-4199820.5,13.233170509338379,498.61175537109375,-4.055118188261986e-05,79803.984375,1.0668315887451172
179300.0,0.0,0.0,-4199820.0,12.195564270019531,498.8801574707031,1.3447599485516548e-05,79816.234375,1.0666677951812744
179400.0,0.0,0.0,-4199826.5,12.503070831298828,507.7798767089844,0.0006157546304166317,79826.3515625,1.0665326118469238
179500.0,0.0,0.0,-4199815.0,12.182535171508789,501.7500915527344,-0.0005280498880892992,79835.421875,1.0664114952087402
179600.0,0.0,0.0,-4199809.0,13.919703483581543,500.52325439453125,-0.00024071801453828812,79843.1640625,1.0663080215454102
179700.0,0.0,0.0,-4199804.0,11.789735794067383,497.6778869628906,-0.0004550765734165907,79850.0625,1.066215991973877
179800.0,0.0,0.0,-4199807.5,12.648897171020508,502.3558349609375,-0.0002445543650537729,79855.765625,1.0661396980285645
179900.0,0.0,0.0,-4199815.5,10.778087615966797,508.616943359375,0.0010602909605950117,79860.8046875,1.0660724639892578
180000.0,0.0,0.0,-4199810.0,13.841894149780273,496.36444091796875,0.0006331102922558784,79865.6796875,1.066007375717163
180100.0,0.0,0.0,-4199822.0,11.62669563293457,508.8680114746094,-4.9095600843429565e-05,79870.109375,1.065948247909546
180200.0,0.0,0.0,-4199810.5,12.641140937805176,494.3526916503906,-0.0010100086219608784,79873.5703125,1.0659021139144897
180300.0,0.0,0.0,-4199813.5,11.352157592773438,497.1047058105469,-0.0005855637136846781,79875.7265625,1.0658735036849976
180400.0,0.0,0.0,-4199812.5,14.198965072631836,496.0423583984375,0.0008452148176729679,79876.90625,1.0658575296401978
180500.0,0.0,0.0,-4199814.0,11.375838279724121,497.08453369140625,0.001043680589646101,79877.7578125,1.06584632396698
180600.0,0.0,0.0,-4199820.5,11.616230964660645,503.88018798828125,0.00031005358323454857,79878.703125,1.065833568572998
180700.0,0.0,0.0,-4199805.0,12.428699493408203,486.7604064941406,-0.0008431822061538696,79880.359375,1.0658115148544312
180800.0,0.0,0.0,-4199817.0,13.658427238464355,503.6452331542969,-0.00011958880349993706,79882.8203125,1.0657787322998047
180900.0,0.0,0.0,-4199828.0,10.86246109008789,514.2120361328125,-0.00013615377247333527,79885.4609375,1.0657434463500977
181000.0,0.0,0.0,-4199810.5,13.173941612243652,490.317626953125,0.0006378702819347382,79888.5703125,1.065701961517334
181100.0,0.0,0.0,-4199825.5,14.30993938446045,502.6114807128906,0.0003730056341737509,79891.4140625,1.0656640529632568
181200.0,0.0,0.0,-4199827.5,12.488287925720215,502.8222961425781,-0.00038917106576263905,79894.359375,1.0656248331069946
181300.0,0.0,0.0,-4199824.5,13.927638053894043,501.1511535644531,-0.0005809962749481201,79897.109375,1.065588116645813
181400.0,0.0,0.0,-4199822.5,12.774070739746094,501.7214050292969,-1.4090444892644882e-05,79899.109375,1.0655615329742432
181500.0,0.0,0.0,-4199820.0,13.610276222229004,502.9275207519531,0.0005460064858198166,79900.515625,1.0655426979064941
181600.0,0.0,0.0,-4199812.5,14.721553802490234,501.0500793457031,0.00019192160107195377,79901.8046875,1.0655254125595093
181700.0,0.0,0.0,-4199812.5,10.979534149169922,506.1545715332031,-0.0001995852217078209,79904.2734375,1.0654925107955933
181800.0,0.0,0.0,-4199807.5,11.950207710266113,502.8814392089844,0.0005162179004400969,79907.0078125,1.0654560327529907
181900.0,0.0,0.0,-4199810.5,14.266533851623535,507.9300842285156,-0.000158640556037426,79909.5546875,1.0654220581054688
182000.0,0.0,0.0,-4199805.5,14.767797470092773,501.7773132324219,-0.00016440055333077908,79912.5703125,1.0653818845748901
182100.0,0.0,0.0,-4199804.5,10.853657722473145,499.1285095214844,-0.0003904574550688267,79915.5234375,1.0653425455093384
182200.0,0.0,0.0,-4199818.0,9.9004545211792,510.9256286621094,0.0011139851994812489,79917.7421875,1.0653129816055298
182300.0,0.0,0.0,-4199816.0,11.01860523223877,504.8177490234375,0.0004591606557369232,79920.03125,1.0652824640274048
182400.0,0.0,0.0,-4199812.0,11.956711769104004,498.230224609375,6.502168253064156e-05,79922.890625,1.0652443170547485
182500.0,0.0,0.0,-4199810.0,12.806558609008789,493.43035888671875,-0.0012531098909676075,79926.09375,1.0652016401290894
182600.0,0.0,0.0,-4199816.0,12.260804176330566,497.10870361328125,-0.0008067470043897629,79927.5625,1.065182089805603
182700.0,0.0,0.0,-4199821.0,14.068108558654785,500.86627197265625,0.0008779608178883791,79928.2734375,1.065172553062439
182800.0,0.0,0.0,-4199815.0,13.33395767211914,497.2405090332031,0.0008122175931930542,79928.59375,1.0651683807373047
182900.0,0.0,0.0,-4199821.0,10.527408599853516,502.9453430175781,0.0003506497014313936,79928.78125,1.0651658773422241
183000.0,0.0,0.0,-4199821.0,9.82809829711914,502.81451416015625,-0.001456891419366002,79928.8046875,1.0651655197143555
183100.0,0.0,0.0,-4199820.5,11.174688339233398,503.1829833984375,-8.216919377446175e-05,79928.828125,1.0651651620864868
183200.0,0.0,0.0,-4199818.5,12.563333511352539,504.8111267089844,-2.4088192731142044e-05,79928.6484375,1.0651675462722778
183300.0,0.0,0.0,-4199817.5,10.984321594238281,509.2120666503906,0.00039950129576027393,79928.5,1.0651696920394897
183400.0,0.0,0.0,-4199812.5,15.407772064208984,505.607666015625,-0.0005246028304100037,79927.5625,1.065182089805603
183500.0,0.0,0.0,-4199815.0,10.85107421875,508.6649169921875,-0.0003373194485902786,79926.640625,1.0651943683624268
183600.0,0.0,0.0,-4199810.5,10.771567344665527,500.6285705566406,-0.00017050583846867085,79925.2890625,1.065212368965149
183700.0,0.0,0.0,-4199814.5,11.593644142150879,498.2434387207031,0.0009631842840462923,79924.3125,1.06522536277771
183800.0,0.0,0.0,-4199816.5,16.47053337097168,495.9731750488281,0.0003730121534317732,79923.984375,1.0652297735214233
183900.0,0.0,0.0,-4199822.5,11.335108757019043,500.55096435546875,-0.0003740775864571333,79923.1171875,1.0652414560317993
184000.0,0.0,0.0,-4199818.0,14.0222749710083,494.658935546875,-0.0009914492256939411,79921.6015625,1.0652614831924438
184100.0,0.0,0.0,-4199822.0,11.500314712524414,500.697265625,0.0006612630095332861,79919.296875,1.065292239189148
184200.0,0.0,0.0,-4199819.5,11.97283935546875,498.9021301269531,-0.0001453068107366562,79917.3359375,1.0653183460235596
184300.0,0.0,0.0,-4199814.5,11.028297424316406,494.96514892578125,-0.0002972278743982315,79914.4375,1.0653570890426636
184400.0,0.0,0.0,-4199818.5,10.264233589172363,499.6764221191406,-0.0006210044957697392,79910.140625,1.065414309501648
184500.0,0.0,0.0,-4199817.0,9.665867805480957,499.9737854003906,-0.0004567122086882591,79905.515625,1.0654759407043457
184600.0,0.0,0.0,-4199814.0,11.773238182067871,501.06951904296875,0.0005558882839977741,79901.7421875,1.0655262470245361
184700.0,0.0,0.0,-4199811.0,10.552545547485352,505.3703308105469,-0.0004943306557834148,79900.140625,1.0655477046966553
184800.0,0.0,0.0,-4199819.5,13.233024597167969,517.3489990234375,0.000867367722094059,79901.046875,1.0655356645584106
184900.0,0.0,0.0,-4199816.5,10.470459938049316,518.5244140625,-0.000659543089568615,79904.25,1.065492868423462
185000.0,0.0,0.0,-4199815.0,13.993935585021973,513.23974609375,0.0012556544970721006,79908.1484375,1.0654408931732178
185100.0,0.0,0.0,-4199819.5,12.170988082885742,515.076904296875,0.0013535823673009872,79914.1015625,1.065361499786377
185200.0,0.0,0.0,-4199815.0,13.66142749786377,507.560546875,-6.944220513105392e-05,79922.03125,1.0652557611465454
185300.0,0.0,0.0,-4199812.0,11.24234390258789,501.1987609863281,-0.0006131434347480536,79930.203125,1.0651469230651855
185400.0,0.0,0.0,-4199815.5,11.407882690429688,501.244873046875,-0.00011509773321449757,79938.4375,1.0650372505187988
185500.0,0.0,0.0,-4199812.0,11.049052238464355,495.0848388671875,0.0005322559736669064,79947.8984375,1.0649112462997437
185600.0,0.0,0.0,-4199813.0,11.141289710998535,495.0092468261719,0.00040210154838860035,79959.4609375,1.0647571086883545
185700.0,0.0,0.0,-4199820.5,10.698371887207031,504.0831298828125,0.00017034076154232025,79972.5625,1.0645827054977417
185800.0,0.0,0.0,-4199819.5,14.947379112243652,502.8915100097656,-0.0008660564199090004,79986.40625,1.0643984079360962
185900.0,0.0,0.0,-4199815.0,11.179431915283203,496.8802185058594,0.0003926816862076521,80000.0390625,1.064217209815979
186000.0,0.0,0.0,-4199816.5,12.44888973236084,496.90570068359375,7.268739864230156e-06,80014.59375,1.064023494720459
186100.0,0.0,0.0,-4199815.5,12.444025993347168,491.7293701171875,4.9963127821683884e-05,80028.5859375,1.0638374090194702
186200.0,0.0,0.0,-4199814.0,13.1610689163208,485.146484375,-0.0005370797589421272,80042.6953125,1.0636497735977173
186300.0,0.0,0.0,-4199819.5,12.750092506408691,488.8257141113281,0.00044649234041571617,80056.21875,1.0634702444076538
186400.0,0.0,0.0,-4199831.0,11.987632751464844,503.9849853515625,0.0011066491715610027,80069.1484375,1.0632984638214111
186500.0,0.0,0.0,-4199821.5,10.20585823059082,499.4927062988281,3.377208486199379e-06,80082.6328125,1.0631195306777954
186600.0,0.0,0.0,-4199819.5,13.899076461791992,504.7273254394531,-0.0012494553811848164,80095.9921875,1.0629422664642334
186700.0,0.0,0.0,-4199807.0,14.088207244873047,494.1149597167969,-0.0008050268515944481,80109.2421875,1.0627663135528564
186800.0,0.0,0.0,-4199812.5,11.012558937072754,501.9942626953125,-8.178292773663998e-05,80123.25,1.0625805854797363
186900.0,0.0,0.0,-4199807.5,13.185622215270996,496.2822265625,0.0003318397793918848,80137.6328125,1.062389850616455
187000.0,0.0,0.0,-4199816.5,15.070211410522461,504.3560791015625,0.00025452161207795143,80151.796875,1.0622020959854126
187100.0,0.0,0.0,-4199817.0,12.156272888183594,500.97998046875,-0.0004957581404596567,80165.8671875,1.0620156526565552
187200.0,0.0,0.0,-4199823.5,10.316213607788086,504.06378173828125,-0.00017687492072582245,80179.21875,1.0618388652801514
187300.0,0.0,0.0,-4199817.5,9.935291290283203,496.0777282714844,0.0006710845045745373,80192.7265625,1.0616600513458252
187400.0,0.0,0.0,-4199818.0,11.084587097167969,498.793212890625,-0.0004498469643294811,80206.9453125,1.061471939086914
187500.0,0.0,0.0,-4199812.5,11.571355819702148,496.309814453125,0.0005267516244202852,80220.609375,1.061290979385376
187600.0,0.0,0.0,-4199815.5,10.486374855041504,506.45965576171875,-0.0002943864092230797,80233.84375,1.0611158609390259
187700.0,0.0,0.0,-4199809.0,11.091547966003418,505.26507568359375,0.0002596720587462187,80245.84375,1.0609571933746338
187800.0,0.0,0.0,-4199812.0,12.421589851379395,509.62115478515625,-0.00033976323902606964,80257.328125,1.0608054399490356
187900.0,0.0,0.0,-4199814.0,10.96289348602295,509.0882873535156,0.0006087739020586014,80269.5546875,1.0606437921524048
188000.0,0.0,0.0,-4199811.5,10.677184104919434,501.2358703613281,-0.0005287574604153633,80282.15625,1.060477375984192
188100.0,0.0,0.0,-4199821.5,9.727072715759277,508.77471923828125,0.00022034067660570145,80293.765625,1.06032395362854
188200.0,0.0,0.0,-4199818.5,14.396651268005371,504.2493896484375,0.000114768510684371,80304.9765625,1.0601760149002075
188300.0,0.0,0.0,-4199818.5,11.672182083129883,503.6596984863281,0.00040500517934560776,80317.2578125,1.060014009475708
188400.0,0.0,0.0,-4199813.0,10.449711799621582,497.6186218261719,-0.0008965358138084412,80329.828125,1.0598481893539429
188500.0,0.0,0.0,-4199817.5,11.943560600280762,504.8969421386719,-0.00024101650342345238,80343.3046875,1.059670329093933
188600.0,0.0,0.0,-4199815.5,10.537149429321289,505.8248596191406,0.0003677371423691511,80356.65625,1.0594942569732666
188700.0,0.0,0.0,-4199807.0,9.616435050964355,498.3999328613281,0.0008013504557311535,80369.53125,1.0593243837356567
188800.0,0.0,0.0,-4199804.5,11.665389060974121,495.1553649902344,0.0006057955324649811,80382.25,1.0591567754745483
188900.0,0.0,0.0,-4199801.5,12.673266410827637,489.4058837890625,-0.0007578961085528135,80395.09375,1.0589876174926758
189000.0,0.0,0.0,-4199811.0,10.801589965820312,494.41876220703125,-0.00030284258536994457,80407.2890625,1.0588270425796509
189100.0,0.0,0.0,-4199821.5,13.305742263793945,503.15606689453125,-7.191020995378494e-05,80418.0625,1.058685064315796
189200.0,0.0,0.0,-4199809.0,10.964254379272461,488.5223083496094,0.000796955544501543,80427.8125,1.0585569143295288
189300.0,0.0,0.0,-4199816.5,11.339872360229492,500.3729553222656,0.0004622924607247114,80436.75,1.0584391355514526
189400.0,0.0,0.0,-4199817.0,10.449616432189941,500.99114990234375,-0.00035735080018639565,80444.390625,1.0583387613296509
189500.0,0.0,0.0,-4199814.5,11.285135269165039,499.8996887207031,-0.001218968303874135,80451.28125,1.0582480430603027
189600.0,0.0,0.0,-4199813.5,16.732934951782227,502.4011535644531,-0.0009985931683331728,80457.0234375,1.0581724643707275
189700.0,0.0,0.0,-4199807.0,12.621109962463379,501.4412841796875,0.0010376162827014923,80461.8359375,1.058109164237976
189800.0,0.0,0.0,-4199803.0,12.346362113952637,502.3928527832031,0.0003924604970961809,80464.8203125,1.0580700635910034
189900.0,0.0,0.0,-4199806.5,10.891972541809082,506.8008728027344,0.0008855743799358606,80466.7890625,1.0580440759658813
190000.0,0.0,0.0,-4199811.5,10.554892539978027,509.1177673339844,-0.00042791059240698814,80468.1171875,1.0580265522003174
190100.0,0.0,0.0,-4199808.0,12.660345077514648,499.7381896972656,-0.001560361823067069,80469.0546875,1.0580142736434937
190200.0,0.0,0.0,-4199818.5,14.794419288635254,508.8699035644531,-0.00021507218480110168,80469.515625,1.0580083131790161
190300.0,0.0,0.0,-4199814.0,12.63459300994873,503.23480224609375,0.00016442849300801754,80469.8046875,1.058004379272461
190400.0,0.0,0.0,-4199817.5,13.41497802734375,505.082275390625,0.0003188357222825289,80468.078125,1.0580270290374756
190500.0,0.0,0.0,-4199809.5,13.057816505432129,494.8328552246094,7.671583443880081e-05,80463.5703125,1.0580863952636719
190600.0,0.0,0.0,-4199808.5,11.317597389221191,493.19708251953125,-0.000509088858962059,80457.7890625,1.0581623315811157
190700.0,0.0,0.0,-4199815.5,10.244293212890625,499.6635437011719,-0.00029539107345044613,80450.2421875,1.0582616329193115
190800.0,0.0,0.0,-4199811.5,11.52344036102295,495.2900085449219,-0.00047222687862813473,80442.4375,1.0583643913269043
190900.0,0.0,0.0,-4199814.0,11.876192092895508,501.5892028808594,0.0004053947050124407,80433.671875,1.0584796667099
191000.0,0.0,0.0,-4199809.0,13.643460273742676,496.6830749511719,-0.0004885739181190729,80423.6015625,1.0586122274398804
191100.0,0.0,0.0,-4199812.0,12.898426055908203,496.1680603027344,0.0007065804675221443,80411.421875,1.0587726831436157
191200.0,0.0,0.0,-4199818.0,13.64678955078125,499.67498779296875,0.00028967298567295074,80399.1875,1.0589336156845093
191300.0,0.0,0.0,-4199817.5,10.5750150680542,499.95794677734375,0.00016372487880289555,80386.21875,1.059104561805725
191400.0,0.0,0.0,-4199818.0,10.40987491607666,499.2874755859375,-0.0008378673810511827,80372.453125,1.0592858791351318
191500.0,0.0,0.0,-4199818.0,11.470120429992676,499.2041015625,-0.0009490437805652618,80356.6015625,1.0594948530197144
191600.0,0.0,0.0,-4199812.5,11.034029960632324,496.2210998535156,-0.0007341220043599606,80339.140625,1.059725284576416
191700.0,0.0,0.0,-4199812.0,12.00654411315918,504.1110534667969,-1.2275762856006622e-05,80320.734375,1.0599679946899414
191800.0,0.0,0.0,-4199807.0,13.268377304077148,503.9305725097656,0.00023573567159473896,80301.6171875,1.0602203607559204
191900.0,0.0,0.0,-4199810.0,15.567549705505371,510.2447814941406,0.00015225657261908054,80281.3828125,1.0604876279830933
192000.0,0.0,0.0,-4199802.5,10.178823471069336,501.09906005859375,0.0003406309988349676,80259.359375,1.0607784986495972
192100.0,0.0,0.0,-4199808.0,12.626708984375,504.8773498535156,9.244214743375778e-05,80237.9921875,1.061061143875122
192200.0,0.0,0.0,-4199812.5,13.151718139648438,502.6858825683594,-0.001018055249005556,80217.1171875,1.0613371133804321
192300.0,0.0,0.0,-4199815.0,10.311227798461914,503.9718017578125,-0.0008077102247625589,80196.125,1.0616151094436646
192400.0,0.0,0.0,-4199814.5,12.374412536621094,504.34112548828125,-0.000614941818639636,80174.5390625,1.0619008541107178
192500.0,0.0,0.0,-4199815.5,10.854235649108887,503.8900146484375,0.0011170550715178251,80152.78125,1.0621891021728516
192600.0,0.0,0.0,-4199807.0,11.022769927978516,491.24908447265625,0.00021156389266252518,80132.09375,1.062463402748108
192700.0,0.0,0.0,-4199823.0,13.913647651672363,507.2752990722656,0.0012527944054454565,80111.6875,1.0627338886260986
192800.0,0.0,0.0,-4199808.5,13.412839889526367,490.1998596191406,-0.00041528744623064995,80092.390625,1.0629899501800537
192900.0,0.0,0.0,-4199816.0,14.11064338684082,497.3147277832031,-0.0006762554403394461,80073.5234375,1.0632405281066895
193000.0,0.0,0.0,-4199815.0,10.941370964050293,497.01800537109375,4.44615725427866e-05,80054.59375,1.0634918212890625
193100.0,0.0,0.0,-4199816.0,14.129166603088379,496.84613037109375,0.0002486882731318474,80036.1875,1.0637364387512207
193200.0,0.0,0.0,-4199822.5,14.713356971740723,502.5096740722656,0.0005216009449213743,80017.40625,1.06398606300354
193300.0,0.0,0.0,-4199819.5,12.223920822143555,497.8281555175781,-0.0007042370270937681,79998.7734375,1.0642338991165161
193400.0,0.0,0.0,-4199827.0,10.54948616027832,503.96826171875,0.00016999803483486176,79980.15625,1.0644816160202026
193500.0,0.0,0.0,-4199827.0,14.339548110961914,503.48345947265625,0.0003441465087234974,79962.9765625,1.0647103786468506
193600.0,0.0,0.0,-4199822.0,12.887871742248535,502.15362548828125,0.0011398927308619022,79946.40625,1.064931035041809
193700.0,0.0,0.0,-4199818.0,13.577654838562012,502.9503479003906,-0.0003709068987518549,79929.625,1.0651545524597168
193800.0,0.0,0.0,-4199806.5,13.999876976013184,494.568359375,-0.00025506317615509033,79912.1640625,1.0653873682022095
193900.0,0.0,0.0,-4199812.5,11.478540420532227,505.089111328125,0.0002183336764574051,79895.1015625,1.0656148195266724
194000.0,0.0,0.0,-4199811.5,14.520171165466309,507.02703857421875,-0.0006297016516327858,79880.125,1.065814733505249
194100.0,0.0,0.0,-4199810.0,12.40920639038086,503.2405090332031,0.00032881367951631546,79867.390625,1.0659846067428589
194200.0,0.0,0.0,-4199813.0,11.890658378601074,500.6191101074219,5.905027501285076e-05,79857.171875,1.066120982170105
194300.0,0.0,0.0,-4199819.5,12.658737182617188,500.7463684082031,0.0009027195628732443,79848.09375,1.0662422180175781
194400.0,0.0,0.0,-4199827.0,10.515271186828613,507.1922302246094,3.4514814615249634e-06,79840.234375,1.0663471221923828
194500.0,0.0,0.0,-4199819.5,12.727120399475098,498.7117919921875,0.0009094553533941507,79833.6015625,1.0664358139038086
194600.0,0.0,0.0,-4199819.5,12.109928131103516,497.7056579589844,-0.0007772932294756174,79829.0078125,1.0664970874786377
194700.0,0.0,0.0,-4199811.5,12.730720520019531,491.6615295410156,-0.000376957468688488,79824.3359375,1.0665595531463623
194800.0,0.0,0.0,-4199821.0,13.64239501953125,505.82012939453125,0.0003377986140549183,79820.203125,1.0666147470474243
194900.0,0.0,0.0,-4199811.0,12.56499195098877,496.3399353027344,-7.686042226850986e-05,79816.8828125,1.0666590929031372
195000.0,0.0,0.0,-4199809.0,12.41762924194336,498.1009216308594,0.0011663197074085474,79815.28125,1.0666805505752563
195100.0,0.0,0.0,-4199821.0,13.53724479675293,512.9631958007812,0.00020681647583842278,79815.6484375,1.0666756629943848
195200.0,0.0,0.0,-4199812.5,12.347929000854492,502.9433288574219,0.0007897708564996719,79817.171875,1.0666552782058716
195300.0,0.0,0.0,-4199809.0,11.485453605651855,497.9645690917969,-0.0005971682257950306,79819.6015625,1.0666227340698242
195400.0,0.0,0.0,-4199814.0,13.402335166931152,498.3037414550781,6.69192522764206e-05,79822.890625,1.066578984260559
195500.0,0.0,0.0,-4199816.0,11.092790603637695,495.71875,-0.0005731647834181786,79827.5078125,1.0665171146392822
195600.0,0.0,0.0,-4199818.0,12.195560455322266,497.04656982421875,0.0003437513951212168,79832.859375,1.0664457082748413
195700.0,0.0,0.0,-4199822.5,15.28374195098877,502.0817565917969,0.0013331545051187277,79839.2578125,1.0663602352142334
195800.0,0.0,0.0,-4199822.5,15.36531925201416,503.9847106933594,0.0009763187263160944,79847.0625,1.066256046295166
195900.0,0.0,0.0,-4199813.5,19.17888641357422,497.8134460449219,-0.0003744359128177166,79855.296875,1.0661461353302002
196000.0,0.0,0.0,-4199814.5,11.237101554870605,500.9674377441406,-0.00022100284695625305,79864.375,1.066024899482727
196100.0,0.0,0.0,-4199811.0,15.563376426696777,500.0387268066406,0.00017444370314478874,79872.6484375,1.0659146308898926
196200.0,0.0,0.0,-4199817.5,14.324274063110352,511.1226806640625,9.650271385908127e-05,79881.125,1.0658012628555298
196300.0,0.0,0.0,-4199803.0,10.470382690429688,494.0928649902344,0.001076550455763936,79890.0390625,1.0656824111938477
196400.0,0.0,0.0,-4199821.0,12.765337944030762,509.53369140625,-0.0008688378147780895,79898.7578125,1.0655661821365356
196500.0,0.0,0.0,-4199814.0,11.044079780578613,498.27899169921875,-0.0011059455573558807,79906.859375,1.065458059310913
196600.0,0.0,0.0,-4199812.0,10.861944198608398,493.75439453125,-0.0003117816522717476,79914.390625,1.0653576850891113
196700.0,0.0,0.0,-4199820.0,13.905155181884766,501.9872131347656,0.0010479418560862541,79921.953125,1.0652568340301514
196800.0,0.0,0.0,-4199814.0,13.189652442932129,493.87548828125,0.000730395782738924,79928.9921875,1.065163016319275
196900.0,0.0,0.0,-4199822.0,12.11080265045166,502.8465576171875,-0.00026640272699296474,79935.765625,1.065072774887085
197000.0,0.0,0.0,-4199816.0,15.823763847351074,494.7733154296875,-0.0004540872760117054,79940.3359375,1.0650118589401245
197100.0,0.0,0.0,-4199821.5,11.940414428710938,501.30419921875,-0.0011310235131531954,79943.5,1.0649696588516235
197200.0,0.0,0.0,-4199819.5,15.088224411010742,495.05157470703125,0.0007721541915088892,79944.96875,1.0649502277374268
197300.0,0.0,0.0,-4199831.5,14.576169967651367,503.21685791015625,0.00023479433730244637,79945.8515625,1.0649384260177612
197400.0,0.0,0.0,-4199825.0,14.81705379486084,493.69317626953125,-0.0006008015479892492,79945.21875,1.0649467706680298
197500.0,0.0,0.0,-4199823.5,11.681680679321289,494.31695556640625,0.0007946006953716278,79942.9375,1.0649771690368652
197600.0,0.0,0.0,-4199820.0,15.02845573425293,495.4810485839844,0.00018191547133028507,79939.953125,1.0650171041488647
197700.0,0.0,0.0,-4199811.5,12.616902351379395,493.1183776855469,0.0007722026202827692,79934.9296875,1.0650839805603027
197800.0,0.0,0.0,-4199817.0,11.382829666137695,503.9671936035156,-0.0014949999749660492,79928.875,1.065164566040039
197900.0,0.0,0.0,-4199818.5,10.88306713104248,506.0643615722656,-0.0010395655408501625,79922.0234375,1.0652559995651245
198000.0,0.0,0.0,-4199813.0,12.805835723876953,503.69403076171875,0.000266101211309433,79914.59375,1.0653549432754517
198100.0,0.0,0.0,-4199816.5,13.55652904510498,505.8565673828125,0.001260522287338972,79906.3515625,1.0654648542404175
198200.0,0.0,0.0,-4199823.5,12.798541069030762,510.77978515625,0.0002967687323689461,79898.2734375,1.0655726194381714
198300.0,0.0,0.0,-4199808.5,11.526769638061523,491.3840026855469,-0.0007615694776177406,79889.8828125,1.06568443775177
198400.0,0.0,0.0,-4199818.0,12.758223533630371,497.3890380859375,-0.001688893185928464,79880.6796875,1.0658072233200073
198500.0,0.0,0.0,-4199815.5,16.14128303527832,493.50592041015625,0.0002771748695522547,79869.3046875,1.0659589767456055
198600.0,0.0,0.0,-4199817.5,13.53501033782959,495.6256103515625,0.0005754558369517326,79856.5,1.0661299228668213
198700.0,0.0,0.0,-4199824.0,12.862687110900879,504.86895751953125,0.0006049522198736668,79842.921875,1.066311240196228
198800.0,0.0,0.0,-4199821.5,10.976245880126953,508.4078674316406,-0.001248902641236782,79828.46875,1.0665043592453003
198900.0,0.0,0.0,-4199804.0,10.865508079528809,498.3221435546875,-0.00021910807117819786,79813.0078125,1.0667109489440918
199000.0,0.0,0.0,-4199818.0,13.913297653198242,515.24609375,0.00013476586900651455,79797.765625,1.0669147968292236
199100.0,0.0,0.0,-4199802.0,12.524004936218262,497.8661804199219,-0.00035099033266305923,79783.0625,1.0671112537384033
199200.0,0.0,0.0,-4199809.5,11.586583137512207,504.884033203125,-0.0006009233184158802,79768.0546875,1.0673121213912964
199300.0,0.0,0.0,-4199806.5,9.640462875366211,500.03082275390625,-0.0003761595580726862,79752.2265625,1.0675238370895386
199400.0,0.0,0.0,-4199813.5,11.145293235778809,502.32208251953125,0.0010112081654369831,79735.2578125,1.0677510499954224
199500.0,0.0,0.0,-4199825.5,12.858752250671387,513.5075073242188,0.0004946654662489891,79716.96875,1.0679961442947388
199600.0,0.0,0.0,-4199811.5,10.569169044494629,499.779541015625,-1.1975178495049477e-05,79698.1796875,1.0682477951049805
199700.0,0.0,0.0,-4199816.0,15.809867858886719,502.96337890625,-0.0019156779162585735,79678.796875,1.0685076713562012
199800.0,0.0,0.0,-4199817.5,12.807315826416016,502.2958679199219,0.0012007856275886297,79658.2265625,1.0687836408615112
199900.0,0.0,0.0,-4199813.5,11.574392318725586,498.2511901855469,1.0251766070723534e-05,79637.046875,1.0690679550170898
