step,graph_idx,status,energy,fmax,temperature,pressure_eV_A3,volume_A3,density_g_cm3
0.0,0.0,0.0,-4199827.0,7.269294738769531,499.0815734863281,2.1776650100946426e-05,79250.15625,1.074286937713623
100.0,0.0,0.0,-4199824.5,9.026670455932617,493.559326171875,-0.0008291047997772694,79266.7421875,1.0740622282028198
200.0,0.0,0.0,-4199822.5,8.710777282714844,493.3887939453125,0.0005231278482824564,79281.9609375,1.0738561153411865
300.0,0.0,0.0,-4199829.5,6.959423065185547,500.7439270019531,0.00012889644131064415,79297.15625,1.0736502408981323
400.0,0.0,0.0,-4199826.5,7.358234405517578,497.5087890625,-0.0002706684172153473,79311.2109375,1.0734599828720093
500.0,0.0,0.0,-4199833.0,7.4799370765686035,506.29461669921875,-0.00052258325740695,79324.109375,1.073285460472107
600.0,0.0,0.0,-4199818.5,8.442408561706543,494.09539794921875,-0.0003580097109079361,79334.8046875,1.0731408596038818
700.0,0.0,0.0,-4199820.5,7.648151874542236,505.37030029296875,0.0009012341033667326,79343.9453125,1.0730170011520386
800.0,0.0,0.0,-4199813.5,7.391580104827881,501.45648193359375,0.00043705711141228676,79352.75,1.0728981494903564
900.0,0.0,0.0,-4199820.0,7.944163799285889,509.13165283203125,-0.0002664942294359207,79361.1796875,1.072784185409546
1000.0,0.0,0.0,-4199818.0,6.869513988494873,502.318115234375,-0.0005783219821751118,79369.1328125,1.0726765394210815
1100.0,0.0,0.0,-4199823.0,8.638420104980469,499.80419921875,-0.0005272417329251766,79376.5546875,1.0725762844085693
1200.0,0.0,0.0,-4199830.5,7.753903865814209,503.05859375,0.0006021659355610609,79384.3203125,1.072471261024475
1300.0,0.0,0.0,-4199821.0,8.283385276794434,496.0200500488281,1.196819357573986e-05,79391.546875,1.0723737478256226
1400.0,0.0,0.0,-4199819.5,8.141193389892578,493.8795166015625,0.0012636359315365553,79398.0234375,1.0722862482070923
1500.0,0.0,0.0,-4199823.0,7.13415002822876,498.4306640625,-0.0014145292807370424,79404.21875,1.0722026824951172
1600.0,0.0,0.0,-4199821.5,9.23602294921875,496.4292297363281,-0.0006719487719237804,79410.2421875,1.0721213817596436
1700.0,0.0,0.0,-4199826.5,7.766185283660889,501.7030944824219,0.0003530604299157858,79416.28125,1.0720398426055908
1800.0,0.0,0.0,-4199829.0,7.028500556945801,506.4610595703125,0.0009494815021753311,79422.8984375,1.0719504356384277
1900.0,0.0,0.0,-4199822.0,7.254704475402832,506.6473388671875,0.0018308514263480902,79429.296875,1.0718640089035034
2000.0,0.0,0.0,-4199815.5,8.75926399230957,502.15069580078125,-0.00030838092789053917,79435.875,1.071775197982788
2100.0,0.0,0.0,-4199820.0,8.687824249267578,507.8135986328125,-6.172293797135353e-05,79444.0234375,1.0716654062271118
2200.0,0.0,0.0,-4199814.0,7.694915294647217,500.1706237792969,-0.0009296287316828966,79452.703125,1.071548342704773
2300.0,0.0,0.0,-4199822.5,7.292506694793701,504.50250244140625,9.537511505186558e-05,79461.25,1.0714330673217773
2400.0,0.0,0.0,-4199823.0,8.11319637298584,498.6225280761719,0.0002584471367299557,79470.1328125,1.071313500404358
2500.0,0.0,0.0,-4199821.5,7.601449966430664,499.3645935058594,0.0003658859059214592,79478.3671875,1.071202278137207
2600.0,0.0,0.0,-4199821.0,7.135149955749512,498.0868225097656,0.00015519047155976295,79484.96875,1.0711132287979126
2700.0,0.0,0.0,-4199820.0,7.655701637268066,495.35089111328125,-0.0008577066473662853,79490.5703125,1.071038007736206
2800.0,0.0,0.0,-4199814.0,7.293776035308838,488.3581237792969,-4.59025613963604e-06,79496.5,1.0709580183029175
2900.0,0.0,0.0,-4199821.5,8.045141220092773,496.433837890625,-0.00032803392969071865,79502.15625,1.070881724357605
3000.0,0.0,0.0,-4199823.0,8.016469955444336,499.5176086425781,0.00012738117948174477,79506.90625,1.0708177089691162
3100.0,0.0,0.0,-4199820.5,11.546485900878906,498.8743591308594,0.00011822371743619442,79509.96875,1.0707764625549316
3200.0,0.0,0.0,-4199816.5,8.723592758178711,502.02294921875,0.0001102592796087265,79512.0078125,1.0707491636276245
3300.0,0.0,0.0,-4199815.5,8.801044464111328,505.1232604980469,-0.0004954212345182896,79513.59375,1.070727825164795
3400.0,0.0,0.0,-4199818.5,8.38004207611084,510.4604797363281,-0.0008362247608602047,79514.765625,1.0707118511199951
3500.0,0.0,0.0,-4199820.5,7.867595672607422,511.19720458984375,0.0006317384541034698,79515.9609375,1.0706957578659058
3600.0,0.0,0.0,-4199822.5,7.587994575500488,508.47607421875,-0.0003764210268855095,79515.734375,1.070698857307434
3700.0,0.0,0.0,-4199819.5,7.129432678222656,498.9347839355469,0.000326608307659626,79512.671875,1.0707402229309082
3800.0,0.0,0.0,-4199820.0,7.602147579193115,497.07965087890625,-0.0003776000812649727,79508.609375,1.0707948207855225
3900.0,0.0,0.0,-4199824.5,8.331777572631836,500.5206604003906,-0.00012614787556231022,79502.5859375,1.070875883102417
4000.0,0.0,0.0,-4199823.0,7.68251371383667,497.5388488769531,-0.000114835100248456,79494.2734375,1.0709879398345947
4100.0,0.0,0.0,-4199819.5,7.433952808380127,492.6600036621094,-0.0012148602399975061,79484.390625,1.071121096611023
4200.0,0.0,0.0,-4199824.0,9.815866470336914,504.3835144042969,-0.00040987366810441017,79473.5625,1.0712671279907227
4300.0,0.0,0.0,-4199821.5,8.246447563171387,503.9383239746094,3.627082332968712e-05,79462.171875,1.071420431137085
4400.0,0.0,0.0,-4199827.5,8.650930404663086,513.0242919921875,0.0007578625809401274,79449.578125,1.071590542793274
4500.0,0.0,0.0,-4199811.0,8.520429611206055,495.38720703125,-0.0005045994184911251,79435.8984375,1.071774959564209
4600.0,0.0,0.0,-4199822.0,8.837574005126953,504.21759033203125,-8.668936789035797e-05,79421.53125,1.0719690322875977
4700.0,0.0,0.0,-4199824.5,7.698370933532715,502.0110168457031,3.471504896879196e-06,79405.6953125,1.0721827745437622
4800.0,0.0,0.0,-4199830.0,11.221144676208496,504.0176696777344,-0.0003042477183043957,79388.390625,1.0724163055419922
4900.0,0.0,0.0,-4199822.5,7.736539363861084,494.7170715332031,-0.00034020794555544853,79369.6484375,1.072669506072998
5000.0,0.0,0.0,-4199820.5,8.706219673156738,492.3049011230469,-4.748441278934479e-05,79350.0,1.0729352235794067
5100.0,0.0,0.0,-4199826.0,8.825725555419922,498.8325500488281,0.0007576411589980125,79329.15625,1.0732170343399048
5200.0,0.0,0.0,-4199823.0,8.1783447265625,498.33013916015625,-0.0006727606523782015,79306.4296875,1.0735247135162354
5300.0,0.0,0.0,-4199820.5,10.29234790802002,501.5168151855469,-6.599538028240204e-05,79282.9453125,1.0738426446914673
5400.0,0.0,0.0,-4199817.5,8.323277473449707,505.33514404296875,-4.608090966939926e-05,79258.2578125,1.0741770267486572
5500.0,0.0,0.0,-4199813.0,8.95256519317627,505.6833190917969,0.0001606028527021408,79232.1875,1.0745306015014648
5600.0,0.0,0.0,-4199816.0,10.0444974899292,510.6326599121094,0.00019087851978838444,79205.28125,1.0748956203460693
5700.0,0.0,0.0,-4199818.5,8.540068626403809,506.6012268066406,-0.0009426511824131012,79178.5234375,1.0752588510513306
5800.0,0.0,0.0,-4199821.0,8.90410327911377,505.2547607421875,0.00013807648792862892,79151.8359375,1.0756213665008545
5900.0,0.0,0.0,-4199818.0,8.706612586975098,498.6775817871094,-8.263671770691872e-05,79124.890625,1.0759878158569336
6000.0,0.0,0.0,-4199821.5,14.135103225708008,499.3985290527344,0.0009803122375160456,79098.4453125,1.0763473510742188
6100.0,0.0,0.0,-4199824.0,8.771954536437988,498.5037536621094,-0.0005334438756108284,79072.2109375,1.0767046213150024
6200.0,0.0,0.0,-4199824.0,7.678621768951416,495.84979248046875,0.00032358174212276936,79045.6015625,1.0770670175552368
6300.0,0.0,0.0,-4199832.5,10.417844772338867,501.9973449707031,-0.0005833706818521023,79019.078125,1.0774285793304443
6400.0,0.0,0.0,-4199831.0,8.122068405151367,499.85565185546875,-0.0007658167742192745,78992.7265625,1.0777878761291504
6500.0,0.0,0.0,-4199824.5,8.34461498260498,494.6827697753906,-0.00027393526397645473,78965.453125,1.0781601667404175
6600.0,0.0,0.0,-4199827.0,8.844852447509766,499.97747802734375,0.0002645060885697603,78938.078125,1.0785340070724487
6700.0,0.0,0.0,-4199821.5,8.378562927246094,499.623046875,0.0018872660584747791,78911.4921875,1.078897476196289
6800.0,0.0,0.0,-4199820.0,8.103824615478516,503.08935546875,-0.00011998740956187248,78885.9921875,1.079246163368225
6900.0,0.0,0.0,-4199819.0,7.7547712326049805,504.4308166503906,0.00013535283505916595,78862.359375,1.079569697380066
7000.0,0.0,0.0,-4199819.5,11.654214859008789,504.5959167480469,-0.0014663897454738617,78840.703125,1.0798661708831787
7100.0,0.0,0.0,-4199822.5,9.02756118774414,505.5196228027344,0.0010179243981838226,78820.640625,1.0801410675048828
7200.0,0.0,0.0,-4199831.5,8.862589836120605,510.9264221191406,0.0005967332981526852,78803.09375,1.0803815126419067
7300.0,0.0,0.0,-4199829.5,8.516608238220215,506.28912353515625,0.00037464709021151066,78787.4140625,1.0805965662002563
7400.0,0.0,0.0,-4199825.0,7.915369033813477,500.98974609375,0.000495141139253974,78773.75,1.0807840824127197
7500.0,0.0,0.0,-4199823.0,8.66512680053711,497.7179870605469,-0.0007568099536001682,78761.3828125,1.0809537172317505
7600.0,0.0,0.0,-4199822.5,8.315461158752441,495.3936767578125,0.0004366138018667698,78750.8125,1.0810987949371338
7700.0,0.0,0.0,-4199826.0,7.777565956115723,497.3675842285156,-0.0009741140529513359,78742.59375,1.0812115669250488
7800.0,0.0,0.0,-4199828.5,7.975383758544922,498.5056457519531,0.0012480891309678555,78735.9296875,1.0813032388687134
7900.0,0.0,0.0,-4199830.5,8.32418441772461,499.4513854980469,0.0006515930872410536,78730.890625,1.0813723802566528
8000.0,0.0,0.0,-4199834.0,8.04892349243164,500.89666748046875,0.0013727652840316296,78727.1796875,1.081423282623291
8100.0,0.0,0.0,-4199830.5,8.013565063476562,494.15533447265625,-0.00023507513105869293,78725.2890625,1.0814493894577026
8200.0,0.0,0.0,-4199829.5,8.64976978302002,493.662109375,-0.00237634452059865,78724.75,1.0814566612243652
8300.0,0.0,0.0,-4199831.5,8.855119705200195,495.848388671875,0.0002180933952331543,78724.9609375,1.081453800201416
8400.0,0.0,0.0,-4199829.5,9.39813232421875,495.98876953125,0.00020180316641926765,78726.3515625,1.081434726715088
8500.0,0.0,0.0,-4199828.5,7.793642997741699,501.3966369628906,0.002097713528200984,78729.015625,1.0813982486724854
8600.0,0.0,0.0,-4199822.5,8.471648216247559,501.5777893066406,1.6111880540847778e-06,78733.6328125,1.0813347101211548
8700.0,0.0,0.0,-4199821.5,9.317760467529297,503.3534851074219,5.43985515832901e-05,78739.5859375,1.081252932548523
8800.0,0.0,0.0,-4199822.5,7.921200275421143,505.6869812011719,6.041908636689186e-05,78746.7734375,1.081154227256775
8900.0,0.0,0.0,-4199819.0,9.989322662353516,504.7162780761719,-0.0014946195296943188,78754.5390625,1.0810476541519165
9000.0,0.0,0.0,-4199824.5,7.725081443786621,506.78082275390625,0.0005253837443888187,78761.1328125,1.0809571743011475
9100.0,0.0,0.0,-4199819.0,8.243579864501953,495.3573303222656,-0.0002597144339233637,78768.2734375,1.0808590650558472
9200.0,0.0,0.0,-4199818.5,8.75075626373291,492.6481628417969,0.001066411379724741,78775.9765625,1.0807534456253052
9300.0,0.0,0.0,-4199828.0,11.207086563110352,501.42694091796875,-0.00023204786702990532,78784.515625,1.0806362628936768
9400.0,0.0,0.0,-4199823.0,9.154993057250977,494.6927490234375,-0.00047694379463791847,78791.5,1.0805405378341675
9500.0,0.0,0.0,-4199832.0,11.390975952148438,507.08477783203125,-3.4279655665159225e-05,78796.234375,1.0804755687713623
9600.0,0.0,0.0,-4199826.5,9.192209243774414,500.90948486328125,-0.0011376631446182728,78799.34375,1.0804328918457031
9700.0,0.0,0.0,-4199828.0,8.850616455078125,500.7162780761719,0.001118136802688241,78800.9453125,1.0804109573364258
9800.0,0.0,0.0,-4199828.5,9.281208038330078,499.1992492675781,0.0010050663258880377,78803.703125,1.0803731679916382
9900.0,0.0,0.0,-4199828.5,9.700125694274902,496.6114501953125,0.000849998090416193,78806.2578125,1.0803381204605103
10000.0,0.0,0.0,-4199826.0,7.925393581390381,489.8056335449219,-0.0013799350708723068,78808.4765625,1.0803077220916748
10100.0,0.0,0.0,-4199826.5,8.958409309387207,487.2120666503906,-0.0010147395078092813,78810.2109375,1.0802839994430542
10200.0,0.0,0.0,-4199836.5,9.241057395935059,502.6382751464844,0.0011300204787403345,78811.7890625,1.080262303352356
10300.0,0.0,0.0,-4199818.5,7.739640235900879,488.6058654785156,-6.868946366012096e-05,78813.203125,1.0802429914474487
10400.0,0.0,0.0,-4199826.5,10.628268241882324,504.5877380371094,0.0001369086094200611,78813.015625,1.0802456140518188
10500.0,0.0,0.0,-4199815.0,9.92595100402832,495.6795654296875,-0.0010042404755949974,78811.671875,1.0802639722824097
10600.0,0.0,0.0,-4199822.5,7.875382423400879,505.2901611328125,0.0007443807553499937,78808.8203125,1.0803030729293823
10700.0,0.0,0.0,-4199828.0,12.429555892944336,509.9706726074219,0.00032351654954254627,78805.578125,1.0803475379943848
10800.0,0.0,0.0,-4199819.0,8.556862831115723,498.4578552246094,-0.0009206710383296013,78802.3125,1.0803923606872559
10900.0,0.0,0.0,-4199832.0,7.838888168334961,507.8798522949219,-0.0006302716210484505,78798.2421875,1.080448031425476
11000.0,0.0,0.0,-4199818.5,9.125746726989746,492.53509521484375,0.0003829717170447111,78794.234375,1.080502986907959
11100.0,0.0,0.0,-4199826.5,11.457021713256836,500.3711853027344,0.0016925521194934845,78790.6640625,1.0805519819259644
11200.0,0.0,0.0,-4199823.0,10.096028327941895,497.2792663574219,-0.0005904971621930599,78789.28125,1.080570936203003
11300.0,0.0,0.0,-4199826.0,13.760655403137207,501.7535095214844,-0.00012441305443644524,78789.09375,1.080573558807373
11400.0,0.0,0.0,-4199822.0,11.128612518310547,498.9974365234375,0.0001767303328961134,78789.8359375,1.0805633068084717
11500.0,0.0,0.0,-4199815.0,8.04965877532959,491.4964294433594,8.353963494300842e-05,78792.5625,1.0805258750915527
11600.0,0.0,0.0,-4199827.0,7.403532981872559,505.4898376464844,-0.00039555318653583527,78797.6640625,1.080456018447876
11700.0,0.0,0.0,-4199821.0,9.913823127746582,503.87841796875,0.00041853287257254124,78803.015625,1.0803825855255127
11800.0,0.0,0.0,-4199825.0,8.741000175476074,505.8968200683594,0.000959823839366436,78807.84375,1.080316424369812
11900.0,0.0,0.0,-4199831.5,10.122993469238281,506.19525146484375,0.00033150939270853996,78813.4296875,1.0802398920059204
12000.0,0.0,0.0,-4199823.0,9.975404739379883,492.380859375,0.0003590190317481756,78819.421875,1.08015775680542
12100.0,0.0,0.0,-4199829.0,9.061373710632324,497.18011474609375,-0.0014977981336414814,78825.9453125,1.0800684690475464
12200.0,0.0,0.0,-4199828.0,8.29863166809082,495.8475036621094,-0.000364900566637516,78831.4921875,1.079992413520813
12300.0,0.0,0.0,-4199826.0,11.66895580291748,499.558349609375,5.3079333156347275e-05,78836.3671875,1.079925537109375
12400.0,0.0,0.0,-4199823.5,8.15695858001709,500.6083068847656,0.001355529297143221,78841.1796875,1.079859733581543
12500.0,0.0,0.0,-4199817.5,9.064369201660156,498.504638671875,0.0007971208542585373,78845.59375,1.0797991752624512
12600.0,0.0,0.0,-4199818.0,9.9569091796875,504.9044189453125,-0.0010078581981360912,78849.9765625,1.0797390937805176
12700.0,0.0,0.0,-4199814.5,8.904729843139648,505.2304992675781,8.295639418065548e-05,78853.8671875,1.079685926437378
12800.0,0.0,0.0,-4199816.5,8.45849895477295,511.55877685546875,6.567919626832008e-05,78858.0859375,1.0796281099319458
12900.0,0.0,0.0,-4199820.0,8.39506721496582,513.8211669921875,0.00043285987339913845,78863.3203125,1.0795565843582153
13000.0,0.0,0.0,-4199814.5,9.687392234802246,498.65374755859375,-0.0007693623192608356,78869.3828125,1.0794734954833984
13100.0,0.0,0.0,-4199823.0,10.72662353515625,502.1660461425781,0.00015739002265036106,78874.25,1.0794068574905396
13200.0,0.0,0.0,-4199823.5,10.379469871520996,498.8861389160156,0.0001141794491559267,78877.5,1.0793625116348267
13300.0,0.0,0.0,-4199827.0,13.178821563720703,500.0048828125,-0.0002412763424217701,78879.9296875,1.0793291330337524
13400.0,0.0,0.0,-4199823.0,7.7472243309021,499.09783935546875,-0.0006837588734924793,78881.78125,1.0793038606643677
13500.0,0.0,0.0,-4199828.0,8.61681842803955,502.8077697753906,-0.00021194061264395714,78882.15625,1.079298734664917
13600.0,0.0,0.0,-4199831.0,8.758057594299316,504.6511535644531,0.0008837005589157343,78880.4375,1.0793222188949585
13700.0,0.0,0.0,-4199829.5,9.73639965057373,500.0865173339844,-0.0007104170508682728,78876.71875,1.0793731212615967
13800.0,0.0,0.0,-4199830.5,8.98724365234375,498.15350341796875,-0.00011344440281391144,78870.8984375,1.0794527530670166
13900.0,0.0,0.0,-4199826.5,9.150927543640137,492.2139892578125,-0.0010244990698993206,78864.3125,1.0795429944992065
14000.0,0.0,0.0,-4199829.5,8.448328971862793,494.6600646972656,0.0004549140576273203,78856.65625,1.0796477794647217
14100.0,0.0,0.0,-4199827.0,8.512603759765625,494.86956787109375,0.0001302529126405716,78848.8203125,1.0797549486160278
14200.0,0.0,0.0,-4199827.5,9.127532005310059,503.05926513671875,0.00010250485502183437,78840.2734375,1.0798720121383667
14300.0,0.0,0.0,-4199817.5,8.092616081237793,499.78851318359375,-0.00020874571055173874,78832.0859375,1.079984426498413
14400.0,0.0,0.0,-4199824.0,8.49770736694336,509.2419128417969,-0.0009807837195694447,78824.0234375,1.0800946950912476
14500.0,0.0,0.0,-4199820.0,8.833236694335938,510.4536437988281,-8.022692054510117e-05,78814.578125,1.0802240371704102
14600.0,0.0,0.0,-4199816.5,11.829855918884277,503.0876159667969,0.00016176514327526093,78805.3984375,1.0803501605987549
14700.0,0.0,0.0,-4199823.5,11.129467010498047,506.3365783691406,-3.9301812648773193e-07,78796.640625,1.080470085144043
14800.0,0.0,0.0,-4199820.5,10.501434326171875,499.8406066894531,-0.0002160719595849514,78787.3828125,1.080596923828125
14900.0,0.0,0.0,-4199824.0,11.126082420349121,501.8328857421875,-0.0002213427796959877,78777.9140625,1.0807268619537354
15000.0,0.0,0.0,-4199826.0,13.061697006225586,500.7039794921875,0.0005738020408898592,78767.9375,1.0808637142181396
15100.0,0.0,0.0,-4199827.0,10.087827682495117,498.53875732421875,0.0014782757498323917,78757.75,1.0810036659240723
15200.0,0.0,0.0,-4199823.5,7.742016792297363,491.552001953125,-0.0013478451874107122,78747.25,1.0811476707458496
15300.0,0.0,0.0,-4199828.5,8.258940696716309,496.14801025390625,-0.0008594552055001259,78735.9375,1.0813031196594238
15400.0,0.0,0.0,-4199825.0,10.626875877380371,492.7335205078125,-0.0002593125682324171,78724.6171875,1.0814584493637085
15500.0,0.0,0.0,-4199830.0,9.753921508789062,503.22943115234375,0.0008280149195343256,78713.0859375,1.0816168785095215
15600.0,0.0,0.0,-4199821.5,11.12844181060791,500.088623046875,0.000732743414118886,78700.453125,1.081790566444397
15700.0,0.0,0.0,-4199823.5,9.030003547668457,507.2049255371094,-0.0009074187837541103,78687.3046875,1.081971526145935
15800.0,0.0,0.0,-4199819.5,8.29910945892334,504.61981201171875,0.0005359696224331856,78673.8671875,1.0821560621261597
15900.0,0.0,0.0,-4199822.5,8.871648788452148,506.4928894042969,0.0006954737473279238,78661.078125,1.0823321342468262
16000.0,0.0,0.0,-4199824.0,10.706101417541504,505.5484619140625,0.0006779944524168968,78649.5859375,1.08249032497406
16100.0,0.0,0.0,-4199824.0,9.76742935180664,502.82952880859375,-0.0012574372813105583,78639.15625,1.0826338529586792
16200.0,0.0,0.0,-4199826.5,8.867189407348633,502.38055419921875,-0.0005709035322070122,78629.1328125,1.0827717781066895
16300.0,0.0,0.0,-4199823.0,8.75900936126709,497.0194396972656,0.0013860731851309538,78619.84375,1.0828996896743774
16400.0,0.0,0.0,-4199825.0,9.172945976257324,502.6277770996094,0.0007706847973167896,78611.421875,1.0830156803131104
16500.0,0.0,0.0,-4199818.0,11.331390380859375,493.0551452636719,0.00030421745032072067,78604.3359375,1.0831133127212524
16600.0,0.0,0.0,-4199826.5,8.605145454406738,500.7050476074219,-0.0014583677984774113,78599.25,1.0831834077835083
16700.0,0.0,0.0,-4199827.5,9.837108612060547,501.0144958496094,0.00040903245098888874,78595.1328125,1.0832401514053345
16800.0,0.0,0.0,-4199829.5,11.467036247253418,499.79351806640625,0.0005277600139379501,78591.6484375,1.0832881927490234
16900.0,0.0,0.0,-4199832.5,10.31914234161377,495.5892333984375,8.165370672941208e-05,78588.28125,1.0833346843719482
17000.0,0.0,0.0,-4199836.5,9.137299537658691,496.26678466796875,-0.0003647683188319206,78584.265625,1.0833899974822998
17100.0,0.0,0.0,-4199836.0,9.279020309448242,494.87042236328125,-0.0003807949833571911,78580.28125,1.0834450721740723
17200.0,0.0,0.0,-4199835.0,9.518632888793945,495.7627258300781,0.0007773514371365309,78575.8984375,1.083505392074585
17300.0,0.0,0.0,-4199827.5,9.652787208557129,491.90606689453125,-0.001178300241008401,78572.046875,1.083558440208435
17400.0,0.0,0.0,-4199829.5,8.25684928894043,498.89373779296875,0.0009422344155609608,78567.3984375,1.083622694015503
17500.0,0.0,0.0,-4199821.0,8.76833724975586,492.759765625,-0.0007247573230415583,78562.09375,1.0836957693099976
17600.0,0.0,0.0,-4199827.0,9.345459938049316,500.4828796386719,0.0004984387196600437,78556.6953125,1.0837701559066772
17700.0,0.0,0.0,-4199820.5,9.166007041931152,497.0575256347656,-0.0006544883362948895,78551.6875,1.0838394165039062
17800.0,0.0,0.0,-4199826.5,9.380033493041992,504.4046630859375,-0.00021302048116922379,78546.9453125,1.08390474319458
17900.0,0.0,0.0,-4199821.5,10.086188316345215,497.39990234375,0.0007980787195265293,78541.96875,1.0839734077453613
18000.0,0.0,0.0,-4199833.0,9.428377151489258,504.1675109863281,-0.0008889082819223404,78537.1171875,1.0840404033660889
18100.0,0.0,0.0,-4199826.0,9.856512069702148,489.9205322265625,0.001232098089531064,78531.75,1.0841144323349
18200.0,0.0,0.0,-4199834.5,8.946619033813477,497.0821838378906,-0.0013387962244451046,78525.921875,1.0841948986053467
18300.0,0.0,0.0,-4199826.5,11.057302474975586,489.0423889160156,4.263897426426411e-05,78517.9140625,1.0843055248260498
18400.0,0.0,0.0,-4199835.0,9.397578239440918,500.4141540527344,-0.00011549564078450203,78509.21875,1.0844255685806274
18500.0,0.0,0.0,-4199827.5,10.166451454162598,497.02655029296875,0.0005376085173338652,78500.140625,1.0845510959625244
18600.0,0.0,0.0,-4199830.0,9.58583927154541,502.8733825683594,0.00075489841401577,78490.765625,1.0846806764602661
18700.0,0.0,0.0,-4199832.0,9.366527557373047,507.2409362792969,-0.0012347293086349964,78481.796875,1.0848045349121094
18800.0,0.0,0.0,-4199829.0,9.249587059020996,504.9911193847656,0.00035857968032360077,78472.546875,1.0849323272705078
18900.0,0.0,0.0,-4199826.0,13.044198989868164,503.7030029296875,-0.00046958960592746735,78464.203125,1.085047721862793
19000.0,0.0,0.0,-4199824.5,9.175531387329102,501.5235290527344,0.0012879115529358387,78455.9453125,1.085161805152893
19100.0,0.0,0.0,-4199824.5,11.42481517791748,498.9349670410156,0.00024298741482198238,78447.96875,1.0852724313735962
19200.0,0.0,0.0,-4199826.0,8.971038818359375,492.9902648925781,-0.0008428380824625492,78440.3828125,1.0853774547576904
19300.0,0.0,0.0,-4199834.5,8.078940391540527,497.0321044921875,-0.00014483695849776268,78432.265625,1.0854896306991577
19400.0,0.0,0.0,-4199832.5,8.7515869140625,492.874755859375,-0.0006496044807136059,78422.9375,1.0856187343597412
19500.0,0.0,0.0,-4199834.0,10.06082534790039,495.2349548339844,0.0004997970536351204,78412.375,1.0857648849487305
19600.0,0.0,0.0,-4199831.5,10.563787460327148,496.18359375,-0.0007465784437954426,78401.109375,1.0859209299087524
19700.0,0.0,0.0,-4199827.5,9.520026206970215,497.7708740234375,0.0003470699302852154,78388.75,1.086092233657837
19800.0,0.0,0.0,-4199827.0,8.94804859161377,500.76104736328125,0.0003487500362098217,78376.7109375,1.0862590074539185
19900.0,0.0,0.0,-4199827.0,8.169169425964355,503.2134094238281,0.00045885308645665646,78366.0078125,1.0864074230194092
20000.0,0.0,0.0,-4199827.5,9.293255805969238,504.99432373046875,-0.00011878274381160736,78355.40625,1.0865544080734253
20100.0,0.0,0.0,-4199831.0,10.538714408874512,507.08154296875,-0.0014959913678467274,78344.421875,1.0867066383361816
20200.0,0.0,0.0,-4199829.0,10.810853004455566,502.6596984863281,0.0002921295817941427,78332.40625,1.0868734121322632
20300.0,0.0,0.0,-4199831.0,7.877017974853516,502.9657897949219,0.0001387428492307663,78321.6796875,1.087022304534912
20400.0,0.0,0.0,-4199825.5,8.461810111999512,494.9682312011719,0.00022362126037478447,78311.7109375,1.0871607065200806
20500.0,0.0,0.0,-4199831.5,9.946605682373047,499.4342346191406,0.0005381735973060131,78302.9296875,1.087282419204712
20600.0,0.0,0.0,-4199826.0,13.037192344665527,490.39984130859375,0.0007961103692650795,78295.9921875,1.087378978729248
20700.0,0.0,0.0,-4199838.0,8.430279731750488,499.72705078125,0.0006247644778341055,78291.0625,1.0874472856521606
20800.0,0.0,0.0,-4199831.0,11.290046691894531,491.25970458984375,-0.000737650552764535,78287.671875,1.0874943733215332
20900.0,0.0,0.0,-4199836.0,7.838496685028076,497.4391174316406,-6.12032599747181e-05,78284.28125,1.0875415802001953
21000.0,0.0,0.0,-4199833.5,8.289820671081543,498.781005859375,0.0004352959804236889,78281.046875,1.0875864028930664
21100.0,0.0,0.0,-4199828.5,9.485586166381836,499.32916259765625,0.00014821533113718033,78277.53125,1.0876353979110718
21200.0,0.0,0.0,-4199827.5,10.912092208862305,503.269287109375,6.023561581969261e-05,78274.9375,1.0876713991165161
21300.0,0.0,0.0,-4199816.5,10.388660430908203,494.4786682128906,-0.0004694489762187004,78273.2578125,1.087694764137268
21400.0,0.0,0.0,-4199830.0,9.0263032913208,510.8280944824219,-1.7229467630386353e-08,78272.4140625,1.087706446647644
21500.0,0.0,0.0,-4199819.0,8.338228225708008,498.3562927246094,-0.00017928658053278923,78272.7265625,1.0877021551132202
21600.0,0.0,0.0,-4199826.5,9.402750015258789,503.2760314941406,0.0006482903845608234,78273.0703125,1.0876972675323486
21700.0,0.0,0.0,-4199825.0,9.515087127685547,498.3088073730469,0.0005818626377731562,78274.65625,1.0876754522323608
21800.0,0.0,0.0,-4199829.0,11.566610336303711,503.6897888183594,-0.0005870875902473927,78277.1640625,1.087640404701233
21900.0,0.0,0.0,-4199828.5,9.567401885986328,506.4867858886719,0.0008567399345338345,78280.5390625,1.087593674659729
22000.0,0.0,0.0,-4199827.5,12.274599075317383,506.9733581542969,-8.460413664579391e-05,78285.640625,1.0875227451324463
22100.0,0.0,0.0,-4199824.5,16.63852310180664,499.9986267089844,0.0010646334849298,78292.34375,1.0874295234680176
22200.0,0.0,0.0,-4199829.0,14.392311096191406,501.2154846191406,-0.00033164070919156075,78300.7265625,1.087313175201416
22300.0,0.0,0.0,-4199824.5,9.09982967376709,492.8458557128906,-0.0003017387352883816,78309.59375,1.08719003200531
22400.0,0.0,0.0,-4199829.0,8.930142402648926,496.27301025390625,-0.000779611524194479,78319.1484375,1.08705735206604
22500.0,0.0,0.0,-4199834.5,8.416177749633789,500.431396484375,-6.883405148983002e-05,78329.0390625,1.086920142173767
22600.0,0.0,0.0,-4199830.0,9.137053489685059,496.1775817871094,0.0006226871628314257,78338.375,1.086790680885315
22700.0,0.0,0.0,-4199836.0,9.24377155303955,506.4523010253906,0.00045568356290459633,78347.4296875,1.0866649150848389
22800.0,0.0,0.0,-4199830.0,8.42539119720459,506.0713806152344,0.0008578002452850342,78356.0859375,1.0865449905395508
22900.0,0.0,0.0,-4199821.0,11.222676277160645,502.7463073730469,-0.0014462433755397797,78364.609375,1.0864267349243164
23000.0,0.0,0.0,-4199826.0,9.626947402954102,511.64703369140625,-0.0006724800914525986,78372.5390625,1.0863168239593506
23100.0,0.0,0.0,-4199814.0,8.349983215332031,498.5949401855469,-0.00029696617275476456,78381.3671875,1.086194396018982
23200.0,0.0,0.0,-4199827.5,9.798821449279785,509.55560302734375,0.0020577097311615944,78392.2734375,1.086043357849121
23300.0,0.0,0.0,-4199828.0,9.242786407470703,507.060546875,0.0013731939252465963,78404.9375,1.0858678817749023
23400.0,0.0,0.0,-4199827.0,11.399530410766602,503.7812805175781,-0.0010111313313245773,78418.5078125,1.0856800079345703
23500.0,0.0,0.0,-4199819.0,11.224459648132324,499.9801025390625,-0.002056661993265152,78431.359375,1.0855021476745605
23600.0,0.0,0.0,-4199827.0,9.804496765136719,504.99847412109375,-0.0010633105412125587,78443.3515625,1.0853362083435059
23700.0,0.0,0.0,-4199830.0,10.350897789001465,504.5716857910156,0.0006530832033604383,78454.578125,1.0851808786392212
23800.0,0.0,0.0,-4199819.0,11.71373176574707,490.8043212890625,0.0012916882988065481,78466.078125,1.0850218534469604
23900.0,0.0,0.0,-4199828.5,8.71525764465332,498.9034118652344,0.0005034049972891808,78478.5625,1.0848493576049805
24000.0,0.0,0.0,-4199824.0,9.61558723449707,494.3612976074219,-0.001255156472325325,78490.2265625,1.0846880674362183
24100.0,0.0,0.0,-4199832.0,9.896942138671875,502.0146789550781,-0.0009353784844279289,78501.171875,1.0845367908477783
24200.0,0.0,0.0,-4199829.5,11.457962036132812,499.6588439941406,9.723193943500519e-05,78512.0078125,1.084386944770813
24300.0,0.0,0.0,-4199831.5,10.067387580871582,507.8887634277344,0.00019895262084901333,78522.1171875,1.0842474699020386
24400.0,0.0,0.0,-4199823.5,9.717204093933105,504.5442810058594,0.00019722874276340008,78531.296875,1.0841206312179565
24500.0,0.0,0.0,-4199827.0,7.645141124725342,512.2787475585938,-0.0006450172513723373,78538.53125,1.0840208530426025
24600.0,0.0,0.0,-4199818.0,10.460927963256836,503.1371765136719,0.0003736047074198723,78542.609375,1.0839645862579346
24700.0,0.0,0.0,-4199820.0,8.342656135559082,503.1099548339844,-0.001233171671628952,78545.1171875,1.0839301347732544
24800.0,0.0,0.0,-4199825.0,11.248714447021484,504.02789306640625,-0.0005471184849739075,78546.140625,1.0839159488677979
24900.0,0.0,0.0,-4199826.5,11.145745277404785,507.31768798828125,0.0006124184001237154,78546.015625,1.0839176177978516
25000.0,0.0,0.0,-4199837.0,9.601127624511719,514.2630004882812,0.0005502239800989628,78545.2890625,1.0839276313781738
25100.0,0.0,0.0,-4199831.5,8.617825508117676,506.04510498046875,0.0011771442368626595,78544.5703125,1.0839375257492065
25200.0,0.0,0.0,-4199824.5,8.706327438354492,497.7535095214844,-0.0007966626435518265,78545.3828125,1.0839263200759888
25300.0,0.0,0.0,-4199826.0,8.763851165771484,499.56121826171875,-0.001142965629696846,78546.375,1.08391273021698
25400.0,0.0,0.0,-4199827.5,11.56393814086914,502.9252624511719,-0.00013054395094513893,78545.734375,1.0839215517044067
25500.0,0.0,0.0,-4199826.0,9.186920166015625,503.0406188964844,-6.88694417476654e-05,78544.578125,1.083937406539917
25600.0,0.0,0.0,-4199821.5,7.9044647216796875,500.747314453125,0.00035104481503367424,78541.9140625,1.0839742422103882
25700.0,0.0,0.0,-4199826.0,12.144872665405273,506.8677978515625,-0.0005575255490839481,78537.640625,1.0840331315994263
25800.0,0.0,0.0,-4199814.0,12.07728385925293,494.9283447265625,-0.0006146589294075966,78532.25,1.0841076374053955
25900.0,0.0,0.0,-4199826.5,8.990358352661133,502.2912902832031,-0.00024832552298903465,78526.9453125,1.0841807126998901
26000.0,0.0,0.0,-4199828.5,8.306356430053711,499.83380126953125,0.0008343737572431564,78520.59375,1.084268569946289
26100.0,0.0,0.0,-4199825.0,8.911479949951172,493.4415588378906,0.0005263686180114746,78513.421875,1.0843675136566162
26200.0,0.0,0.0,-4199827.0,10.01191520690918,496.13250732421875,-0.00048602232709527016,78504.9921875,1.0844839811325073
26300.0,0.0,0.0,-4199822.5,8.895039558410645,493.3860778808594,-0.001109307399019599,78495.21875,1.084619164466858
26400.0,0.0,0.0,-4199823.5,11.11834716796875,499.582275390625,-0.0008985730819404125,78484.46875,1.0847675800323486
26500.0,0.0,0.0,-4199821.5,8.514345169067383,505.7781677246094,-0.0003505544736981392,78471.75,1.084943413734436
26600.0,0.0,0.0,-4199820.0,11.17894458770752,507.5489501953125,0.0006378504913300276,78457.0078125,1.0851472616195679
26700.0,0.0,0.0,-4199812.5,10.083955764770508,502.28070068359375,-0.00022921618074178696,78441.90625,1.0853561162948608
26800.0,0.0,0.0,-4199817.0,10.901701927185059,506.10235595703125,-0.0003061159513890743,78427.0234375,1.0855622291564941
26900.0,0.0,0.0,-4199819.5,8.771221160888672,502.0330505371094,-0.0003158608451485634,78412.359375,1.0857652425765991
27000.0,0.0,0.0,-4199822.5,7.783884525299072,499.34857177734375,-0.0001269015483558178,78397.2734375,1.085974097251892
27100.0,0.0,0.0,-4199824.5,9.27173900604248,501.3323974609375,0.0005225199274718761,78382.875,1.0861735343933105
27200.0,0.0,0.0,-4199821.5,12.5675630569458,495.2000732421875,0.0001754886470735073,78368.359375,1.0863747596740723
27300.0,0.0,0.0,-4199821.5,10.446566581726074,492.8839111328125,-0.00011471379548311234,78353.21875,1.0865846872329712
27400.0,0.0,0.0,-4199824.5,11.022773742675781,494.77655029296875,-0.000366841908544302,78336.5,1.0868165493011475
27500.0,0.0,0.0,-4199824.5,11.85255241394043,494.69110107421875,-0.000310512725263834,78318.609375,1.0870648622512817
27600.0,0.0,0.0,-4199828.0,9.958895683288574,500.40643310546875,-0.00011528143659234047,78300.546875,1.087315559387207
27700.0,0.0,0.0,-4199828.5,11.783822059631348,506.43701171875,0.0010375282727181911,78282.515625,1.0875661373138428
27800.0,0.0,0.0,-4199823.0,10.421334266662598,498.69390869140625,-0.0003201593644917011,78263.84375,1.0878255367279053
27900.0,0.0,0.0,-4199831.0,9.415879249572754,502.4409484863281,-0.0005378676578402519,78244.8359375,1.0880898237228394
28000.0,0.0,0.0,-4199828.0,10.147075653076172,494.9451599121094,-0.0007649147883057594,78225.5390625,1.0883581638336182
28100.0,0.0,0.0,-4199835.0,9.513206481933594,499.4240417480469,0.0004916065372526646,78205.53125,1.0886367559432983
28200.0,0.0,0.0,-4199831.0,9.15429401397705,495.4094543457031,0.00037569738924503326,78185.3203125,1.0889180898666382
28300.0,0.0,0.0,-4199827.0,12.105148315429688,495.91119384765625,-0.0006624558009207249,78164.3828125,1.089209794998169
28400.0,0.0,0.0,-4199831.0,9.314682006835938,500.23614501953125,0.0002701380290091038,78142.828125,1.089510202407837
28500.0,0.0,0.0,-4199826.0,9.855684280395508,497.90447998046875,-0.00015773484483361244,78121.203125,1.0898118019104004
28600.0,0.0,0.0,-4199828.0,9.540487289428711,507.5469970703125,0.0007522969972342253,78099.7578125,1.0901111364364624
28700.0,0.0,0.0,-4199818.0,12.411187171936035,507.1669006347656,-0.0003626137040555477,78078.125,1.0904130935668945
28800.0,0.0,0.0,-4199819.5,10.630106925964355,509.7030334472656,2.108607441186905e-05,78057.5234375,1.0907008647918701
28900.0,0.0,0.0,-4199815.5,11.351579666137695,501.035888671875,-0.000246299896389246,78039.046875,1.090959072113037
29000.0,0.0,0.0,-4199825.5,10.49106502532959,507.1611633300781,-9.042955935001373e-05,78022.734375,1.0911872386932373
29100.0,0.0,0.0,-4199822.5,11.536981582641602,500.0018615722656,0.0010263670701533556,78007.375,1.0914021730422974
29200.0,0.0,0.0,-4199827.0,12.291543960571289,504.73028564453125,0.0007080440409481525,77992.265625,1.0916134119033813
29300.0,0.0,0.0,-4199823.0,9.398541450500488,505.1387023925781,-8.836807683110237e-05,77977.71875,1.0918171405792236
29400.0,0.0,0.0,-4199825.5,10.408299446105957,502.01080322265625,-0.0005761631764471531,77964.09375,1.0920078754425049
29500.0,0.0,0.0,-4199830.5,12.662115097045898,501.96197509765625,-9.072106331586838e-05,77952.109375,1.092175841331482
29600.0,0.0,0.0,-4199826.0,10.06460189819336,495.3844299316406,-0.0010862513445317745,77940.4375,1.0923393964767456
29700.0,0.0,0.0,-4199828.5,10.933061599731445,496.071533203125,0.0016443734057247639,77928.9375,1.0925005674362183
29800.0,0.0,0.0,-4199825.5,10.321941375732422,492.7312316894531,0.001007941085845232,77918.34375,1.092649221420288
29900.0,0.0,0.0,-4199828.0,10.788126945495605,495.58587646484375,0.00019268016330897808,77909.375,1.0927748680114746
30000.0,0.0,0.0,-4199831.0,9.377702713012695,500.1784973144531,-0.001318011898547411,77903.0390625,1.09286367893219
30100.0,0.0,0.0,-4199828.0,10.491023063659668,501.8807678222656,-0.0005515781231224537,77898.78125,1.0929235219955444
30200.0,0.0,0.0,-4199828.0,9.385892868041992,509.7582092285156,0.0023577725514769554,77895.953125,1.0929630994796753
30300.0,0.0,0.0,-4199817.5,17.020179748535156,504.708740234375,0.000852350378409028,77896.828125,1.0929509401321411
30400.0,0.0,0.0,-4199821.5,9.825447082519531,512.1441650390625,-0.00036667101085186005,77898.890625,1.0929220914840698
30500.0,0.0,0.0,-4199815.0,10.703649520874023,503.17767333984375,-0.0010835379362106323,77901.8359375,1.0928806066513062
30600.0,0.0,0.0,-4199826.5,9.833282470703125,512.3171997070312,0.0006000208668410778,77905.921875,1.0928235054016113
30700.0,0.0,0.0,-4199816.0,13.574650764465332,500.1622314453125,0.0008767647668719292,77911.4609375,1.0927455425262451
30800.0,0.0,0.0,-4199819.5,16.081117630004883,505.52569580078125,-0.00036873435601592064,77917.390625,1.0926625728607178
30900.0,0.0,0.0,-4199819.5,12.339614868164062,503.5475769042969,0.0005994089879095554,77922.1171875,1.0925962924957275
31000.0,0.0,0.0,-4199819.5,12.453958511352539,500.99127197265625,-0.0007037329487502575,77926.46875,1.092535138130188
31100.0,0.0,0.0,-4199827.5,11.802794456481934,509.0050354003906,0.0009243795648217201,77929.75,1.092489242553711
31200.0,0.0,0.0,-4199822.5,10.43678092956543,501.3482360839844,-0.000714398454874754,77932.109375,1.0924561023712158
31300.0,0.0,0.0,-4199824.0,10.909074783325195,501.1749572753906,-0.00028580520302057266,77934.40625,1.092423915863037
31400.0,0.0,0.0,-4199825.5,10.199905395507812,502.7894592285156,-0.00011538853868842125,77937.25,1.0923839807510376
31500.0,0.0,0.0,-4199829.5,10.287464141845703,506.18756103515625,-0.0002153203822672367,77940.0234375,1.0923452377319336
31600.0,0.0,0.0,-4199825.5,11.954909324645996,499.83477783203125,0.0005615453701466322,77942.2109375,1.0923144817352295
31700.0,0.0,0.0,-4199827.5,13.018129348754883,500.50640869140625,-0.0005472670309245586,77943.1640625,1.0923011302947998
31800.0,0.0,0.0,-4199828.0,9.987202644348145,500.6686706542969,-5.6300777941942215e-05,77942.2265625,1.0923142433166504
31900.0,0.0,0.0,-4199826.5,10.754981994628906,498.6957092285156,-0.00039469683542847633,77939.375,1.09235417842865
32000.0,0.0,0.0,-4199832.5,12.02962875366211,505.5280456542969,2.2129621356725693e-05,77935.3125,1.0924110412597656
32100.0,0.0,0.0,-4199831.5,14.766562461853027,504.5108642578125,-0.00010464619845151901,77928.9921875,1.0924997329711914
32200.0,0.0,0.0,-4199828.0,11.247525215148926,499.7773742675781,-0.0012287232093513012,77920.1953125,1.0926231145858765
32300.0,0.0,0.0,-4199830.5,10.29002857208252,498.1199035644531,-7.913680747151375e-05,77908.046875,1.092793583869934
32400.0,0.0,0.0,-4199833.5,10.67868709564209,498.0831604003906,-0.00037658633664250374,77893.859375,1.0929925441741943
32500.0,0.0,0.0,-4199833.0,12.964180946350098,500.7923583984375,0.0007952991873025894,77878.3203125,1.0932106971740723
32600.0,0.0,0.0,-4199834.5,13.706616401672363,506.55859375,-1.1742115020751953e-05,77861.8203125,1.0934423208236694
32700.0,0.0,0.0,-4199836.0,12.443791389465332,507.7665100097656,-0.0008988133631646633,77843.6640625,1.093697428703308
32800.0,0.0,0.0,-4199830.0,15.96737003326416,500.26654052734375,-0.0007094205357134342,77823.25,1.0939842462539673
32900.0,0.0,0.0,-4199833.0,13.325304985046387,503.076904296875,0.00030796462669968605,77800.8671875,1.094299077987671
33000.0,0.0,0.0,-4199828.5,10.709968566894531,499.6559753417969,0.0005951197817921638,77777.4453125,1.0946284532546997
33100.0,0.0,0.0,-4199822.5,12.39608097076416,496.9596252441406,-0.0009119119495153427,77752.0703125,1.094985842704773
33200.0,0.0,0.0,-4199819.5,9.786590576171875,500.3716735839844,-0.0005569616332650185,77724.234375,1.0953779220581055
33300.0,0.0,0.0,-4199817.0,11.034136772155762,502.81512451171875,0.00015041627921164036,77695.6015625,1.0957815647125244
33400.0,0.0,0.0,-4199823.5,10.665366172790527,510.56976318359375,0.0003866758197546005,77666.0625,1.0961984395980835
33500.0,0.0,0.0,-4199824.0,10.622637748718262,508.2257385253906,0.00021544331684708595,77635.6484375,1.0966277122497559
33600.0,0.0,0.0,-4199819.5,10.839879989624023,499.9256896972656,-0.0011261114850640297,77604.1640625,1.097072720527649
33700.0,0.0,0.0,-4199824.5,13.610486030578613,502.3411865234375,0.0006564664654433727,77571.6015625,1.0975332260131836
33800.0,0.0,0.0,-4199825.5,12.402968406677246,502.1617126464844,9.54512506723404e-06,77539.625,1.097985863685608
33900.0,0.0,0.0,-4199827.5,11.067720413208008,502.36810302734375,7.415143772959709e-05,77507.375,1.098442792892456
34000.0,0.0,0.0,-4199831.5,13.892709732055664,505.7142333984375,-0.0012513678520917892,77474.59375,1.098907470703125
34100.0,0.0,0.0,-4199827.0,11.782472610473633,497.6109619140625,-0.0006772866472601891,77440.515625,1.099390983581543
34200.0,0.0,0.0,-4199839.0,10.763993263244629,509.18060302734375,0.0007909114938229322,77404.6484375,1.099900484085083
34300.0,0.0,0.0,-4199827.5,11.723588943481445,496.9041442871094,0.0012858910486102104,77367.2578125,1.10043203830719
34400.0,0.0,0.0,-4199827.5,14.483006477355957,497.99969482421875,-1.8042046576738358e-05,77329.328125,1.1009718179702759
34500.0,0.0,0.0,-4199831.5,10.705398559570312,503.8720703125,-0.001838726457208395,77290.3203125,1.101527452468872
34600.0,0.0,0.0,-4199829.5,12.310880661010742,499.3386535644531,0.0002901940606534481,77250.4609375,1.1020957231521606
34700.0,0.0,0.0,-4199832.0,10.273746490478516,499.24951171875,0.0005535432137548923,77210.3671875,1.102668046951294
34800.0,0.0,0.0,-4199830.0,14.434882164001465,494.2826232910156,0.0015119817107915878,77171.1484375,1.1032284498214722
34900.0,0.0,0.0,-4199831.5,16.439329147338867,490.9737854003906,-0.000657067634165287,77133.5390625,1.1037663221359253
35000.0,0.0,0.0,-4199835.0,10.74573040008545,488.0128173828125,-0.0009098397567868233,77096.3125,1.1042994260787964
35100.0,0.0,0.0,-4199838.5,12.445560455322266,489.6941833496094,-0.0003784247674047947,77058.6328125,1.1048393249511719
35200.0,0.0,0.0,-4199841.0,11.59389877319336,495.2478942871094,0.0008998268749564886,77021.4296875,1.1053730249404907
35300.0,0.0,0.0,-4199836.0,11.071508407592773,494.9046325683594,0.001012182328850031,76984.140625,1.1059086322784424
35400.0,0.0,0.0,-4199830.0,10.495388984680176,493.6974792480469,0.00012559490278363228,76947.328125,1.1064374446868896
35500.0,0.0,0.0,-4199829.5,10.130807876586914,496.26153564453125,-0.00017126044258475304,76911.5390625,1.1069523096084595
35600.0,0.0,0.0,-4199829.0,10.8002347946167,498.54669189453125,0.0002391398884356022,76876.8515625,1.1074519157409668
35700.0,0.0,0.0,-4199832.0,10.60761547088623,503.22625732421875,-0.0004654126241803169,76843.6328125,1.1079306602478027
35800.0,0.0,0.0,-4199830.5,9.936755180358887,502.6150817871094,-0.0003804881125688553,76812.15625,1.1083844900131226
35900.0,0.0,0.0,-4199835.0,10.687477111816406,507.6929016113281,0.0005065600853413343,76782.0078125,1.108819842338562
36000.0,0.0,0.0,-4199827.5,10.756806373596191,505.2669677734375,0.0006522987969219685,76753.7109375,1.109228491783142
36100.0,0.0,0.0,-4199832.0,11.314356803894043,505.3263244628906,0.001333095831796527,76727.3203125,1.1096100807189941
36200.0,0.0,0.0,-4199834.5,11.466548919677734,502.9991149902344,0.00031610368750989437,76702.9765625,1.1099622249603271
36300.0,0.0,0.0,-4199825.0,11.634166717529297,491.3386535644531,-0.0009773471392691135,76680.3125,1.1102904081344604
36400.0,0.0,0.0,-4199830.5,10.87788200378418,498.4336853027344,-0.0007746466435492039,76659.6015625,1.1105902194976807
36500.0,0.0,0.0,-4199834.0,9.008731842041016,501.3199157714844,0.0007034717127680779,76640.8359375,1.110862135887146
36600.0,0.0,0.0,-4199831.0,11.58087158203125,497.6519470214844,0.0013006918597966433,76625.078125,1.1110907793045044
36700.0,0.0,0.0,-4199833.0,13.211812019348145,499.1421203613281,0.0003737101797014475,76612.0859375,1.1112791299819946
36800.0,0.0,0.0,-4199835.5,10.641036033630371,501.66595458984375,-0.00024957628920674324,76601.53125,1.1114321947097778
36900.0,0.0,0.0,-4199829.5,11.17850399017334,499.3887023925781,-0.0004726857878267765,76592.109375,1.1115690469741821
37000.0,0.0,0.0,-4199831.5,11.813654899597168,498.744384765625,0.0003573773428797722,76583.890625,1.111688256263733
37100.0,0.0,0.0,-4199832.0,13.394135475158691,495.0686340332031,0.000769125996157527,76578.1328125,1.1117717027664185
37200.0,0.0,0.0,-4199833.5,12.497722625732422,492.4938659667969,-0.00037238840013742447,76574.890625,1.1118189096450806
37300.0,0.0,0.0,-4199835.5,11.877289772033691,493.3406677246094,-2.8505921363830566e-05,76574.421875,1.1118258237838745
37400.0,0.0,0.0,-4199835.0,11.795348167419434,500.9564208984375,0.0011838977225124836,76575.984375,1.1118030548095703
37500.0,0.0,0.0,-4199834.0,11.971988677978516,504.00640869140625,0.0008866051211953163,76579.2109375,1.1117560863494873
37600.0,0.0,0.0,-4199831.0,12.468656539916992,503.7089538574219,-0.00048483023419976234,76584.5625,1.1116783618927002
37700.0,0.0,0.0,-4199825.0,10.463362693786621,498.0785827636719,-0.0002696830779314041,76591.125,1.1115832328796387
37800.0,0.0,0.0,-4199827.0,13.192939758300781,508.6128234863281,0.0015028845518827438,76600.3125,1.1114498376846313
37900.0,0.0,0.0,-4199828.5,12.068387031555176,508.4327087402344,0.0020250778179615736,76612.9140625,1.11126708984375
38000.0,0.0,0.0,-4199827.0,10.371646881103516,499.79864501953125,-9.109824895858765e-05,76628.59375,1.111039638519287
38100.0,0.0,0.0,-4199833.0,14.19149112701416,501.381103515625,-0.0008233329281210899,76645.8984375,1.1107888221740723
38200.0,0.0,0.0,-4199832.5,12.04365062713623,501.4056701660156,-0.0012459862045943737,76663.296875,1.1105366945266724
38300.0,0.0,0.0,-4199832.5,18.448040008544922,499.07586669921875,0.001539007294923067,76680.4921875,1.1102876663208008
38400.0,0.0,0.0,-4199834.0,16.264902114868164,498.1991882324219,0.00034815561957657337,76698.640625,1.1100250482559204
38500.0,0.0,0.0,-4199832.0,10.48233413696289,494.589599609375,-0.0007049189880490303,76718.03125,1.1097445487976074
38600.0,0.0,0.0,-4199828.0,12.264288902282715,494.6552429199219,-0.0017787646502256393,76738.1953125,1.1094529628753662
38700.0,0.0,0.0,-4199840.0,11.15076732635498,507.16864013671875,0.000713359797373414,76757.7734375,1.109169840812683
38800.0,0.0,0.0,-4199836.0,10.733970642089844,498.6193542480469,0.0020454558543860912,76777.9609375,1.108878493309021
38900.0,0.0,0.0,-4199838.5,11.276013374328613,501.9355773925781,0.0009250734001398087,76798.921875,1.108575463294983
39000.0,0.0,0.0,-4199830.5,10.181949615478516,488.27569580078125,-0.0006877025589346886,76820.8359375,1.1082593202590942
39100.0,0.0,0.0,-4199836.5,10.790295600891113,491.9573974609375,-0.0025518788024783134,76843.4609375,1.1079329252243042
39200.0,0.0,0.0,-4199833.0,11.328109741210938,493.0724792480469,-0.0002787928096950054,76865.8125,1.107610821723938
39300.0,0.0,0.0,-4199840.0,11.6188325881958,505.5711669921875,-6.641214713454247e-05,76888.2890625,1.107287049293518
39400.0,0.0,0.0,-4199831.0,12.035707473754883,503.4473571777344,0.0011242153123021126,76911.0625,1.1069592237472534
39500.0,0.0,0.0,-4199831.5,11.044740676879883,510.4723815917969,0.0005432581529021263,76934.7109375,1.106618881225586
39600.0,0.0,0.0,-4199824.5,12.4771089553833,509.360595703125,0.000759706599637866,76958.3359375,1.1062792539596558
39700.0,0.0,0.0,-4199828.5,12.408631324768066,513.3945922851562,0.0005571132060140371,76982.1484375,1.1059370040893555
39800.0,0.0,0.0,-4199827.0,11.036019325256348,506.59942626953125,-0.0016009057871997356,77006.0078125,1.1055943965911865
39900.0,0.0,0.0,-4199832.5,15.593756675720215,507.1917419433594,-0.0006555984728038311,77030.0,1.1052501201629639
40000.0,0.0,0.0,-4199826.0,11.50275993347168,502.07574462890625,-0.001050444319844246,77053.9921875,1.1049058437347412
40100.0,0.0,0.0,-4199829.5,11.932765007019043,502.52508544921875,0.001795374322682619,77076.3828125,1.1045849323272705
40200.0,0.0,0.0,-4199829.0,13.353764533996582,499.5824890136719,0.0007193982601165771,77098.6796875,1.1042654514312744
40300.0,0.0,0.0,-4199829.5,10.186634063720703,496.9402770996094,-0.0006849868223071098,77119.578125,1.103966236114502
40400.0,0.0,0.0,-4199830.0,11.991052627563477,500.546142578125,-0.0006070127710700035,77138.921875,1.1036893129348755
40500.0,0.0,0.0,-4199831.5,11.243752479553223,500.5617980957031,-0.0007463931106030941,77157.2421875,1.1034274101257324
40600.0,0.0,0.0,-4199831.0,11.263678550720215,500.61065673828125,0.0012693384196609259,77174.671875,1.1031781435012817
40700.0,0.0,0.0,-4199828.5,15.395811080932617,495.2889709472656,-0.00033873505890369415,77191.484375,1.1029378175735474
40800.0,0.0,0.0,-4199831.5,11.696059226989746,494.2592468261719,0.00028243567794561386,77206.984375,1.1027164459228516
40900.0,0.0,0.0,-4199829.5,10.80668830871582,488.85174560546875,-0.0013164719566702843,77219.7421875,1.1025341749191284
41000.0,0.0,0.0,-4199826.0,12.325782775878906,481.63787841796875,0.0002534561790525913,77230.296875,1.1023834943771362
41100.0,0.0,0.0,-4199837.5,10.10984992980957,495.4205322265625,0.00040802545845508575,77240.8671875,1.102232813835144
41200.0,0.0,0.0,-4199836.5,12.064438819885254,498.54229736328125,-0.0006587952375411987,77250.6171875,1.1020936965942383
41300.0,0.0,0.0,-4199837.5,12.902345657348633,503.65283203125,0.00036303605884313583,77257.953125,1.1019890308380127
41400.0,0.0,0.0,-4199823.5,10.450827598571777,493.66168212890625,-0.0007410268299281597,77263.609375,1.1019082069396973
41500.0,0.0,0.0,-4199829.0,14.393083572387695,500.75762939453125,0.0009523413609713316,77267.9765625,1.1018459796905518
41600.0,0.0,0.0,-4199832.5,11.617352485656738,504.64398193359375,-0.0012985141947865486,77270.5390625,1.1018093824386597
41700.0,0.0,0.0,-4199819.0,12.922233581542969,494.9800109863281,0.0005546058528125286,77270.6015625,1.1018085479736328
41800.0,0.0,0.0,-4199823.5,10.916269302368164,499.3885192871094,-0.0003049601800739765,77268.8828125,1.1018331050872803
41900.0,0.0,0.0,-4199822.5,12.271204948425293,497.4960632324219,0.0017739662434905767,77264.0,1.1019026041030884
42000.0,0.0,0.0,-4199832.0,9.954850196838379,506.2452392578125,0.000437319278717041,77257.578125,1.1019943952560425
42100.0,0.0,0.0,-4199827.0,10.58107852935791,500.1498107910156,-0.0015016300603747368,77248.96875,1.1021170616149902
42200.0,0.0,0.0,-4199833.5,9.606583595275879,506.0935974121094,-0.0008388776332139969,77237.3828125,1.1022825241088867
42300.0,0.0,0.0,-4199826.5,11.230978965759277,499.36920166015625,-0.0002631824463605881,77224.2421875,1.10247004032135
42400.0,0.0,0.0,-4199828.0,13.0690336227417,502.6053771972656,0.0012640762142837048,77210.0234375,1.1026729345321655
42500.0,0.0,0.0,-4199824.0,12.737302780151367,499.6517639160156,-0.0003613056614995003,77195.234375,1.102884292602539
42600.0,0.0,0.0,-4199831.0,12.187739372253418,506.7408752441406,-0.0006792065687477589,77178.8515625,1.1031183004379272
42700.0,0.0,0.0,-4199824.5,10.953197479248047,502.03564453125,-0.001135796308517456,77158.9375,1.103403091430664
42800.0,0.0,0.0,-4199830.0,11.675750732421875,502.531494140625,-0.0006605866365134716,77136.7421875,1.1037206649780273
42900.0,0.0,0.0,-4199833.0,12.823601722717285,502.188720703125,0.00045416830107569695,77112.9765625,1.1040606498718262
43000.0,0.0,0.0,-4199836.5,14.293386459350586,504.2190246582031,0.0002699480392038822,77086.9921875,1.1044329404830933
43100.0,0.0,0.0,-4199836.0,11.39241886138916,504.1578674316406,-0.00041486043483018875,77060.078125,1.10481858253479
43200.0,0.0,0.0,-4199827.0,16.360815048217773,495.4980773925781,-0.0007803072221577168,77031.21875,1.1052324771881104
43300.0,0.0,0.0,-4199822.5,12.588308334350586,492.5529479980469,0.0003487665671855211,77001.5234375,1.105658769607544
43400.0,0.0,0.0,-4199825.0,14.25864315032959,500.2727966308594,0.0003438834100961685,76971.5234375,1.10608971118927
43500.0,0.0,0.0,-4199823.0,11.818368911743164,498.1589660644531,-4.0803104639053345e-05,76941.2734375,1.1065245866775513
43600.0,0.0,0.0,-4199831.0,11.701982498168945,507.17828369140625,0.0011761188507080078,76910.78125,1.1069632768630981
43700.0,0.0,0.0,-4199828.5,14.164941787719727,502.145751953125,-0.0009153876453638077,76880.78125,1.1073954105377197
43800.0,0.0,0.0,-4199835.5,12.55431079864502,504.3069152832031,-5.501275882124901e-05,76850.40625,1.1078330278396606
43900.0,0.0,0.0,-4199832.5,10.829972267150879,498.4922790527344,-0.0003396226093173027,76819.953125,1.1082720756530762
44000.0,0.0,0.0,-4199827.0,13.063345909118652,490.768798828125,0.0009473771788179874,76790.4921875,1.1086971759796143
44100.0,0.0,0.0,-4199830.0,14.318584442138672,495.04473876953125,0.0003530220128595829,76762.4453125,1.1091023683547974
44200.0,0.0,0.0,-4199831.5,10.63136100769043,499.1148376464844,-0.0001369505189359188,76735.4140625,1.1094931364059448
44300.0,0.0,0.0,-4199826.0,14.508344650268555,496.1751708984375,-0.0005162232555449009,76709.3984375,1.1098692417144775
44400.0,0.0,0.0,-4199825.5,13.607999801635742,495.8267822265625,-0.00022056978195905685,76683.984375,1.1102372407913208
44500.0,0.0,0.0,-4199834.0,10.482827186584473,503.8772277832031,0.0010174508206546307,76659.59375,1.1105903387069702
44600.0,0.0,0.0,-4199820.5,13.7913179397583,487.5117492675781,0.0006671713199466467,76637.1484375,1.1109156608581543
44700.0,0.0,0.0,-4199832.0,10.658417701721191,499.7728271484375,0.0005560896825045347,76617.359375,1.1112027168273926
44800.0,0.0,0.0,-4199839.0,10.387055397033691,502.1197204589844,0.0004583834670484066,76600.6484375,1.1114449501037598
44900.0,0.0,0.0,-4199833.0,12.43388557434082,493.5908203125,-0.000950502697378397,76585.6796875,1.1116622686386108
45000.0,0.0,0.0,-4199841.0,10.972734451293945,502.05682373046875,-0.0010755779221653938,76572.046875,1.1118602752685547
45100.0,0.0,0.0,-4199835.5,12.043780326843262,499.1353454589844,-0.000552264042198658,76559.6015625,1.1120408773422241
45200.0,0.0,0.0,-4199840.0,9.942842483520508,509.48065185546875,0.0016566633712500334,76548.0703125,1.1122084856033325
45300.0,0.0,0.0,-4199834.0,12.660470962524414,505.8565979003906,0.0012418455444276333,76537.140625,1.1123672723770142
45400.0,0.0,0.0,-4199830.0,10.805352210998535,504.4100341796875,9.351875633001328e-06,76527.2578125,1.1125109195709229
45500.0,0.0,0.0,-4199831.5,12.53682804107666,507.1943359375,0.0006157781463116407,76517.609375,1.1126511096954346
45600.0,0.0,0.0,-4199824.0,13.750500679016113,499.44635009765625,-0.0016250559128820896,76508.3671875,1.1127855777740479
45700.0,0.0,0.0,-4199832.0,12.714190483093262,503.56890869140625,0.00031842151656746864,76499.6484375,1.1129124164581299
45800.0,0.0,0.0,-4199838.0,10.00472640991211,503.99676513671875,0.0005482868291437626,76492.53125,1.11301589012146
45900.0,0.0,0.0,-4199834.5,11.065671920776367,497.8206481933594,0.0009208437986671925,76486.3828125,1.1131055355072021
46000.0,0.0,0.0,-4199835.0,12.556246757507324,498.48931884765625,-6.721774116158485e-05,76480.96875,1.1131842136383057
46100.0,0.0,0.0,-4199832.5,11.570152282714844,496.9258117675781,-0.00029733823612332344,76474.9765625,1.1132714748382568
46200.0,0.0,0.0,-4199842.0,10.655253410339355,509.2371826171875,-0.00030755577608942986,76469.7421875,1.1133476495742798
46300.0,0.0,0.0,-4199841.5,13.024434089660645,507.5046691894531,-8.746422827243805e-05,76465.2578125,1.1134129762649536
46400.0,0.0,0.0,-4199832.5,11.935752868652344,499.40533447265625,0.0005156456027179956,76461.8515625,1.1134625673294067
46500.0,0.0,0.0,-4199830.0,10.980728149414062,497.2731628417969,-0.0007405756041407585,76459.765625,1.1134928464889526
46600.0,0.0,0.0,-4199832.0,11.188861846923828,501.0521545410156,0.00016703736037015915,76458.1953125,1.1135157346725464
46700.0,0.0,0.0,-4199831.5,9.208199501037598,504.67840576171875,-0.0006244895048439503,76457.8125,1.1135214567184448
46800.0,0.0,0.0,-4199833.0,10.56739330291748,509.6564025878906,0.0001752232201397419,76457.3359375,1.1135283708572388
46900.0,0.0,0.0,-4199821.5,12.253089904785156,495.9956359863281,0.00010242406278848648,76458.3671875,1.1135133504867554
47000.0,0.0,0.0,-4199831.5,10.564409255981445,504.41217041015625,0.0009181364439427853,76461.375,1.1134694814682007
47100.0,0.0,0.0,-4199838.0,11.391133308410645,506.28857421875,0.0009550603572279215,76467.0078125,1.1133874654769897
47200.0,0.0,0.0,-4199836.0,13.634062767028809,500.52410888671875,-0.0005345577374100685,76473.4296875,1.1132938861846924
47300.0,0.0,0.0,-4199835.5,10.244096755981445,496.9211120605469,-0.0006801341660320759,76479.8125,1.1132011413574219
47400.0,0.0,0.0,-4199840.5,11.040633201599121,503.9951477050781,-0.0017786412499845028,76486.3046875,1.1131064891815186
47500.0,0.0,0.0,-4199840.5,10.55553150177002,506.20367431640625,0.0005596131086349487,76493.796875,1.1129975318908691
47600.0,0.0,0.0,-4199832.0,11.406023025512695,502.33990478515625,0.0015209487173706293,76502.171875,1.1128758192062378
47700.0,0.0,0.0,-4199839.0,14.38477897644043,508.3348693847656,-0.00014413846656680107,76510.8046875,1.1127500534057617
47800.0,0.0,0.0,-4199829.0,10.874061584472656,491.6283264160156,0.0008442257530987263,76518.75,1.112634539604187
47900.0,0.0,0.0,-4199841.5,9.494912147521973,497.29229736328125,-0.00014383159577846527,76527.4140625,1.1125086545944214
48000.0,0.0,0.0,-4199844.0,11.845000267028809,497.01690673828125,8.387444540858269e-05,76537.0546875,1.1123684644699097
48100.0,0.0,0.0,-4199838.5,13.216760635375977,493.7410583496094,-0.0012943563051521778,76546.9296875,1.1122249364852905
48200.0,0.0,0.0,-4199837.5,12.082911491394043,497.7638854980469,-0.0010286937467753887,76556.296875,1.112088918685913
48300.0,0.0,0.0,-4199831.5,11.01352596282959,495.67205810546875,8.315173909068108e-05,76564.9375,1.1119633913040161
48400.0,0.0,0.0,-4199830.0,11.539811134338379,498.9335632324219,0.0015470278449356556,76572.7421875,1.1118500232696533
48500.0,0.0,0.0,-4199832.0,9.531854629516602,504.04296875,0.0013715203385800123,76580.34375,1.1117396354675293
48600.0,0.0,0.0,-4199835.0,11.173303604125977,513.3164672851562,-0.001370470505207777,76588.0,1.111628532409668
48700.0,0.0,0.0,-4199828.5,12.783141136169434,504.0227355957031,-0.0002471902407705784,76596.2890625,1.1115083694458008
48800.0,0.0,0.0,-4199823.5,11.478544235229492,496.69921875,-0.002715050708502531,76605.6875,1.1113719940185547
48900.0,0.0,0.0,-4199832.0,12.753002166748047,504.5914611816406,0.00029364111833274364,76615.171875,1.1112343072891235
49000.0,0.0,0.0,-4199829.5,12.643747329711914,501.4277648925781,0.001879996620118618,76625.28125,1.111087679862976
49100.0,0.0,0.0,-4199829.0,12.974777221679688,502.79620361328125,0.002702374942600727,76635.6875,1.1109367609024048
49200.0,0.0,0.0,-4199833.5,10.86302375793457,504.82562255859375,-0.00042125536128878593,76646.9140625,1.110774040222168
49300.0,0.0,0.0,-4199837.5,12.03140640258789,507.4916687011719,-0.001965699717402458,76657.03125,1.1106274127960205
49400.0,0.0,0.0,-4199829.5,12.765104293823242,495.21966552734375,-0.001049916259944439,76665.4921875,1.1105048656463623
49500.0,0.0,0.0,-4199834.5,11.649836540222168,499.57476806640625,-0.0012229140847921371,76672.3984375,1.1104048490524292
49600.0,0.0,0.0,-4199829.0,9.722373008728027,493.6316833496094,0.002466805512085557,76678.5859375,1.1103153228759766
49700.0,0.0,0.0,-4199832.0,10.03724479675293,499.0334777832031,0.0018353592604398727,76685.8203125,1.1102105379104614
49800.0,0.0,0.0,-4199830.0,11.120915412902832,499.6044921875,0.0006366097368299961,76693.234375,1.1101032495498657
49900.0,0.0,0.0,-4199831.5,10.59263801574707,501.9585266113281,-0.0013794871047139168,76701.0078125,1.1099908351898193
50000.0,0.0,0.0,-4199831.5,11.514557838439941,501.6128234863281,-0.0017367787659168243,76708.6875,1.109879732131958
50100.0,0.0,0.0,-4199831.5,14.712751388549805,500.2481384277344,0.0002553802914917469,76716.203125,1.1097710132598877
50200.0,0.0,0.0,-4199834.5,9.96741771697998,499.0683898925781,0.0007297918200492859,76723.4453125,1.109666109085083
50300.0,0.0,0.0,-4199829.0,13.31627082824707,488.4588317871094,0.0013362630270421505,76729.8203125,1.1095739603042603
50400.0,0.0,0.0,-4199833.5,11.011177062988281,494.3218994140625,-9.117834270000458e-05,76735.046875,1.109498381614685
50500.0,0.0,0.0,-4199832.0,10.757950782775879,492.99932861328125,-0.000810673926025629,76739.6171875,1.1094322204589844
50600.0,0.0,0.0,-4199839.0,10.642146110534668,503.912353515625,-0.002276421058923006,76743.15625,1.1093811988830566
50700.0,0.0,0.0,-4199837.0,10.717514991760254,506.8386535644531,-0.0007101180963218212,76744.7578125,1.1093579530715942
50800.0,0.0,0.0,-4199824.0,10.448795318603516,498.6147766113281,0.0026196222752332687,76745.328125,1.1093497276306152
50900.0,0.0,0.0,-4199823.5,11.510215759277344,501.5248718261719,0.0018268967978656292,76745.9375,1.1093409061431885
51000.0,0.0,0.0,-4199823.5,11.020369529724121,501.1376953125,-0.0003635948523879051,76747.3984375,1.1093196868896484
51100.0,0.0,0.0,-4199821.5,11.509337425231934,498.6263732910156,-0.002660525031387806,76748.6875,1.1093010902404785
51200.0,0.0,0.0,-4199827.0,11.916454315185547,502.3817138671875,-0.0005313637666404247,76749.03125,1.1092963218688965
51300.0,0.0,0.0,-4199826.0,9.886616706848145,499.909912109375,0.00133909797295928,76749.1953125,1.1092939376831055
51400.0,0.0,0.0,-4199827.0,10.970297813415527,499.6338806152344,0.00023715547285974026,76749.875,1.1092840433120728
51500.0,0.0,0.0,-4199831.0,9.993340492248535,503.2956848144531,0.0007451013661921024,76749.171875,1.1092941761016846
51600.0,0.0,0.0,-4199826.0,11.229034423828125,498.150390625,-0.0011675921268761158,76746.953125,1.1093262434005737
51700.0,0.0,0.0,-4199830.0,11.686469078063965,502.1133117675781,-0.00011497875675559044,76742.9453125,1.109384298324585
51800.0,0.0,0.0,-4199831.5,10.809157371520996,502.95819091796875,-0.0016194302588701248,76737.5,1.109463095664978
51900.0,0.0,0.0,-4199828.5,11.012953758239746,498.9632263183594,-5.1048118621110916e-05,76731.1171875,1.1095551252365112
52000.0,0.0,0.0,-4199831.5,16.330896377563477,501.8729248046875,0.0006528601516038179,76723.3515625,1.1096675395965576
52100.0,0.0,0.0,-4199827.0,11.15904712677002,497.2047424316406,0.0001993540208786726,76713.71875,1.109806776046753
52200.0,0.0,0.0,-4199837.0,10.605669975280762,505.5738525390625,0.0003673182800412178,76702.390625,1.1099708080291748
52300.0,0.0,0.0,-4199830.5,12.071052551269531,496.7718811035156,-0.0014471826143562794,76690.125,1.1101481914520264
52400.0,0.0,0.0,-4199830.0,10.03199577331543,495.4407958984375,-0.0003039413131773472,76675.4375,1.110360860824585
52500.0,0.0,0.0,-4199835.5,11.460264205932617,501.8273620605469,-0.00014990055933594704,76659.21875,1.1105958223342896
52600.0,0.0,0.0,-4199829.0,11.167945861816406,496.945068359375,0.0010372051037847996,76641.59375,1.1108511686325073
52700.0,0.0,0.0,-4199832.5,10.371014595031738,501.6490173339844,0.0005750427953898907,76623.6015625,1.111112117767334
52800.0,0.0,0.0,-4199833.5,13.343849182128906,504.5718688964844,5.979463458061218e-05,76605.6640625,1.1113722324371338
52900.0,0.0,0.0,-4199835.5,10.571990013122559,510.216064453125,-0.0012393305078148842,76586.6484375,1.1116482019424438
53000.0,0.0,0.0,-4199823.0,10.544424057006836,501.3116455078125,-0.0007544695399701595,76565.421875,1.1119563579559326
53100.0,0.0,0.0,-4199827.5,10.66969108581543,508.4844970703125,0.0010560115333646536,76543.59375,1.1122734546661377
53200.0,0.0,0.0,-4199817.0,10.985198974609375,497.0709228515625,0.0001255180686712265,76522.9765625,1.112573266029358
53300.0,0.0,0.0,-4199828.5,10.13807487487793,505.65533447265625,0.0004320445004850626,76502.7578125,1.1128671169281006
53400.0,0.0,0.0,-4199835.0,13.098392486572266,508.09722900390625,-0.000773595180362463,76482.984375,1.1131548881530762
53500.0,0.0,0.0,-4199836.0,12.62741470336914,504.07293701171875,0.00011588027700781822,76461.9375,1.1134612560272217
53600.0,0.0,0.0,-4199830.0,11.399742126464844,494.8801574707031,-0.00040658842772245407,76441.09375,1.1137648820877075
53700.0,0.0,0.0,-4199833.5,10.343719482421875,496.87969970703125,-0.0012002619914710522,76419.6015625,1.114078164100647
53800.0,0.0,0.0,-4199835.5,9.329801559448242,498.3647155761719,-4.3517909944057465e-05,76397.3046875,1.1144033670425415
53900.0,0.0,0.0,-4199829.5,10.742425918579102,493.10662841796875,0.0007643529679626226,76374.3671875,1.1147381067276
54000.0,0.0,0.0,-4199836.0,11.991276741027832,505.05426025390625,0.0021072805393487215,76352.296875,1.1150603294372559
54100.0,0.0,0.0,-4199836.5,11.760830879211426,509.4437561035156,0.00024453108198940754,76331.6171875,1.115362286567688
54200.0,0.0,0.0,-4199829.0,10.07600212097168,505.8191833496094,-0.0014809006825089455,76311.609375,1.1156548261642456
54300.0,0.0,0.0,-4199823.0,9.179889678955078,502.3833312988281,-0.001669165212661028,76292.484375,1.1159343719482422
54400.0,0.0,0.0,-4199823.0,9.976696968078613,502.8909606933594,0.00034281122498214245,76275.25,1.1161866188049316
54500.0,0.0,0.0,-4199828.0,11.636159896850586,503.0567932128906,0.0030930107459425926,76259.609375,1.1164155006408691
54600.0,0.0,0.0,-4199843.0,12.260660171508789,509.9722900390625,0.0008382240775972605,76246.5078125,1.1166073083877563
54700.0,0.0,0.0,-4199834.0,9.55994987487793,496.23095703125,-0.0002449122257530689,76234.109375,1.1167887449264526
54800.0,0.0,0.0,-4199836.5,13.63113784790039,497.77801513671875,-0.0017032865434885025,76221.734375,1.116970181465149
54900.0,0.0,0.0,-4199839.0,14.638848304748535,499.2949523925781,0.0004486418329179287,76210.1171875,1.1171404123306274
55000.0,0.0,0.0,-4199836.5,9.255659103393555,497.8336486816406,0.00040297629311680794,76200.796875,1.1172772645950317
55100.0,0.0,0.0,-4199840.5,11.265116691589355,503.9273681640625,0.0006977510638535023,76192.7734375,1.1173948049545288
55200.0,0.0,0.0,-4199827.0,11.374759674072266,493.6330871582031,0.0008075046353042126,76186.5859375,1.1174856424331665
55300.0,0.0,0.0,-4199826.0,12.132110595703125,497.224365234375,0.0001472625881433487,76182.78125,1.1175413131713867
55400.0,0.0,0.0,-4199830.0,14.0371732711792,505.05706787109375,0.0012192255817353725,76181.921875,1.117553949356079
55500.0,0.0,0.0,-4199831.5,12.134038925170898,507.2065124511719,-0.0008540735580027103,76183.484375,1.1175310611724854
55600.0,0.0,0.0,-4199833.0,10.01644515991211,507.78521728515625,0.0004100329242646694,76187.5859375,1.1174708604812622
55700.0,0.0,0.0,-4199828.5,11.99968433380127,499.79638671875,0.0004662207793444395,76193.203125,1.1173884868621826
55800.0,0.0,0.0,-4199830.5,12.038955688476562,495.60986328125,0.0007650295738130808,76200.328125,1.1172839403152466
55900.0,0.0,0.0,-4199830.5,11.903304100036621,493.5230712890625,0.00048425723798573017,76208.375,1.1171661615371704
56000.0,0.0,0.0,-4199838.0,17.55485725402832,501.8584899902344,-0.0007053343579173088,76217.4765625,1.1170326471328735
56100.0,0.0,0.0,-4199831.0,11.874910354614258,496.11614990234375,-0.001186557114124298,76227.8359375,1.1168807744979858
56200.0,0.0,0.0,-4199837.0,14.1597900390625,502.2434387207031,0.00021848687902092934,76237.5546875,1.1167384386062622
56300.0,0.0,0.0,-4199826.0,10.044279098510742,490.5315856933594,0.0017022802494466305,76248.296875,1.1165810823440552
56400.0,0.0,0.0,-4199831.0,11.362724304199219,499.91448974609375,0.0006419597193598747,76261.3828125,1.1163896322250366
56500.0,0.0,0.0,-4199830.5,10.923412322998047,499.43768310546875,-0.0002337559126317501,76275.5625,1.1161819696426392
56600.0,0.0,0.0,-4199828.0,12.413683891296387,496.7138366699219,-0.0010112491436302662,76290.796875,1.1159590482711792
56700.0,0.0,0.0,-4199827.0,10.923663139343262,491.7218322753906,-0.00010048551484942436,76306.5546875,1.1157286167144775
56800.0,0.0,0.0,-4199839.5,12.601478576660156,499.166748046875,0.0012508970685303211,76323.109375,1.1154866218566895
56900.0,0.0,0.0,-4199838.5,9.981130599975586,494.94189453125,-0.0004524202086031437,76340.84375,1.115227460861206
57000.0,0.0,0.0,-4199837.5,12.324543952941895,493.1670227050781,0.00010928441770374775,76358.6640625,1.1149673461914062
57100.0,0.0,0.0,-4199834.0,11.561230659484863,495.9638977050781,-0.0008912626653909683,76376.5,1.1147068738937378
57200.0,0.0,0.0,-4199835.5,12.835103988647461,502.9615173339844,0.0015265187248587608,76395.0859375,1.1144356727600098
57300.0,0.0,0.0,-4199840.5,17.622608184814453,511.7586975097656,-0.00017533591017127037,76413.7421875,1.1141636371612549
57400.0,0.0,0.0,-4199828.0,12.199925422668457,500.7919006347656,-0.0001460476778447628,76432.5234375,1.1138898134231567
57500.0,0.0,0.0,-4199835.0,11.719308853149414,511.49072265625,0.000251872930675745,76452.0,1.1136059761047363
57600.0,0.0,0.0,-4199824.5,14.235481262207031,504.08892822265625,-0.0005721165798604488,76472.6328125,1.1133055686950684
57700.0,0.0,0.0,-4199824.5,12.381667137145996,506.95208740234375,0.0008750103879719973,76494.9765625,1.1129803657531738
57800.0,0.0,0.0,-4199831.5,9.862833976745605,515.2366333007812,-0.0011516688391566277,76519.109375,1.1126292943954468
57900.0,0.0,0.0,-4199824.5,10.778335571289062,501.21484375,-0.0007851617410778999,76542.9296875,1.1122832298278809
58000.0,0.0,0.0,-4199834.5,10.521199226379395,505.7418518066406,-9.417254477739334e-05,76566.515625,1.1119405031204224
58100.0,0.0,0.0,-4199831.5,10.701053619384766,501.06744384765625,0.0023876172490417957,76589.8046875,1.1116023063659668
58200.0,0.0,0.0,-4199836.0,11.424708366394043,502.3466491699219,0.0005757538601756096,76613.0703125,1.1112648248672485
58300.0,0.0,0.0,-4199838.0,10.28663158416748,503.6338806152344,-0.0005456968210637569,76635.5078125,1.110939383506775
58400.0,0.0,0.0,-4199841.5,10.40187931060791,504.8755798339844,-0.000709067564457655,76656.8828125,1.1106297969818115
58500.0,0.0,0.0,-4199836.5,9.638322830200195,499.12615966796875,-0.0013459357433021069,76676.6484375,1.1103434562683105
58600.0,0.0,0.0,-4199832.0,9.865477561950684,492.5010986328125,0.000815854175016284,76695.4453125,1.1100711822509766
58700.0,0.0,0.0,-4199839.0,11.756781578063965,499.6512451171875,-0.00034632859751582146,76715.140625,1.1097862720489502
58800.0,0.0,0.0,-4199835.5,12.503118515014648,497.5540771484375,0.0004843731876462698,76734.1328125,1.1095114946365356
58900.0,0.0,0.0,-4199830.0,16.866262435913086,502.3155212402344,-0.00029488885775208473,76752.5859375,1.1092449426651
59000.0,0.0,0.0,-4199824.0,15.476137161254883,504.361083984375,0.0004520956426858902,76772.0078125,1.108964204788208
59100.0,0.0,0.0,-4199826.0,12.350295066833496,509.30419921875,0.001080712303519249,76792.453125,1.1086689233779907
59200.0,0.0,0.0,-4199822.5,10.665783882141113,503.2340087890625,-0.00094251474365592,76814.5859375,1.1083494424819946
59300.0,0.0,0.0,-4199819.0,14.181137084960938,494.0946350097656,-0.0003115171566605568,76837.0859375,1.1080249547958374
59400.0,0.0,0.0,-4199831.5,11.28901481628418,503.11907958984375,0.0002715999726206064,76859.2734375,1.1077051162719727
59500.0,0.0,0.0,-4199825.5,12.020118713378906,499.5542297363281,0.0007974850013852119,76881.203125,1.1073890924453735
59600.0,0.0,0.0,-4199830.5,11.527413368225098,502.2316589355469,-0.0007733074016869068,76902.3203125,1.1070849895477295
59700.0,0.0,0.0,-4199832.5,13.071235656738281,501.12872314453125,-0.00021028006449341774,76922.03125,1.1068013906478882
59800.0,0.0,0.0,-4199834.0,12.59422779083252,500.0750427246094,-0.00026355916634202003,76940.796875,1.1065315008163452
59900.0,0.0,0.0,-4199834.0,11.630956649780273,499.8523864746094,0.0007548748981207609,76959.1328125,1.1062676906585693
60000.0,0.0,0.0,-4199836.0,10.165966987609863,506.6702880859375,0.00021264143288135529,76976.96875,1.1060113906860352
60100.0,0.0,0.0,-4199830.5,10.196733474731445,497.288818359375,-0.0012676226906478405,76993.5625,1.1057730913162231
60200.0,0.0,0.0,-4199831.0,12.104147911071777,493.1034851074219,-0.0007909499108791351,77008.2734375,1.1055618524551392
60300.0,0.0,0.0,-4199840.0,10.22715950012207,499.2940368652344,0.00016279565170407295,77021.765625,1.1053681373596191
60400.0,0.0,0.0,-4199840.0,10.8644437789917,498.5930480957031,0.0006786042358726263,77034.8984375,1.1051796674728394
60500.0,0.0,0.0,-4199836.0,11.358929634094238,498.2250671386719,0.001215243712067604,77047.2890625,1.1050019264221191
60600.0,0.0,0.0,-4199832.5,11.5967378616333,501.871337890625,-0.00026946375146508217,77059.125,1.1048322916030884
60700.0,0.0,0.0,-4199827.0,10.065569877624512,506.64862060546875,0.0005753911100327969,77069.28125,1.1046866178512573
60800.0,0.0,0.0,-4199819.5,11.448235511779785,500.1944580078125,-0.0012625418603420258,77078.46875,1.1045550107955933
60900.0,0.0,0.0,-4199829.5,10.615151405334473,509.5384521484375,-0.00028131622821092606,77086.4140625,1.1044411659240723
61000.0,0.0,0.0,-4199827.0,13.130637168884277,502.2068176269531,-0.00032234983518719673,77092.9921875,1.1043468713760376
61100.0,0.0,0.0,-4199827.5,10.129387855529785,502.9761657714844,-0.0006464002653956413,77098.3203125,1.104270577430725
61200.0,0.0,0.0,-4199826.5,13.698674201965332,498.4361877441406,0.000963511411100626,77102.3984375,1.1042121648788452
61300.0,0.0,0.0,-4199838.0,11.299598693847656,509.7127990722656,0.0002576485276222229,77105.578125,1.1041666269302368
61400.0,0.0,0.0,-4199835.5,11.25682544708252,504.16851806640625,-1.1974945664405823e-05,77107.15625,1.1041439771652222
61500.0,0.0,0.0,-4199829.5,10.348238945007324,495.9446105957031,-0.001147931907325983,77107.453125,1.1041399240493774
61600.0,0.0,0.0,-4199824.5,10.670027732849121,488.7162170410156,-0.0012718434445559978,77105.9296875,1.1041617393493652
61700.0,0.0,0.0,-4199842.5,12.306260108947754,506.1623229980469,0.0005528051406145096,77103.078125,1.104202389717102
61800.0,0.0,0.0,-4199838.0,11.440327644348145,503.47430419921875,0.00046536698937416077,77100.2265625,1.104243278503418
61900.0,0.0,0.0,-4199831.0,11.80118465423584,498.8170471191406,0.0007908167317509651,77095.609375,1.104309320449829
62000.0,0.0,0.0,-4199828.0,13.056950569152832,497.9801025390625,-0.0017389887943863869,77090.875,1.104377269744873
62100.0,0.0,0.0,-4199830.0,10.445381164550781,501.2078857421875,-0.00034016650170087814,77084.8828125,1.1044631004333496
62200.0,0.0,0.0,-4199833.5,10.8536958694458,505.5843505859375,0.0007625257130712271,77078.421875,1.104555606842041
62300.0,0.0,0.0,-4199828.0,10.101156234741211,498.498291015625,0.0012438450939953327,77071.6953125,1.1046520471572876
62400.0,0.0,0.0,-4199820.0,10.06950855255127,487.77374267578125,-0.0006800112314522266,77065.9140625,1.104735016822815
62500.0,0.0,0.0,-4199845.0,10.158823013305664,511.909423828125,-0.0025664912536740303,77059.8359375,1.104822039604187
62600.0,0.0,0.0,-4199833.0,10.741081237792969,496.7738952636719,8.385535329580307e-05,77052.0390625,1.1049339771270752
62700.0,0.0,0.0,-4199834.5,10.748272895812988,500.30120849609375,-5.416432395577431e-05,77043.7109375,1.1050533056259155
62800.0,0.0,0.0,-4199831.5,10.906559944152832,494.788330078125,0.0017895069904625416,77035.640625,1.1051690578460693
62900.0,0.0,0.0,-4199837.0,9.566472053527832,499.3377380371094,-0.000511685386300087,77027.5390625,1.1052852869033813
63000.0,0.0,0.0,-4199835.0,11.879854202270508,498.2149963378906,0.0013555064797401428,77019.6015625,1.105399489402771
63100.0,0.0,0.0,-4199835.5,10.557151794433594,499.9546813964844,-0.0010010730475187302,77011.4765625,1.1055158376693726
63200.0,0.0,0.0,-4199831.5,12.228201866149902,499.9512023925781,-0.000522212591022253,77003.171875,1.105635166168213
63300.0,0.0,0.0,-4199822.0,10.179993629455566,495.4974060058594,-6.0986727476119995e-05,76994.78125,1.1057558059692383
63400.0,0.0,0.0,-4199827.0,10.344579696655273,504.4789733886719,0.0008564931340515614,76986.1640625,1.1058794260025024
63500.0,0.0,0.0,-4199827.5,11.5109224319458,505.81219482421875,0.0014455495402216911,76977.71875,1.1060007810592651
63600.0,0.0,0.0,-4199822.0,11.651535034179688,497.38897705078125,-2.9303133487701416e-05,76969.3515625,1.1061209440231323
63700.0,0.0,0.0,-4199831.0,12.998668670654297,506.2015075683594,-0.0013319137506186962,76961.0078125,1.1062407493591309
63800.0,0.0,0.0,-4199832.5,9.621368408203125,502.9051208496094,-0.0011181896552443504,76952.625,1.1063612699508667
63900.0,0.0,0.0,-4199838.5,11.712027549743652,510.1214294433594,0.0011083234567195177,76943.5390625,1.1064919233322144
64000.0,0.0,0.0,-4199830.0,10.097590446472168,500.22845458984375,-0.0003801584243774414,76934.6953125,1.106619119644165
64100.0,0.0,0.0,-4199834.0,16.143291473388672,503.8360900878906,-0.00044901203364133835,76925.609375,1.1067498922348022
64200.0,0.0,0.0,-4199825.5,9.710177421569824,493.35198974609375,-0.0010265801101922989,76916.484375,1.1068812608718872
64300.0,0.0,0.0,-4199835.0,10.707245826721191,501.7377014160156,0.0014485018327832222,76908.4296875,1.1069971323013306
64400.0,0.0,0.0,-4199836.5,11.441503524780273,502.4367980957031,0.0013840051833540201,76901.484375,1.1070971488952637
64500.0,0.0,0.0,-4199834.0,9.471891403198242,496.9046936035156,-0.00010535214096307755,76895.1875,1.1071877479553223
64600.0,0.0,0.0,-4199833.5,10.440523147583008,492.2851257324219,-0.001720951870083809,76888.921875,1.1072779893875122
64700.0,0.0,0.0,-4199834.5,13.46535873413086,490.84381103515625,-0.00031847553327679634,76882.3515625,1.107372522354126
64800.0,0.0,0.0,-4199839.0,12.162985801696777,492.582275390625,-0.00041389791294932365,76875.921875,1.107465147972107
64900.0,0.0,0.0,-4199842.0,11.953723907470703,496.42462158203125,0.0012176376767456532,76869.84375,1.1075527667999268
65000.0,0.0,0.0,-4199830.5,11.145120620727539,490.5777893066406,8.767168037593365e-05,76863.828125,1.1076395511627197
65100.0,0.0,0.0,-4199830.0,10.86789608001709,496.7488708496094,0.0007739798165857792,76856.9765625,1.1077381372451782
65200.0,0.0,0.0,-4199829.5,10.711705207824707,504.5275573730469,-0.0012294151820242405,76851.0078125,1.1078242063522339
65300.0,0.0,0.0,-4199828.0,13.603301048278809,505.6075439453125,-0.0016083628870546818,76846.6875,1.107886552810669
65400.0,0.0,0.0,-4199827.5,9.985647201538086,503.56024169921875,-4.9744267016649246e-05,76843.8046875,1.1079280376434326
65500.0,0.0,0.0,-4199832.5,11.12498664855957,505.8603515625,0.0008882028050720692,76841.1875,1.1079658269882202
65600.0,0.0,0.0,-4199824.5,14.011763572692871,494.5362243652344,0.002399429911747575,76839.3984375,1.1079916954040527
65700.0,0.0,0.0,-4199836.5,10.735954284667969,503.9209289550781,0.0003769141621887684,76839.03125,1.107996940612793
65800.0,0.0,0.0,-4199834.0,11.919031143188477,500.0804443359375,-0.0003384565934538841,76840.0234375,1.1079825162887573
65900.0,0.0,0.0,-4199834.5,13.897745132446289,501.0047607421875,-0.0027009681798517704,76841.71875,1.107958197593689
66000.0,0.0,0.0,-4199831.5,10.28585433959961,497.1454772949219,0.00010455120354890823,76842.5546875,1.1079461574554443
66100.0,0.0,0.0,-4199835.5,12.065906524658203,500.38897705078125,0.0015926985070109367,76844.734375,1.107914686203003
66200.0,0.0,0.0,-4199831.0,10.694954872131348,495.29998779296875,0.0021005889866501093,76848.484375,1.107860803604126
66300.0,0.0,0.0,-4199832.0,9.23624324798584,496.9278259277344,0.00012343167327344418,76854.265625,1.1077772378921509
66400.0,0.0,0.0,-4199833.0,9.305177688598633,500.61932373046875,-0.0012325611896812916,76860.7421875,1.1076838970184326
66500.0,0.0,0.0,-4199831.0,10.141542434692383,502.978759765625,-0.0009098672308027744,76867.5234375,1.107586145401001
66600.0,0.0,0.0,-4199830.5,9.038065910339355,506.4364318847656,-0.0005397200584411621,76875.453125,1.1074720621109009
66700.0,0.0,0.0,-4199824.0,9.419000625610352,505.7913818359375,-0.0005153622478246689,76884.03125,1.1073483228683472
66800.0,0.0,0.0,-4199829.0,10.37850570678711,508.7854309082031,0.0013597412034869194,76893.1015625,1.107217788696289
66900.0,0.0,0.0,-4199830.0,12.559798240661621,503.93505859375,0.0018218753393739462,76904.484375,1.1070539951324463
67000.0,0.0,0.0,-4199824.5,13.2098970413208,492.7534484863281,-0.0008810148574411869,76918.0546875,1.106858491897583
67100.0,0.0,0.0,-4199833.5,11.416804313659668,499.6081237792969,-0.0011398443020880222,76932.25,1.1066542863845825
67200.0,0.0,0.0,-4199836.0,11.135635375976562,500.55255126953125,-0.00043386826291680336,76946.15625,1.1064543724060059
67300.0,0.0,0.0,-4199836.5,10.23102855682373,499.4119873046875,0.0006942944601178169,76959.5546875,1.1062617301940918
67400.0,0.0,0.0,-4199827.0,12.135957717895508,495.0472106933594,0.0010331303346902132,76972.8359375,1.1060707569122314
67500.0,0.0,0.0,-4199829.5,17.476240158081055,499.8248596191406,0.00041032489389181137,76986.1015625,1.1058802604675293
67600.0,0.0,0.0,-4199828.0,11.441481590270996,499.01861572265625,-0.00045927567407488823,77000.4453125,1.105674147605896
67700.0,0.0,0.0,-4199837.5,10.855050086975098,509.50909423828125,-6.584823131561279e-05,77015.0,1.105465292930603
67800.0,0.0,0.0,-4199830.5,10.665754318237305,501.6078796386719,0.0009742141701281071,77029.4921875,1.1052573919296265
67900.0,0.0,0.0,-4199833.0,10.834990501403809,502.3792419433594,0.0005852472968399525,77044.1015625,1.1050477027893066
68000.0,0.0,0.0,-4199830.0,13.332387924194336,495.744140625,-0.001317318994551897,77059.53125,1.1048264503479004
68100.0,0.0,0.0,-4199838.5,11.087944984436035,501.1839904785156,-0.0022137826308608055,77073.8984375,1.1046204566955566
68200.0,0.0,0.0,-4199844.0,12.103775978088379,503.8495178222656,0.0007515468169003725,77086.7578125,1.1044361591339111
68300.0,0.0,0.0,-4199838.0,12.42133617401123,501.2524108886719,0.000691702589392662,77099.6640625,1.104251503944397
68400.0,0.0,0.0,-4199831.5,11.001821517944336,494.98388671875,0.0006212755106389523,77112.453125,1.1040681600570679
68500.0,0.0,0.0,-4199826.5,12.961701393127441,491.095703125,-0.0017385510727763176,77124.578125,1.1038947105407715
68600.0,0.0,0.0,-4199831.0,13.456789016723633,499.476318359375,0.0006207490805536509,77134.6015625,1.1037511825561523
68700.0,0.0,0.0,-4199824.0,12.753656387329102,496.771240234375,0.0005599469877779484,77143.8515625,1.103618860244751
68800.0,0.0,0.0,-4199829.5,13.642043113708496,507.0317077636719,-7.632654160261154e-05,77152.65625,1.1034928560256958
68900.0,0.0,0.0,-4199821.5,11.619166374206543,503.068603515625,-0.00019742129370570183,77160.6640625,1.1033782958984375
69000.0,0.0,0.0,-4199825.5,10.530773162841797,508.0575256347656,-0.0006475746631622314,77167.359375,1.1032826900482178
69100.0,0.0,0.0,-4199827.0,12.27702522277832,505.65716552734375,0.0012931760866194963,77172.6640625,1.103206753730774
69200.0,0.0,0.0,-4199826.0,12.733628273010254,497.8970642089844,-0.0003955420106649399,77177.1640625,1.103142499923706
69300.0,0.0,0.0,-4199830.5,11.521833419799805,499.1899719238281,-0.0006224052049219608,77180.1171875,1.103100299835205
69400.0,0.0,0.0,-4199837.5,10.268400192260742,504.5516052246094,-0.0011551217176020145,77181.5546875,1.1030796766281128
69500.0,0.0,0.0,-4199836.0,12.164073944091797,502.8365173339844,-3.384659066796303e-05,77179.734375,1.1031056642532349
69600.0,0.0,0.0,-4199838.0,11.120623588562012,504.2015380859375,0.0003054169937968254,77175.0859375,1.1031723022460938
69700.0,0.0,0.0,-4199836.5,9.975667953491211,501.630859375,0.000550844706594944,77169.59375,1.1032507419586182
69800.0,0.0,0.0,-4199837.0,9.817333221435547,503.3768005371094,-0.00017293309792876244,77163.2421875,1.1033414602279663
69900.0,0.0,0.0,-4199835.0,12.903388977050781,501.7510681152344,-0.0008785435929894447,77155.3125,1.1034549474716187
70000.0,0.0,0.0,-4199831.0,10.472086906433105,493.99993896484375,0.0008516721427440643,77145.0078125,1.1036022901535034
70100.0,0.0,0.0,-4199835.0,10.701516151428223,494.3301696777344,0.0006357459351420403,77133.421875,1.103767991065979
70200.0,0.0,0.0,-4199836.0,10.937556266784668,492.5740966796875,-0.00024099182337522507,77121.96875,1.1039319038391113
70300.0,0.0,0.0,-4199837.0,10.641324043273926,493.56512451171875,-0.0005540722049772739,77109.78125,1.1041064262390137
70400.0,0.0,0.0,-4199836.0,10.674013137817383,499.7969970703125,-0.0005240668542683125,77097.4375,1.104283332824707
70500.0,0.0,0.0,-4199830.0,10.581755638122559,499.2132263183594,0.0002930690534412861,77084.5859375,1.1044672727584839
70600.0,0.0,0.0,-4199829.5,12.017032623291016,506.76434326171875,0.002238964196294546,77071.6015625,1.1046534776687622
70700.0,0.0,0.0,-4199825.5,12.655461311340332,505.46807861328125,-0.0001415344886481762,77060.453125,1.1048132181167603
70800.0,0.0,0.0,-4199822.0,12.061500549316406,502.0601806640625,-0.000718187540769577,77049.3046875,1.1049731969833374
70900.0,0.0,0.0,-4199825.5,10.553260803222656,503.99993896484375,-0.0003767660818994045,77038.03125,1.1051348447799683
71000.0,0.0,0.0,-4199818.5,10.184012413024902,494.0213317871094,0.0005217511206865311,77026.96875,1.1052935123443604
71100.0,0.0,0.0,-4199826.5,9.367667198181152,499.78021240234375,-0.0007989895530045033,77017.3515625,1.1054315567016602
71200.0,0.0,0.0,-4199825.0,9.559536933898926,496.97174072265625,-0.0007436713203787804,77006.7890625,1.1055831909179688
71300.0,0.0,0.0,-4199826.5,9.78131103515625,497.8963928222656,0.0005827727727591991,76994.9453125,1.1057531833648682
71400.0,0.0,0.0,-4199838.5,11.375679969787598,507.6227722167969,-0.00016708672046661377,76981.765625,1.105942726135254
71500.0,0.0,0.0,-4199832.5,13.587339401245117,500.5463562011719,0.0016981801018118858,76967.9609375,1.1061409711837769
71600.0,0.0,0.0,-4199831.0,9.473261833190918,497.71478271484375,-0.0004818430170416832,76956.0078125,1.10631263256073
71700.0,0.0,0.0,-4199826.5,11.337115287780762,495.6598205566406,0.000930071109905839,76943.125,1.1064980030059814
71800.0,0.0,0.0,-4199823.0,18.299137115478516,491.2100524902344,0.00038442155346274376,76929.6953125,1.1066911220550537
71900.0,0.0,0.0,-4199836.5,10.846343040466309,503.2648010253906,-0.00023240270093083382,76916.015625,1.106887936592102
72000.0,0.0,0.0,-4199831.5,9.943050384521484,497.3976135253906,-0.0020956224761903286,76902.640625,1.1070804595947266
72100.0,0.0,0.0,-4199827.5,12.273079872131348,490.4842834472656,-0.0009748907759785652,76888.9296875,1.1072778701782227
72200.0,0.0,0.0,-4199832.0,10.068283081054688,495.20703125,0.0014223272446542978,76873.9609375,1.1074936389923096
72300.0,0.0,0.0,-4199833.5,10.95828914642334,497.91986083984375,0.0013882331550121307,76859.453125,1.107702612876892
72400.0,0.0,0.0,-4199836.0,9.151820182800293,505.13580322265625,0.0008674287237226963,76845.359375,1.107905626296997
72500.0,0.0,0.0,-4199843.0,10.516249656677246,514.749755859375,-0.0019094618037343025,76832.203125,1.1080952882766724
72600.0,0.0,0.0,-4199830.5,9.966769218444824,499.5477600097656,-0.0012630042620003223,76819.453125,1.1082792282104492
72700.0,0.0,0.0,-4199830.0,12.522832870483398,503.0505065917969,0.0007072295993566513,76806.4453125,1.1084671020507812
72800.0,0.0,0.0,-4199834.0,12.39016056060791,503.4652404785156,0.0028339261189103127,76793.6171875,1.1086522340774536
72900.0,0.0,0.0,-4199835.5,10.210639953613281,503.1310119628906,-0.0002592974342405796,76781.9140625,1.108821153640747
73000.0,0.0,0.0,-4199836.0,10.754779815673828,503.39593505859375,-0.0038328957743942738,76769.8125,1.1089959144592285
73100.0,0.0,0.0,-4199831.5,11.740208625793457,502.0750732421875,-0.0023268675431609154,76755.6640625,1.109200358390808
73200.0,0.0,0.0,-4199840.0,9.62631607055664,509.7406311035156,0.0024072478991001844,76740.359375,1.1094216108322144
73300.0,0.0,0.0,-4199836.0,16.199817657470703,503.6504211425781,0.004175262525677681,76726.1328125,1.109627366065979
73400.0,0.0,0.0,-4199824.0,12.1409330368042,498.49420166015625,0.00045315781608223915,76713.53125,1.1098095178604126
73500.0,0.0,0.0,-4199822.5,12.651633262634277,493.6382141113281,-0.003704913891851902,76701.421875,1.1099848747253418
73600.0,0.0,0.0,-4199837.0,11.664478302001953,509.4978942871094,-0.0030458495020866394,76688.1875,1.1101763248443604
73700.0,0.0,0.0,-4199836.5,10.989937782287598,505.09490966796875,-0.001007759477943182,76674.75,1.1103709936141968
73800.0,0.0,0.0,-4199837.5,10.891910552978516,507.30523681640625,0.0018306374549865723,76661.3671875,1.1105647087097168
73900.0,0.0,0.0,-4199823.5,13.107346534729004,490.9845886230469,0.0019148678984493017,76648.203125,1.110755443572998
74000.0,0.0,0.0,-4199829.0,11.392385482788086,497.7628479003906,0.0015437703114002943,76634.2265625,1.1109579801559448
74100.0,0.0,0.0,-4199827.0,9.777897834777832,498.7981872558594,-0.0013632341288030148,76620.4375,1.1111578941345215
74200.0,0.0,0.0,-4199832.0,10.496933937072754,502.21234130859375,-0.001273562666028738,76606.0078125,1.1113672256469727
74300.0,0.0,0.0,-4199836.0,12.464560508728027,502.68829345703125,-0.0007742601446807384,76591.1171875,1.1115833520889282
74400.0,0.0,0.0,-4199834.0,10.483376502990723,502.313232421875,-0.0006382279098033905,76575.5625,1.1118091344833374
74500.0,0.0,0.0,-4199831.0,13.565468788146973,497.23895263671875,0.0015792548656463623,76558.6484375,1.1120548248291016
74600.0,0.0,0.0,-4199833.5,10.500507354736328,499.4219665527344,0.0026139894034713507,76541.6171875,1.112302303314209
74700.0,0.0,0.0,-4199837.5,10.033751487731934,503.0660705566406,-8.398434147238731e-05,76525.375,1.1125383377075195
74800.0,0.0,0.0,-4199829.0,12.791543960571289,496.0866394042969,-0.0032660039141774178,76507.9921875,1.1127910614013672
74900.0,0.0,0.0,-4199831.5,15.422764778137207,500.4189758300781,-0.0026142806746065617,76488.046875,1.1130813360214233
75000.0,0.0,0.0,-4199836.0,10.20388126373291,505.6979064941406,0.002245635725557804,76466.5390625,1.1133942604064941
75100.0,0.0,0.0,-4199832.0,14.408478736877441,505.39654541015625,0.0021903272718191147,76445.859375,1.113695502281189
75200.0,0.0,0.0,-4199830.0,11.770877838134766,500.37908935546875,-7.332209497690201e-05,76425.1171875,1.1139976978302002
75300.0,0.0,0.0,-4199835.5,11.444580078125,503.5308837890625,-0.0015793470665812492,76403.359375,1.1143149137496948
75400.0,0.0,0.0,-4199835.5,10.610426902770996,503.3102111816406,-0.0016838135197758675,76380.515625,1.1146482229232788
75500.0,0.0,0.0,-4199832.5,11.527563095092773,498.0226745605469,0.0010746894404292107,76356.4375,1.114999771118164
75600.0,0.0,0.0,-4199834.0,10.87051010131836,498.5926818847656,6.794650107622147e-05,76333.078125,1.115341067314148
75700.0,0.0,0.0,-4199837.0,12.512869834899902,502.1304626464844,0.0006363694556057453,76308.7578125,1.1156965494155884
75800.0,0.0,0.0,-4199832.5,12.232413291931152,499.4505615234375,-0.002182489261031151,76285.5390625,1.1160359382629395
75900.0,0.0,0.0,-4199839.0,12.816353797912598,506.88214111328125,-0.001360021997243166,76262.1328125,1.116378664970398
76000.0,0.0,0.0,-4199831.0,11.001551628112793,499.82080078125,0.0012944345362484455,76239.2109375,1.1167141199111938
76100.0,0.0,0.0,-4199835.0,12.57911205291748,504.06292724609375,0.001458821352571249,76218.578125,1.1170164346694946
76200.0,0.0,0.0,-4199837.5,13.92807674407959,505.5161437988281,0.00021674809977412224,76199.84375,1.1172912120819092
76300.0,0.0,0.0,-4199840.5,12.123075485229492,503.4621887207031,-0.0008187354542315006,76182.375,1.1175473928451538
76400.0,0.0,0.0,-4199840.0,10.759223937988281,501.11590576171875,0.00037742312997579575,76164.8125,1.117805004119873
76500.0,0.0,0.0,-4199842.5,15.92671012878418,499.54730224609375,-0.00010901922360062599,76147.734375,1.1180557012557983
76600.0,0.0,0.0,-4199843.0,15.798661231994629,499.8062744140625,0.0012994799762964249,76131.546875,1.1182935237884521
76700.0,0.0,0.0,-4199833.0,11.502054214477539,491.87841796875,-0.0006075715646147728,76115.7734375,1.1185251474380493
76800.0,0.0,0.0,-4199835.0,14.281396865844727,499.99993896484375,0.0006960704922676086,76100.3203125,1.118752121925354
76900.0,0.0,0.0,-4199830.5,12.963068008422852,500.24249267578125,0.00048352056182920933,76085.7578125,1.1189663410186768
77000.0,0.0,0.0,-4199831.5,13.51441764831543,504.5517272949219,-0.0013314783573150635,76072.2734375,1.1191647052764893
77100.0,0.0,0.0,-4199828.5,12.183784484863281,504.6404724121094,-0.0007797395810484886,76060.1328125,1.1193435192108154
77200.0,0.0,0.0,-4199830.0,11.456801414489746,513.5691528320312,-0.0005962103605270386,76049.1171875,1.119505524635315
77300.0,0.0,0.0,-4199823.0,14.184540748596191,498.7569580078125,0.0025623992551118135,76039.609375,1.119645595550537
77400.0,0.0,0.0,-4199836.0,13.058324813842773,504.46417236328125,0.002517635002732277,76031.75,1.119761347770691
77500.0,0.0,0.0,-4199825.0,17.78546142578125,488.4401550292969,0.0001703188754618168,76024.609375,1.1198663711547852
77600.0,0.0,0.0,-4199841.5,10.392151832580566,504.5328369140625,-0.002115102019160986,76018.3125,1.1199592351913452
77700.0,0.0,0.0,-4199835.5,12.828770637512207,501.4631042480469,-0.0007792818360030651,76012.3203125,1.1200474500656128
77800.0,0.0,0.0,-4199832.0,12.098068237304688,495.9931945800781,0.0014085043221712112,76006.9609375,1.120126485824585
77900.0,0.0,0.0,-4199840.5,12.279556274414062,503.04241943359375,0.0009009414352476597,76002.7890625,1.1201879978179932
78000.0,0.0,0.0,-4199835.0,13.220909118652344,495.56500244140625,-0.0004125158302485943,75999.6171875,1.1202346086502075
78100.0,0.0,0.0,-4199839.5,12.437158584594727,499.1966857910156,-0.0002538594417273998,75997.1484375,1.12027108669281
78200.0,0.0,0.0,-4199829.5,15.276265144348145,488.14825439453125,0.0005491029005497694,75995.8359375,1.1202905178070068
78300.0,0.0,0.0,-4199835.5,15.241095542907715,498.7013854980469,0.0020744772627949715,75995.1875,1.1202999353408813
78400.0,0.0,0.0,-4199833.0,9.922158241271973,502.2061462402344,0.0005623605102300644,75995.625,1.1202934980392456
78500.0,0.0,0.0,-4199833.5,10.28516960144043,510.1826171875,0.0003007443156093359,75995.6484375,1.1202932596206665
78600.0,0.0,0.0,-4199823.5,13.264275550842285,500.519775390625,-0.0022729369811713696,75996.1875,1.1202852725982666
78700.0,0.0,0.0,-4199831.5,14.722640991210938,510.1793518066406,0.0002605058252811432,75997.4375,1.1202667951583862
78800.0,0.0,0.0,-4199826.0,13.711250305175781,499.0758972167969,0.0001300792209804058,76000.453125,1.120222568511963
78900.0,0.0,0.0,-4199833.5,13.600560188293457,499.25421142578125,0.0005646771751344204,76003.9921875,1.12017023563385
79000.0,0.0,0.0,-4199840.0,12.290484428405762,503.1933898925781,8.647143840789795e-05,76008.15625,1.1201088428497314
79100.0,0.0,0.0,-4199827.5,14.765852928161621,491.2255554199219,-0.0003143949434161186,76014.0234375,1.1200225353240967
79200.0,0.0,0.0,-4199836.5,11.937405586242676,501.5119934082031,0.0008422955870628357,76021.421875,1.1199132204055786
79300.0,0.0,0.0,-4199827.0,10.227656364440918,493.25433349609375,-6.08665868639946e-05,76030.9921875,1.1197724342346191
79400.0,0.0,0.0,-4199830.0,10.518013954162598,500.2288513183594,0.00010693026706576347,76042.1015625,1.119608759880066
79500.0,0.0,0.0,-4199830.5,11.62605094909668,503.04083251953125,-0.0003592357970774174,76054.140625,1.1194316148757935
79600.0,0.0,0.0,-4199830.5,10.080129623413086,504.00726318359375,-0.00033746520057320595,76066.6875,1.1192469596862793
79700.0,0.0,0.0,-4199831.5,12.050650596618652,501.7483215332031,0.0015830656047910452,76079.28125,1.1190617084503174
79800.0,0.0,0.0,-4199833.5,11.908995628356934,498.0147705078125,0.00046733743511140347,76093.1015625,1.1188584566116333
79900.0,0.0,0.0,-4199836.5,19.56532096862793,499.3053894042969,-0.00039161788299679756,76107.9375,1.1186403036117554
80000.0,0.0,0.0,-4199833.5,12.902608871459961,498.57281494140625,-0.0008283713832497597,76122.9921875,1.1184190511703491
80100.0,0.0,0.0,-4199832.5,12.411124229431152,498.8982238769531,-0.0003021005541086197,76138.3671875,1.11819326877594
80200.0,0.0,0.0,-4199842.0,12.74629020690918,512.955810546875,0.00121627701446414,76153.9453125,1.1179646253585815
80300.0,0.0,0.0,-4199836.5,12.658499717712402,505.22100830078125,0.0009943614713847637,76170.265625,1.117724895477295
80400.0,0.0,0.0,-4199837.0,15.522468566894531,501.5181579589844,0.0007796562276780605,76186.5703125,1.117485761642456
80500.0,0.0,0.0,-4199838.5,11.93604564666748,498.6915283203125,-0.0004480103962123394,76202.28125,1.1172553300857544
80600.0,0.0,0.0,-4199831.5,12.19105339050293,491.89678955078125,-0.0007765539921820164,76216.03125,1.117053747177124
80700.0,0.0,0.0,-4199841.5,10.257387161254883,503.5504455566406,-0.0006350674666464329,76228.6875,1.1168683767318726
80800.0,0.0,0.0,-4199830.5,11.37568187713623,495.4843444824219,-0.0006286166608333588,76240.3359375,1.1166976690292358
80900.0,0.0,0.0,-4199832.5,15.63846206665039,500.4140930175781,0.0001384718343615532,76251.6328125,1.1165322065353394
81000.0,0.0,0.0,-4199834.0,13.127157211303711,503.3498840332031,9.568734094500542e-05,76261.828125,1.1163829565048218
81100.0,0.0,0.0,-4199825.5,13.657011985778809,497.08587646484375,0.0009648918639868498,76270.8359375,1.1162512302398682
81200.0,0.0,0.0,-4199828.5,13.170242309570312,499.1431884765625,-0.000674193724989891,76278.921875,1.1161327362060547
81300.0,0.0,0.0,-4199834.5,12.89930248260498,497.75665283203125,-0.0011038053780794144,76285.8671875,1.116031289100647
81400.0,0.0,0.0,-4199837.0,12.221190452575684,501.2543640136719,-0.001578290481120348,76291.8984375,1.115943193435669
81500.0,0.0,0.0,-4199829.0,11.03614330291748,495.6266784667969,-0.0002441541291773319,76296.3125,1.1158784627914429
81600.0,0.0,0.0,-4199834.0,14.152291297912598,503.68572998046875,0.0009384839795529842,76299.9921875,1.115824580192566
81700.0,0.0,0.0,-4199821.5,14.882362365722656,495.46954345703125,0.0005355207249522209,76303.328125,1.1157758235931396
81800.0,0.0,0.0,-4199826.0,13.490059852600098,503.3589782714844,-0.00043304311111569405,76305.6171875,1.1157423257827759
81900.0,0.0,0.0,-4199828.5,12.467170715332031,506.9508361816406,-0.0006134118884801865,76305.5078125,1.11574387550354
82000.0,0.0,0.0,-4199830.5,13.11393928527832,510.7935485839844,-0.0002717035822570324,76303.359375,1.1157753467559814
82100.0,0.0,0.0,-4199828.5,13.199201583862305,503.3328857421875,-0.0015103546902537346,76299.890625,1.11582612991333
82200.0,0.0,0.0,-4199835.0,13.94163703918457,506.2651062011719,0.0007110601291060448,76294.765625,1.1159007549285889
82300.0,0.0,0.0,-4199834.5,13.698904991149902,503.24627685546875,0.0010611633770167828,76288.7890625,1.1159884929656982
82400.0,0.0,0.0,-4199832.5,11.472140312194824,499.7738037109375,0.00040568062104284763,76280.9296875,1.1161034107208252
82500.0,0.0,0.0,-4199836.5,16.58232307434082,500.9960632324219,-0.0008981022983789444,76271.484375,1.1162415742874146
82600.0,0.0,0.0,-4199832.5,10.52461051940918,492.97320556640625,-0.00036355946213006973,76259.1796875,1.1164216995239258
82700.0,0.0,0.0,-4199830.5,10.586133003234863,489.86663818359375,-0.0017355107702314854,76245.5546875,1.1166213750839233
82800.0,0.0,0.0,-4199844.0,13.159482955932617,504.40582275390625,0.0006474433466792107,76230.7421875,1.1168382167816162
82900.0,0.0,0.0,-4199837.0,11.799820899963379,500.9859924316406,0.0006663957610726357,76215.3203125,1.1170642375946045
83000.0,0.0,0.0,-4199830.0,14.357486724853516,502.02972412109375,8.867401629686356e-05,76198.3984375,1.1173123121261597
83100.0,0.0,0.0,-4199828.5,11.675614356994629,506.1202087402344,-0.001973060891032219,76180.3125,1.1175775527954102
83200.0,0.0,0.0,-4199823.5,12.815295219421387,502.0146484375,-0.0007002418860793114,76160.3671875,1.1178702116012573
83300.0,0.0,0.0,-4199828.0,15.03758430480957,503.5167236328125,-0.0006344537250697613,76139.6171875,1.1181749105453491
83400.0,0.0,0.0,-4199837.0,15.947691917419434,509.30401611328125,0.0019820055458694696,76118.3515625,1.1184873580932617
83500.0,0.0,0.0,-4199829.0,11.199610710144043,498.2748107910156,-0.0007807076908648014,76097.71875,1.1187905073165894
83600.0,0.0,0.0,-4199834.0,14.932821273803711,502.374755859375,-0.0004688166081905365,76076.6875,1.1190999746322632
83700.0,0.0,0.0,-4199838.0,10.936721801757812,507.0251159667969,-0.0008882144466042519,76055.9609375,1.1194047927856445
83800.0,0.0,0.0,-4199830.0,13.541486740112305,502.2541809082031,0.0010571423918008804,76034.53125,1.1197203397750854
83900.0,0.0,0.0,-4199825.5,15.090712547302246,500.14886474609375,0.0011259368620812893,76013.78125,1.1200259923934937
84000.0,0.0,0.0,-4199833.5,10.205483436584473,502.79083251953125,-0.0006036264821887016,75993.0,1.1203322410583496
84100.0,0.0,0.0,-4199836.5,11.875245094299316,500.3944091796875,-0.001095532439649105,75972.46875,1.1206350326538086
84200.0,0.0,0.0,-4199842.0,12.096613883972168,505.43072509765625,-0.0003580567426979542,75951.859375,1.120939016342163
84300.0,0.0,0.0,-4199837.5,12.492310523986816,499.5630798339844,0.0010212170891463757,75932.2265625,1.1212289333343506
84400.0,0.0,0.0,-4199838.0,11.88900375366211,500.12890625,0.0013642464764416218,75913.53125,1.1215050220489502
84500.0,0.0,0.0,-4199840.5,10.883150100708008,503.39892578125,-0.0002139657735824585,75895.6640625,1.1217691898345947
84600.0,0.0,0.0,-4199835.0,11.132046699523926,498.3704528808594,-0.000374015886336565,75877.7421875,1.122033953666687
84700.0,0.0,0.0,-4199833.5,15.458645820617676,498.7021179199219,-0.0005596284754574299,75860.65625,1.1222867965698242
84800.0,0.0,0.0,-4199832.5,11.971147537231445,502.1976318359375,0.00062229810282588,75843.828125,1.1225359439849854
84900.0,0.0,0.0,-4199826.5,12.384965896606445,501.3804626464844,-0.0004882020875811577,75828.578125,1.122761607170105
85000.0,0.0,0.0,-4199830.0,12.458236694335938,506.8310852050781,0.0006673105526715517,75814.1484375,1.1229751110076904
85100.0,0.0,0.0,-4199832.0,12.487663269042969,507.2503356933594,-0.0002101329155266285,75801.3203125,1.123165249824524
85200.0,0.0,0.0,-4199832.0,11.660311698913574,503.1169128417969,0.001564797479659319,75789.5859375,1.123339056968689
85300.0,0.0,0.0,-4199835.5,13.801009178161621,502.7362976074219,-0.0004518479108810425,75780.671875,1.1234712600708008
85400.0,0.0,0.0,-4199830.0,12.075634956359863,495.7209777832031,-0.001147995237261057,75773.59375,1.1235761642456055
85500.0,0.0,0.0,-4199833.0,12.336202621459961,496.78179931640625,-0.000436343252658844,75768.359375,1.123653769493103
85600.0,0.0,0.0,-4199830.5,14.634761810302734,492.68707275390625,0.0021433865185827017,75764.1640625,1.123716115951538
85700.0,0.0,0.0,-4199838.5,12.553993225097656,500.59912109375,0.0006136186420917511,75761.8203125,1.1237508058547974
85800.0,0.0,0.0,-4199838.5,11.943726539611816,499.7891845703125,-0.0005242996849119663,75760.9140625,1.1237642765045166
85900.0,0.0,0.0,-4199842.0,10.290837287902832,502.2146911621094,-0.0009629982523620129,75760.765625,1.1237666606903076
86000.0,0.0,0.0,-4199845.0,9.755565643310547,503.03009033203125,0.00023994827643036842,75761.7265625,1.123752236366272
86100.0,0.0,0.0,-4199838.5,13.29931354522705,496.0051574707031,0.0024522605817764997,75763.890625,1.1237201690673828
86200.0,0.0,0.0,-4199831.0,10.22049617767334,486.4736633300781,-7.156096398830414e-05,75768.0390625,1.1236586570739746
86300.0,0.0,0.0,-4199837.0,12.773514747619629,492.2714538574219,-9.178463369607925e-05,75773.390625,1.1235792636871338
86400.0,0.0,0.0,-4199837.0,12.325284957885742,494.0561218261719,-0.0014654160477221012,75779.3359375,1.1234910488128662
86500.0,0.0,0.0,-4199843.5,13.235480308532715,503.10565185546875,0.0013388888910412788,75785.8515625,1.12339448928833
86600.0,0.0,0.0,-4199834.5,11.172174453735352,496.91387939453125,0.0002752027940005064,75794.171875,1.1232712268829346
86700.0,0.0,0.0,-4199831.0,11.225301742553711,497.92401123046875,6.170384585857391e-05,75803.3671875,1.1231348514556885
86800.0,0.0,0.0,-4199835.0,10.346487998962402,506.3000183105469,-0.0012431629002094269,75812.265625,1.1230031251907349
86900.0,0.0,0.0,-4199831.5,11.976105690002441,504.020751953125,4.154304042458534e-05,75821.6953125,1.1228634119033813
87000.0,0.0,0.0,-4199834.5,17.06563949584961,505.9710693359375,0.0006758738309144974,75832.53125,1.122702956199646
87100.0,0.0,0.0,-4199836.0,11.461791038513184,506.18896484375,0.0002331901341676712,75845.3125,1.122513771057129
87200.0,0.0,0.0,-4199838.0,12.011679649353027,506.0594787597656,2.1168962121009827e-05,75860.1171875,1.1222947835922241
87300.0,0.0,0.0,-4199837.0,10.472885131835938,500.709716796875,-0.0005722162313759327,75876.5859375,1.1220511198043823
87400.0,0.0,0.0,-4199841.5,11.74588680267334,504.03436279296875,0.0002751981373876333,75894.5390625,1.1217857599258423
87500.0,0.0,0.0,-4199838.0,12.039811134338379,498.81640625,0.0010359864681959152,75913.90625,1.1214996576309204
87600.0,0.0,0.0,-4199838.5,12.486418724060059,497.8365478515625,4.192302003502846e-05,75934.359375,1.1211974620819092
87700.0,0.0,0.0,-4199837.5,12.377311706542969,496.0564270019531,-0.0004078950732946396,75955.5859375,1.1208840608596802
87800.0,0.0,0.0,-4199834.5,13.761757850646973,498.8394470214844,-0.0005828565917909145,75977.1875,1.120565414428711
87900.0,0.0,0.0,-4199835.5,13.291471481323242,503.7420349121094,0.001223943429067731,75998.7109375,1.1202480792999268
88000.0,0.0,0.0,-4199836.0,11.94558334350586,507.79150390625,0.0007872199639678001,76022.0390625,1.1199041604995728
88100.0,0.0,0.0,-4199839.5,12.65760612487793,512.353759765625,1.3327226042747498e-05,76045.171875,1.1195636987686157
88200.0,0.0,0.0,-4199834.5,12.281390190124512,505.22552490234375,-0.0006613465957343578,76066.8984375,1.119243860244751
88300.0,0.0,0.0,-4199834.5,12.092414855957031,499.6971435546875,-0.0001250719651579857,76087.40625,1.1189422607421875
88400.0,0.0,0.0,-4199837.0,13.709627151489258,497.27313232421875,0.00031124986708164215,76108.75,1.1186285018920898
88500.0,0.0,0.0,-4199832.5,12.979528427124023,495.13983154296875,-0.0002503274008631706,76130.765625,1.118304967880249
88600.0,0.0,0.0,-4199830.0,16.089967727661133,495.04730224609375,-0.00021661771461367607,76152.1328125,1.1179910898208618
88700.0,0.0,0.0,-4199835.0,9.779561042785645,499.0339050292969,-0.0005970755591988564,76172.703125,1.1176891326904297
88800.0,0.0,0.0,-4199832.5,9.05380916595459,493.15802001953125,-0.001038889866322279,76191.875,1.117408037185669
88900.0,0.0,0.0,-4199841.5,11.47071647644043,497.28717041015625,0.0009377244859933853,76210.7890625,1.1171306371688843
89000.0,0.0,0.0,-4199837.0,14.856910705566406,487.5549621582031,0.00017034984193742275,76229.7578125,1.1168527603149414
89100.0,0.0,0.0,-4199840.5,14.031517028808594,490.1907958984375,0.0011210620868951082,76248.625,1.1165763139724731
89200.0,0.0,0.0,-4199839.5,10.616262435913086,493.7264404296875,-0.0002732258290052414,76267.34375,1.1163023710250854
89300.0,0.0,0.0,-4199838.5,14.986674308776855,500.5977478027344,-0.00021772552281618118,76286.453125,1.1160225868225098
89400.0,0.0,0.0,-4199830.0,15.595946311950684,503.35491943359375,-0.0015156655572354794,76305.734375,1.1157406568527222
89500.0,0.0,0.0,-4199823.0,12.085086822509766,498.0579528808594,-0.0009162900969386101,76325.359375,1.1154536008834839
89600.0,0.0,0.0,-4199827.5,11.453652381896973,505.916015625,0.001260679680854082,76345.40625,1.1151608228683472
89700.0,0.0,0.0,-4199832.0,14.065926551818848,508.1940612792969,0.0008095919620245695,76366.0390625,1.114859700202942
89800.0,0.0,0.0,-4199831.5,13.457747459411621,502.7491455078125,-0.00047653261572122574,76386.3125,1.1145635843276978
89900.0,0.0,0.0,-4199834.5,14.731032371520996,501.7461853027344,-0.0010224669240415096,76405.75,1.114280104637146
90000.0,0.0,0.0,-4199835.5,12.036523818969727,500.4205322265625,0.000643071485683322,76424.734375,1.114003300666809
90100.0,0.0,0.0,-4199834.5,12.028372764587402,497.4329528808594,4.556262865662575e-05,76443.984375,1.113722801208496
90200.0,0.0,0.0,-4199836.0,13.400406837463379,499.9041748046875,0.00037892465479671955,76462.359375,1.1134551763534546
90300.0,0.0,0.0,-4199840.5,11.396074295043945,504.748046875,0.00029635895043611526,76480.3359375,1.113193392753601
90400.0,0.0,0.0,-4199845.0,11.901079177856445,510.5499572753906,0.0005649907980114222,76498.2734375,1.1129324436187744
90500.0,0.0,0.0,-4199828.5,11.149858474731445,498.5680236816406,-0.00022984156385064125,76515.7734375,1.112677812576294
90600.0,0.0,0.0,-4199829.0,11.478231430053711,505.1522216796875,-0.0007533896714448929,76534.21875,1.1124097108840942
90700.0,0.0,0.0,-4199831.5,13.291657447814941,513.2791748046875,-0.0004162597469985485,76551.953125,1.112152099609375
90800.0,0.0,0.0,-4199826.5,12.782271385192871,506.123291015625,-0.00023909704759716988,76568.3671875,1.1119135618209839
90900.0,0.0,0.0,-4199830.5,9.681467056274414,505.3064270019531,-0.0006333263590931892,76583.4609375,1.1116944551467896
91000.0,0.0,0.0,-4199832.5,10.403447151184082,504.0477600097656,0.00013922341167926788,76597.40625,1.1114920377731323
91100.0,0.0,0.0,-4199827.0,11.055030822753906,494.3585205078125,-0.00011538248509168625,76611.7578125,1.111283779144287
91200.0,0.0,0.0,-4199835.5,11.614302635192871,500.9996643066406,-0.0012376275844871998,76625.8515625,1.1110795736312866
91300.0,0.0,0.0,-4199834.0,10.673893928527832,499.24542236328125,-0.0005848160944879055,76638.0703125,1.1109023094177246
91400.0,0.0,0.0,-4199838.5,12.261390686035156,502.1427001953125,0.0009692548774182796,76649.1796875,1.110741376876831
91500.0,0.0,0.0,-4199839.5,11.849710464477539,503.8123474121094,0.0023932079784572124,76659.7578125,1.1105880737304688
91600.0,0.0,0.0,-4199834.5,12.566762924194336,496.5672607421875,-0.0014951941557228565,76670.0703125,1.110438585281372
91700.0,0.0,0.0,-4199834.5,14.621742248535156,495.34185791015625,-0.0018670451827347279,76678.25,1.1103202104568481
91800.0,0.0,0.0,-4199842.0,14.475197792053223,504.6618347167969,-3.326591104269028e-05,76684.71875,1.1102265119552612
91900.0,0.0,0.0,-4199830.0,10.30224609375,487.1075744628906,0.0016079489141702652,76690.5703125,1.1101417541503906
92000.0,0.0,0.0,-4199840.5,11.982198715209961,495.6965026855469,0.0002916899975389242,76696.6953125,1.1100531816482544
92100.0,0.0,0.0,-4199841.5,10.353960990905762,495.9167785644531,-0.001688055694103241,76702.046875,1.1099756956100464
92200.0,0.0,0.0,-4199844.5,9.719483375549316,501.02740478515625,0.0009395587258040905,76704.9140625,1.1099342107772827
92300.0,0.0,0.0,-4199836.5,9.545242309570312,496.20794677734375,0.00022787321358919144,76705.8359375,1.109920859336853
92400.0,0.0,0.0,-4199837.0,9.64310073852539,502.9676513671875,0.00035947421565651894,76704.7265625,1.1099369525909424
92500.0,0.0,0.0,-4199828.5,12.654253005981445,500.5232238769531,-0.002915509045124054,76702.2421875,1.1099728345870972
92600.0,0.0,0.0,-4199835.5,10.227373123168945,509.2203674316406,-0.0007097646594047546,76696.7109375,1.1100529432296753
92700.0,0.0,0.0,-4199833.0,11.212303161621094,506.6407165527344,0.0016518309712409973,76689.078125,1.1101634502410889
92800.0,0.0,0.0,-4199823.0,12.972387313842773,495.0536804199219,0.0017692409455776215,76681.2421875,1.1102768182754517
92900.0,0.0,0.0,-4199832.5,9.70650577545166,504.7830810546875,0.0005849834997206926,76673.0703125,1.1103953123092651
93000.0,0.0,0.0,-4199825.5,10.907008171081543,501.12066650390625,-0.0025702468119561672,76664.0078125,1.1105265617370605
93100.0,0.0,0.0,-4199832.5,11.036906242370605,505.1463623046875,-0.0006873090751469135,76652.9453125,1.1106866598129272
93200.0,0.0,0.0,-4199828.0,9.989032745361328,497.7187194824219,-0.0013245795853435993,76639.921875,1.1108754873275757
93300.0,0.0,0.0,-4199837.5,11.057222366333008,505.96710205078125,0.0017312574200332165,76625.5390625,1.1110841035842896
93400.0,0.0,0.0,-4199825.5,11.110301971435547,493.5227966308594,0.00041681621223688126,76609.859375,1.1113113164901733
93500.0,0.0,0.0,-4199833.5,11.375921249389648,501.7515563964844,-0.0002006208524107933,76591.921875,1.1115716695785522
93600.0,0.0,0.0,-4199835.5,10.687578201293945,504.8012390136719,-0.0008699842728674412,76571.875,1.1118625402450562
93700.0,0.0,0.0,-4199835.5,12.300741195678711,507.2618408203125,0.0002689568791538477,76550.9765625,1.1121662855148315
93800.0,0.0,0.0,-4199838.5,11.622883796691895,504.15924072265625,-0.00012569641694426537,76529.2109375,1.1124824285507202
93900.0,0.0,0.0,-4199835.0,10.535874366760254,495.12847900390625,-0.002026539295911789,76505.9140625,1.112821340560913
94000.0,0.0,0.0,-4199839.0,10.662139892578125,496.2457580566406,0.0009046911727637053,76480.34375,1.113193392753601
94100.0,0.0,0.0,-4199833.5,11.36426830291748,492.8367919921875,-0.0004489123821258545,76453.03125,1.1135910749435425
94200.0,0.0,0.0,-4199836.0,15.462642669677734,505.3257751464844,0.0024365440476685762,76424.3828125,1.1140085458755493
94300.0,0.0,0.0,-4199830.0,10.001208305358887,498.9020690917969,-0.000942605547606945,76396.0078125,1.1144222021102905
94400.0,0.0,0.0,-4199832.5,11.157512664794922,501.1731872558594,-0.0004619802348315716,76368.3203125,1.1148263216018677
94500.0,0.0,0.0,-4199830.5,10.119385719299316,499.13909912109375,4.085991531610489e-05,76341.625,1.1152160167694092
94600.0,0.0,0.0,-4199832.0,11.061161994934082,500.83978271484375,3.134319558739662e-05,76315.109375,1.1156036853790283
94700.0,0.0,0.0,-4199828.0,10.59586238861084,493.5606384277344,-0.0003014858812093735,76288.53125,1.1159921884536743
94800.0,0.0,0.0,-4199834.0,12.6904878616333,490.4969787597656,4.686042666435242e-05,76262.0546875,1.116379737854004
94900.0,0.0,0.0,-4199838.5,10.052577018737793,493.281494140625,0.0004219857510179281,76236.328125,1.1167564392089844
95000.0,0.0,0.0,-4199834.5,14.164019584655762,491.0168151855469,0.00043649738654494286,76210.4765625,1.1171350479125977
95100.0,0.0,0.0,-4199836.5,11.049886703491211,495.93621826171875,0.00046223285607993603,76184.6953125,1.1175132989883423
95200.0,0.0,0.0,-4199835.5,12.521417617797852,500.7070617675781,2.868007868528366e-05,76159.7421875,1.1178793907165527
95300.0,0.0,0.0,-4199831.0,13.569666862487793,508.55670166015625,-0.0026118759997189045,76135.828125,1.1182304620742798
95400.0,0.0,0.0,-4199829.5,14.869543075561523,508.6820068359375,-0.0012189499102532864,76112.0703125,1.1185795068740845
95500.0,0.0,0.0,-4199828.0,12.911103248596191,503.81170654296875,0.0002698733005672693,76088.6484375,1.1189240217208862
95600.0,0.0,0.0,-4199839.0,13.618123054504395,510.2774353027344,0.0021023876033723354,76067.625,1.1192331314086914
95700.0,0.0,0.0,-4199835.0,10.383834838867188,501.7481994628906,0.00038197217509150505,76048.1015625,1.1195205450057983
95800.0,0.0,0.0,-4199836.5,12.13994312286377,503.94879150390625,0.0002111629582941532,76028.7578125,1.1198054552078247
95900.0,0.0,0.0,-4199837.5,10.227660179138184,506.9106140136719,-0.00042965076863765717,76009.1484375,1.1200941801071167
96000.0,0.0,0.0,-4199830.0,14.552754402160645,503.85333251953125,-0.0008879299275577068,75989.71875,1.1203806400299072
96100.0,0.0,0.0,-4199817.0,11.403979301452637,485.3839111328125,-0.0014838390052318573,75971.8359375,1.1206443309783936
96200.0,0.0,0.0,-4199840.5,10.36133098602295,506.31103515625,-0.0001158365048468113,75954.640625,1.1208980083465576
96300.0,0.0,0.0,-4199839.5,11.963976860046387,500.81036376953125,0.0011714175343513489,75936.515625,1.1211655139923096
96400.0,0.0,0.0,-4199832.0,15.785417556762695,492.8935241699219,0.0009368467144668102,75918.4609375,1.1214323043823242
96500.0,0.0,0.0,-4199845.5,12.878783226013184,507.0899963378906,0.00015667220577597618,75900.875,1.121692180633545
96600.0,0.0,0.0,-4199830.5,10.214910507202148,492.4537353515625,-0.00037702731788158417,75883.6796875,1.1219463348388672
96700.0,0.0,0.0,-4199832.5,11.337299346923828,497.92724609375,-0.0010724575258791447,75866.7109375,1.122197151184082
96800.0,0.0,0.0,-4199837.5,10.803372383117676,507.7362365722656,0.00023709610104560852,75850.2265625,1.1224411725997925
96900.0,0.0,0.0,-4199829.5,16.507177352905273,496.3150634765625,0.0001645912416279316,75834.2890625,1.122676968574524
97000.0,0.0,0.0,-4199836.0,12.932126998901367,497.2752685546875,0.0009387186728417873,75818.9453125,1.1229041814804077
97100.0,0.0,0.0,-4199846.5,12.030004501342773,502.9422607421875,-0.0009324648417532444,75805.015625,1.1231104135513306
97200.0,0.0,0.0,-4199839.5,13.011533737182617,492.809814453125,-0.0006607165560126305,75791.9921875,1.1233035326004028
97300.0,0.0,0.0,-4199841.5,13.625117301940918,494.8907775878906,0.000794803723692894,75780.3046875,1.1234767436981201
97400.0,0.0,0.0,-4199836.5,11.668384552001953,491.7981262207031,-1.9372906535863876e-05,75769.6953125,1.1236339807510376
97500.0,0.0,0.0,-4199833.0,12.027886390686035,494.22052001953125,0.0007151577156037092,75760.6953125,1.1237674951553345
97600.0,0.0,0.0,-4199836.0,11.542668342590332,502.5511474609375,-4.816986620426178e-05,75753.171875,1.123879075050354
97700.0,0.0,0.0,-4199834.0,12.277729988098145,503.3728332519531,6.302725523710251e-05,75746.203125,1.123982548713684
97800.0,0.0,0.0,-4199842.0,11.861495018005371,513.1952514648438,0.0007691020146012306,75741.046875,1.1240590810775757
97900.0,0.0,0.0,-4199835.5,12.226958274841309,505.2906188964844,0.0008315970189869404,75738.0546875,1.1241034269332886
98000.0,0.0,0.0,-4199832.5,10.812211036682129,499.7764587402344,0.00035597849637269974,75737.515625,1.124111533164978
98100.0,0.0,0.0,-4199833.5,12.090619087219238,499.6617431640625,-0.000505389180034399,75739.34375,1.124084234237671
98200.0,0.0,0.0,-4199834.0,12.125997543334961,499.23223876953125,-8.858134970068932e-05,75743.390625,1.1240242719650269
98300.0,0.0,0.0,-4199837.5,11.092333793640137,503.2171630859375,0.0006649601273238659,75749.40625,1.1239351034164429
98400.0,0.0,0.0,-4199837.0,10.111915588378906,501.6656188964844,0.0008342282380908728,75757.5625,1.1238141059875488
98500.0,0.0,0.0,-4199838.0,15.070823669433594,500.63983154296875,-0.0002921242266893387,75767.2890625,1.1236698627471924
98600.0,0.0,0.0,-4199842.0,10.514836311340332,502.06353759765625,-0.00016963621601462364,75778.8515625,1.1234983205795288
98700.0,0.0,0.0,-4199835.0,10.199857711791992,491.79205322265625,0.0003523947671055794,75791.703125,1.1233078241348267
98800.0,0.0,0.0,-4199838.5,10.64234447479248,493.076171875,0.0004207331221550703,75806.109375,1.1230943202972412
98900.0,0.0,0.0,-4199841.5,12.347725868225098,496.36663818359375,0.0003059348091483116,75821.1015625,1.122872233390808
99000.0,0.0,0.0,-4199839.5,11.260671615600586,493.2715759277344,6.726942956447601e-06,75836.6953125,1.1226413249969482
99100.0,0.0,0.0,-4199845.0,11.856527328491211,498.82818603515625,0.00012971414253115654,75852.96875,1.1224005222320557
99200.0,0.0,0.0,-4199843.5,10.54995346069336,508.492919921875,0.0007070761639624834,75870.1328125,1.122146487236023
99300.0,0.0,0.0,-4199838.0,10.119879722595215,509.7199401855469,0.00031848112121224403,75888.5390625,1.121874451637268
99400.0,0.0,0.0,-4199834.5,10.39990520477295,510.27178955078125,-0.001325397752225399,75908.0625,1.1215858459472656
99500.0,0.0,0.0,-4199826.0,9.404953956604004,502.9345703125,-0.0011783558875322342,75927.75,1.1212949752807617
99600.0,0.0,0.0,-4199825.5,14.691666603088379,499.1020202636719,0.001498513389378786,75948.875,1.1209831237792969
99700.0,0.0,0.0,-4199831.5,11.477169036865234,498.8570556640625,0.0017101997509598732,75971.8203125,1.1206445693969727
99800.0,0.0,0.0,-4199835.0,9.444361686706543,497.504150390625,0.0005048727616667747,75996.6171875,1.1202788352966309
99900.0,0.0,0.0,-4199833.5,11.62497615814209,493.77569580078125,-0.0012211543507874012,76022.2578125,1.119901180267334
100000.0,0.0,0.0,-4199832.0,10.59241008758545,491.3764953613281,-0.0012692385353147984,76047.6640625,1.1195268630981445
100100.0,0.0,0.0,-4199836.5,12.14608383178711,504.3768615722656,0.0003940816968679428,76073.6328125,1.1191447973251343
100200.0,0.0,0.0,-4199833.0,13.042736053466797,502.42681884765625,0.00021878769621253014,76100.6328125,1.1187478303909302
100300.0,0.0,0.0,-4199836.0,11.429646492004395,506.0561218261719,0.000588614959269762,76129.515625,1.1183232069015503
100400.0,0.0,0.0,-4199834.5,12.27365779876709,504.91497802734375,-0.0009012343361973763,76160.46875,1.1178687810897827
100500.0,0.0,0.0,-4199831.5,10.772956848144531,501.2137145996094,0.00012355856597423553,76191.515625,1.1174131631851196
100600.0,0.0,0.0,-4199832.5,10.683494567871094,500.3577880859375,-0.0007144645787775517,76222.8046875,1.1169545650482178
100700.0,0.0,0.0,-4199841.0,9.762260437011719,509.4420166015625,0.0005699920002371073,76253.9921875,1.1164976358413696
100800.0,0.0,0.0,-4199837.5,10.57800006866455,502.2586364746094,0.0005661114118993282,76285.3984375,1.1160380840301514
100900.0,0.0,0.0,-4199835.5,12.689258575439453,498.05133056640625,0.0011853163596242666,76316.3125,1.1155859231948853
101000.0,0.0,0.0,-4199829.5,10.314031600952148,490.7198791503906,-0.0003319922834634781,76347.1171875,1.1151357889175415
101100.0,0.0,0.0,-4199841.5,11.0011568069458,501.4869384765625,-0.00044087786227464676,76377.296875,1.1146951913833618
101200.0,0.0,0.0,-4199836.5,12.072172164916992,494.637451171875,-0.000789374578744173,76406.5546875,1.11426842212677
101300.0,0.0,0.0,-4199835.0,11.932461738586426,502.0596008300781,-0.0003439709544181824,76436.359375,1.1138339042663574
101400.0,0.0,0.0,-4199836.0,13.160120010375977,510.2322998046875,0.00018767546862363815,76465.8359375,1.113404631614685
101500.0,0.0,0.0,-4199827.5,11.139640808105469,508.7029113769531,0.002166361315175891,76494.5234375,1.1129871606826782
101600.0,0.0,0.0,-4199829.0,10.723875045776367,511.70367431640625,-0.00047871144488453865,76522.5546875,1.1125792264938354
101700.0,0.0,0.0,-4199820.0,12.391983032226562,496.4342956542969,-0.0008334014564752579,76548.4296875,1.1122031211853027
101800.0,0.0,0.0,-4199834.0,12.624944686889648,502.5752258300781,-0.001202763058245182,76572.859375,1.1118483543395996
101900.0,0.0,0.0,-4199832.0,14.338455200195312,496.161865234375,0.00015484634786844254,76595.1171875,1.111525297164917
102000.0,0.0,0.0,-4199842.0,11.275715827941895,512.614990234375,0.0013232552446424961,76615.5390625,1.1112289428710938
102100.0,0.0,0.0,-4199827.0,13.387701988220215,498.42657470703125,0.0007003301288932562,76635.28125,1.1109427213668823
102200.0,0.0,0.0,-4199839.5,11.995902061462402,510.6817626953125,-0.0006810040213167667,76652.78125,1.1106891632080078
102300.0,0.0,0.0,-4199827.5,15.053024291992188,494.3468322753906,-0.002273842692375183,76669.2265625,1.1104509830474854
102400.0,0.0,0.0,-4199839.0,13.08112621307373,503.3306884765625,-0.0005129948258399963,76684.2421875,1.1102334260940552
102500.0,0.0,0.0,-4199835.5,11.016024589538574,497.35894775390625,0.001273567322641611,76697.8515625,1.1100364923477173
102600.0,0.0,0.0,-4199830.5,11.7996826171875,490.2938537597656,0.00036370567977428436,76709.7890625,1.1098637580871582
102700.0,0.0,0.0,-4199836.5,13.533354759216309,495.79156494140625,-0.000282888300716877,76718.6328125,1.1097357273101807
102800.0,0.0,0.0,-4199839.0,10.088881492614746,498.5225830078125,-0.001249536406248808,76725.96875,1.1096296310424805
102900.0,0.0,0.0,-4199832.5,10.773951530456543,497.2109375,-0.0005025696009397507,76731.34375,1.109552025794983
103000.0,0.0,0.0,-4199832.5,13.43254566192627,505.4430847167969,-0.00036956509575247765,76735.234375,1.1094956398010254
103100.0,0.0,0.0,-4199831.0,12.558022499084473,507.0450744628906,0.0006896122358739376,76737.640625,1.1094609498977661
103200.0,0.0,0.0,-4199823.5,12.641663551330566,503.12744140625,3.461260348558426e-05,76738.3671875,1.109450340270996
103300.0,0.0,0.0,-4199823.0,11.141817092895508,503.9479064941406,0.00022454746067523956,76737.484375,1.1094632148742676
103400.0,0.0,0.0,-4199826.5,12.054142951965332,504.9418640136719,-0.0011337106116116047,76736.3515625,1.1094794273376465
103500.0,0.0,0.0,-4199822.5,10.432765007019043,497.07525634765625,-0.0007844404317438602,76735.078125,1.1094979047775269
103600.0,0.0,0.0,-4199827.5,12.179862022399902,502.0854187011719,0.00016468041576445103,76733.953125,1.1095141172409058
103700.0,0.0,0.0,-4199825.5,13.77331829071045,500.71612548828125,0.0016682569403201342,76731.3203125,1.109552264213562
103800.0,0.0,0.0,-4199835.0,9.761001586914062,510.4253845214844,0.0006154128350317478,76726.9609375,1.1096153259277344
103900.0,0.0,0.0,-4199832.5,11.603231430053711,507.92913818359375,-0.000714422669261694,76719.859375,1.1097179651260376
104000.0,0.0,0.0,-4199826.0,13.241772651672363,503.26220703125,-0.0022750957868993282,76710.1875,1.1098580360412598
104100.0,0.0,0.0,-4199830.5,13.893800735473633,502.8714294433594,-0.0007641720585525036,76698.78125,1.110023021697998
104200.0,0.0,0.0,-4199826.0,14.498739242553711,494.2200622558594,0.0015949280932545662,76686.328125,1.1102032661437988
104300.0,0.0,0.0,-4199829.5,10.791600227355957,496.380859375,0.00035654264502227306,76673.296875,1.1103918552398682
104400.0,0.0,0.0,-4199838.5,11.244833946228027,502.6777038574219,0.0007589193992316723,76658.625,1.1106044054031372
104500.0,0.0,0.0,-4199834.5,11.643603324890137,499.9011535644531,-0.0028988681733608246,76642.1640625,1.1108429431915283
104600.0,0.0,0.0,-4199832.0,12.658056259155273,495.8194580078125,-0.0010849679820239544,76623.5234375,1.11111319065094
104700.0,0.0,0.0,-4199843.0,10.687810897827148,506.17816162109375,-3.522401675581932e-05,76604.5625,1.1113883256912231
104800.0,0.0,0.0,-4199833.5,14.045077323913574,494.7640380859375,0.00135383615270257,76585.84375,1.1116598844528198
104900.0,0.0,0.0,-4199834.0,10.293851852416992,495.5013122558594,0.0011833300814032555,76567.390625,1.1119277477264404
105000.0,0.0,0.0,-4199834.5,11.030327796936035,496.2477111816406,0.00017017731443047523,76548.5703125,1.11220121383667
105100.0,0.0,0.0,-4199832.0,11.235774040222168,498.1514892578125,-0.0019451901316642761,76529.671875,1.1124757528305054
105200.0,0.0,0.0,-4199836.5,10.985694885253906,507.2735900878906,-0.0018183616921305656,76509.84375,1.1127641201019287
105300.0,0.0,0.0,-4199829.0,11.779108047485352,499.0670166015625,0.00015143887139856815,76488.4765625,1.1130750179290771
105400.0,0.0,0.0,-4199836.5,11.711822509765625,502.9192199707031,0.0009834044612944126,76466.4609375,1.1133954524993896
105500.0,0.0,0.0,-4199832.5,11.63957691192627,494.13385009765625,0.0006537123117595911,76443.15625,1.1137348413467407
105600.0,0.0,0.0,-4199842.0,11.544922828674316,501.1177978515625,-0.00016624107956886292,76418.890625,1.114088535308838
105700.0,0.0,0.0,-4199838.5,13.567209243774414,496.5500183105469,-0.0010948916897177696,76393.8125,1.1144542694091797
105800.0,0.0,0.0,-4199835.5,11.977652549743652,494.9776916503906,-0.00016573583707213402,76367.4609375,1.1148388385772705
105900.0,0.0,0.0,-4199839.5,10.64726448059082,502.3905334472656,-0.00023422716185450554,76340.453125,1.1152334213256836
106000.0,0.0,0.0,-4199844.0,9.576138496398926,510.0722961425781,0.00047067482955753803,76312.5234375,1.115641474723816
106100.0,0.0,0.0,-4199837.0,10.932945251464844,505.6613464355469,0.0004316819831728935,76283.8359375,1.116060733795166
106200.0,0.0,0.0,-4199831.0,12.643365859985352,503.2192077636719,-0.0010173749178647995,76255.3046875,1.1164785623550415
106300.0,0.0,0.0,-4199836.0,12.768716812133789,511.1573486328125,-0.0005063368007540703,76227.140625,1.1168911457061768
106400.0,0.0,0.0,-4199834.0,11.916353225708008,511.0918273925781,-0.0012008924968540668,76200.203125,1.117285966873169
106500.0,0.0,0.0,-4199829.5,12.994376182556152,506.0169677734375,0.001987752038985491,76172.8359375,1.1176872253417969
106600.0,0.0,0.0,-4199828.0,12.935754776000977,499.00537109375,0.0010501197539269924,76147.125,1.1180646419525146
106700.0,0.0,0.0,-4199831.0,11.652985572814941,497.98095703125,0.0010907875839620829,76122.84375,1.118421196937561
106800.0,0.0,0.0,-4199831.5,10.414648056030273,496.2265625,-0.001948751974850893,76100.1328125,1.1187549829483032
106900.0,0.0,0.0,-4199833.0,12.713777542114258,497.7568359375,-0.0008395914919674397,76079.203125,1.119062900543213
107000.0,0.0,0.0,-4199835.5,12.050041198730469,501.07403564453125,0.0013591782189905643,76060.03125,1.11934494972229
107100.0,0.0,0.0,-4199832.0,12.489883422851562,499.5015869140625,0.0016364306211471558,76043.515625,1.1195881366729736
107200.0,0.0,0.0,-4199838.5,14.884904861450195,507.68359375,0.0017611980438232422,76028.4375,1.1198101043701172
107300.0,0.0,0.0,-4199831.5,11.752388954162598,492.8602294921875,-0.0016173799522221088,76014.875,1.1200098991394043
107400.0,0.0,0.0,-4199841.0,12.44800090789795,497.51068115234375,0.0001936168409883976,76003.0390625,1.1201841831207275
107500.0,0.0,0.0,-4199838.0,12.855154991149902,493.7864074707031,3.548432141542435e-05,75993.5703125,1.120323896408081
107600.0,0.0,0.0,-4199835.5,12.305106163024902,492.588134765625,0.0007068398408591747,75986.40625,1.120429515838623
107700.0,0.0,0.0,-4199840.0,10.738179206848145,500.114990234375,0.00022879638709127903,75980.5234375,1.1205161809921265
107800.0,0.0,0.0,-4199836.0,12.812253952026367,499.09112548828125,0.00018888129852712154,75975.2890625,1.120593547821045
107900.0,0.0,0.0,-4199837.0,13.421875,505.5933837890625,0.00029712053947150707,75971.9296875,1.1206430196762085
108000.0,0.0,0.0,-4199825.5,11.098464012145996,500.9847106933594,-0.00042427005246281624,75969.5,1.1206787824630737
108100.0,0.0,0.0,-4199840.5,13.696107864379883,514.9114379882812,-0.0004032878205180168,75968.515625,1.120693325996399
108200.0,0.0,0.0,-4199834.0,10.94575023651123,503.5221862792969,0.0012659928761422634,75967.4609375,1.12070894241333
108300.0,0.0,0.0,-4199839.0,11.443306922912598,505.0381774902344,0.0007153102196753025,75967.3046875,1.1207112073898315
108400.0,0.0,0.0,-4199833.0,10.437049865722656,497.942138671875,0.0002146128099411726,75969.484375,1.120679259300232
108500.0,0.0,0.0,-4199832.0,10.784285545349121,496.33209228515625,-0.0011937827803194523,75974.03125,1.1206120252609253
108600.0,0.0,0.0,-4199840.0,9.73710823059082,505.9706115722656,-0.0014224471524357796,75979.0390625,1.1205381155014038
108700.0,0.0,0.0,-4199835.0,12.587981224060059,500.7180480957031,0.0009184677619487047,75983.96875,1.1204653978347778
108800.0,0.0,0.0,-4199840.5,11.544183731079102,505.94781494140625,0.0024103678297251463,75989.84375,1.120378851890564
108900.0,0.0,0.0,-4199835.5,10.847665786743164,502.4590148925781,0.0006345545407384634,75996.5859375,1.120279312133789
109000.0,0.0,0.0,-4199836.0,12.859599113464355,497.7967834472656,-0.0018183640204370022,76003.9140625,1.1201714277267456
109100.0,0.0,0.0,-4199841.0,12.23552131652832,497.54205322265625,-0.001376485452055931,76011.4296875,1.120060682296753
109200.0,0.0,0.0,-4199842.5,10.485512733459473,497.6175842285156,-0.00010576611384749413,76020.4609375,1.1199275255203247
109300.0,0.0,0.0,-4199833.5,13.632949829101562,490.4215393066406,0.0016450406983494759,76031.09375,1.119770884513855
109400.0,0.0,0.0,-4199839.5,14.727829933166504,500.213623046875,0.001039372757077217,76042.6015625,1.1196014881134033
109500.0,0.0,0.0,-4199832.5,11.648137092590332,496.3708190917969,-0.0005284249782562256,76054.1953125,1.119430661201477
109600.0,0.0,0.0,-4199836.5,11.090706825256348,503.9944152832031,-0.00042654480785131454,76065.59375,1.1192630529403687
109700.0,0.0,0.0,-4199838.0,14.046910285949707,507.7044677734375,-0.00040537072345614433,76077.8828125,1.1190822124481201
109800.0,0.0,0.0,-4199835.5,12.805001258850098,508.42205810546875,0.0013171923346817493,76089.953125,1.118904709815979
109900.0,0.0,0.0,-4199835.5,11.338794708251953,507.80206298828125,0.0008833103347569704,76102.890625,1.118714451789856
110000.0,0.0,0.0,-4199832.0,10.849838256835938,501.13824462890625,0.0008544581942260265,76116.2265625,1.1185184717178345
110100.0,0.0,0.0,-4199834.0,11.503199577331543,500.7688903808594,-0.0007246211171150208,76131.2734375,1.1182974576950073
110200.0,0.0,0.0,-4199833.5,10.685380935668945,499.36181640625,-0.0006843847222626209,76148.1484375,1.1180497407913208
110300.0,0.0,0.0,-4199828.0,12.608851432800293,492.81951904296875,-0.0007562246173620224,76167.4609375,1.117766261100769
110400.0,0.0,0.0,-4199837.5,9.984397888183594,504.04290771484375,0.0005266754887998104,76188.734375,1.1174540519714355
110500.0,0.0,0.0,-4199831.0,12.00416088104248,496.0556945800781,0.0009009717032313347,76211.6171875,1.1171185970306396
110600.0,0.0,0.0,-4199836.5,13.152037620544434,500.6409606933594,0.0006727951113134623,76235.328125,1.1167709827423096
110700.0,0.0,0.0,-4199833.5,11.792736053466797,494.2142333984375,-0.0003905803896486759,76259.15625,1.1164220571517944
110800.0,0.0,0.0,-4199835.5,12.504620552062988,493.4552307128906,0.00016821501776576042,76282.5859375,1.116079330444336
110900.0,0.0,0.0,-4199837.0,9.62938404083252,495.6170654296875,-0.0012151063419878483,76306.40625,1.1157306432724
111000.0,0.0,0.0,-4199833.5,11.804887771606445,494.5806579589844,-0.00033205421641469,76330.140625,1.1153838634490967
111100.0,0.0,0.0,-4199833.5,12.938230514526367,499.1524963378906,0.0003861133009195328,76353.296875,1.1150456666946411
111200.0,0.0,0.0,-4199837.5,11.618084907531738,504.1167297363281,0.000614682212471962,76377.0,1.1146994829177856
111300.0,0.0,0.0,-4199834.5,10.331864356994629,502.79095458984375,-0.00022502010688185692,76401.21875,1.1143462657928467
111400.0,0.0,0.0,-4199836.5,14.807461738586426,508.1208801269531,-0.001156187616288662,76425.3515625,1.1139943599700928
111500.0,0.0,0.0,-4199836.0,13.381647109985352,507.87335205078125,0.00043461238965392113,76449.203125,1.1136467456817627
111600.0,0.0,0.0,-4199830.5,11.142979621887207,502.7495422363281,0.00014478201046586037,76474.46875,1.113278865814209
111700.0,0.0,0.0,-4199829.0,11.207118034362793,501.6202697753906,0.0005112236831337214,76501.0,1.1128928661346436
111800.0,0.0,0.0,-4199839.0,17.959035873413086,510.1620788574219,0.0004407211672514677,76527.5390625,1.1125067472457886
111900.0,0.0,0.0,-4199830.5,10.064958572387695,498.3918151855469,-0.00036781374365091324,76553.796875,1.112125277519226
112000.0,0.0,0.0,-4199832.5,12.364534378051758,498.1910400390625,-0.0008004084229469299,76580.1484375,1.1117424964904785
112100.0,0.0,0.0,-4199831.0,10.58333969116211,498.0473327636719,-0.0011758399195969105,76606.1328125,1.1113654375076294
112200.0,0.0,0.0,-4199824.5,12.77423095703125,494.18194580078125,0.00013584690168499947,76631.015625,1.1110045909881592
112300.0,0.0,0.0,-4199830.0,13.214550971984863,497.42926025390625,0.0018697967752814293,76655.203125,1.1106541156768799
112400.0,0.0,0.0,-4199833.5,10.753605842590332,502.5422058105469,0.0003245370462536812,76678.8203125,1.1103119850158691
112500.0,0.0,0.0,-4199825.5,14.383694648742676,492.10015869140625,-0.001076065469533205,76701.3125,1.1099863052368164
112600.0,0.0,0.0,-4199824.0,11.547905921936035,490.0580749511719,-0.0019088853150606155,76723.21875,1.1096694469451904
112700.0,0.0,0.0,-4199837.0,10.055465698242188,500.9012756347656,-0.0004998492076992989,76743.5,1.109376072883606
112800.0,0.0,0.0,-4199837.5,12.91954231262207,495.2349548339844,0.0019201384857296944,76762.0078125,1.1091086864471436
112900.0,0.0,0.0,-4199844.0,11.438126564025879,502.10308837890625,0.0013546948321163654,76779.3203125,1.1088587045669556
113000.0,0.0,0.0,-4199837.0,12.027070045471191,496.22589111328125,-0.00019548647105693817,76795.3046875,1.1086277961730957
113100.0,0.0,0.0,-4199842.0,11.724106788635254,501.2306213378906,-0.0038348138332366943,76808.859375,1.1084320545196533
113200.0,0.0,0.0,-4199844.5,11.89621639251709,506.0950927734375,-0.001756900455802679,76818.5546875,1.1082922220230103
113300.0,0.0,0.0,-4199830.5,11.501058578491211,495.34332275390625,0.0009586431551724672,76825.984375,1.108185052871704
113400.0,0.0,0.0,-4199837.0,10.20388412475586,508.7281494140625,0.002012726152315736,76832.2265625,1.1080950498580933
113500.0,0.0,0.0,-4199825.0,10.732885360717773,503.6860046386719,-0.00042951712384819984,76836.1875,1.1080378293991089
113600.0,0.0,0.0,-4199823.0,9.92170238494873,501.4645080566406,-0.0012988550588488579,76836.7421875,1.108029842376709
113700.0,0.0,0.0,-4199829.0,9.397602081298828,504.5310363769531,-0.0002104467712342739,76834.96875,1.108055591583252
113800.0,0.0,0.0,-4199830.0,13.204951286315918,503.4338073730469,-0.0003023943863809109,76832.2578125,1.108094573020935
113900.0,0.0,0.0,-4199832.0,11.17611312866211,505.50439453125,-0.0003447174094617367,76829.765625,1.1081303358078003
114000.0,0.0,0.0,-4199826.5,13.042811393737793,502.86614990234375,-0.0013737729750573635,76826.03125,1.1081843376159668
114100.0,0.0,0.0,-4199834.5,12.43224048614502,506.8317565917969,0.0008528404869139194,76820.0078125,1.1082712411880493
114200.0,0.0,0.0,-4199835.0,9.388983726501465,503.7201232910156,0.0005725244991481304,76812.6171875,1.1083779335021973
114300.0,0.0,0.0,-4199833.0,12.941492080688477,499.03253173828125,0.0002352958545088768,76803.9375,1.1085031032562256
114400.0,0.0,0.0,-4199834.0,13.420060157775879,498.4376220703125,-0.0015505226328969002,76793.9140625,1.1086479425430298
114500.0,0.0,0.0,-4199831.5,13.04897403717041,496.2172546386719,-0.0009520198218524456,76781.1953125,1.108831524848938
114600.0,0.0,0.0,-4199833.0,11.022320747375488,498.24407958984375,0.0008833580650389194,76766.640625,1.1090418100357056
114700.0,0.0,0.0,-4199832.5,14.375184059143066,500.62420654296875,0.0009244820103049278,76751.078125,1.1092666387557983
114800.0,0.0,0.0,-4199829.5,12.94743824005127,501.7394104003906,0.0004136837087571621,76733.875,1.1095153093338013
114900.0,0.0,0.0,-4199827.0,11.079885482788086,507.1222839355469,-0.001248423010110855,76715.2109375,1.1097851991653442
115000.0,0.0,0.0,-4199828.0,13.118949890136719,512.2196655273438,-0.00032672425732016563,76694.7421875,1.1100815534591675
115100.0,0.0,0.0,-4199823.0,11.796157836914062,507.8270568847656,0.0011941695120185614,76673.2421875,1.110392689704895
115200.0,0.0,0.0,-4199829.5,11.749350547790527,510.79931640625,0.0005624738987535238,76651.3046875,1.110710620880127
115300.0,0.0,0.0,-4199822.5,11.979422569274902,497.53765869140625,-0.00045180926099419594,76628.7265625,1.1110379695892334
115400.0,0.0,0.0,-4199830.5,9.865426063537598,503.4844970703125,-0.0012228167615830898,76604.015625,1.111396074295044
115500.0,0.0,0.0,-4199835.5,10.095081329345703,506.76666259765625,0.00012250104919075966,76577.3515625,1.1117832660675049
115600.0,0.0,0.0,-4199833.0,11.901899337768555,500.88116455078125,0.0014455828350037336,76550.2421875,1.1121768951416016
115700.0,0.0,0.0,-4199833.5,11.724860191345215,497.9009704589844,5.32856211066246e-06,76522.5546875,1.1125792264938354
115800.0,0.0,0.0,-4199832.5,10.209571838378906,494.31475830078125,-0.0007608276791870594,76493.3828125,1.1130036115646362
115900.0,0.0,0.0,-4199841.0,12.511502265930176,500.8429870605469,-0.00021072989329695702,76462.65625,1.1134510040283203
116000.0,0.0,0.0,-4199839.0,13.109898567199707,497.4423828125,0.00020691147074103355,76431.1875,1.113909363746643
116100.0,0.0,0.0,-4199840.0,11.849769592285156,500.1752014160156,0.0002144982572644949,76400.578125,1.1143555641174316
116200.0,0.0,0.0,-4199833.5,11.211711883544922,497.8349609375,3.0098017305135727e-05,76371.15625,1.114784836769104
116300.0,0.0,0.0,-4199827.0,12.00379467010498,496.71630859375,-0.0006761979311704636,76342.421875,1.1152045726776123
116400.0,0.0,0.0,-4199824.0,11.948171615600586,500.1711730957031,0.000464429147541523,76314.3984375,1.1156140565872192
116500.0,0.0,0.0,-4199830.0,11.653566360473633,509.0482177734375,0.0009428712073713541,76287.4765625,1.116007685661316
116600.0,0.0,0.0,-4199829.0,12.445961952209473,507.87469482421875,0.00031290086917579174,76261.75,1.1163842678070068
116700.0,0.0,0.0,-4199829.0,12.157458305358887,504.63690185546875,-0.0007596160285174847,76236.7734375,1.116749882698059
116800.0,0.0,0.0,-4199842.0,12.610666275024414,514.2205810546875,-0.00040919193997979164,76212.9453125,1.1170991659164429
116900.0,0.0,0.0,-4199829.5,10.70217514038086,498.908203125,0.0011601883452385664,76191.65625,1.1174112558364868
117000.0,0.0,0.0,-4199832.0,13.070185661315918,500.87152099609375,0.0019515003077685833,76172.8046875,1.1176878213882446
117100.0,0.0,0.0,-4199837.0,11.26054573059082,503.4292297363281,-0.0006905472837388515,76155.8046875,1.1179373264312744
117200.0,0.0,0.0,-4199838.5,11.735584259033203,501.83831787109375,-0.00048185186460614204,76139.5234375,1.1181762218475342
117300.0,0.0,0.0,-4199844.5,9.785849571228027,506.33984375,-0.00037238094955682755,76124.6015625,1.1183955669403076
117400.0,0.0,0.0,-4199836.0,13.42383861541748,497.26361083984375,0.0003240923397243023,76110.828125,1.1185978651046753
117500.0,0.0,0.0,-4199840.0,9.52988338470459,499.7022705078125,0.0003183430526405573,76097.9296875,1.1187875270843506
117600.0,0.0,0.0,-4199836.5,10.87472152709961,495.35302734375,0.0006094076670706272,76086.4140625,1.1189566850662231
117700.0,0.0,0.0,-4199841.0,13.71747875213623,500.4861145019531,-0.0001829974353313446,76076.640625,1.1191004514694214
117800.0,0.0,0.0,-4199836.0,13.777624130249023,496.7952575683594,-0.000474696047604084,76067.921875,1.119228720664978
117900.0,0.0,0.0,-4199841.5,11.143423080444336,504.5818786621094,0.0004430369008332491,76059.7578125,1.1193488836288452
118000.0,0.0,0.0,-4199831.5,12.338513374328613,497.82373046875,0.0004441286437213421,76052.53125,1.1194554567337036
118100.0,0.0,0.0,-4199836.0,10.402852058410645,505.644775390625,0.0005005192942917347,76046.7265625,1.1195406913757324
118200.0,0.0,0.0,-4199831.5,11.207817077636719,503.62408447265625,0.0007037906907498837,76042.0078125,1.119610071182251
118300.0,0.0,0.0,-4199835.0,14.053916931152344,508.77593994140625,-0.00043443264439702034,76039.140625,1.1196523904800415
118400.0,0.0,0.0,-4199835.0,10.35766887664795,508.8179931640625,-0.0003399224951863289,76038.265625,1.119665265083313
118500.0,0.0,0.0,-4199831.5,14.235135078430176,499.7525634765625,0.00018563074991106987,76039.28125,1.1196503639221191
118600.0,0.0,0.0,-4199834.5,11.3959321975708,497.7063903808594,0.000683946069329977,76041.84375,1.119612693786621
118700.0,0.0,0.0,-4199833.5,11.77910327911377,494.8025207519531,0.0008476676885038614,76045.8125,1.1195541620254517
118800.0,0.0,0.0,-4199846.5,8.78132152557373,509.0293884277344,-0.0002291952259838581,76051.0625,1.1194769144058228
118900.0,0.0,0.0,-4199837.0,13.403196334838867,499.4017333984375,-0.000597306527197361,76057.2734375,1.1193856000900269
119000.0,0.0,0.0,-4199839.0,11.07463264465332,502.112548828125,-0.0010043024085462093,76064.515625,1.119278907775879
119100.0,0.0,0.0,-4199835.5,12.37551212310791,498.3039245605469,0.0001233643852174282,76072.3125,1.1191643476486206
119200.0,0.0,0.0,-4199830.0,10.252275466918945,492.5999755859375,0.0006281458772718906,76081.2734375,1.119032382965088
119300.0,0.0,0.0,-4199842.0,12.115577697753906,505.82574462890625,0.0018416226375848055,76092.5859375,1.118865966796875
119400.0,0.0,0.0,-4199832.5,10.95146656036377,497.3512878417969,-0.00034814421087503433,76107.5625,1.1186457872390747
119500.0,0.0,0.0,-4199835.5,11.320072174072266,503.34332275390625,-0.0011292495764791965,76125.796875,1.118377923965454
119600.0,0.0,0.0,-4199835.5,14.593047142028809,507.3247985839844,-0.00032422738149762154,76145.8828125,1.118082880973816
119700.0,0.0,0.0,-4199834.5,10.69295883178711,508.7568359375,0.0006176971364766359,76168.3515625,1.117753028869629
119800.0,0.0,0.0,-4199827.0,13.628157615661621,499.5254211425781,0.0018766620196402073,76193.0625,1.117390513420105
119900.0,0.0,0.0,-4199830.5,10.54195785522461,497.841552734375,0.0012963037006556988,76219.3359375,1.1170053482055664
120000.0,0.0,0.0,-4199834.5,11.096758842468262,497.3809814453125,-0.0012012803927063942,76247.546875,1.1165921688079834
120100.0,0.0,0.0,-4199834.0,11.765229225158691,493.363525390625,-0.0010494142770767212,76276.984375,1.1161611080169678
120200.0,0.0,0.0,-4199836.5,12.707038879394531,498.5395812988281,-0.00046637142077088356,76307.234375,1.1157187223434448
120300.0,0.0,0.0,-4199837.0,12.395512580871582,501.34356689453125,0.001337083987891674,76338.9140625,1.1152557134628296
120400.0,0.0,0.0,-4199839.5,10.722063064575195,504.12322998046875,0.0009671582374721766,76371.8359375,1.1147749423980713
120500.0,0.0,0.0,-4199835.5,10.200322151184082,501.84283447265625,-0.0009611169807612896,76405.625,1.1142820119857788
120600.0,0.0,0.0,-4199836.0,10.712976455688477,503.3291931152344,-0.0008110618218779564,76438.453125,1.113803505897522
120700.0,0.0,0.0,-4199832.0,10.289026260375977,499.9486999511719,-0.00034250132739543915,76469.6171875,1.1133495569229126
120800.0,0.0,0.0,-4199830.5,12.375861167907715,493.94525146484375,0.0013542913366109133,76498.8359375,1.1129242181777954
120900.0,0.0,0.0,-4199833.0,10.360796928405762,494.2898254394531,-0.001413495745509863,76526.9140625,1.112515926361084
121000.0,0.0,0.0,-4199833.0,11.87916088104248,490.95623779296875,0.0010015277657657862,76553.7109375,1.1121265888214111
121100.0,0.0,0.0,-4199839.0,10.280826568603516,496.3104248046875,-0.0005820957012474537,76580.7734375,1.1117335557937622
121200.0,0.0,0.0,-4199839.0,11.88682746887207,499.4055480957031,0.0007033259607851505,76607.34375,1.1113477945327759
121300.0,0.0,0.0,-4199840.5,11.13311767578125,504.6984558105469,-0.0009037279523909092,76633.5703125,1.1109675168991089
121400.0,0.0,0.0,-4199831.0,14.186241149902344,502.71051025390625,-0.001413423102349043,76657.8984375,1.1106148958206177
121500.0,0.0,0.0,-4199831.0,13.21786880493164,505.1774597167969,0.0005295309238135815,76679.734375,1.110298752784729
121600.0,0.0,0.0,-4199832.5,15.362778663635254,508.6230163574219,0.0009723701514303684,76700.640625,1.1099960803985596
121700.0,0.0,0.0,-4199824.0,12.614663124084473,498.658447265625,0.0012635830789804459,76720.9140625,1.1097028255462646
121800.0,0.0,0.0,-4199834.5,8.907364845275879,505.96490478515625,-0.0032079056836664677,76741.75,1.1094014644622803
121900.0,0.0,0.0,-4199823.5,9.662383079528809,485.6997375488281,-0.0008593234233558178,76761.890625,1.1091103553771973
122000.0,0.0,0.0,-4199832.5,13.61459732055664,491.1854248046875,-0.0002754274755716324,76780.6640625,1.1088391542434692
122100.0,0.0,0.0,-4199833.0,11.99241828918457,492.340576171875,0.003122397232800722,76798.4453125,1.1085823774337769
122200.0,0.0,0.0,-4199840.0,12.656452178955078,503.0228271484375,-0.0001198076643049717,76815.5546875,1.1083357334136963
122300.0,0.0,0.0,-4199833.5,11.41700267791748,499.82769775390625,-0.001529195811599493,76829.96875,1.1081275939941406
122400.0,0.0,0.0,-4199827.5,11.460238456726074,496.4516906738281,-0.001772591844201088,76842.3046875,1.1079496145248413
122500.0,0.0,0.0,-4199829.0,12.278108596801758,503.76239013671875,-0.00010417355224490166,76853.1328125,1.1077935695648193
122600.0,0.0,0.0,-4199834.0,10.520644187927246,509.54150390625,0.001139816828072071,76863.375,1.1076459884643555
122700.0,0.0,0.0,-4199830.5,11.54873275756836,504.9627990722656,-0.0010811686515808105,76872.8125,1.107509970664978
122800.0,0.0,0.0,-4199828.5,10.610642433166504,494.2277526855469,0.000352534931153059,76879.90625,1.1074079275131226
122900.0,0.0,0.0,-4199830.0,13.75033950805664,489.6689147949219,0.0003015266265720129,76886.2421875,1.107316493988037
123000.0,0.0,0.0,-4199838.0,14.22075366973877,502.284423828125,-0.00025017186999320984,76892.390625,1.1072279214859009
123100.0,0.0,0.0,-4199834.0,14.822654724121094,499.135009765625,-0.0012147766537964344,76897.546875,1.1071537733078003
123200.0,0.0,0.0,-4199837.5,11.472140312194824,504.2872619628906,-0.0010183393023908138,76901.6171875,1.1070951223373413
123300.0,0.0,0.0,-4199838.5,15.393622398376465,505.0670166015625,0.0007660752162337303,76904.09375,1.1070594787597656
123400.0,0.0,0.0,-4199832.0,10.625591278076172,504.4233703613281,0.0002585039474070072,76906.1484375,1.1070300340652466
123500.0,0.0,0.0,-4199831.5,10.695186614990234,505.0853271484375,-0.00028042495250701904,76907.0703125,1.107016682624817
123600.0,0.0,0.0,-4199827.5,12.596694946289062,497.35791015625,-0.0011712484993040562,76906.890625,1.1070191860198975
123700.0,0.0,0.0,-4199831.5,11.2357177734375,494.800048828125,-0.0010665059089660645,76905.390625,1.1070407629013062
123800.0,0.0,0.0,-4199835.5,13.31848430633545,499.0567932128906,0.00015052594244480133,76902.015625,1.1070894002914429
123900.0,0.0,0.0,-4199838.5,10.319804191589355,501.7332458496094,0.0007278597913682461,76897.75,1.1071507930755615
124000.0,0.0,0.0,-4199840.5,10.9852876663208,501.9537048339844,0.0017445562407374382,76893.0625,1.1072182655334473
124100.0,0.0,0.0,-4199833.5,10.400345802307129,492.8169860839844,-0.0010814866982400417,76888.46875,1.107284426689148
124200.0,0.0,0.0,-4199827.0,10.653790473937988,495.4058532714844,-0.000590241514146328,76882.9609375,1.1073639392852783
124300.0,0.0,0.0,-4199829.5,10.583267211914062,504.6065979003906,-0.0007130620069801807,76877.7265625,1.1074391603469849
124400.0,0.0,0.0,-4199821.0,11.09719467163086,499.81256103515625,0.0006530983373522758,76872.078125,1.107520580291748
124500.0,0.0,0.0,-4199827.0,12.703533172607422,509.3387145996094,-0.0002110176719725132,76867.625,1.1075847148895264
124600.0,0.0,0.0,-4199819.0,9.89258098602295,508.9805908203125,-0.000113640446215868,76863.8828125,1.1076387166976929
124700.0,0.0,0.0,-4199827.0,11.117454528808594,511.7390441894531,0.00044823880307376385,76861.0390625,1.1076796054840088
124800.0,0.0,0.0,-4199825.5,9.951112747192383,502.48016357421875,0.0001183515414595604,76858.25,1.1077197790145874
124900.0,0.0,0.0,-4199836.5,15.266745567321777,517.6439819335938,0.0015261326916515827,76855.8359375,1.1077545881271362
125000.0,0.0,0.0,-4199825.5,15.32286548614502,501.947021484375,-0.00042580580338835716,76854.046875,1.1077804565429688
125100.0,0.0,0.0,-4199838.0,13.27037239074707,508.5124206542969,-0.0002745753154158592,76850.546875,1.1078308820724487
125200.0,0.0,0.0,-4199829.5,13.392885208129883,494.8246154785156,-0.0014177695848047733,76845.578125,1.1079025268554688
125300.0,0.0,0.0,-4199830.5,11.451632499694824,499.9533996582031,-0.0008312268182635307,76839.1953125,1.107994556427002
125400.0,0.0,0.0,-4199837.0,12.217355728149414,504.5471496582031,0.0006827546749264002,76831.875,1.1081000566482544
125500.0,0.0,0.0,-4199836.0,10.849281311035156,500.31829833984375,-0.00029454566538333893,76822.671875,1.108232855796814
125600.0,0.0,0.0,-4199829.5,10.881446838378906,496.05902099609375,-0.0005582948215305805,76811.40625,1.1083953380584717
125700.0,0.0,0.0,-4199832.0,12.903651237487793,498.69921875,-3.080815076828003e-06,76798.625,1.1085798740386963
125800.0,0.0,0.0,-4199829.5,11.085091590881348,495.6348571777344,0.0005968764889985323,76784.390625,1.1087853908538818
125900.0,0.0,0.0,-4199837.5,11.068978309631348,503.1393737792969,0.0005418909713625908,76769.71875,1.1089972257614136
126000.0,0.0,0.0,-4199835.0,10.827105522155762,498.4718933105469,-0.0009857667610049248,76754.109375,1.1092227697372437
126100.0,0.0,0.0,-4199836.5,12.919244766235352,506.8291015625,-0.0010221758857369423,76736.671875,1.1094748973846436
126200.0,0.0,0.0,-4199831.0,13.507431030273438,498.327392578125,0.0001582135446369648,76716.640625,1.109764575958252
126300.0,0.0,0.0,-4199838.0,10.549123764038086,501.62847900390625,0.001348201185464859,76694.2421875,1.1100887060165405
126400.0,0.0,0.0,-4199839.0,10.671475410461426,498.8013000488281,0.0007320172153413296,76669.7578125,1.1104432344436646
126500.0,0.0,0.0,-4199836.5,10.358744621276855,494.2727355957031,-0.00043061934411525726,76643.53125,1.110823154449463
126600.0,0.0,0.0,-4199836.0,11.138848304748535,500.5225830078125,-0.0006805295124650002,76614.6953125,1.1112412214279175
126700.0,0.0,0.0,-4199827.0,9.67888355255127,496.8565979003906,-0.00038799596950411797,76583.7265625,1.111690640449524
126800.0,0.0,0.0,-4199836.0,13.187284469604492,512.80078125,-8.549075573682785e-05,76551.0,1.1121658086776733
126900.0,0.0,0.0,-4199830.0,9.947449684143066,512.4284057617188,-0.0009056329727172852,76517.953125,1.1126461029052734
127000.0,0.0,0.0,-4199823.0,14.490466117858887,508.9405822753906,0.0008690331596881151,76484.6796875,1.1131302118301392
127100.0,0.0,0.0,-4199827.5,14.481013298034668,514.1903076171875,0.0008880298119038343,76451.234375,1.113617181777954
127200.0,0.0,0.0,-4199824.0,10.797934532165527,501.2151794433594,0.0008250437676906586,76418.296875,1.1140971183776855
127300.0,0.0,0.0,-4199836.0,12.448600769042969,508.239990234375,-0.00027948012575507164,76386.34375,1.114563226699829
127400.0,0.0,0.0,-4199828.5,12.89031982421875,497.3385009765625,-0.0019006449729204178,76355.3203125,1.115015983581543
127500.0,0.0,0.0,-4199834.0,13.642036437988281,500.4619445800781,0.00014624278992414474,76325.015625,1.1154587268829346
127600.0,0.0,0.0,-4199832.0,10.294964790344238,503.4862365722656,0.00010949978604912758,76295.9375,1.1158838272094727
127700.0,0.0,0.0,-4199827.5,15.273707389831543,498.7608337402344,0.0006867107003927231,76267.0859375,1.1163060665130615
127800.0,0.0,0.0,-4199831.5,12.971010208129883,500.45697021484375,0.00025448156520724297,76239.1640625,1.1167148351669312
127900.0,0.0,0.0,-4199836.0,9.946571350097656,501.9817199707031,-3.412459045648575e-05,76212.265625,1.117108941078186
128000.0,0.0,0.0,-4199833.0,13.964545249938965,497.2728576660156,0.0002740479540079832,76184.875,1.1175106763839722
128100.0,0.0,0.0,-4199835.5,14.774372100830078,498.49371337890625,-0.00033620186150074005,76156.8828125,1.1179213523864746
128200.0,0.0,0.0,-4199838.5,11.670669555664062,500.86053466796875,-9.982893243432045e-05,76129.03125,1.1183302402496338
128300.0,0.0,0.0,-4199836.5,15.241308212280273,498.916015625,-0.0013642366975545883,76101.703125,1.1187320947647095
128400.0,0.0,0.0,-4199836.0,14.824715614318848,500.0890197753906,0.0008464669808745384,76075.0078125,1.1191245317459106
128500.0,0.0,0.0,-4199838.0,10.46570873260498,506.2921447753906,0.0004473673179745674,76050.0078125,1.1194924116134644
128600.0,0.0,0.0,-4199829.0,12.025286674499512,502.1644287109375,0.0006648711860179901,76027.421875,1.119825005531311
128700.0,0.0,0.0,-4199829.0,10.909199714660645,509.1602478027344,-4.2959582060575485e-05,76007.4921875,1.1201187372207642
128800.0,0.0,0.0,-4199824.5,11.685303688049316,507.1287536621094,-0.001269663218408823,75989.609375,1.1203820705413818
128900.0,0.0,0.0,-4199830.5,12.378093719482422,511.27935791015625,0.002226305427029729,75973.421875,1.1206209659576416
129000.0,0.0,0.0,-4199834.5,10.866487503051758,509.9305725097656,0.0004860782064497471,75960.34375,1.1208138465881348
129100.0,0.0,0.0,-4199830.5,9.72502326965332,501.301025390625,0.0008619551081210375,75950.1015625,1.1209650039672852
129200.0,0.0,0.0,-4199833.0,11.853414535522461,500.21270751953125,-0.0019549434073269367,75942.5859375,1.121075987815857
129300.0,0.0,0.0,-4199829.0,11.41364574432373,500.4743347167969,-0.0010477029718458652,75936.9296875,1.1211594343185425
129400.0,0.0,0.0,-4199841.0,10.771157264709473,511.16302490234375,0.0007284916937351227,75933.5078125,1.121209979057312
129500.0,0.0,0.0,-4199832.5,11.096784591674805,500.40130615234375,0.0014849049039185047,75932.6640625,1.1212223768234253
129600.0,0.0,0.0,-4199839.5,10.008430480957031,505.0187072753906,0.0008245888166129589,75934.4453125,1.1211961507797241
129700.0,0.0,0.0,-4199834.0,11.617838859558105,496.8576965332031,-0.0013576354831457138,75938.3828125,1.1211379766464233
129800.0,0.0,0.0,-4199836.5,12.08838176727295,498.0654296875,0.00048552616499364376,75943.59375,1.121061086654663
129900.0,0.0,0.0,-4199837.0,10.651288032531738,497.8609313964844,0.00017258338630199432,75951.25,1.1209481954574585
130000.0,0.0,0.0,-4199833.5,11.330048561096191,494.98455810546875,0.0004827827215194702,75961.46875,1.1207972764968872
130100.0,0.0,0.0,-4199830.5,10.801259994506836,495.3045959472656,-0.0009868158958852291,75973.65625,1.1206176280975342
130200.0,0.0,0.0,-4199837.5,11.404889106750488,510.2153015136719,0.00015991739928722382,75987.125,1.1204187870025635
130300.0,0.0,0.0,-4199826.5,12.585515975952148,502.21942138671875,0.0013292902149260044,76002.859375,1.1201869249343872
130400.0,0.0,0.0,-4199825.0,11.90681266784668,508.8288269042969,0.0014953897334635258,76021.59375,1.1199108362197876
130500.0,0.0,0.0,-4199824.0,12.025582313537598,507.46173095703125,9.834207594394684e-05,76043.5234375,1.119588017463684
130600.0,0.0,0.0,-4199829.0,11.875611305236816,509.11981201171875,-0.0021616234444081783,76067.09375,1.1192409992218018
130700.0,0.0,0.0,-4199832.5,10.815667152404785,508.9324951171875,0.0001480095088481903,76091.3359375,1.1188844442367554
130800.0,0.0,0.0,-4199835.0,11.471598625183105,508.9884948730469,0.0011626072227954865,76117.546875,1.1184990406036377
130900.0,0.0,0.0,-4199833.0,13.525879859924316,502.1654357910156,0.000779369380325079,76145.9296875,1.1180821657180786
131000.0,0.0,0.0,-4199836.5,11.670467376708984,500.9587707519531,-0.00020852917805314064,76175.2890625,1.1176512241363525
131100.0,0.0,0.0,-4199838.0,12.226799964904785,499.0872497558594,-0.0007062968797981739,76204.953125,1.1172162294387817
131200.0,0.0,0.0,-4199841.0,12.656230926513672,500.25555419921875,0.0011545531451702118,76234.9921875,1.1167759895324707
131300.0,0.0,0.0,-4199843.0,11.359855651855469,502.95880126953125,0.0007058477494865656,76265.296875,1.1163321733474731
131400.0,0.0,0.0,-4199837.0,11.432202339172363,498.6074523925781,-0.0011765728704631329,76296.6875,1.115872859954834
131500.0,0.0,0.0,-4199826.5,13.705984115600586,492.0315856933594,-0.0009400304406881332,76328.484375,1.115408182144165
131600.0,0.0,0.0,-4199826.0,11.343703269958496,504.575439453125,-0.0006513413973152637,76360.328125,1.114943027496338
131700.0,0.0,0.0,-4199827.5,12.34303092956543,510.3083801269531,0.002273533260449767,76392.359375,1.1144754886627197
131800.0,0.0,0.0,-4199825.5,9.637259483337402,506.43878173828125,-0.0006395387463271618,76425.046875,1.1139988899230957
131900.0,0.0,0.0,-4199820.5,12.597389221191406,496.9671936035156,5.6319404393434525e-05,76457.859375,1.113520622253418
132000.0,0.0,0.0,-4199827.0,14.910789489746094,504.1849060058594,-0.002361808903515339,76490.796875,1.1130412817001343
132100.0,0.0,0.0,-4199823.5,14.900893211364746,500.4544982910156,-0.0001279963180422783,76524.0625,1.112557291984558
132200.0,0.0,0.0,-4199835.0,11.394779205322266,511.7510070800781,0.001105146249756217,76558.03125,1.1120636463165283
132300.0,0.0,0.0,-4199833.5,12.885384559631348,506.7558898925781,0.0006657924968749285,76592.4140625,1.1115645170211792
132400.0,0.0,0.0,-4199829.5,14.683284759521484,498.62890625,-3.999285399913788e-05,76626.953125,1.1110635995864868
132500.0,0.0,0.0,-4199828.0,12.772937774658203,493.70819091796875,-0.0011605285108089447,76661.1328125,1.1105681657791138
132600.0,0.0,0.0,-4199831.0,13.843476295471191,494.8851013183594,0.0006260175723582506,76694.8046875,1.1100804805755615
132700.0,0.0,0.0,-4199832.0,10.860636711120605,498.1177062988281,-0.00033313874155282974,76729.125,1.109584093093872
132800.0,0.0,0.0,-4199832.0,11.5369291305542,500.26239013671875,-0.00035993847995996475,76763.4609375,1.1090877056121826
132900.0,0.0,0.0,-4199831.0,10.708038330078125,501.96368408203125,-0.0006817225366830826,76797.0078125,1.1086031198501587
133000.0,0.0,0.0,-4199826.5,11.339798927307129,500.7235412597656,0.0006724228151142597,76827.828125,1.1081585884094238
133100.0,0.0,0.0,-4199835.0,12.901904106140137,510.4725646972656,0.0011190585792064667,76857.2890625,1.1077337265014648
133200.0,0.0,0.0,-4199825.0,11.877473831176758,500.1829833984375,-0.0010303221642971039,76886.0078125,1.107319951057434
133300.0,0.0,0.0,-4199832.5,10.20692253112793,503.5213623046875,-0.0016151275485754013,76913.953125,1.1069176197052002
133400.0,0.0,0.0,-4199826.0,12.584647178649902,493.0487060546875,-0.0022745858877897263,76938.90625,1.1065585613250732
133500.0,0.0,0.0,-4199833.5,12.605522155761719,499.3670959472656,-0.0002503208816051483,76959.328125,1.1062649488449097
133600.0,0.0,0.0,-4199839.5,11.113272666931152,505.1078186035156,0.0017789017874747515,76977.0546875,1.1060101985931396
133700.0,0.0,0.0,-4199832.0,12.124005317687988,498.871337890625,0.000873791053891182,76993.1953125,1.1057783365249634
133800.0,0.0,0.0,-4199835.0,13.132665634155273,505.062744140625,0.00048159295693039894,77007.2109375,1.1055771112442017
133900.0,0.0,0.0,-4199826.5,11.147052764892578,494.8618469238281,-0.002138226293027401,77018.3203125,1.1054176092147827
134000.0,0.0,0.0,-4199830.5,11.820317268371582,498.711669921875,-0.001131491269916296,77024.6796875,1.1053262948989868
134100.0,0.0,0.0,-4199835.5,11.941170692443848,501.6943664550781,-0.00035650189965963364,77027.0625,1.1052920818328857
134200.0,0.0,0.0,-4199840.0,10.297593116760254,502.13348388671875,-5.181832239031792e-05,77025.8515625,1.1053096055984497
134300.0,0.0,0.0,-4199835.0,10.467222213745117,499.2341003417969,0.001627509482204914,77021.2109375,1.1053762435913086
134400.0,0.0,0.0,-4199831.5,11.385820388793945,491.9710998535156,-0.0005218777805566788,77013.2734375,1.1054900884628296
134500.0,0.0,0.0,-4199831.5,11.428997993469238,491.54351806640625,-0.0009417147375643253,77002.4765625,1.1056451797485352
134600.0,0.0,0.0,-4199829.0,12.600471496582031,494.6006774902344,-0.002765385899692774,76989.25,1.1058350801467896
134700.0,0.0,0.0,-4199827.5,11.069780349731445,504.2964172363281,0.0005790290888398886,76973.171875,1.106066107749939
134800.0,0.0,0.0,-4199824.0,14.066827774047852,505.92669677734375,0.0013643591664731503,76955.578125,1.1063189506530762
134900.0,0.0,0.0,-4199819.0,14.801800727844238,501.3483581542969,0.0013703941367566586,76937.828125,1.1065740585327148
135000.0,0.0,0.0,-4199822.0,11.404711723327637,502.61077880859375,2.726074308156967e-05,76919.4296875,1.1068387031555176
135100.0,0.0,0.0,-4199822.0,14.942740440368652,502.8295593261719,-0.0018143667839467525,76900.734375,1.1071078777313232
135200.0,0.0,0.0,-4199832.0,9.640909194946289,509.7652893066406,-0.00015456834807991982,76880.71875,1.107396125793457
135300.0,0.0,0.0,-4199823.5,14.44967269897461,500.0744323730469,0.0004196059890091419,76859.953125,1.10769522190094
135400.0,0.0,0.0,-4199828.5,12.319368362426758,507.7409973144531,0.00017235660925507545,76839.1015625,1.107995867729187
135500.0,0.0,0.0,-4199822.0,13.65160083770752,495.4205017089844,-0.0003069313243031502,76817.78125,1.108303427696228
135600.0,0.0,0.0,-4199834.5,14.080936431884766,504.30645751953125,0.0003970661200582981,76794.3828125,1.1086410284042358
135700.0,0.0,0.0,-4199826.5,11.733927726745605,499.32562255859375,0.0015573669224977493,76770.15625,1.1089909076690674
135800.0,0.0,0.0,-4199830.0,13.76928997039795,501.1302490234375,6.661424413323402e-05,76746.0234375,1.1093395948410034
135900.0,0.0,0.0,-4199826.0,11.100126266479492,494.9296875,-0.0007892721332609653,76721.46875,1.1096947193145752
136000.0,0.0,0.0,-4199832.5,16.39200782775879,504.4773864746094,-0.0004920889623463154,76695.7265625,1.1100671291351318
136100.0,0.0,0.0,-4199832.0,14.413175582885742,499.6883239746094,-5.6590884923934937e-05,76668.8671875,1.110456109046936
136200.0,0.0,0.0,-4199831.5,12.923328399658203,496.5851135253906,0.0003156261518597603,76641.7265625,1.1108492612838745
136300.0,0.0,0.0,-4199833.5,13.697056770324707,497.9027404785156,5.1043927669525146e-05,76614.8828125,1.1112384796142578
136400.0,0.0,0.0,-4199825.5,12.602450370788574,491.19757080078125,-0.0005405801348388195,76587.15625,1.1116408109664917
136500.0,0.0,0.0,-4199835.5,12.946372032165527,501.837158203125,-3.384193405508995e-05,76559.609375,1.1120407581329346
136600.0,0.0,0.0,-4199830.5,13.968456268310547,499.4743347167969,-0.00015612086281180382,76532.796875,1.1124303340911865
136700.0,0.0,0.0,-4199838.0,12.355875968933105,509.1098937988281,0.00033211568370461464,76506.5390625,1.1128121614456177
136800.0,0.0,0.0,-4199832.0,11.059103012084961,500.99468994140625,-0.00016052694991230965,76481.125,1.1131819486618042
136900.0,0.0,0.0,-4199831.0,16.39754867553711,500.75885009765625,-0.000998819712549448,76454.671875,1.1135671138763428
137000.0,0.0,0.0,-4199840.0,11.821617126464844,506.9627990722656,-0.001087370328605175,76427.6484375,1.113960862159729
137100.0,0.0,0.0,-4199838.0,11.811847686767578,500.7300720214844,0.0007296614348888397,76400.765625,1.114352822303772
137200.0,0.0,0.0,-4199833.5,12.171148300170898,496.04095458984375,0.0007475751917809248,76375.2421875,1.1147252321243286
137300.0,0.0,0.0,-4199831.5,13.45346736907959,496.46319580078125,0.0009250454604625702,76350.9609375,1.115079641342163
137400.0,0.0,0.0,-4199832.0,13.176482200622559,497.4011535644531,0.0005201357416808605,76328.46875,1.1154083013534546
137500.0,0.0,0.0,-4199834.5,10.869117736816406,504.1337890625,0.00040397816337645054,76307.9921875,1.1157076358795166
137600.0,0.0,0.0,-4199832.0,12.499592781066895,507.465087890625,0.0007283985614776611,76289.2109375,1.1159822940826416
137700.0,0.0,0.0,-4199822.5,12.903491973876953,507.28765869140625,-0.0008558784611523151,76272.90625,1.1162208318710327
137800.0,0.0,0.0,-4199821.5,12.888161659240723,510.65069580078125,-3.4456606954336166e-05,76257.984375,1.1164393424987793
137900.0,0.0,0.0,-4199812.0,14.015130996704102,503.4529724121094,-0.0005454104393720627,76243.90625,1.1166454553604126
138000.0,0.0,0.0,-4199827.0,12.497808456420898,511.30572509765625,0.0018989178352057934,76230.34375,1.1168439388275146
138100.0,0.0,0.0,-4199822.0,11.68131160736084,499.17315673828125,0.00015103258192539215,76218.7421875,1.1170140504837036
138200.0,0.0,0.0,-4199832.0,14.705665588378906,506.4360656738281,-1.0028481483459473e-05,76208.1640625,1.1171692609786987
138300.0,0.0,0.0,-4199832.0,11.3016357421875,503.5577087402344,-0.00034635188058018684,76199.3125,1.1172988414764404
138400.0,0.0,0.0,-4199829.5,13.812451362609863,501.9218444824219,-0.0010754847899079323,76191.7265625,1.1174100637435913
138500.0,0.0,0.0,-4199831.5,16.132747650146484,500.4523620605469,0.00021828897297382355,76184.953125,1.1175094842910767
138600.0,0.0,0.0,-4199836.0,12.24977970123291,501.0833435058594,0.000619084108620882,76178.6484375,1.117601990699768
138700.0,0.0,0.0,-4199829.0,13.655611038208008,491.3062744140625,0.0009047966450452805,76172.8359375,1.117687463760376
138800.0,0.0,0.0,-4199836.0,13.410175323486328,497.50006103515625,-0.00038317032158374786,76166.9765625,1.117773175239563
138900.0,0.0,0.0,-4199839.0,14.708271980285645,500.1750793457031,0.0005160863511264324,76160.640625,1.1178661584854126
139000.0,0.0,0.0,-4199834.5,13.7236967086792,497.7147521972656,-0.000697785522788763,76154.4765625,1.1179566383361816
139100.0,0.0,0.0,-4199828.5,11.50694751739502,495.604248046875,-0.00016083940863609314,76148.4609375,1.1180449724197388
139200.0,0.0,0.0,-4199830.5,11.463691711425781,507.59515380859375,-0.000675935298204422,76143.6171875,1.1181161403656006
139300.0,0.0,0.0,-4199828.5,16.449617385864258,510.0231018066406,-2.498319372534752e-05,76139.59375,1.1181752681732178
139400.0,0.0,0.0,-4199827.5,17.144445419311523,508.0547180175781,0.0013861849438399076,76135.8515625,1.1182302236557007
139500.0,0.0,0.0,-4199828.0,11.977191925048828,507.3165283203125,0.000608762027695775,76133.4921875,1.1182647943496704
139600.0,0.0,0.0,-4199829.5,11.027952194213867,505.1488342285156,0.00021621957421302795,76133.46875,1.118265151977539
139700.0,0.0,0.0,-4199830.5,10.779106140136719,502.98284912109375,-0.000752648338675499,76134.75,1.11824631690979
139800.0,0.0,0.0,-4199827.0,10.521198272705078,496.2113342285156,0.00044961366802453995,76137.203125,1.1182103157043457
139900.0,0.0,0.0,-4199836.5,11.662976264953613,504.24365234375,0.00023317825980484486,76141.46875,1.1181477308273315
140000.0,0.0,0.0,-4199839.0,10.467126846313477,505.4430236816406,0.0010958572383970022,76145.90625,1.1180825233459473
140100.0,0.0,0.0,-4199837.0,14.791485786437988,501.1925964355469,-0.0009722830727696419,76151.1875,1.1180050373077393
140200.0,0.0,0.0,-4199835.5,13.372615814208984,498.1618957519531,6.299279630184174e-05,76157.515625,1.1179121732711792
140300.0,0.0,0.0,-4199829.5,15.130011558532715,491.7964782714844,0.0009680481161922216,76166.0078125,1.117787480354309
140400.0,0.0,0.0,-4199833.5,12.287758827209473,499.5581970214844,0.0004729710053652525,76176.4921875,1.1176337003707886
140500.0,0.0,0.0,-4199834.5,11.252094268798828,506.1268310546875,-0.000979224219918251,76188.8515625,1.1174523830413818
140600.0,0.0,0.0,-4199827.5,14.72404670715332,503.2018127441406,-0.0002128593623638153,76201.421875,1.1172679662704468
140700.0,0.0,0.0,-4199826.0,11.807507514953613,503.2547607421875,0.0011483118869364262,76213.5859375,1.1170896291732788
140800.0,0.0,0.0,-4199825.5,10.596263885498047,502.0951843261719,0.000561876455321908,76226.265625,1.1169040203094482
140900.0,0.0,0.0,-4199833.0,10.010601043701172,505.4432067871094,-0.0011210115626454353,76240.1875,1.1166998147964478
141000.0,0.0,0.0,-4199832.0,13.827960968017578,499.1147766113281,-0.0010092654265463352,76254.921875,1.1164840459823608
141100.0,0.0,0.0,-4199834.5,11.29705810546875,499.30120849609375,0.000986746745184064,76270.9921875,1.1162488460540771
141200.0,0.0,0.0,-4199831.0,11.51677417755127,495.51806640625,0.0013030886184424162,76288.9609375,1.1159859895706177
141300.0,0.0,0.0,-4199837.5,11.864542007446289,502.7955627441406,0.001163009088486433,76308.1640625,1.115705132484436
141400.0,0.0,0.0,-4199841.0,10.86868953704834,506.2705078125,-0.00123888673260808,76327.53125,1.115422010421753
141500.0,0.0,0.0,-4199836.0,15.845205307006836,499.77801513671875,-0.0015969723463058472,76346.171875,1.1151496171951294
141600.0,0.0,0.0,-4199838.5,12.562247276306152,502.7800598144531,0.0003643166273832321,76365.3125,1.1148701906204224
141700.0,0.0,0.0,-4199836.0,11.435423851013184,500.11798095703125,0.000515705905854702,76386.15625,1.1145659685134888
141800.0,0.0,0.0,-4199832.0,11.588891983032227,499.97271728515625,0.0014135974925011396,76407.6171875,1.1142528057098389
141900.0,0.0,0.0,-4199833.5,10.661730766296387,504.89703369140625,-0.0006508962251245975,76430.1484375,1.113924503326416
142000.0,0.0,0.0,-4199832.5,11.065278053283691,506.7418518066406,-0.0004888926632702351,76452.7890625,1.113594651222229
142100.0,0.0,0.0,-4199828.0,13.1632080078125,500.8694152832031,-0.00048430729657411575,76474.3515625,1.1132805347442627
142200.0,0.0,0.0,-4199825.5,9.820856094360352,494.0078125,0.0006333892233669758,76496.078125,1.1129642724990845
142300.0,0.0,0.0,-4199835.0,12.553784370422363,501.4883117675781,-0.000133502297103405,76518.53125,1.1126377582550049
142400.0,0.0,0.0,-4199843.0,10.471574783325195,506.24432373046875,0.0005125782918184996,76540.46875,1.112318992614746
142500.0,0.0,0.0,-4199834.5,11.66965389251709,495.91046142578125,0.00015456019900739193,76561.9375,1.1120070219039917
142600.0,0.0,0.0,-4199837.0,10.54360294342041,497.1668701171875,-0.00018789293244481087,76583.9453125,1.111687421798706
142700.0,0.0,0.0,-4199835.0,12.018799781799316,495.8192138671875,-0.0012891017831861973,76607.2109375,1.1113498210906982
142800.0,0.0,0.0,-4199833.5,11.041568756103516,499.9087219238281,-0.0004528113640844822,76630.28125,1.1110152006149292
142900.0,0.0,0.0,-4199828.0,13.285131454467773,504.5999450683594,0.0008576305117458105,76653.140625,1.1106839179992676
143000.0,0.0,0.0,-4199824.0,10.32933235168457,505.67242431640625,0.0008677700534462929,76676.0546875,1.1103519201278687
143100.0,0.0,0.0,-4199823.5,11.489821434020996,505.2535095214844,0.0007425064686685801,76700.0546875,1.1100045442581177
143200.0,0.0,0.0,-4199827.0,13.480791091918945,506.0963439941406,-0.0011717872694134712,76724.1796875,1.1096556186676025
143300.0,0.0,0.0,-4199821.0,11.181644439697266,500.82855224609375,-0.0005377251654863358,76747.890625,1.109312653541565
143400.0,0.0,0.0,-4199832.5,16.468271255493164,509.83648681640625,-0.00039499858394265175,76772.2109375,1.1089613437652588
143500.0,0.0,0.0,-4199833.0,11.154056549072266,508.0674743652344,0.001420728862285614,76796.828125,1.1086057424545288
143600.0,0.0,0.0,-4199824.0,10.805643081665039,495.4505920410156,9.860843420028687e-06,76822.2734375,1.1082385778427124
143700.0,0.0,0.0,-4199832.5,11.436566352844238,502.0695495605469,7.97593966126442e-05,76847.5703125,1.107873797416687
143800.0,0.0,0.0,-4199830.5,9.031883239746094,503.1228332519531,-0.0008323830552399158,76872.9296875,1.1075084209442139
143900.0,0.0,0.0,-4199835.0,11.712393760681152,504.77880859375,-0.00045092590153217316,76897.609375,1.1071529388427734
144000.0,0.0,0.0,-4199831.0,11.940031051635742,496.65765380859375,0.0006265516858547926,76921.3984375,1.106810450553894
144100.0,0.0,0.0,-4199831.5,11.072075843811035,494.8505554199219,-0.000207491684705019,76944.6015625,1.1064766645431519
144200.0,0.0,0.0,-4199828.5,12.43905258178711,499.9631652832031,4.3446198105812073e-07,76966.703125,1.106158971786499
144300.0,0.0,0.0,-4199820.0,19.36222267150879,492.01702880859375,-0.0011009257286787033,76987.15625,1.1058650016784668
144400.0,0.0,0.0,-4199837.5,13.513022422790527,510.8123779296875,0.000531364930793643,77005.3984375,1.1056030988693237
144500.0,0.0,0.0,-4199825.5,13.025532722473145,496.67901611328125,0.00042554293759167194,77022.265625,1.1053612232208252
144600.0,0.0,0.0,-4199831.0,15.102739334106445,500.6933898925781,-9.925756603479385e-05,77038.1875,1.1051324605941772
144700.0,0.0,0.0,-4199835.5,12.000412940979004,510.06854248046875,-0.0007486608810722828,77054.0390625,1.1049052476882935
144800.0,0.0,0.0,-4199837.5,10.195927619934082,511.56658935546875,-0.0004750317893922329,77068.6484375,1.1046957969665527
144900.0,0.0,0.0,-4199829.0,13.587812423706055,499.6772766113281,-0.00028618983924388885,77082.390625,1.1044987440109253
145000.0,0.0,0.0,-4199826.0,15.665289878845215,493.0248718261719,0.0004390631802380085,77095.3984375,1.104312539100647
145100.0,0.0,0.0,-4199835.5,12.027533531188965,500.9007568359375,0.0011726696975529194,77108.203125,1.1041291952133179
145200.0,0.0,0.0,-4199834.0,12.563998222351074,497.7640380859375,0.0004932016599923372,77121.140625,1.1039438247680664
145300.0,0.0,0.0,-4199838.0,12.539777755737305,509.9442443847656,0.0006591563578695059,77133.625,1.1037653684616089
145400.0,0.0,0.0,-4199829.0,10.982789039611816,502.73919677734375,-0.0020154104568064213,77145.3203125,1.1035977602005005
145500.0,0.0,0.0,-4199833.5,16.39802360534668,507.5892639160156,-0.0003028172068297863,77155.359375,1.1034542322158813
145600.0,0.0,0.0,-4199826.5,12.470047950744629,497.015380859375,-0.0003180871717631817,77164.4609375,1.103324055671692
145700.0,0.0,0.0,-4199824.0,14.120828628540039,489.91424560546875,0.000957967946305871,77173.4140625,1.103196144104004
145800.0,0.0,0.0,-4199834.0,11.977606773376465,494.9625549316406,-0.0002423361875116825,77181.4375,1.103081464767456
145900.0,0.0,0.0,-4199834.0,13.51060962677002,498.84539794921875,-0.0003529372625052929,77188.0625,1.1029866933822632
146000.0,0.0,0.0,-4199835.5,12.851017951965332,498.7037353515625,-2.4354085326194763e-06,77192.8828125,1.1029177904129028
146100.0,0.0,0.0,-4199832.0,14.94944953918457,492.7587890625,-0.00020456081256270409,77196.796875,1.102862000465393
146200.0,0.0,0.0,-4199837.0,9.976179122924805,491.9115295410156,0.0002316497266292572,77199.390625,1.1028248071670532
146300.0,0.0,0.0,-4199837.5,12.522674560546875,485.83544921875,-0.0001250547356903553,77200.71875,1.1028058528900146
146400.0,0.0,0.0,-4199839.5,11.151209831237793,487.4402770996094,-0.0006320392712950706,77199.9140625,1.102817416191101
146500.0,0.0,0.0,-4199844.0,11.759957313537598,495.6106872558594,0.00033453432843089104,77196.2578125,1.1028697490692139
146600.0,0.0,0.0,-4199833.5,11.087654113769531,498.4842224121094,-0.0003562364727258682,77190.484375,1.102952241897583
146700.0,0.0,0.0,-4199827.0,11.289393424987793,496.6363220214844,-0.0008781044743955135,77182.7890625,1.1030620336532593
146800.0,0.0,0.0,-4199827.5,10.647464752197266,499.80902099609375,-0.0008171689696609974,77172.4140625,1.1032103300094604
146900.0,0.0,0.0,-4199831.5,11.74617862701416,505.14678955078125,-0.0004784688353538513,77159.9375,1.103388786315918
147000.0,0.0,0.0,-4199837.0,12.268231391906738,511.3287658691406,0.0009010219946503639,77145.03125,1.1036019325256348
147100.0,0.0,0.0,-4199831.5,11.52397346496582,501.3583679199219,0.000538830179721117,77128.1875,1.1038429737091064
147200.0,0.0,0.0,-4199827.0,14.991201400756836,492.0125427246094,-0.0001093442551791668,77110.171875,1.1041008234024048
147300.0,0.0,0.0,-4199828.0,11.846540451049805,490.7159729003906,-0.00033875321969389915,77091.125,1.1043736934661865
147400.0,0.0,0.0,-4199826.5,12.677027702331543,489.1848449707031,-0.00010304292663931847,77071.4609375,1.1046555042266846
147500.0,0.0,0.0,-4199833.5,10.98836898803711,497.2968444824219,0.00018673669546842575,77050.96875,1.1049492359161377
147600.0,0.0,0.0,-4199833.5,9.615337371826172,499.2425842285156,7.628044113516808e-05,77029.6953125,1.1052544116973877
147700.0,0.0,0.0,-4199834.5,11.783833503723145,501.02532958984375,-0.0006694733165204525,77006.5,1.105587363243103
147800.0,0.0,0.0,-4199833.5,12.962909698486328,500.39178466796875,-0.001098275650292635,76981.890625,1.105940818786621
147900.0,0.0,0.0,-4199832.5,11.711660385131836,500.1730041503906,0.0010894560255110264,76957.09375,1.1062971353530884
148000.0,0.0,0.0,-4199826.0,13.444934844970703,493.24664306640625,0.00029841670766472816,76932.265625,1.1066540479660034
148100.0,0.0,0.0,-4199840.5,11.353472709655762,510.26727294921875,0.00048530218191444874,76908.4765625,1.1069964170455933
148200.0,0.0,0.0,-4199834.5,10.817699432373047,503.1998596191406,-0.00012815743684768677,76885.0859375,1.1073331832885742
148300.0,0.0,0.0,-4199838.0,11.985416412353516,503.3943786621094,-0.0002947170287370682,76861.90625,1.107667088508606
148400.0,0.0,0.0,-4199841.5,12.037298202514648,498.2034606933594,0.0002286043018102646,76839.6640625,1.1079877614974976
148500.0,0.0,0.0,-4199841.5,12.040153503417969,493.5208435058594,-0.0003497307188808918,76818.6484375,1.1082909107208252
148600.0,0.0,0.0,-4199851.5,10.255594253540039,503.72613525390625,-0.00038250070065259933,76798.9765625,1.1085747480392456
148700.0,0.0,0.0,-4199839.5,12.335915565490723,493.7081298828125,0.00025627738796174526,76780.21875,1.1088457107543945
148800.0,0.0,0.0,-4199835.5,12.084930419921875,495.0726013183594,0.0008133878000080585,76762.6640625,1.1090991497039795
148900.0,0.0,0.0,-4199830.0,11.615937232971191,493.7263488769531,0.00012962217442691326,76746.453125,1.1093333959579468
149000.0,0.0,0.0,-4199839.5,11.598283767700195,505.9050598144531,9.521329775452614e-05,76731.25,1.1095532178878784
149100.0,0.0,0.0,-4199827.5,9.993717193603516,494.00286865234375,-0.0001494591124355793,76717.8515625,1.109747052192688
149200.0,0.0,0.0,-4199832.0,10.790812492370605,504.33172607421875,0.0005938392132520676,76706.109375,1.1099169254302979
149300.0,0.0,0.0,-4199829.5,9.919259071350098,503.9200439453125,0.0007606949657201767,76697.46875,1.1100419759750366
149400.0,0.0,0.0,-4199831.5,13.56165885925293,506.9285583496094,0.00015226053074002266,76691.765625,1.1101247072219849
149500.0,0.0,0.0,-4199832.5,14.208452224731445,503.1466369628906,-0.0007459144107997417,76688.234375,1.1101757287979126
149600.0,0.0,0.0,-4199840.0,13.881650924682617,505.9399719238281,-0.000485910102725029,76685.5234375,1.1102149486541748
149700.0,0.0,0.0,-4199838.0,11.970763206481934,501.5339660644531,0.00013092532753944397,76683.59375,1.1102427244186401
149800.0,0.0,0.0,-4199828.5,12.319539070129395,490.979248046875,0.002014470985159278,76683.4765625,1.1102445125579834
149900.0,0.0,0.0,-4199840.5,11.402153968811035,503.7252502441406,-0.0005121291615068913,76685.6328125,1.110213279724121
150000.0,0.0,0.0,-4199823.5,11.236837387084961,486.63873291015625,-8.677365258336067e-05,76689.0859375,1.1101632118225098
150100.0,0.0,0.0,-4199831.5,12.775092124938965,500.1335754394531,-0.0008354773744940758,76694.6015625,1.1100834608078003
150200.0,0.0,0.0,-4199834.5,11.368056297302246,505.39508056640625,0.0013296469114720821,76701.859375,1.109978437423706
150300.0,0.0,0.0,-4199828.0,10.706161499023438,508.1899719238281,0.0006441138684749603,76712.1953125,1.1098288297653198
150400.0,0.0,0.0,-4199828.0,11.832440376281738,511.74652099609375,-0.0005670934915542603,76725.78125,1.1096323728561401
150500.0,0.0,0.0,-4199825.0,13.333172798156738,507.01519775390625,8.968403562903404e-05,76740.4609375,1.1094201803207397
150600.0,0.0,0.0,-4199830.5,11.171202659606934,503.5819091796875,-0.0005549215711653233,76756.4765625,1.1091886758804321
150700.0,0.0,0.0,-4199836.5,11.674901962280273,504.92474365234375,0.0008383109234273434,76773.3046875,1.1089454889297485
150800.0,0.0,0.0,-4199837.5,11.86179256439209,504.1582336425781,0.0003231056034564972,76791.0546875,1.1086890697479248
150900.0,0.0,0.0,-4199834.0,13.38620376586914,503.0067443847656,0.0006008453201502562,76809.828125,1.1084181070327759
151000.0,0.0,0.0,-4199831.0,11.273119926452637,498.9620056152344,-0.0007715439423918724,76829.78125,1.1081302165985107
151100.0,0.0,0.0,-4199829.5,11.600890159606934,495.5030212402344,0.0018027517944574356,76851.1328125,1.1078224182128906
151200.0,0.0,0.0,-4199826.5,10.648604393005371,490.9604797363281,0.0009517497383058071,76875.609375,1.1074696779251099
151300.0,0.0,0.0,-4199835.0,11.915956497192383,499.1950988769531,-8.58129933476448e-05,76902.3828125,1.1070841550827026
151400.0,0.0,0.0,-4199824.0,12.303520202636719,494.827880859375,-0.000932890921831131,76930.4609375,1.1066800355911255
151500.0,0.0,0.0,-4199832.0,14.124150276184082,506.3170166015625,-0.0005074390210211277,76958.3515625,1.1062790155410767
151600.0,0.0,0.0,-4199839.0,10.347452163696289,515.5028076171875,0.001486062305048108,76986.1328125,1.1058796644210815
151700.0,0.0,0.0,-4199827.5,11.932106971740723,498.3787536621094,-0.00042169447988271713,77015.03125,1.1054649353027344
151800.0,0.0,0.0,-4199839.5,9.640946388244629,504.2543640136719,-0.0001821843907237053,77043.8671875,1.105051040649414
151900.0,0.0,0.0,-4199835.0,12.141228675842285,502.8138427734375,-0.000998585019260645,77073.046875,1.1046327352523804
152000.0,0.0,0.0,-4199830.5,10.705352783203125,496.4387512207031,-0.0008092811331152916,77102.0390625,1.1042174100875854
152100.0,0.0,0.0,-4199829.0,11.355030059814453,493.2215881347656,0.0007044989615678787,77131.2734375,1.103798747062683
152200.0,0.0,0.0,-4199830.5,12.327333450317383,495.1503601074219,0.000953055452555418,77161.7890625,1.1033623218536377
152300.0,0.0,0.0,-4199826.5,12.663909912109375,500.7160949707031,0.00017256499268114567,77192.7265625,1.1029201745986938
152400.0,0.0,0.0,-4199829.0,14.284028053283691,508.76177978515625,3.107823431491852e-06,77222.9140625,1.1024889945983887
152500.0,0.0,0.0,-4199823.0,13.993048667907715,505.8280029296875,0.00019692140631377697,77251.3984375,1.1020824909210205
152600.0,0.0,0.0,-4199821.0,14.866769790649414,504.89056396484375,-8.576642721891403e-05,77278.984375,1.101689100265503
152700.0,0.0,0.0,-4199824.0,20.706655502319336,502.7867126464844,-8.926726877689362e-05,77305.53125,1.1013107299804688
152800.0,0.0,0.0,-4199831.0,11.626816749572754,501.7439880371094,-0.0011285454966127872,77331.25,1.1009443998336792
152900.0,0.0,0.0,-4199824.0,12.0286865234375,495.2483215332031,0.0002773487940430641,77355.28125,1.100602388381958
153000.0,0.0,0.0,-4199834.0,13.530489921569824,504.1170654296875,-0.00029618339613080025,77378.3984375,1.100273609161377
153100.0,0.0,0.0,-4199832.5,14.447762489318848,500.5039367675781,-0.00040005985647439957,77400.3359375,1.099961757659912
153200.0,0.0,0.0,-4199830.0,12.513128280639648,496.88677978515625,-0.0005505122244358063,77421.6171875,1.0996593236923218
153300.0,0.0,0.0,-4199833.0,12.724074363708496,499.74810791015625,0.0006693846080452204,77441.7265625,1.0993738174438477
153400.0,0.0,0.0,-4199830.5,11.187114715576172,497.1573181152344,0.00036109983921051025,77461.609375,1.0990917682647705
153500.0,0.0,0.0,-4199830.5,11.364582061767578,501.0611572265625,-0.00010986905544996262,77480.15625,1.0988285541534424
153600.0,0.0,0.0,-4199825.5,11.560884475708008,499.31781005859375,-4.269974306225777e-05,77497.3203125,1.0985852479934692
153700.0,0.0,0.0,-4199822.5,10.222928047180176,500.6034240722656,0.000671314774081111,77513.015625,1.098362684249878
153800.0,0.0,0.0,-4199822.5,11.097599983215332,509.8545227050781,-0.0007427148520946503,77527.2734375,1.098160743713379
153900.0,0.0,0.0,-4199817.0,10.228083610534668,506.0815124511719,-0.00011540716513991356,77540.3671875,1.097975492477417
154000.0,0.0,0.0,-4199822.5,13.794634819030762,509.3202819824219,-0.00027213338762521744,77552.1796875,1.0978080034255981
154100.0,0.0,0.0,-4199823.0,11.340977668762207,503.38067626953125,-0.0004968284629285336,77561.921875,1.0976701974868774
154200.0,0.0,0.0,-4199823.5,10.937043190002441,501.866455078125,-0.0009173187427222729,77568.8671875,1.0975719690322876
154300.0,0.0,0.0,-4199823.0,14.715526580810547,502.32098388671875,0.0005057668313384056,77573.078125,1.0975123643875122
154400.0,0.0,0.0,-4199822.0,12.196686744689941,498.818115234375,0.0006610020063817501,77575.53125,1.097477674484253
154500.0,0.0,0.0,-4199831.0,11.051196098327637,505.5860290527344,-0.00043995771557092667,77575.9375,1.0974719524383545
154600.0,0.0,0.0,-4199819.0,12.51981258392334,492.1416320800781,-0.0012874114327132702,77573.3046875,1.0975090265274048
154700.0,0.0,0.0,-4199830.0,10.422477722167969,504.060302734375,-0.0003093047998845577,77567.6875,1.0975884199142456
154800.0,0.0,0.0,-4199825.5,12.048858642578125,499.2885437011719,0.0009695317130535841,77559.8515625,1.0976994037628174
154900.0,0.0,0.0,-4199825.5,14.707841873168945,503.4451599121094,-0.00044606300070881844,77550.140625,1.0978368520736694
155000.0,0.0,0.0,-4199826.5,13.334919929504395,499.9754333496094,-0.0002516605891287327,77538.8046875,1.0979975461959839
155100.0,0.0,0.0,-4199825.0,11.120017051696777,494.25152587890625,-0.0013126367703080177,77526.421875,1.0981727838516235
155200.0,0.0,0.0,-4199830.5,12.153416633605957,498.10400390625,0.0008743561338633299,77512.0546875,1.0983762741088867
155300.0,0.0,0.0,-4199827.5,11.470290184020996,496.56219482421875,9.207450784742832e-05,77495.3515625,1.0986130237579346
155400.0,0.0,0.0,-4199823.5,13.382615089416504,493.4855651855469,1.9954051822423935e-05,77475.953125,1.0988881587982178
155500.0,0.0,0.0,-4199822.5,15.207613945007324,494.04986572265625,-0.001353721134364605,77454.4296875,1.0991935729980469
155600.0,0.0,0.0,-4199829.5,12.715176582336426,504.42242431640625,0.0006145765073597431,77430.25,1.0995368957519531
155700.0,0.0,0.0,-4199819.0,10.564306259155273,501.93011474609375,-0.0004244409501552582,77404.7421875,1.0998990535736084
155800.0,0.0,0.0,-4199819.5,11.913410186767578,501.3409423828125,-0.0014530587941408157,77377.21875,1.100290298461914
155900.0,0.0,0.0,-4199824.0,10.71777057647705,500.76995849609375,-0.0017271260730922222,77347.75,1.1007096767425537
156000.0,0.0,0.0,-4199832.5,11.815791130065918,504.7210998535156,0.00036770361475646496,77315.828125,1.1011641025543213
156100.0,0.0,0.0,-4199825.5,16.940109252929688,494.443603515625,0.0012912519741803408,77282.1953125,1.1016432046890259
156200.0,0.0,0.0,-4199828.0,14.574495315551758,498.3237609863281,0.0009090050589293242,77247.1796875,1.102142572402954
156300.0,0.0,0.0,-4199831.5,14.260311126708984,498.7640686035156,-0.0007889550179243088,77210.4609375,1.1026667356491089
156400.0,0.0,0.0,-4199835.5,10.977989196777344,500.9728698730469,-0.0018673497252166271,77172.3203125,1.1032116413116455
156500.0,0.0,0.0,-4199840.5,11.45630931854248,506.13043212890625,6.900914013385773e-05,77132.65625,1.1037790775299072
156600.0,0.0,0.0,-4199823.0,11.453706741333008,490.156982421875,0.0007179179228842258,77092.8125,1.1043494939804077
156700.0,0.0,0.0,-4199829.5,11.339859962463379,506.24212646484375,0.0005161149892956018,77053.234375,1.1049168109893799
156800.0,0.0,0.0,-4199816.5,14.128273010253906,496.0469055175781,-0.0008384194225072861,77013.1796875,1.1054913997650146
156900.0,0.0,0.0,-4199824.0,11.893165588378906,509.01531982421875,9.472481906414032e-06,76971.9921875,1.1060830354690552
157000.0,0.0,0.0,-4199817.5,12.355088233947754,503.0657958984375,0.0008254928980022669,76930.7421875,1.1066759824752808
157100.0,0.0,0.0,-4199824.0,12.984980583190918,506.6044006347656,0.0003597429022192955,76890.03125,1.1072620153427124
157200.0,0.0,0.0,-4199822.0,17.946918487548828,500.1918029785156,-0.0011988435871899128,76848.859375,1.1078553199768066
157300.0,0.0,0.0,-4199818.0,12.505712509155273,491.6167907714844,-0.00019017048180103302,76806.9140625,1.1084601879119873
157400.0,0.0,0.0,-4199826.5,13.076889038085938,500.2126770019531,0.0002239577006548643,76765.484375,1.1090583801269531
157500.0,0.0,0.0,-4199827.5,12.389878273010254,499.3567199707031,0.0011298106983304024,76725.09375,1.1096422672271729
157600.0,0.0,0.0,-4199831.5,11.271564483642578,501.3788757324219,-0.000657176598906517,76685.5625,1.110214352607727
157700.0,0.0,0.0,-4199823.5,13.97120475769043,497.1007995605469,-0.002068688627332449,76646.6875,1.1107773780822754
157800.0,0.0,0.0,-4199833.0,11.7518949508667,503.4122009277344,-0.00017132330685853958,76607.0234375,1.1113524436950684
157900.0,0.0,0.0,-4199835.5,10.29069709777832,502.05303955078125,0.0019792241510003805,76567.5078125,1.1119260787963867
158000.0,0.0,0.0,-4199838.5,13.594775199890137,502.84228515625,0.0015340156387537718,76528.4765625,1.1124931573867798
158100.0,0.0,0.0,-4199828.0,14.023297309875488,491.65087890625,-0.001205654814839363,76490.4140625,1.1130467653274536
158200.0,0.0,0.0,-4199837.0,10.788060188293457,503.8076477050781,-0.0010803868062794209,76452.9765625,1.1135917901992798
158300.0,0.0,0.0,-4199832.5,11.685906410217285,501.7782897949219,-0.0005352613516151905,76414.9921875,1.1141453981399536
158400.0,0.0,0.0,-4199828.0,14.37470531463623,502.0213928222656,0.00202238280326128,76376.5078125,1.1147068738937378
158500.0,0.0,0.0,-4199831.0,15.066693305969238,502.9233093261719,0.0006080139428377151,76339.5859375,1.1152459383010864
158600.0,0.0,0.0,-4199829.5,11.39697551727295,490.9370422363281,-0.00025965459644794464,76303.6171875,1.1157715320587158
158700.0,0.0,0.0,-4199841.0,11.165472030639648,498.8354797363281,-0.00024776067584753036,76268.2578125,1.1162889003753662
158800.0,0.0,0.0,-4199826.5,12.66292667388916,483.5283203125,0.0007450701668858528,76233.8828125,1.1167922019958496
158900.0,0.0,0.0,-4199842.5,12.266852378845215,505.0555725097656,0.0004417255986481905,76202.1328125,1.1172575950622559
159000.0,0.0,0.0,-4199834.0,11.929207801818848,501.50146484375,-0.0004827817901968956,76172.2734375,1.1176954507827759
159100.0,0.0,0.0,-4199832.5,11.54278564453125,505.98199462890625,-0.0013526552356779575,76142.8125,1.1181280612945557
159200.0,0.0,0.0,-4199824.0,13.558464050292969,501.2929382324219,0.0003750072792172432,76113.546875,1.1185578107833862
159300.0,0.0,0.0,-4199829.0,15.955302238464355,504.08154296875,0.002005424117669463,76085.5625,1.1189693212509155
159400.0,0.0,0.0,-4199834.0,10.709955215454102,503.5858154296875,0.0011202897876501083,76060.3671875,1.119339942932129
159500.0,0.0,0.0,-4199837.5,13.349479675292969,500.10345458984375,-0.001237355638295412,76037.78125,1.119672417640686
159600.0,0.0,0.0,-4199836.5,14.979839324951172,496.9136962890625,-0.0007268371991813183,76015.328125,1.1200032234191895
159700.0,0.0,0.0,-4199830.0,12.640983581542969,490.70770263671875,0.0008429158478975296,75992.765625,1.1203356981277466
159800.0,0.0,0.0,-4199844.0,10.093913078308105,508.6272888183594,0.0008280491456389427,75971.8984375,1.1206434965133667
159900.0,0.0,0.0,-4199836.0,14.894109725952148,502.8161926269531,0.0008707623928785324,75952.390625,1.1209313869476318
160000.0,0.0,0.0,-4199830.5,12.353525161743164,498.27587890625,-0.0016414509154856205,75933.3671875,1.121212124824524
160100.0,0.0,0.0,-4199828.5,10.394954681396484,497.0592956542969,-7.904320955276489e-05,75914.4921875,1.1214908361434937
160200.0,0.0,0.0,-4199836.5,13.29289436340332,506.1712646484375,0.0005919444374740124,75897.8359375,1.1217368841171265
160300.0,0.0,0.0,-4199828.0,12.628077507019043,496.19500732421875,0.0015153982676565647,75883.75,1.1219451427459717
160400.0,0.0,0.0,-4199829.5,12.940814971923828,495.1878967285156,-1.4425255358219147e-05,75872.5546875,1.1221107244491577
160500.0,0.0,0.0,-4199838.5,13.16293716430664,501.595703125,-0.00010714074596762657,75863.1015625,1.1222505569458008
160600.0,0.0,0.0,-4199836.5,12.676301002502441,498.9986877441406,0.0015782853588461876,75854.1171875,1.1223835945129395
160700.0,0.0,0.0,-4199833.0,12.252086639404297,496.2292785644531,-0.000553106889128685,75846.2265625,1.1225001811981201
160800.0,0.0,0.0,-4199838.5,10.24925708770752,502.6073303222656,-0.0005598072893917561,75839.0234375,1.122606873512268
160900.0,0.0,0.0,-4199827.0,21.123313903808594,492.7935791015625,-0.0007537086494266987,75832.8125,1.1226987838745117
161000.0,0.0,0.0,-4199829.0,12.31412124633789,495.9116516113281,0.0007398794405162334,75827.875,1.1227718591690063
161100.0,0.0,0.0,-4199835.5,12.262725830078125,501.9658203125,0.0014104850124567747,75824.78125,1.1228177547454834
161200.0,0.0,0.0,-4199838.0,13.519611358642578,501.5254821777344,0.0005048061721026897,75824.0859375,1.1228280067443848
161300.0,0.0,0.0,-4199833.5,15.321783065795898,493.8830871582031,0.0002473467029631138,75823.8671875,1.1228313446044922
161400.0,0.0,0.0,-4199829.5,14.424690246582031,492.1282653808594,-0.0018894062377512455,75824.3828125,1.1228235960006714
161500.0,0.0,0.0,-4199835.0,13.012944221496582,501.1410827636719,0.0011106515303254128,75824.7890625,1.1228176355361938
161600.0,0.0,0.0,-4199838.0,15.467307090759277,506.56622314453125,0.0012852470390498638,75826.375,1.1227941513061523
161700.0,0.0,0.0,-4199835.5,13.458415985107422,507.2300109863281,0.00037409504875540733,75828.5390625,1.1227622032165527
161800.0,0.0,0.0,-4199828.5,16.25375747680664,500.6593017578125,-0.001147792674601078,75831.640625,1.1227161884307861
161900.0,0.0,0.0,-4199831.0,11.018233299255371,501.63818359375,-0.0006215805187821388,75833.828125,1.1226838827133179
162000.0,0.0,0.0,-4199832.5,10.89549732208252,498.7511291503906,0.000995064154267311,75835.53125,1.1226584911346436
162100.0,0.0,0.0,-4199827.5,12.082724571228027,493.7719421386719,6.748829036951065e-05,75837.46875,1.122630000114441
162200.0,0.0,0.0,-4199836.0,13.453286170959473,504.4790954589844,0.0006957589648663998,75839.21875,1.1226040124893188
162300.0,0.0,0.0,-4199832.0,11.46321964263916,504.0146484375,-0.0021698493510484695,75840.4453125,1.1225857734680176
162400.0,0.0,0.0,-4199825.5,12.637782096862793,499.270263671875,0.00027742027305066586,75839.890625,1.1225939989089966
162500.0,0.0,0.0,-4199824.0,14.529794692993164,497.2927551269531,8.42786394059658e-05,75839.234375,1.1226037740707397
162600.0,0.0,0.0,-4199833.5,12.37842082977295,509.32177734375,0.0010367422364652157,75838.2421875,1.1226184368133545
162700.0,0.0,0.0,-4199825.5,12.456245422363281,500.84222412109375,0.00043229153379797935,75835.9921875,1.1226516962051392
162800.0,0.0,0.0,-4199823.5,13.018902778625488,498.5357971191406,-0.0001708916388452053,75832.875,1.1226979494094849
162900.0,0.0,0.0,-4199822.0,15.41600227355957,501.9944763183594,-0.0007140017114579678,75829.9921875,1.1227405071258545
163000.0,0.0,0.0,-4199837.0,12.968243598937988,514.5066528320312,-0.0005950834602117538,75826.9921875,1.122785210609436
163100.0,0.0,0.0,-4199827.5,15.307174682617188,498.1618957519531,0.000351491617038846,75823.96875,1.122829794883728
163200.0,0.0,0.0,-4199828.5,14.609201431274414,494.17138671875,-0.0005898620001971722,75820.640625,1.1228790283203125
163300.0,0.0,0.0,-4199840.5,12.20261001586914,506.1498107910156,-0.0003299838863313198,75816.3125,1.1229431629180908
163400.0,0.0,0.0,-4199832.5,10.549468040466309,495.5478820800781,0.0005456414073705673,75812.4609375,1.123000144958496
163500.0,0.0,0.0,-4199838.0,13.627216339111328,500.7098083496094,0.0008049448952078819,75810.1484375,1.1230344772338867
163600.0,0.0,0.0,-4199836.0,11.751214981079102,500.6390380859375,0.0004812581464648247,75809.3046875,1.1230469942092896
163700.0,0.0,0.0,-4199829.0,13.044676780700684,495.766357421875,-0.0004352652467787266,75809.078125,1.1230502128601074
163800.0,0.0,0.0,-4199835.0,13.097949981689453,508.8163757324219,-0.00042209355160593987,75808.46875,1.1230595111846924
163900.0,0.0,0.0,-4199831.5,15.109705924987793,511.10723876953125,4.414143040776253e-05,75808.6875,1.1230562925338745
164000.0,0.0,0.0,-4199826.0,15.732792854309082,507.5528564453125,0.0008119549602270126,75809.8671875,1.123038649559021
164100.0,0.0,0.0,-4199824.5,13.153461456298828,503.5506286621094,-0.0007576849311590195,75811.6171875,1.1230127811431885
164200.0,0.0,0.0,-4199835.5,12.624122619628906,512.9102783203125,0.00030726054683327675,75813.0859375,1.1229910850524902
164300.0,0.0,0.0,-4199830.0,15.05311393737793,502.2342224121094,8.873222395777702e-05,75813.7421875,1.122981309890747
164400.0,0.0,0.0,-4199834.0,12.241060256958008,502.9964904785156,0.00014693615958094597,75813.421875,1.1229859590530396
164500.0,0.0,0.0,-4199842.5,10.174210548400879,512.55078125,-0.001669195480644703,75813.46875,1.1229852437973022
164600.0,0.0,0.0,-4199835.5,16.19761848449707,501.6278381347656,-0.00055728480219841,75813.4921875,1.1229848861694336
164700.0,0.0,0.0,-4199830.5,12.316490173339844,494.3874206542969,0.0024415270891040564,75814.234375,1.122973918914795
164800.0,0.0,0.0,-4199832.0,12.780771255493164,493.6861877441406,0.0005386732518672943,75815.8359375,1.1229501962661743
164900.0,0.0,0.0,-4199832.0,12.550262451171875,492.9213562011719,-0.0006307610310614109,75817.078125,1.1229318380355835
165000.0,0.0,0.0,-4199834.0,11.955556869506836,492.2296447753906,-0.0021347813308238983,75817.234375,1.122929334640503
165100.0,0.0,0.0,-4199840.0,12.971967697143555,495.7070007324219,-0.0005011339671909809,75816.15625,1.1229455471038818
165200.0,0.0,0.0,-4199835.0,10.63590145111084,490.41241455078125,0.001562363700941205,75815.34375,1.122957468032837
165300.0,0.0,0.0,-4199843.0,10.160665512084961,498.6007385253906,0.0007618828676640987,75816.1171875,1.12294602394104
165400.0,0.0,0.0,-4199837.5,13.12338638305664,498.3042297363281,-0.0011168825440108776,75817.4375,1.1229265928268433
165500.0,0.0,0.0,-4199828.5,12.290350914001465,496.57220458984375,-0.0012284228578209877,75818.1953125,1.1229153871536255
165600.0,0.0,0.0,-4199844.0,12.126962661743164,516.5386962890625,0.0005592876113951206,75818.5859375,1.122909426689148
165700.0,0.0,0.0,-4199822.0,11.84079647064209,495.2587890625,0.0012999207247048616,75820.96875,1.122874140739441
165800.0,0.0,0.0,-4199828.0,11.757721900939941,502.3849182128906,0.0010035079903900623,75825.9375,1.1228008270263672
165900.0,0.0,0.0,-4199830.0,13.356316566467285,502.0361328125,-0.0005257311277091503,75833.234375,1.122692584991455
166000.0,0.0,0.0,-4199831.5,14.297122955322266,501.634033203125,-7.869070395827293e-05,75842.125,1.1225610971450806
166100.0,0.0,0.0,-4199831.5,12.452118873596191,495.5554504394531,0.0005858303047716618,75852.25,1.1224111318588257
166200.0,0.0,0.0,-4199838.5,15.577780723571777,499.4710998535156,-0.000608428381383419,75863.796875,1.1222403049468994
166300.0,0.0,0.0,-4199827.5,10.704381942749023,489.0025329589844,0.0002591526135802269,75876.265625,1.1220558881759644
166400.0,0.0,0.0,-4199834.0,14.742630004882812,497.822265625,-0.0011996366083621979,75890.8359375,1.1218403577804565
166500.0,0.0,0.0,-4199834.0,12.538009643554688,500.6629333496094,0.0018142897170037031,75905.2890625,1.121626853942871
166600.0,0.0,0.0,-4199828.5,12.923340797424316,495.7041320800781,0.0008990275673568249,75921.140625,1.1213926076889038
166700.0,0.0,0.0,-4199843.0,12.772049903869629,512.4432983398438,-2.4400651454925537e-07,75938.5078125,1.12113618850708
166800.0,0.0,0.0,-4199830.0,12.26046085357666,499.4039001464844,-0.0011591860093176365,75956.8125,1.120866060256958
166900.0,0.0,0.0,-4199835.5,10.775452613830566,502.60443115234375,-0.001677952241152525,75974.53125,1.1206045150756836
167000.0,0.0,0.0,-4199841.0,14.964574813842773,504.09625244140625,0.0021517504937946796,75992.1328125,1.1203449964523315
167100.0,0.0,0.0,-4199841.5,14.195611953735352,502.8424987792969,0.0006661568768322468,76011.53125,1.1200591325759888
167200.0,0.0,0.0,-4199833.0,11.96971607208252,493.7544250488281,2.6640016585588455e-05,76032.03125,1.1197571754455566
167300.0,0.0,0.0,-4199838.5,12.155584335327148,500.4226379394531,-0.0015099048614501953,76053.0234375,1.1194480657577515
167400.0,0.0,0.0,-4199828.0,11.431340217590332,493.4830322265625,-0.0004144851118326187,76073.8046875,1.1191422939300537
167500.0,0.0,0.0,-4199832.5,13.598010063171387,501.59710693359375,0.000625168439000845,76095.578125,1.1188219785690308
167600.0,0.0,0.0,-4199834.0,12.372834205627441,506.69732666015625,0.0005506495945155621,76118.1328125,1.11849045753479
167700.0,0.0,0.0,-4199818.5,12.321539878845215,497.2125244140625,0.000756189227104187,76141.625,1.11814546585083
167800.0,0.0,0.0,-4199823.5,12.385865211486816,508.2172546386719,-0.0010338043794035912,76166.34375,1.1177825927734375
167900.0,0.0,0.0,-4199823.0,22.855144500732422,511.6979675292969,0.0005517732352018356,76192.4609375,1.1173993349075317
168000.0,0.0,0.0,-4199817.5,11.848142623901367,503.9728088378906,-0.00025855470448732376,76219.8671875,1.1169975996017456
168100.0,0.0,0.0,-4199833.0,11.041650772094727,515.107666015625,0.00023691635578870773,76248.25,1.1165817975997925
168200.0,0.0,0.0,-4199829.0,14.154866218566895,508.6855163574219,9.640632197260857e-05,76277.4375,1.1161545515060425
168300.0,0.0,0.0,-4199824.5,13.370163917541504,503.1278076171875,-0.0016233846545219421,76306.4296875,1.1157304048538208
168400.0,0.0,0.0,-4199833.0,11.687031745910645,504.78564453125,0.0002850322052836418,76335.2265625,1.1153095960617065
168500.0,0.0,0.0,-4199826.0,14.44929313659668,497.66339111328125,0.0010460368357598782,76365.4375,1.1148682832717896
168600.0,0.0,0.0,-4199830.0,13.054352760314941,498.78759765625,0.0007635420188307762,76395.5625,1.1144286394119263
168700.0,0.0,0.0,-4199834.5,12.225820541381836,499.536865234375,0.0006144738290458918,76424.96875,1.113999843597412
168800.0,0.0,0.0,-4199835.5,12.200204849243164,497.6912841796875,-0.00020715594291687012,76453.453125,1.1135848760604858
168900.0,0.0,0.0,-4199838.0,11.430806159973145,498.1263732910156,-0.0011573736555874348,76481.4375,1.1131775379180908
169000.0,0.0,0.0,-4199834.0,13.635297775268555,493.604736328125,-0.0010113059543073177,76508.25,1.1127872467041016
169100.0,0.0,0.0,-4199833.0,12.66335678100586,494.7017822265625,0.0006908366922289133,76533.8828125,1.1124145984649658
169200.0,0.0,0.0,-4199834.5,11.87872314453125,502.65863037109375,3.788946196436882e-05,76559.140625,1.112047553062439
169300.0,0.0,0.0,-4199832.0,13.32515811920166,505.2598876953125,0.00041043059900403023,76584.203125,1.11168372631073
169400.0,0.0,0.0,-4199827.5,11.790026664733887,501.9696350097656,-0.00032301899045705795,76608.921875,1.1113250255584717
169500.0,0.0,0.0,-4199834.0,13.574918746948242,510.2205810546875,-0.00024259043857455254,76634.015625,1.1109611988067627
169600.0,0.0,0.0,-4199828.5,12.312148094177246,501.1456604003906,-9.648501873016357e-07,76659.09375,1.1105976104736328
169700.0,0.0,0.0,-4199817.5,11.826422691345215,495.79559326171875,-0.0005625896155834198,76683.1328125,1.1102495193481445
169800.0,0.0,0.0,-4199826.5,14.164820671081543,503.4703063964844,0.0004346114583313465,76705.5859375,1.109924554824829
169900.0,0.0,0.0,-4199824.0,10.300433158874512,500.99371337890625,0.0006130838301032782,76726.6953125,1.109619140625
170000.0,0.0,0.0,-4199822.5,12.061287879943848,503.1028137207031,-0.00025948602706193924,76748.2734375,1.1093071699142456
170100.0,0.0,0.0,-4199831.5,11.537297248840332,512.1455078125,-0.0014117024838924408,76769.1015625,1.1090062856674194
170200.0,0.0,0.0,-4199826.0,12.205268859863281,504.3450012207031,-0.0005576461553573608,76788.1328125,1.1087313890457153
170300.0,0.0,0.0,-4199832.5,14.066550254821777,508.7246398925781,0.00022818846628069878,76804.9609375,1.1084883213043213
170400.0,0.0,0.0,-4199831.5,14.265544891357422,505.3056640625,0.000868519302457571,76818.8828125,1.1082874536514282
170500.0,0.0,0.0,-4199831.0,12.238787651062012,503.4418640136719,-0.0004825643263757229,76830.2109375,1.108124017715454
170600.0,0.0,0.0,-4199826.0,12.164721488952637,497.5821533203125,-0.001382217276841402,76839.375,1.107992172241211
170700.0,0.0,0.0,-4199833.5,10.744522094726562,502.9205627441406,-0.000651877373456955,76845.84375,1.1078987121582031
170800.0,0.0,0.0,-4199825.5,11.735989570617676,491.9145202636719,0.0004902244545519352,76850.9609375,1.1078249216079712
170900.0,0.0,0.0,-4199830.0,14.137799263000488,494.30902099609375,-0.0003225579857826233,76855.1953125,1.1077638864517212
171000.0,0.0,0.0,-4199829.5,13.332427978515625,494.314453125,3.479328006505966e-05,76858.3515625,1.1077183485031128
171100.0,0.0,0.0,-4199826.0,12.226486206054688,491.6261291503906,0.0003400931600481272,76860.484375,1.1076875925064087
171200.0,0.0,0.0,-4199826.0,12.423213005065918,497.52935791015625,4.372699186205864e-05,76860.8984375,1.1076817512512207
171300.0,0.0,0.0,-4199820.5,12.716132164001465,498.25677490234375,-0.0004961034283041954,76860.75,1.1076838970184326
171400.0,0.0,0.0,-4199826.5,12.55579948425293,509.5549011230469,-0.0006316476501524448,76859.625,1.1077001094818115
171500.0,0.0,0.0,-4199820.0,14.948431015014648,503.6152038574219,0.0007031983695924282,76858.15625,1.107721209526062
171600.0,0.0,0.0,-4199823.0,14.329690933227539,504.6240539550781,-0.0006275428459048271,76857.171875,1.1077353954315186
171700.0,0.0,0.0,-4199828.5,12.987680435180664,505.6304931640625,0.0007084445096552372,76855.7265625,1.1077561378479004
171800.0,0.0,0.0,-4199828.0,11.460868835449219,500.30804443359375,-0.0002559591084718704,76854.328125,1.107776403427124
171900.0,0.0,0.0,-4199832.0,11.684592247009277,503.6741638183594,-6.69797882437706e-05,76852.859375,1.1077975034713745
172000.0,0.0,0.0,-4199825.5,11.707281112670898,497.1277160644531,0.0002519432455301285,76851.0234375,1.1078239679336548
172100.0,0.0,0.0,-4199833.0,11.375100135803223,506.6523742675781,0.0005764197558164597,76848.578125,1.1078592538833618
172200.0,0.0,0.0,-4199829.0,17.515941619873047,503.2734680175781,0.00032062409445643425,76845.3671875,1.1079057455062866
172300.0,0.0,0.0,-4199833.0,12.71446704864502,506.9681396484375,-0.0016559064388275146,76840.5390625,1.1079751253128052
172400.0,0.0,0.0,-4199837.5,12.246566772460938,509.12353515625,-4.279520362615585e-05,76834.0625,1.1080687046051025
172500.0,0.0,0.0,-4199834.5,12.67039680480957,500.9208679199219,-7.188133895397186e-05,76825.8046875,1.1081876754760742
172600.0,0.0,0.0,-4199844.5,12.072969436645508,508.0946350097656,0.0016631435137242079,76815.6875,1.108333706855774
172700.0,0.0,0.0,-4199829.0,11.765692710876465,491.2052307128906,0.0001328189391642809,76803.9765625,1.1085026264190674
172800.0,0.0,0.0,-4199830.0,11.970479965209961,492.3258972167969,-0.0011208811774849892,76791.109375,1.108688473701477
172900.0,0.0,0.0,-4199835.5,18.00084114074707,500.6492614746094,-0.00021601002663373947,76776.9140625,1.1088932752609253
173000.0,0.0,0.0,-4199823.0,13.806586265563965,490.4361572265625,-0.002259594853967428,76761.5078125,1.1091158390045166
173100.0,0.0,0.0,-4199825.0,16.22572135925293,496.6484375,0.0012324675917625427,76745.0078125,1.1093543767929077
173200.0,0.0,0.0,-4199827.5,13.275989532470703,503.0543212890625,0.0006590953562408686,76728.5,1.1095930337905884
173300.0,0.0,0.0,-4199823.5,15.507699966430664,501.79693603515625,0.0017092751804739237,76710.8671875,1.109848141670227
173400.0,0.0,0.0,-4199825.0,12.353774070739746,502.15380859375,-0.000924842432141304,76692.3125,1.1101166009902954
173500.0,0.0,0.0,-4199827.5,12.241483688354492,496.0320739746094,-0.0009950902312994003,76673.0234375,1.1103957891464233
173600.0,0.0,0.0,-4199842.0,14.061781883239746,506.3467102050781,-3.483053296804428e-05,76653.359375,1.1106806993484497
173700.0,0.0,0.0,-4199838.0,14.48902702331543,500.2285461425781,-0.0004780055023729801,76633.6640625,1.1109660863876343
173800.0,0.0,0.0,-4199842.0,12.298656463623047,503.75555419921875,0.0009917393326759338,76613.5078125,1.111258625984192
173900.0,0.0,0.0,-4199828.0,10.60781192779541,489.7654724121094,-0.0003043501637876034,76592.6640625,1.1115608215332031
174000.0,0.0,0.0,-4199834.5,13.267714500427246,499.2852478027344,0.0006439604330807924,76570.5234375,1.1118823289871216
174100.0,0.0,0.0,-4199827.0,11.2604341506958,497.1119384765625,-0.0012322356924414635,76547.7421875,1.112213134765625
174200.0,0.0,0.0,-4199828.0,13.779484748840332,504.52349853515625,8.065393194556236e-05,76524.5703125,1.112550139427185
174300.0,0.0,0.0,-4199828.5,11.39173412322998,506.1139221191406,-3.042677417397499e-05,76501.109375,1.1128911972045898
174400.0,0.0,0.0,-4199822.0,12.013106346130371,497.94671630859375,0.0011599776335060596,76477.3125,1.1132373809814453
174500.0,0.0,0.0,-4199830.0,14.091924667358398,501.75091552734375,0.0013967419508844614,76454.640625,1.113567590713501
174600.0,0.0,0.0,-4199836.5,14.414642333984375,501.71282958984375,-0.0008643348701298237,76433.6015625,1.113874077796936
174700.0,0.0,0.0,-4199833.5,10.663355827331543,494.3272705078125,-0.0008728611283004284,76412.4453125,1.114182472229004
174800.0,0.0,0.0,-4199837.5,10.7001953125,498.4433288574219,-0.0002650478854775429,76391.890625,1.1144824028015137
174900.0,0.0,0.0,-4199841.5,12.627360343933105,506.2452697753906,0.0021487129852175713,76372.3046875,1.1147680282592773
175000.0,0.0,0.0,-4199826.0,10.577751159667969,493.97552490234375,-0.0007406189106404781,76354.40625,1.1150293350219727
175100.0,0.0,0.0,-4199824.5,11.273118019104004,496.7862854003906,-0.0009073694236576557,76337.2265625,1.115280270576477
175200.0,0.0,0.0,-4199832.5,12.6337308883667,503.2261657714844,0.0003413250669836998,76320.640625,1.1155227422714233
175300.0,0.0,0.0,-4199836.0,11.09862995147705,504.2200927734375,0.00037303706631064415,76305.453125,1.115744709968567
175400.0,0.0,0.0,-4199838.0,10.617840766906738,500.0470275878906,0.0010865707881748676,76290.6015625,1.1159619092941284
175500.0,0.0,0.0,-4199843.5,16.038921356201172,499.68609619140625,-0.0005961558781564236,76275.453125,1.1161835193634033
175600.0,0.0,0.0,-4199841.5,12.04274845123291,495.57781982421875,-0.0002799700014293194,76260.3046875,1.1164052486419678
175700.0,0.0,0.0,-4199839.5,14.519105911254883,495.32330322265625,-4.644552245736122e-05,76246.234375,1.1166112422943115
175800.0,0.0,0.0,-4199840.0,11.129109382629395,499.8327941894531,9.613856673240662e-05,76233.4296875,1.1167988777160645
175900.0,0.0,0.0,-4199834.5,11.222834587097168,498.8792724609375,0.0005824677646160126,76223.1015625,1.1169501543045044
176000.0,0.0,0.0,-4199840.0,13.062999725341797,508.166015625,0.000650529284030199,76214.6953125,1.1170734167099
176100.0,0.0,0.0,-4199831.5,11.66588306427002,500.6820068359375,-0.000282954890280962,76207.109375,1.1171845197677612
176200.0,0.0,0.0,-4199832.5,11.929853439331055,504.1748352050781,-0.0003899838775396347,76200.71875,1.1172783374786377
176300.0,0.0,0.0,-4199823.5,13.332318305969238,495.9941101074219,5.4514966905117035e-06,76196.0546875,1.1173467636108398
176400.0,0.0,0.0,-4199834.5,13.144668579101562,505.9434814453125,-8.58851708471775e-05,76192.7890625,1.1173945665359497
176500.0,0.0,0.0,-4199829.5,11.433514595031738,495.9016418457031,-4.978524520993233e-05,76190.171875,1.1174330711364746
176600.0,0.0,0.0,-4199836.5,12.245259284973145,498.7297058105469,0.0008423824328929186,76188.8359375,1.1174525022506714
176700.0,0.0,0.0,-4199838.5,11.920519828796387,500.3028869628906,0.0008386168628931046,76189.734375,1.1174393892288208
176800.0,0.0,0.0,-4199832.0,10.536739349365234,494.6392517089844,-0.0006548771634697914,76192.8203125,1.117394208908081
176900.0,0.0,0.0,-4199836.5,10.62320613861084,500.1490783691406,0.00035618594847619534,76196.390625,1.1173418760299683
177000.0,0.0,0.0,-4199834.5,11.492118835449219,498.7863464355469,0.00012258393689990044,76200.84375,1.1172764301300049
177100.0,0.0,0.0,-4199829.5,13.090330123901367,494.35205078125,-0.00026997411623597145,76207.125,1.1171844005584717
177200.0,0.0,0.0,-4199841.0,14.211515426635742,507.6468811035156,-0.0003769136965274811,76215.2421875,1.1170654296875
177300.0,0.0,0.0,-4199828.0,13.027666091918945,493.7210693359375,-0.0003510112874209881,76225.5078125,1.1169148683547974
177400.0,0.0,0.0,-4199830.5,11.165799140930176,496.7496337890625,4.4259242713451385e-05,76238.5625,1.1167237758636475
177500.0,0.0,0.0,-4199844.5,13.20193099975586,513.6453857421875,0.0015090606175363064,76253.5859375,1.1165037155151367
177600.0,0.0,0.0,-4199829.0,11.234848976135254,498.13909912109375,0.0006138086318969727,76271.296875,1.1162444353103638
177700.0,0.0,0.0,-4199840.5,12.620523452758789,509.78619384765625,-9.83518548309803e-05,76290.953125,1.1159567832946777
177800.0,0.0,0.0,-4199820.5,12.280330657958984,496.2559509277344,-0.001531963236629963,76312.5,1.115641713142395
177900.0,0.0,0.0,-4199825.5,13.72258186340332,502.5174560546875,0.0008570058271288872,76336.4609375,1.1152914762496948
178000.0,0.0,0.0,-4199826.5,12.044711112976074,502.1078796386719,0.0008234078995883465,76363.1640625,1.1149015426635742
178100.0,0.0,0.0,-4199833.5,11.928255081176758,502.9547119140625,0.00011310679838061333,76391.9609375,1.1144812107086182
178200.0,0.0,0.0,-4199826.5,13.139546394348145,491.58056640625,0.0008772860746830702,76421.8671875,1.1140451431274414
178300.0,0.0,0.0,-4199831.0,12.517516136169434,493.45263671875,9.965966455638409e-05,76453.609375,1.1135826110839844
178400.0,0.0,0.0,-4199844.5,11.00247859954834,513.1867065429688,0.0005872650071978569,76485.9609375,1.1131116151809692
178500.0,0.0,0.0,-4199829.5,13.893156051635742,496.7504577636719,-0.0009646839462220669,76518.8828125,1.1126326322555542
178600.0,0.0,0.0,-4199828.5,11.374383926391602,494.8951721191406,0.00040998775511980057,76552.5625,1.1121432781219482
178700.0,0.0,0.0,-4199829.0,11.268644332885742,493.9833068847656,0.0005108749028295279,76587.328125,1.1116383075714111
178800.0,0.0,0.0,-4199837.0,10.252226829528809,499.22991943359375,0.0014052735641598701,76623.9453125,1.1111071109771729
178900.0,0.0,0.0,-4199830.0,12.03775405883789,494.08563232421875,-0.0018603266216814518,76662.0078125,1.1105554103851318
179000.0,0.0,0.0,-4199830.0,10.990228652954102,492.5519104003906,-0.0007737390697002411,76699.5,1.1100125312805176
179100.0,0.0,0.0,-4199835.0,12.523375511169434,494.73773193359375,0.00021696370095014572,76736.4453125,1.1094781160354614
179200.0,0.0,0.0,-4199842.0,11.731759071350098,500.8594665527344,0.0028639102820307016,76772.9375,1.1089507341384888
179300.0,0.0,0.0,-4199841.0,11.94572639465332,499.6629638671875,0.00026854127645492554,76810.3515625,1.1084105968475342
179400.0,0.0,0.0,-4199832.0,12.877241134643555,503.1722717285156,0.0006996698211878538,76848.0546875,1.1078667640686035
179500.0,0.0,0.0,-4199822.5,12.574057579040527,502.5694580078125,-0.0014762463979423046,76886.09375,1.107318639755249
179600.0,0.0,0.0,-4199835.5,10.929405212402344,519.7945556640625,-0.0010772282257676125,76922.3671875,1.1067966222763062
179700.0,0.0,0.0,-4199827.0,11.860990524291992,508.8099670410156,-0.00011355103924870491,76956.9375,1.1062992811203003
179800.0,0.0,0.0,-4199824.0,13.126389503479004,501.2264709472656,-0.0003130952827632427,76989.8046875,1.1058270931243896
179900.0,0.0,0.0,-4199827.0,13.933534622192383,500.09814453125,0.00014003226533532143,77021.8046875,1.105367660522461
